{
  "Metrics": {
    "MAE": [
      153853.5947206365,
      181092.97787361633,
      128154.84430703036,
      116352.84581332174,
      130125.54059581624,
      169402.779212183,
      132660.9041883844,
      178237.24140812573,
      138086.9211904984,
      175142.58118541082,
      113703.91662567346,
      159823.06599476055,
      123654.8830381341,
      124972.40783372697,
      177360.8053528055,
      162298.53329868245,
      157287.94966185812,
      131983.73050070845,
      152437.90709551386,
      139412.89744531483,
      126236.14386799808,
      182004.58985060043,
      96444.34197109415,
      127780.51908313559,
      122837.22406079591,
      103591.27458740002,
      176115.25682414183,
      117447.97086971594,
      158201.05772811352,
      158637.19406984645
    ],
    "MRE": [
      375.29388939184656,
      562.818349950222,
      272.849190637574,
      179.51501810380586,
      299.80833486405527,
      465.4958627467525,
      342.5618666491976,
      492.7979772111943,
      363.0953765390722,
      502.8656206036791,
      225.98730147938917,
      450.59209249063804,
      256.1945899850728,
      306.7671688035056,
      523.6544963270621,
      395.7879689890359,
      397.2826613694729,
      351.19792588967636,
      496.85267016655257,
      463.73761394731,
      313.188069726511,
      614.2818402050468,
      135.36714926638322,
      298.0635384522696,
      290.89469571265965,
      165.87926262884235,
      543.0765032606998,
      225.90671306610116,
      432.10570487839715,
      437.76090849450225
    ],
    "MBRE": [
      4.324863824517155,
      6.250066809286473,
      3.023268844800742,
      2.1552468415342108,
      3.3235001266585984,
      5.146331293560266,
      3.593521218073245,
      5.4028141901701145,
      3.700011131456072,
      5.700862171926115,
      2.411059362626819,
      4.72038143568641,
      3.0756608616257286,
      3.2171031994993617,
      5.6784998398798185,
      4.626893988957806,
      4.758953284095997,
      3.624355165474994,
      5.091095680435988,
      4.845925444109537,
      3.2557309850613056,
      6.495951077526439,
      1.617616194043497,
      3.200930264597409,
      3.262582278810518,
      1.9160379670982683,
      5.703056008171174,
      2.5100368149439385,
      4.725496071610542,
      4.884224610282587
    ],
    "MIBRE": [
      0.6884510800010653,
      0.7245533793716863,
      0.6456603016786117,
      0.6006273639559381,
      0.6559656020076041,
      0.7197422801832901,
      0.569912086940273,
      0.720420139300038,
      0.6453594323287296,
      0.6968157105257894,
      0.5773008693630742,
      0.673222720723285,
      0.5311608625621526,
      0.6751507658362789,
      0.7477401692243212,
      0.6789272879787516,
      0.6655384297528858,
      0.6431650281824225,
      0.6181988086346978,
      0.614350005773054,
      0.6205690920666092,
      0.7127519245667561,
      0.5270214671734994,
      0.5963373236500051,
      0.6037908795704003,
      0.48750108593814506,
      0.7147796024860646,
      0.6212103824783908,
      0.6955597410646036,
      0.6334550047760711
    ]
  },
  "Mean_MAE": 143844.73000850144,
  "Mean_MRE": 372.7226787278842,
  "Mean_MBRE": 4.074735899550704,
  "Mean_MIBRE": 0.6435079609364832,
  "Median_MAE": 138749.9093179066,
  "Median_MRE": 369.1946329654594,
  "Median_MBRE": 4.012437477986613,
  "Median_MIBRE": 0.6455098670036706,
  "Runs": [
    {},
    {},
    {},
    {},
    {},
    {},
    {},
    {},
    {},
    {},
    {},
    {},
    {},
    {},
    {},
    {},
    {},
    {},
    {},
    {},
    {},
    {},
    {},
    {},
    {},
    {},
    {},
    {},
    {},
    {}
  ]
}