{
  "Metrics": {
    "MAE": [
      155917.3594005366,
      122744.26097236732,
      143597.82205098387,
      143068.32872622443,
      112462.7420560979,
      130489.346078724,
      125524.14514311463,
      119154.51546121763,
      144643.62352990714,
      161079.11032064343,
      127835.55964979641,
      130398.90157572007,
      121028.72405755013,
      152469.88826734672,
      117391.28400439817,
      146449.7296866596,
      134415.6261204277,
      109286.73195936478,
      171400.2610988774,
      121911.8841778127,
      137535.20770268593,
      119729.56276430149,
      135475.33029322862,
      140225.50638112958,
      164773.51759884472,
      139435.9028849089,
      168468.7746592105,
      144523.26621046735,
      149511.1921387058,
      128093.3697117218
    ],
    "MRE": [
      501.1812771718974,
      329.9712882062664,
      373.32142468765306,
      309.9698846656474,
      256.3089255291168,
      353.16242811992595,
      356.9971436120431,
      336.4885511533686,
      501.5751689057247,
      458.72497226022267,
      350.0692646246252,
      345.82943130011904,
      275.63144514682006,
      398.3704418148468,
      294.86218926367764,
      386.7472733187298,
      250.3593852417665,
      283.4045970888488,
      486.01225456140156,
      338.02129474081187,
      433.41598754810667,
      298.89361091336457,
      414.3196037100634,
      383.17529534582496,
      524.9891461389919,
      353.8018687285765,
      549.3575469597469,
      357.567246639638,
      438.48034104535094,
      305.12614981395274
    ],
    "MBRE": [
      5.184064946216508,
      3.4002710444130604,
      3.9396746749681766,
      3.6827012817229643,
      2.7077163269656026,
      3.6820806785397413,
      3.645572332593143,
      3.459028044727611,
      5.089721122996988,
      4.881142564655151,
      3.6466198445446976,
      3.607866592857016,
      2.966916035372893,
      4.278732154260015,
      3.0821924254956503,
      4.125091130414799,
      2.967634655942929,
      2.945902793772029,
      5.271147967831523,
      3.4688615913526837,
      4.439829233909069,
      3.0974161604211816,
      4.220819544973636,
      3.9928877450653686,
      5.451689553528384,
      3.817390120041483,
      5.711507208346312,
      3.9564074798035507,
      4.566187604267308,
      3.265420902686604
    ],
    "MIBRE": [
      0.7112984804246348,
      0.6571342975218284,
      0.6942809317209677,
      0.6910399226845525,
      0.6061502904745314,
      0.6492763191668878,
      0.6799007236375254,
      0.6504943533067084,
      0.697289385997146,
      0.7262886022793797,
      0.6374987460070621,
      0.6754048196829074,
      0.6268701569649109,
      0.7134712018480835,
      0.6411939048577702,
      0.6741899782552865,
      0.6733627795974657,
      0.6040306443029437,
      0.7350914852131902,
      0.6665091950794113,
      0.6769782432123108,
      0.6579786761585272,
      0.6905698736438973,
      0.6832739967275459,
      0.7250822018418257,
      0.6808881562891996,
      0.7256947772435334,
      0.6888961554296105,
      0.7140524247773322,
      0.6586058952125732
    ]
  },
  "Mean_MAE": 137301.38248943252,
  "Mean_MRE": 374.8711812752377,
  "Mean_MBRE": 3.9517497920895357,
  "Mean_MIBRE": 0.677093220651985,
  "Median_MAE": 136505.2689979573,
  "Median_MRE": 355.3995061703098,
  "Median_MBRE": 3.7500457008822234,
  "Median_MIBRE": 0.6784394834249181,
  "Runs": [
    {},
    {},
    {},
    {},
    {},
    {},
    {},
    {},
    {},
    {},
    {},
    {},
    {},
    {},
    {},
    {},
    {},
    {},
    {},
    {},
    {},
    {},
    {},
    {},
    {},
    {},
    {},
    {},
    {},
    {}
  ]
}