{
  "Metrics": {
    "MAE": [
      49049.190636599116,
      44862.88717337005,
      39350.53815555081,
      54918.63588831126,
      53179.20238386406,
      45302.15146098303,
      57198.41788247293,
      44162.775625934,
      39701.22425644956,
      50512.22315257165,
      40123.014892863466,
      56207.28523840018,
      36786.1567758556,
      48269.00928962914,
      47158.61114430663,
      39153.47404901165,
      56590.54333930094,
      50906.085138273585,
      45483.632063895886,
      41269.002594976075,
      47700.12293155463,
      38400.19831179777,
      37886.12539300641,
      50947.60586968681,
      51620.88542217765,
      49964.22055914678,
      48514.39458221255,
      47542.41834508071,
      47989.7322724418,
      48610.72727311728
    ],
    "MRE": [
      36.35802876965411,
      40.344025340016174,
      30.153459912956272,
      23.432175628659266,
      41.367636059914915,
      34.66813366378778,
      57.806620718303115,
      39.26117559451618,
      31.45867761316319,
      50.81080090308478,
      34.48767302719719,
      52.928988391141054,
      28.35897023830112,
      36.35650293931945,
      33.92303367902461,
      29.069066111355436,
      27.889191273282936,
      32.2828909441008,
      37.43695284660804,
      33.688124461346206,
      44.54490142827651,
      26.249381553488977,
      29.31280384707945,
      45.02333069543368,
      42.264087482014,
      42.899447103707224,
      32.14266880849929,
      25.440861757708255,
      35.91206658502809,
      28.464975585629887
    ],
    "MBRE": [
      0.4424617221841396,
      0.42188770957830096,
      0.32323073508825595,
      0.29158233894228563,
      0.4299473584875736,
      0.40204611418333797,
      0.6248729336546688,
      0.4164074320746051,
      0.34702828705780864,
      0.5411278225532109,
      0.38005645806832217,
      0.5643053214514202,
      0.33406422742826464,
      0.3880095845773569,
      0.3853684505393012,
      0.31187892720032045,
      0.33508061508981046,
      0.37546616622015483,
      0.3998557821871666,
      0.3828536127988906,
      0.4782993258932653,
      0.2816932296163159,
      0.33093577494653637,
      0.4835505554855124,
      0.5507382511824666,
      0.4725331339314884,
      0.355128717440544,
      0.2759819797220403,
      0.39164243770487117,
      0.30622283478838963
    ],
    "MIBRE": [
      0.19112495079991867,
      0.20086248951627034,
      0.1910785584582389,
      0.1728509116942249,
      0.19100492268522654,
      0.21391971545738406,
      0.2527447753222117,
      0.2229641520736604,
      0.20257723626928695,
      0.22749208720573375,
      0.21551122201420936,
      0.22574135359770828,
      0.18913852390369126,
      0.21008255160368303,
      0.21293344624757365,
      0.19471898138021826,
      0.19045701720502298,
      0.2155621749697946,
      0.21635795326604063,
      0.2110390616078016,
      0.23434649012664338,
      0.17820743916777043,
      0.20829112205569972,
      0.22355757275458724,
      0.2230132315412993,
      0.20678873071847279,
      0.20409780312579462,
      0.17171486682503886,
      0.21765616784808137,
      0.1790427006961037
    ]
  },
  "Mean_MAE": 46978.68307009472,
  "Mean_MRE": 36.144555098753266,
  "Mean_MBRE": 0.40080859466922075,
  "Mean_MIBRE": 0.20649594033791302,
  "Median_MAE": 47844.92760199821,
  "Median_MRE": 34.57790334549249,
  "Median_MBRE": 0.3866890175583291,
  "Median_MIBRE": 0.20918683682969136,
  "Runs": [
    {},
    {},
    {},
    {},
    {},
    {},
    {},
    {},
    {},
    {},
    {},
    {},
    {},
    {},
    {},
    {},
    {},
    {},
    {},
    {},
    {},
    {},
    {},
    {},
    {},
    {},
    {},
    {},
    {},
    {}
  ]
}