{
  "Metrics": {
    "MAE": [
      153965.1064554975,
      175241.2123746631,
      129285.46950146761,
      116358.1981983981,
      130155.68319023063,
      169385.21742260252,
      131244.4955137966,
      173775.07854377793,
      138089.77038357526,
      176381.11879287005,
      113353.7651108901,
      165198.62773396503,
      128299.79224950286,
      123845.47292064263,
      177558.28289137085,
      154241.97295830416,
      157713.49022826782,
      130256.33290786804,
      147759.8934142499,
      135868.9644409134,
      125762.09625867518,
      182024.22839604074,
      96427.09043809657,
      116422.11148489441,
      122675.6143264751,
      103597.02273576579,
      173330.71592517212,
      117055.09473068171,
      160555.323468461,
      158226.81019563065
    ],
    "MRE": [
      374.5084998813493,
      536.9606679103094,
      275.47000973837885,
      179.5097964038827,
      299.8767041372338,
      465.33546028301157,
      336.0375902849366,
      473.69501907204665,
      363.14940751990036,
      505.3134944186509,
      225.94797860829883,
      463.69780334044276,
      280.65102197307226,
      304.2774560222282,
      524.2369139735674,
      363.5883354946837,
      398.9898420161082,
      335.93276654281783,
      466.0819153585618,
      466.8869449541576,
      310.220228233891,
      614.3380023359042,
      135.25509440186326,
      255.4786171659691,
      290.4291835831614,
      165.92128146493178,
      520.5446392711555,
      226.42994402272524,
      442.210152577153,
      422.521767599712
    ],
    "MBRE": [
      4.325609592168272,
      5.980378512779214,
      3.0577735860882047,
      2.155196007526935,
      3.306178384339787,
      5.144938735723422,
      3.513751741772272,
      5.225912509311394,
      3.7005477078895193,
      5.66762678094164,
      2.4054640056886742,
      4.858690432407281,
      3.3124171240736113,
      3.1893217573815678,
      5.6809738462288255,
      4.3070700597790035,
      4.773820763155801,
      3.515511819590061,
      4.7832003618668475,
      4.869224587303716,
      3.2260249003533934,
      6.4965756991939445,
      1.6163094746005524,
      2.764131198465686,
      3.2284870003090433,
      1.916593421639084,
      5.49841307348214,
      2.4906842732204373,
      4.831806183011184,
      4.724291972640695
    ],
    "MIBRE": [
      0.6844719055028476,
      0.7185728737734338,
      0.6520743763892781,
      0.6005926148392114,
      0.6573290470060095,
      0.7196812322367574,
      0.5741162274885325,
      0.7126272612271158,
      0.6455484883458128,
      0.7067237679027253,
      0.5768375634279259,
      0.6810742198311134,
      0.5185346692784915,
      0.6734812416966414,
      0.7487238890429437,
      0.6792946936375844,
      0.665968298516653,
      0.6365313262505616,
      0.6178749365212739,
      0.6095523283774141,
      0.6211327631273689,
      0.7128253271055363,
      0.5268413598265966,
      0.5865402954734766,
      0.601133217823545,
      0.4875261357342276,
      0.7167573758852129,
      0.6212231086359578,
      0.7001912015664805,
      0.6457295679491947
    ]
  },
  "Mean_MAE": 142801.8017730916,
  "Mean_MRE": 367.4498846196702,
  "Mean_MBRE": 4.01889751709774,
  "Mean_MIBRE": 0.6433170438139976,
  "Median_MAE": 136979.36741224432,
  "Median_MRE": 363.36887150729206,
  "Median_MBRE": 4.003808883834261,
  "Median_MIBRE": 0.6489019721692364,
  "Runs": [
    {},
    {},
    {},
    {},
    {},
    {},
    {},
    {},
    {},
    {},
    {},
    {},
    {},
    {},
    {},
    {},
    {},
    {},
    {},
    {},
    {},
    {},
    {},
    {},
    {},
    {},
    {},
    {},
    {},
    {}
  ]
}