{
  "Metrics": {
    "MAE": [
      52980.8400699989,
      60360.51084984807,
      71810.46608256853,
      65290.54306961827,
      93297.21851191654,
      77535.16007873161,
      55288.12936183431,
      69354.79517301958,
      60797.728946227035,
      77770.96539841144,
      67655.18338725815,
      66520.70924828546,
      78857.90654874459,
      76271.24889426769,
      88051.02976956777,
      96242.79301188145,
      81109.33500911042,
      54659.88151822928,
      65054.83407987755,
      57832.7861016373,
      81273.26331125568,
      79974.1017258763,
      83158.74203364347,
      46305.268668520774,
      76460.61298570313,
      70256.8945861087,
      67824.2849138239,
      78836.63934105598,
      86389.04526517612,
      100581.67833985602
    ],
    "MRE": [
      32.54962376449261,
      52.953325034085175,
      30.341993506910743,
      31.619031677896437,
      55.80868137723204,
      63.369400201414315,
      47.692964402040175,
      52.357905904458704,
      58.133058198463125,
      52.283867608641984,
      39.629791204036344,
      55.4802883983289,
      57.374304041364546,
      81.66999666554074,
      49.94429633993172,
      96.35956588279532,
      51.48636742058797,
      40.12684266093752,
      29.822987258034384,
      49.23452418087999,
      58.46859317540915,
      60.87895221476211,
      67.91373429948962,
      31.858863414382434,
      61.24429988112601,
      35.80052628665308,
      63.99311568044437,
      65.30350199237695,
      63.63978487817818,
      82.34326849572903
    ],
    "MBRE": [
      0.564278795919731,
      0.6667099781455846,
      0.5401994783492997,
      0.5129513453849478,
      1.3435184327117287,
      0.8315157631989453,
      0.7176245348629419,
      0.6549237991714525,
      0.6767230638266886,
      0.7903551141348097,
      0.5456736833264653,
      0.6380560439443053,
      0.8142054855037906,
      1.1275192499074889,
      0.8785560579830377,
      1.4565864894706417,
      0.900798831533471,
      0.6357587489184557,
      0.43529469285047534,
      0.7312266986064393,
      0.7929213284849737,
      0.8725422088844152,
      0.7833413925736028,
      0.46681902036546774,
      0.8729089190822804,
      0.6877431666176169,
      0.8617326803260569,
      0.8851760985980783,
      1.0451413804135,
      1.544737091956605
    ],
    "MIBRE": [
      0.2233488158231056,
      0.29705307766687383,
      0.2316807641195489,
      0.24645578932513978,
      0.32293928966911445,
      0.33248616934230407,
      0.2829053291068214,
      0.2847901384662754,
      0.3083749494111982,
      0.2985384502963317,
      0.26653904647215554,
      0.2763065447473211,
      0.27480101207556534,
      0.3272364772273795,
      0.3121640244205421,
      0.3787872448999421,
      0.31375206367712466,
      0.26735895719923486,
      0.23566350626401283,
      0.3052548740111177,
      0.307277928816741,
      0.33778501337430794,
      0.31593027247737016,
      0.23644621216798836,
      0.3008116674068586,
      0.26362104922381013,
      0.33148767279037855,
      0.3171917132300501,
      0.33362774793501954,
      0.3308559923425552
    ]
  },
  "Mean_MAE": 72926.7532094018,
  "Mean_MRE": 53.989448534887465,
  "Mean_MBRE": 0.8091846525017767,
  "Mean_MIBRE": 0.2953823931328729,
  "Median_MAE": 74040.85748841811,
  "Median_MRE": 54.21680671620704,
  "Median_MBRE": 0.7868482533542063,
  "Median_MIBRE": 0.30303327070898817,
  "Runs": [
    {},
    {},
    {},
    {},
    {},
    {},
    {},
    {},
    {},
    {},
    {},
    {},
    {},
    {},
    {},
    {},
    {},
    {},
    {},
    {},
    {},
    {},
    {},
    {},
    {},
    {},
    {},
    {},
    {},
    {}
  ]
}