{
  "Metrics": {
    "MAE": [
      123622.87464597203,
      123593.50375659314,
      123753.92733310901,
      125071.85255641531,
      124939.55384961053,
      123989.04391208029,
      123271.52363026974,
      123928.96783976746,
      122924.09608335361,
      124071.93922945792,
      124023.00183517655,
      123850.45592433335,
      125278.54512484587,
      124289.71322360028,
      124068.77577228562,
      124048.45007037831,
      125362.2770862741,
      123818.610750496,
      123812.11417320912,
      123586.26635444962,
      123467.79015053516,
      123652.43658414051,
      123146.64133756618,
      124496.11358673987,
      123310.8143238946,
      124451.39581549395,
      123232.15412939861,
      124566.77035184187,
      124302.40264077368,
      124487.54152175068
    ],
    "MRE": [
      62.39424333843569,
      70.0698341643635,
      61.8428849433858,
      64.28419619777821,
      63.43443361613525,
      68.20221729752623,
      58.89859679691266,
      67.03970412181089,
      70.77736490969167,
      71.727222008803,
      70.36927226548406,
      64.00365815530697,
      55.65219292863103,
      67.15111935673764,
      62.71769721382155,
      63.2613361056068,
      64.79489541869208,
      65.33367858324709,
      67.42297162752602,
      61.05827950910322,
      73.53271596646478,
      72.4153613706818,
      68.23183546557713,
      56.21664096278565,
      60.71651979755865,
      59.0444655152203,
      67.38141636401132,
      64.37374962445168,
      76.41316956332763,
      63.12940928004643
    ],
    "MBRE": [
      5.257352219874132,
      4.766370471377818,
      5.221702025305355,
      5.2277547674884906,
      5.200753332053794,
      4.905799305892091,
      5.3324285598630325,
      4.948178135953297,
      4.662654989764663,
      4.672887691178321,
      4.699302781103897,
      5.053308801494444,
      5.993790473789575,
      4.974636016974911,
      5.115669258590796,
      5.280482178402718,
      5.225631757778464,
      5.069330977435135,
      4.906891904864308,
      5.3261467306662755,
      4.557397850002759,
      4.604484440363605,
      4.777961102728707,
      5.838732257997824,
      5.3189551487091515,
      5.574268466341182,
      4.867889705125479,
      5.136538784092655,
      4.575411977932002,
      5.205537098615078
    ],
    "MIBRE": [
      0.48240846851568503,
      0.49391475709276705,
      0.4794011897464258,
      0.48511464621269945,
      0.4831725339073549,
      0.49111671824532754,
      0.4748799361778835,
      0.4887748776416948,
      0.4941266178630952,
      0.49679608145322657,
      0.49383926860976435,
      0.4818690493994108,
      0.47594571737290087,
      0.4880155999986529,
      0.48133188678669847,
      0.48306832548869466,
      0.4870246151076624,
      0.48666042069526805,
      0.48858650031572187,
      0.4790785539653748,
      0.5008111144757375,
      0.498188475606555,
      0.48998205843919695,
      0.4747893021293086,
      0.478773626917786,
      0.4770301484772003,
      0.4881307114183018,
      0.48465555866144905,
      0.5073397586377033,
      0.48217014347617154
    ]
  },
  "Mean_MAE": 124013.9851197938,
  "Mean_MRE": 65.39636941563748,
  "Mean_MBRE": 5.076608307058666,
  "Mean_MIBRE": 0.48656655542785726,
  "Median_MAE": 123959.00587592387,
  "Median_MRE": 64.58432252157188,
  "Median_MBRE": 5.092500118012966,
  "Median_MIBRE": 0.4858875334539837,
  "Runs": [
    {},
    {},
    {},
    {},
    {},
    {},
    {},
    {},
    {},
    {},
    {},
    {},
    {},
    {},
    {},
    {},
    {},
    {},
    {},
    {},
    {},
    {},
    {},
    {},
    {},
    {},
    {},
    {},
    {},
    {}
  ]
}