{
  "Metrics": {
    "MAE": [
      123614.94210961755,
      123512.19239721459,
      123745.83553241908,
      125076.06226161527,
      125129.68680622894,
      123999.8884992963,
      123284.44076486044,
      124026.2766379988,
      122880.02880592216,
      124059.49416637741,
      123946.26527243991,
      123822.17492914273,
      125365.30981928472,
      124230.94495066833,
      124018.61756847665,
      124003.0505692754,
      125328.01614239436,
      123851.31292472214,
      123837.68073074092,
      123560.25836775664,
      123470.3221819703,
      123636.1875312784,
      123103.2888140594,
      124565.9471424039,
      123415.14004470545,
      124364.64115416261,
      123201.81905526962,
      124556.79511874726,
      124316.57166283103,
      124443.64729887694
    ],
    "MRE": [
      62.64708260881978,
      69.87533290735428,
      61.503683252949784,
      64.28942686511606,
      64.38209811232974,
      68.15422949272768,
      58.94028705212398,
      67.62421547855357,
      70.92193673174866,
      71.38098047298482,
      70.47035759469624,
      63.87457469770547,
      55.724938984612905,
      66.58974427618344,
      62.48654835930784,
      63.02559787945524,
      64.82178552901038,
      65.84802208177364,
      67.51659976866185,
      60.66711277823303,
      73.51845549444639,
      72.55363630185411,
      68.05588464126122,
      56.66306910533145,
      61.22059338161247,
      58.86147171105356,
      67.05451208733494,
      64.41090389340647,
      76.55978252618107,
      62.76992943700061
    ],
    "MBRE": [
      5.234695395611877,
      4.726324595344873,
      5.25052814248151,
      5.231179784288929,
      5.263213811337532,
      4.921875777347628,
      5.348101260559624,
      4.960529765933247,
      4.622708596658938,
      4.690050452321255,
      4.650944486655493,
      5.0399582282398905,
      6.053236215110855,
      4.9744565378615615,
      5.109856773760883,
      5.248888901420575,
      5.1870880312256,
      5.050952867880559,
      4.927262254943438,
      5.33225631763374,
      4.563188725051393,
      4.579803117499598,
      4.759648845547113,
      5.851308113105933,
      5.356930023659252,
      5.520930691016133,
      4.873328931361809,
      5.114737067587753,
      4.573716066156451,
      5.228809082353144
    ],
    "MIBRE": [
      0.4827365589232016,
      0.4931547727216668,
      0.47852838561767996,
      0.48505101739946,
      0.4863486209936433,
      0.4910385031471919,
      0.474824229279634,
      0.4905645759606114,
      0.4941232893827125,
      0.4963114216992377,
      0.49343762408313147,
      0.48136722177867736,
      0.47733805397798945,
      0.48657129436239627,
      0.48018837406786824,
      0.48252465145638346,
      0.4870923088669274,
      0.4877407087976874,
      0.4888728857763298,
      0.47809824006355417,
      0.5008597538068554,
      0.4983318008335276,
      0.4893773338671519,
      0.4768041680741759,
      0.48050084009056543,
      0.47598931832713787,
      0.48725726261183944,
      0.4850564041506573,
      0.5075451614763778,
      0.48070243683573427
    ]
  },
  "Mean_MAE": 124012.22797535858,
  "Mean_MRE": 65.41375978346102,
  "Mean_MBRE": 5.074883628665219,
  "Mean_MIBRE": 0.48661124061433353,
  "Median_MAE": 123973.0768858681,
  "Median_MRE": 64.61634471120843,
  "Median_MBRE": 5.080404820820721,
  "Median_MIBRE": 0.48645995767801975,
  "Runs": [
    {},
    {},
    {},
    {},
    {},
    {},
    {},
    {},
    {},
    {},
    {},
    {},
    {},
    {},
    {},
    {},
    {},
    {},
    {},
    {},
    {},
    {},
    {},
    {},
    {},
    {},
    {},
    {},
    {},
    {}
  ]
}