{
  "Metrics": {
    "MAE": [
      123433.98574480235,
      123899.83137295832,
      123989.70092648773,
      125234.90580848331,
      124222.47702503482,
      123915.26403592416,
      123323.2245016478,
      123877.66801603031,
      123034.17467169891,
      124374.54283775519,
      123914.97150789057,
      124088.67084339944,
      126202.56375221092,
      124376.5599431673,
      124615.21819132549,
      124013.71802941547,
      125526.47281029848,
      123573.7861613836,
      123855.54151960807,
      123956.33900094942,
      123474.99088577714,
      123995.03076661988,
      122869.76377543739,
      125044.4353170982,
      123312.92342252856,
      124443.3941412514,
      123557.20957108084,
      124740.10138216494,
      124178.7001224128,
      124786.20864062861
    ],
    "MRE": [
      60.673333571519564,
      71.35617798220524,
      63.47550318648592,
      62.82616087001001,
      56.08554102197102,
      62.268029852672235,
      61.80855957875953,
      66.7677398908678,
      76.44344364770056,
      72.29511278571715,
      69.65888174731236,
      60.85454745899689,
      52.18364194065664,
      65.01763214896951,
      65.3326505047836,
      57.9614824380576,
      68.12718318273615,
      63.783516523045826,
      75.29909542631195,
      66.31477175449308,
      64.72798673793008,
      71.71884183034919,
      65.42618511769936,
      52.933101752116315,
      62.99655242567589,
      65.90879827435509,
      63.72553852276691,
      63.784525940593774,
      75.82089154665931,
      63.10436961882403
    ],
    "MBRE": [
      5.335644643360615,
      4.872980144978023,
      5.20749589009141,
      5.410813918807913,
      5.29460958988015,
      5.326289201163992,
      5.181935070866963,
      5.017658344673609,
      4.3140659507927115,
      4.822059346211802,
      4.7187767547271635,
      5.426169105837126,
      7.05423233791389,
      5.138134796929783,
      5.324464191230416,
      5.6415309861892355,
      5.1332544915147444,
      5.011525055956276,
      4.416967371584634,
      5.1882283885289615,
      5.1344446704153714,
      4.864158422993455,
      4.728215523408256,
      6.34715282753342,
      5.111348336181026,
      5.1108028017506895,
      5.284767566880265,
      5.251619586079161,
      4.544968118082245,
      5.415476373407127
    ],
    "MIBRE": [
      0.47557443803352084,
      0.4978100390887845,
      0.48543137823025306,
      0.485226455495102,
      0.45942926839166975,
      0.4792646193955741,
      0.48214308077883217,
      0.4864805610179465,
      0.5068793461987512,
      0.49913052652970485,
      0.48999367465786314,
      0.47880691824688415,
      0.47747579177307226,
      0.4849631036614744,
      0.49055728802110454,
      0.4716930584799905,
      0.49314613493099135,
      0.48233738523153186,
      0.5041062465724577,
      0.4916855814595109,
      0.484343623903945,
      0.4989775360378179,
      0.48405037021410247,
      0.4752650879032462,
      0.4843484512463166,
      0.48830105738712803,
      0.4851906135034726,
      0.4862587490240208,
      0.5056577243075024,
      0.4846776283206616
    ]
  },
  "Mean_MAE": 124127.74582418236,
  "Mean_MRE": 64.95599324267475,
  "Mean_MBRE": 5.187659660265681,
  "Mean_MIBRE": 0.48664019126810776,
  "Median_MAE": 123992.3658465538,
  "Median_MRE": 64.25625633926192,
  "Median_MBRE": 5.160034933898373,
  "Median_MIBRE": 0.4852085344992873,
  "Runs": [
    {},
    {},
    {},
    {},
    {},
    {},
    {},
    {},
    {},
    {},
    {},
    {},
    {},
    {},
    {},
    {},
    {},
    {},
    {},
    {},
    {},
    {},
    {},
    {},
    {},
    {},
    {},
    {},
    {},
    {}
  ]
}