{
  "Metrics": {
    "MAE": [
      123507.69334381961,
      124036.78585245297,
      123784.00671176291,
      124798.99063260441,
      125008.9628417303,
      123921.85892011545,
      123507.55297041644,
      124087.51193203298,
      123106.32593678359,
      124316.61381902816,
      124017.51629477988,
      123955.18464895569,
      125799.98467900886,
      124434.44404224324,
      124307.06305948859,
      124190.24078399267,
      125501.63467753648,
      123947.4580324894,
      123917.01801243817,
      123575.51689004245,
      123597.41405071756,
      124019.70098713209,
      123226.82850267469,
      124338.707925935,
      123443.17480432443,
      124327.2684996822,
      123454.4529455775,
      124620.56111653175,
      124083.23000218323,
      124588.39664918669
    ],
    "MRE": [
      62.87582597852644,
      76.79219278021485,
      60.58974332367018,
      64.77629753761572,
      63.648914530626755,
      63.30640024528028,
      61.191418017534005,
      68.55943104494379,
      74.47196668130064,
      72.64160953780765,
      69.87174098206536,
      64.20868796170969,
      52.88240736151892,
      66.38654335464034,
      63.30843349084295,
      60.38585283776021,
      65.17127732977094,
      66.08826661202684,
      69.95607489632143,
      61.97180267275304,
      72.11690665773392,
      74.19001206945615,
      68.51358105426709,
      57.49273933101694,
      60.451850049530734,
      62.28698078950231,
      68.6986684282389,
      65.20113611389225,
      74.52486922645598,
      59.503745580205894
    ],
    "MBRE": [
      5.141576606009976,
      4.602990743605088,
      5.2893905591989085,
      5.010559755008057,
      5.256638808209495,
      5.180194141641336,
      5.3258490346662715,
      4.968278808158609,
      4.516899466937317,
      4.7477842022118,
      4.700327398903239,
      5.080730448271701,
      6.647144318086917,
      5.087942330037757,
      5.258020856309291,
      5.561309058063261,
      5.31213518133266,
      5.1161956780126685,
      4.819443748543012,
      5.251414637432822,
      4.72175943793924,
      4.721072196531026,
      4.785891751187647,
      5.580216834231774,
      5.441947252056079,
      5.264504456282541,
      4.884699352669474,
      5.0984587779735655,
      4.587595576074747,
      5.515871493998828
    ],
    "MIBRE": [
      0.4822625420443284,
      0.5084340277603272,
      0.47863307324053694,
      0.48391014048176656,
      0.4839085575147641,
      0.4821243861509405,
      0.48229370215169015,
      0.49220894773736745,
      0.5028962634615323,
      0.4998027190435611,
      0.4930480451865441,
      0.48358331399537474,
      0.47461152849893984,
      0.48819755241514595,
      0.4843081833354884,
      0.4801087886137091,
      0.48851488417831584,
      0.48881869800080746,
      0.4936564250125518,
      0.4806216760187922,
      0.4988156241863868,
      0.5029664683204973,
      0.49115630067660204,
      0.47665511918156206,
      0.4795535556721428,
      0.4817013717673054,
      0.492506879846927,
      0.4867919713739087,
      0.5019912554773489,
      0.4771424431853055
    ]
  },
  "Mean_MAE": 124114.06998552223,
  "Mean_MRE": 65.73551254924102,
  "Mean_MBRE": 5.115894763652837,
  "Mean_MIBRE": 0.48804081481768236,
  "Median_MAE": 124028.24341979253,
  "Median_MRE": 64.97378743369333,
  "Median_MBRE": 5.1073272279931174,
  "Median_MIBRE": 0.4855500773546986,
  "Runs": [
    {},
    {},
    {},
    {},
    {},
    {},
    {},
    {},
    {},
    {},
    {},
    {},
    {},
    {},
    {},
    {},
    {},
    {},
    {},
    {},
    {},
    {},
    {},
    {},
    {},
    {},
    {},
    {},
    {},
    {}
  ]
}