{
  "Metrics": {
    "MAE": [
      123560.19470036383,
      123556.38877814641,
      123791.5064999864,
      125166.48803996286,
      124813.81851629903,
      124109.22430050936,
      123606.55360908326,
      123949.82257186223,
      122931.54643294215,
      124283.72381170146,
      124089.68374426168,
      123876.47487015123,
      125409.19160426864,
      124388.42588264291,
      124190.97888490534,
      124199.38827540296,
      125361.99493172529,
      123859.29191641377,
      123787.98686282267,
      123472.3472999554,
      123536.37082488762,
      123560.48117628068,
      123032.19565529824,
      124709.65817230243,
      123344.3539914521,
      124350.42731443954,
      123376.64288868372,
      124425.65502596283,
      124240.23517440495,
      124503.23391247865
    ],
    "MRE": [
      61.016100154838135,
      70.7382800904202,
      61.27999759853383,
      64.66572401797997,
      63.42438236726199,
      68.87399318037683,
      60.1853648008226,
      67.14630289989111,
      70.76362204065622,
      72.98000225044554,
      71.00705229937225,
      64.64856382996398,
      56.15181081551901,
      67.83750025663953,
      62.71665173341743,
      63.670161630681456,
      64.78384594510989,
      65.76153698255631,
      66.33359883531391,
      62.069300871938346,
      74.21005883764502,
      72.71249918727564,
      68.29414180683459,
      57.441186055466154,
      61.40179811545633,
      59.311113600822004,
      67.98351421480154,
      62.92352540877177,
      75.83269116993704,
      62.60482439694752
    ],
    "MBRE": [
      5.375732499640548,
      4.679341870857557,
      5.2902252892784905,
      5.297610374731449,
      5.097815598014172,
      4.930807383500873,
      5.461547750900594,
      4.93081424549406,
      4.677508493744677,
      4.709906809808443,
      4.682274298070583,
      5.018441462405626,
      5.997208347394953,
      5.006926958038124,
      5.178364596930299,
      5.3661499311750696,
      5.234589329729579,
      5.044842363494011,
      4.993381820550808,
      5.135680324681338,
      4.552533447145569,
      4.503116010734413,
      4.7107537096710015,
      5.890668448830795,
      5.299358714795281,
      5.489281314887154,
      4.9104572850375305,
      5.169549736089055,
      4.578560687799043,
      5.288117154317471
    ],
    "MIBRE": [
      0.4782494767233376,
      0.4951648513719906,
      0.47848302336278387,
      0.4859812790577582,
      0.48236295034284526,
      0.4929516353383947,
      0.4820513414365642,
      0.48956945464842516,
      0.4942445261875113,
      0.5001178738108127,
      0.49547096639121907,
      0.4833252481998477,
      0.479868682801679,
      0.4893244874881703,
      0.4826943148968021,
      0.4848904954113368,
      0.4869965964874994,
      0.48808619348540033,
      0.4860547618419554,
      0.48100680950822094,
      0.50222809954594,
      0.4987965538616102,
      0.489022041293686,
      0.48034278891648147,
      0.4805107283032237,
      0.4760066572566732,
      0.4903703764723019,
      0.48054948792200114,
      0.506353331963943,
      0.4810199416021092
    ]
  },
  "Mean_MAE": 124049.47618898658,
  "Mean_MRE": 65.62563817985655,
  "Mean_MBRE": 5.083385541924952,
  "Mean_MIBRE": 0.48740316586435095,
  "Median_MAE": 124019.75315806195,
  "Median_MRE": 64.72478498154493,
  "Median_MBRE": 5.0713289807540916,
  "Median_MIBRE": 0.48601802044985676,
  "Runs": [
    {},
    {},
    {},
    {},
    {},
    {},
    {},
    {},
    {},
    {},
    {},
    {},
    {},
    {},
    {},
    {},
    {},
    {},
    {},
    {},
    {},
    {},
    {},
    {},
    {},
    {},
    {},
    {},
    {},
    {}
  ]
}