{
  "Metrics": {
    "MAE": [
      445.2253644321183,
      431.36701883933955,
      185.5149415520184,
      530.0098905295612,
      461.4512429716624,
      475.75465932534144,
      513.7156058433708,
      209.08859068567506,
      522.660163361196,
      394.668923576265,
      498.4461007364532,
      479.834430127981,
      205.394115306499,
      439.7893832647774,
      535.6657988835667,
      418.4398049051016,
      198.16777068173894,
      520.7339550592062,
      430.0784756384317,
      511.2170377215931,
      356.1517846865366,
      559.2295413152659,
      369.72202362605924,
      396.92712665487966,
      558.9281284218508,
      359.9167467500992,
      554.452694673608,
      562.5409908514623,
      206.1872596254855,
      515.1775147626464
    ],
    "MRE": [
      90.99807537562921,
      91.31439704342685,
      30.34908853682467,
      114.97081493472932,
      87.97272851710197,
      107.02098745064856,
      115.09270360849054,
      31.261694468392186,
      119.74481496001917,
      68.8671553096643,
      97.55718372697416,
      105.562369988975,
      37.60733927538182,
      77.21035559428354,
      128.37904849225262,
      70.45441757160452,
      37.53288273144923,
      115.72749093684695,
      93.59734058315554,
      124.54096821502833,
      65.74302775103727,
      137.65221855467408,
      63.598519156200474,
      74.1231723010179,
      135.57368476297174,
      69.25974637482227,
      137.66191494484602,
      139.64113847530172,
      41.03463471451785,
      112.92306704410011
    ],
    "MBRE": [
      1.0983172871841127,
      1.1192825710586143,
      0.36546788540806346,
      1.3832299642584942,
      1.2231664420942814,
      1.31386001615707,
      1.4400200337933884,
      0.38099673877242446,
      1.4247067149585284,
      0.9367382774842652,
      1.3185595331608093,
      1.3019667412071156,
      0.41213701255352864,
      1.1590145869416388,
      1.5110083737969047,
      0.9824773895418578,
      0.4125853099414724,
      1.5370667501486985,
      1.081292916454441,
      1.4694419267215015,
      0.8108420173129103,
      1.6372017418807616,
      0.8640524653552146,
      1.028264959216892,
      1.5523082245007116,
      0.8420275601373646,
      1.5939500465446494,
      1.7035473065953934,
      0.4441177734815969,
      1.4509426307047257
    ],
    "MIBRE": [
      0.42308717753985176,
      0.4318848487855552,
      0.2314588861255592,
      0.4926510009984028,
      0.4396077186430694,
      0.4592313720195242,
      0.49904421912856933,
      0.23133556657770454,
      0.4984851940836266,
      0.3822481654985505,
      0.4635849119169869,
      0.4524867670150217,
      0.24028329491122966,
      0.4166881069457183,
      0.5146085760216,
      0.36503313943221866,
      0.242480899631993,
      0.4654029703298027,
      0.4289329054561132,
      0.48649863985092134,
      0.3577365850335013,
      0.551569818519962,
      0.3557151958986634,
      0.3910096215326381,
      0.5406134661717363,
      0.3589343023330001,
      0.52792857884988,
      0.5500567963021712,
      0.2539103078203198,
      0.49412308888553397
    ]
  },
  "Mean_MAE": 428.21523616032636,
  "Mean_MRE": 90.76576604667895,
  "Mean_MBRE": 1.1266197065789143,
  "Mean_MIBRE": 0.41822107074198084,
  "Median_MAE": 453.33830370189037,
  "Median_MRE": 92.4558688132912,
  "Median_MBRE": 1.1910905145179602,
  "Median_MIBRE": 0.43574628371431234,
  "Runs": [
    {},
    {},
    {},
    {},
    {},
    {},
    {},
    {},
    {},
    {},
    {},
    {},
    {},
    {},
    {},
    {},
    {},
    {},
    {},
    {},
    {},
    {},
    {},
    {},
    {},
    {},
    {},
    {},
    {},
    {}
  ]
}