{
  "Metrics": {
    "MAE": [
      584.5185364708892,
      473.18867614992394,
      340.1666272632334,
      490.45257538404246,
      349.43613432620907,
      410.15423424835757,
      504.02093383042165,
      268.2557640534962,
      488.7579249545355,
      242.57751161688546,
      504.9318740549083,
      506.91695449211494,
      418.4710599268283,
      446.57772262460924,
      503.96513442842934,
      417.7676066341894,
      509.008996461275,
      475.02888168657574,
      416.67652105591213,
      387.6264621350665,
      466.77504713213716,
      533.9764697835666,
      396.40706303476827,
      493.1670134414856,
      530.5160382812363,
      480.8505837433734,
      481.88660176055623,
      452.1666823271885,
      471.26682101051114,
      452.96685152289183
    ],
    "MRE": [
      149.37252721310728,
      106.76517385053485,
      47.59286754002601,
      109.8879973143767,
      56.42914071391609,
      81.37705463431261,
      115.10481798239273,
      39.246639730610724,
      107.4341808417424,
      40.9704075124135,
      114.25903799460424,
      113.83166115837133,
      74.81404942903794,
      83.20917761937503,
      113.01828518636148,
      78.05006334318783,
      125.45315144243452,
      100.94803725921844,
      89.02214538982332,
      76.92583541709543,
      96.9683792957754,
      126.92335498236822,
      72.4757064331182,
      108.64089556835732,
      131.95931369765955,
      110.04243127480564,
      108.55451969006921,
      90.6939801351888,
      108.91131842286063,
      92.8203651691944
    ],
    "MBRE": [
      1.6874099911311236,
      1.2766701604644872,
      0.717234139716978,
      1.3030911566685808,
      0.760239437620248,
      1.0174325246380704,
      1.3945459674404408,
      0.49689872267880786,
      1.2984556571504364,
      0.4741158049555873,
      1.3611717755686645,
      1.3703822840813085,
      1.0644617506260583,
      1.1316413631080031,
      1.3683955571141888,
      0.9784175697513174,
      1.4479800113884869,
      1.2668354658016143,
      1.0348668200736082,
      0.9407517073470036,
      1.2147377974606313,
      1.4854281801037468,
      0.9581941677390767,
      1.368289220782616,
      1.5070250274430725,
      1.2867305976937586,
      1.2683367651232555,
      1.1126235393521091,
      1.2896570081717753,
      1.171479991813956
    ],
    "MIBRE": [
      0.5794805760194999,
      0.4890445398192201,
      0.32246156747883453,
      0.5121821524320559,
      0.35270177346465537,
      0.41907018375621397,
      0.5233794753177751,
      0.2791042960567894,
      0.5119963443979577,
      0.27371031830797926,
      0.5197509504994955,
      0.5208137286958041,
      0.4229193239844955,
      0.4412312640480545,
      0.5212564410220696,
      0.42346397311305667,
      0.5250494250747711,
      0.4888897929171589,
      0.44008966618979484,
      0.4087486188514935,
      0.484609104730637,
      0.5509714789780161,
      0.3928557646650888,
      0.49973115973921683,
      0.5363309936160429,
      0.5014206860466733,
      0.48446444971588465,
      0.47306688325665175,
      0.488020699773448,
      0.47708098344749894
    ]
  },
  "Mean_MAE": 449.9493101278539,
  "Mean_MRE": 95.723417208078,
  "Mean_MBRE": 1.1684500054336335,
  "Mean_MIBRE": 0.46212988718054443,
  "Median_MAE": 472.2277485802175,
  "Median_MRE": 103.85660555487664,
  "Median_MBRE": 1.2675861154624348,
  "Median_MIBRE": 0.4863149022520425,
  "Runs": [
    {},
    {},
    {},
    {},
    {},
    {},
    {},
    {},
    {},
    {},
    {},
    {},
    {},
    {},
    {},
    {},
    {},
    {},
    {},
    {},
    {},
    {},
    {},
    {},
    {},
    {},
    {},
    {},
    {},
    {}
  ]
}