{
  "Metrics": {
    "MAE": [
      10.621431606389622,
      10.138739126598521,
      10.15721830296911,
      11.23647159873306,
      10.709983122308483,
      10.026625307416772,
      11.399862464089058,
      10.694668521257459,
      10.037492432788897,
      10.753141578140037,
      10.826840564405316,
      11.684997967872315,
      9.594968898535585,
      10.638335665397097,
      11.92312588616099,
      10.36178855878788,
      10.764559282148559,
      10.72446177865049,
      10.562156693453439,
      10.47573090354384,
      11.117975131563755,
      9.965014289272268,
      9.521766512048183,
      9.453098431032284,
      12.840744750559882,
      9.535295773219435,
      9.942796153218845,
      12.860669360529442,
      10.806559085154184,
      12.20769850969057
    ],
    "MRE": [
      2.465229349830439,
      2.053011777949945,
      1.9410507974302476,
      2.7566489639586416,
      2.1781275807424736,
      2.0288465906584903,
      2.433947998946522,
      2.134119204695312,
      2.2631171242884727,
      2.194923607967447,
      2.413189624578342,
      2.535345609118897,
      1.786984363087306,
      2.0805691025127366,
      2.586252395509255,
      2.093266921605123,
      2.3746604440256087,
      2.348389522981535,
      2.317231553673839,
      2.0939042440747113,
      2.4379782448392473,
      2.2374962838153807,
      2.159574398980764,
      1.8125526844301454,
      2.907231606072183,
      2.032192131079719,
      2.134788613927189,
      2.7902210059418646,
      2.4427845959351626,
      2.8114034231625635
    ],
    "MBRE": [
      0.02592586601728133,
      0.020833459175697122,
      0.0200158516794956,
      0.02866555589980429,
      0.022165468075935956,
      0.020545196978665994,
      0.024935964276600955,
      0.022342944435420665,
      0.023161818191549145,
      0.022295615687704117,
      0.024944444767235733,
      0.026424158950825682,
      0.018127113096613065,
      0.021340467387612767,
      0.026238817731062892,
      0.021376500656871668,
      0.0240960279313696,
      0.024127308243841624,
      0.02354388652992761,
      0.021347106313946485,
      0.02482752400102358,
      0.022901033748693064,
      0.021920387123942203,
      0.018348162809150654,
      0.03060355475746926,
      0.020656895797321575,
      0.021853964248028088,
      0.028594760844270796,
      0.025450844882336114,
      0.02913075248143111
    ],
    "MIBRE": [
      0.02431643211397965,
      0.020066167675864936,
      0.01910690012573198,
      0.026917203372238983,
      0.02125793925977723,
      0.019701896034613413,
      0.023593681658576005,
      0.021074298433431424,
      0.022061538098606837,
      0.0212998375438482,
      0.02369836988520515,
      0.024889303435368344,
      0.017504812431211568,
      0.02040466474545119,
      0.024949142733620384,
      0.020557528352261344,
      0.023087117397725444,
      0.02292064459749718,
      0.022392488590035318,
      0.020436406740732004,
      0.02345127993602746,
      0.02187909970964206,
      0.020921465952081775,
      0.017646148544646405,
      0.028427219712142723,
      0.019843709202950234,
      0.020942937330768796,
      0.026901770167053914,
      0.024014767027385548,
      0.027059401641442358
    ]
  },
  "Mean_MAE": 10.719473941864514,
  "Mean_MRE": 2.294834658860652,
  "Mean_MBRE": 0.023558048424037623,
  "Mean_MIBRE": 0.022377472414997258,
  "Median_MAE": 10.666502093327278,
  "Median_MRE": 2.2503067040519267,
  "Median_MBRE": 0.023031425970121103,
  "Median_MIBRE": 0.021970318904124448,
  "Runs": [
    {},
    {},
    {},
    {},
    {},
    {},
    {},
    {},
    {},
    {},
    {},
    {},
    {},
    {},
    {},
    {},
    {},
    {},
    {},
    {},
    {},
    {},
    {},
    {},
    {},
    {},
    {},
    {},
    {},
    {}
  ]
}