{
  "Metrics": {
    "MAE": [
      350.8062814653823,
      220.72811256163027,
      263.0502902127099,
      339.1738810902447,
      359.88729419521064,
      382.10987143451194,
      371.3688012787861,
      239.39585245971938,
      364.9589510238222,
      233.64511595165365,
      373.9320904810424,
      240.83572428759072,
      254.62177350916338,
      275.4641785480945,
      230.41888523445655,
      215.94644439408268,
      219.8789188027532,
      363.63952746828636,
      221.8275269711373,
      227.4788888633801,
      229.19264843417997,
      204.7428044347203,
      375.5255334302013,
      250.28165017764016,
      214.7146115059956,
      202.69233270173123,
      220.94630515668464,
      346.01179279603105,
      194.98137973487056,
      352.9535223551016
    ],
    "MRE": [
      36.595090516689574,
      27.999524267781865,
      21.17325311688708,
      27.439770835013277,
      31.493452553738692,
      46.96881091331165,
      37.6297493382715,
      22.53229461733874,
      35.40887868195949,
      24.354837488926087,
      36.09866014661136,
      29.679564237737576,
      33.904069177932556,
      33.88106277472435,
      33.16499297434406,
      25.678488196823917,
      29.72907105267522,
      34.084119365566565,
      27.904173367942253,
      29.029778505673264,
      29.839719795105374,
      19.237328373564665,
      40.57124897932836,
      30.41171370125347,
      27.664769687843815,
      30.864600956401933,
      34.2633643398642,
      36.42344464766703,
      23.182320284588474,
      29.828484469638774
    ],
    "MBRE": [
      0.9091953100910184,
      0.3581491678525171,
      0.3820882583054428,
      0.8972477430599488,
      1.0728635604467425,
      1.1372095636668518,
      1.1711764104981248,
      0.35178762746319336,
      1.1116089354744385,
      0.3461631853448919,
      1.2310275568117137,
      0.3967204384007829,
      0.4493667583668475,
      0.4828782403350131,
      0.4167931356707294,
      0.3381045593967209,
      0.37078435832015777,
      1.0601212031460046,
      0.3580723783038165,
      0.3682290886788608,
      0.3807128764163151,
      0.2660868606854197,
      1.1125652507135904,
      0.4226593589105198,
      0.344857534824464,
      0.3605889781746134,
      0.40353018632168114,
      0.8167113906900744,
      0.28905057886101587,
      1.0092016839271212
    ],
    "MIBRE": [
      0.2865126111271091,
      0.21192099751213117,
      0.19509966214517377,
      0.2424813612196651,
      0.2740274357019444,
      0.3336629949495274,
      0.3013826734993022,
      0.18851476096080555,
      0.2881830552902523,
      0.20901452039253718,
      0.3057857420053441,
      0.23614646578963908,
      0.2556280545479819,
      0.2622591851517264,
      0.2484676144497348,
      0.21049262293444318,
      0.22120355363378816,
      0.2837675676197668,
      0.22214111183479066,
      0.21883130256626146,
      0.2299067026069494,
      0.161781826928469,
      0.3150277760292956,
      0.24336242237137923,
      0.21051885954506863,
      0.2252056727166694,
      0.2436413159965863,
      0.29347239464415154,
      0.18974116938944796,
      0.2640080450081715
    ]
  },
  "Mean_MAE": 278.0403663653605,
  "Mean_MRE": 30.90122124550684,
  "Mean_MBRE": 0.6205184059719545,
  "Mean_MIBRE": 0.2457396492856038,
  "Median_MAE": 245.55868723261545,
  "Median_MRE": 30.12571674817942,
  "Median_MBRE": 0.41016166099620527,
  "Median_MIBRE": 0.24292189179552215,
  "Runs": [
    {},
    {},
    {},
    {},
    {},
    {},
    {},
    {},
    {},
    {},
    {},
    {},
    {},
    {},
    {},
    {},
    {},
    {},
    {},
    {},
    {},
    {},
    {},
    {},
    {},
    {},
    {},
    {},
    {},
    {}
  ]
}