{
  "Metrics": {
    "MAE": [
      199.63742188029514,
      185.29866142026725,
      246.92642317603148,
      191.10341861448484,
      215.92415039133692,
      213.88344444303482,
      214.43419280359313,
      215.92751032292534,
      211.2417531711865,
      220.2446406018428,
      199.17063632550526,
      212.2236639823679,
      225.9291821941143,
      202.46599075524628,
      211.15004656298447,
      196.39163548625612,
      200.23484547765852,
      207.1429258145465,
      207.21700906173783,
      193.4517664575859,
      219.55513169942085,
      205.23368355478357,
      232.96027430787646,
      219.70529677357342,
      184.48666617213087,
      196.30592974597945,
      200.86932659407015,
      207.8632026551091,
      202.60636144949206,
      200.36540196612575
    ],
    "MRE": [
      14.087308199008822,
      13.051021215356762,
      14.71639285106255,
      13.613518198122806,
      13.113845439705473,
      12.872193225767866,
      13.6381901044262,
      12.594117303369911,
      14.764006554587175,
      14.011002990031088,
      13.064787961071527,
      12.821426694367254,
      13.101438425213532,
      13.104584993435958,
      11.993315024236544,
      12.324243379466495,
      12.971035639956629,
      13.175807942575101,
      12.776436113937367,
      12.279801603156033,
      14.027503610648568,
      12.99756342422127,
      15.184917706221635,
      12.836078201438275,
      12.676102074773596,
      12.952043848727701,
      12.64213258905933,
      13.895082643989443,
      13.283027921638805,
      13.528938970313389
    ],
    "MBRE": [
      0.2228500581676064,
      0.1948723575829202,
      0.3190970401225284,
      0.20605492754827717,
      0.23895100166226937,
      0.2361006365452977,
      0.24352826174892866,
      0.23845084029078262,
      0.2427411687671351,
      0.2524333786556154,
      0.21429583073414707,
      0.23008988070798278,
      0.25719595981343624,
      0.21721775868195153,
      0.22327877272927465,
      0.2028563665570862,
      0.21438574351554263,
      0.22440984735362032,
      0.22567717498573636,
      0.1993297459926079,
      0.2508078436432337,
      0.22135591096980645,
      0.2856027423011291,
      0.24665600865607715,
      0.19161724481477965,
      0.20955808113092753,
      0.21231150857406178,
      0.23126385626459567,
      0.22086455989342385,
      0.21703508975261307
    ],
    "MIBRE": [
      0.1269150720652452,
      0.11674854842652926,
      0.13899372882500802,
      0.12227828334869784,
      0.1231848696199942,
      0.12113209971915614,
      0.12635648526335289,
      0.11922945486559743,
      0.13381133413638857,
      0.1298349955976454,
      0.11892948057809127,
      0.12086011036021019,
      0.12347510488667857,
      0.12027516655300965,
      0.11484368746414658,
      0.11477314167883212,
      0.11996290729511352,
      0.12229747347192244,
      0.12025546725319172,
      0.11469826846333818,
      0.1304197292450245,
      0.12118722679802235,
      0.1398211176852404,
      0.12215208228074785,
      0.1140993649420316,
      0.1185943441328224,
      0.11831140707835203,
      0.12723258423251513,
      0.1230339003374717,
      0.12184893015284266
    ]
  },
  "Mean_MAE": 207.99835312871878,
  "Mean_MRE": 13.269928828329569,
  "Mean_MBRE": 0.22969631993877984,
  "Mean_MIBRE": 0.12285187889190732,
  "Median_MAE": 207.17996743814217,
  "Median_MRE": 13.08311319314253,
  "Median_MBRE": 0.2238443100414475,
  "Median_MIBRE": 0.1215180784754325,
  "Runs": [
    {},
    {},
    {},
    {},
    {},
    {},
    {},
    {},
    {},
    {},
    {},
    {},
    {},
    {},
    {},
    {},
    {},
    {},
    {},
    {},
    {},
    {},
    {},
    {},
    {},
    {},
    {},
    {},
    {},
    {}
  ]
}