{
  "Metrics": {
    "MAE": [
      348.9433163833667,
      330.52086201583415,
      365.35486342200153,
      373.71516939846714,
      375.5030676236849,
      319.2370961042829,
      238.5620908379286,
      349.8333888077692,
      333.38334787354984,
      321.9365432807392,
      380.3582662425051,
      334.0507427779874,
      384.9137147287544,
      385.22337176992255,
      393.5492811539011,
      280.49245803165877,
      330.20055718045506,
      279.8203630030916,
      344.8449620314601,
      385.208832025018,
      371.2549719946108,
      322.527865399003,
      346.929509641798,
      304.650112232753,
      336.36105728062205,
      380.11860416594845,
      337.3131433120552,
      295.4617941828555,
      377.9407320427616,
      302.3073832636344
    ],
    "MRE": [
      37.520250930203844,
      33.973153237543094,
      40.872752862302455,
      41.456618878639176,
      35.666424521420595,
      35.21010692343893,
      37.97313901339228,
      40.97526959810603,
      36.89314309943142,
      36.70912552819147,
      40.657275946711934,
      38.1436236514755,
      39.32558723784199,
      43.22018139718312,
      42.2183386972668,
      33.47429735847499,
      41.61139675216948,
      33.33631315781601,
      39.40358842696444,
      42.712422738484904,
      41.30856089729668,
      33.08702470493905,
      41.72519044875629,
      33.164927827525936,
      43.11191821488459,
      41.04473186452549,
      41.5577686636929,
      31.576761359067984,
      41.8709224718667,
      36.687121777176294
    ],
    "MBRE": [
      0.8547493994132638,
      0.7067522894604219,
      0.9209676390141605,
      1.1310234258088294,
      1.2402545549844586,
      0.6383342960390206,
      0.4573176208621602,
      0.7943128684019091,
      0.7294456225375625,
      0.6495780878901728,
      1.2722923915973465,
      0.7082879227919672,
      1.2736358727121757,
      1.1970235883856704,
      1.4089461292375725,
      0.49572585872092734,
      0.7104950199373761,
      0.494637757908326,
      0.8084641841324627,
      1.282242600990874,
      1.0759286828364303,
      0.6624088565399776,
      0.7838832882789515,
      0.5610336052834433,
      0.7429295330000362,
      1.2577407445654671,
      0.749451827722475,
      0.537643992005193,
      1.1771691014194465,
      0.5790730505416839
    ],
    "MIBRE": [
      0.2961313560177043,
      0.2800118138447058,
      0.3161467541074093,
      0.3189778715123539,
      0.29996396517237617,
      0.2761517285749636,
      0.2626196103876883,
      0.3133197709193741,
      0.28547151929989956,
      0.2942428137198745,
      0.3181221430990099,
      0.2996039732002873,
      0.316398965240033,
      0.3267274919247017,
      0.3379429594014213,
      0.26541809048178044,
      0.3007015951263732,
      0.2641956764291857,
      0.30360529874833403,
      0.3297207728652558,
      0.3109284468376309,
      0.2720977570579585,
      0.3130565896723467,
      0.2686543751052519,
      0.309668371917655,
      0.32342535592150146,
      0.3064209677912916,
      0.26020169641699137,
      0.3234116057349471,
      0.2881908956950265
    ]
  },
  "Mean_MAE": 341.0172489402806,
  "Mean_MRE": 38.54959793955968,
  "Mean_MBRE": 0.8633916604339922,
  "Mean_MIBRE": 0.2993843410741111,
  "Median_MAE": 341.07905267175767,
  "Median_MRE": 39.36458783240322,
  "Median_MBRE": 0.7666675580007132,
  "Median_MIBRE": 0.3021534469373536,
  "Runs": [
    {},
    {},
    {},
    {},
    {},
    {},
    {},
    {},
    {},
    {},
    {},
    {},
    {},
    {},
    {},
    {},
    {},
    {},
    {},
    {},
    {},
    {},
    {},
    {},
    {},
    {},
    {},
    {},
    {},
    {}
  ]
}