{
  "Metrics": {
    "MAE": [
      346.22024775534356,
      388.3614208642738,
      352.54903641233005,
      343.24792268522697,
      352.4840339126424,
      373.0629417659728,
      270.9565336243913,
      319.6128105576591,
      291.23290753731925,
      324.95634985133654,
      321.5410438519849,
      347.3154063495995,
      343.6681774219855,
      326.0040786479201,
      256.48920223878486,
      410.64116948588696,
      358.8939377033039,
      350.6387470720555,
      192.64197805745118,
      337.1640327075829,
      322.3897270336613,
      286.59224263925523,
      310.2911993719096,
      306.62325714042044,
      345.87618952618,
      281.81957154516846,
      361.10166672518375,
      326.89779778907604,
      323.2417579328145,
      339.05668463867613
    ],
    "MRE": [
      24.8354093268955,
      30.500990561210617,
      25.043041303673313,
      23.02986540255895,
      25.655198087741027,
      28.42874575295282,
      18.656017294583187,
      23.436322276431127,
      23.468789018995423,
      24.697787351713778,
      23.204970395767276,
      25.5706249187444,
      26.71392440648286,
      24.7826141433624,
      20.659805562273924,
      34.3263386163776,
      24.426496255967052,
      25.383575783541072,
      13.696651831104873,
      22.33642625428024,
      22.71791413102772,
      22.214019110079832,
      22.817383286726916,
      22.329259069005246,
      24.229770365618116,
      20.298411185179585,
      24.527149485117196,
      22.56871092341104,
      26.351500680862607,
      24.506655973682342
    ],
    "MBRE": [
      0.2805267688804416,
      0.32309802139423194,
      0.28412981620455885,
      0.274827025860602,
      0.2848622529134811,
      0.30395806847222645,
      0.20891608313230497,
      0.25665608463887607,
      0.24401248102218767,
      0.2660355615866399,
      0.25705865224170904,
      0.28226849333845433,
      0.2846326160333492,
      0.2654301305149669,
      0.21343467595144866,
      0.35422385747616814,
      0.28924814943895644,
      0.2805100723683315,
      0.14613696621990863,
      0.2677834416202441,
      0.25883451998423085,
      0.23474517803263856,
      0.2485141515018072,
      0.2490677654648975,
      0.2804313486698102,
      0.22195098829061302,
      0.2923208614538164,
      0.25836200075494875,
      0.2722520423512548,
      0.27242737933571476
    ],
    "MIBRE": [
      0.20572897500877518,
      0.23507911337992027,
      0.20896853074673516,
      0.20304236661725336,
      0.21041049831990705,
      0.22671626091846867,
      0.16419444006537307,
      0.1957552543796008,
      0.18426928418331587,
      0.1986026683468928,
      0.1937351173811974,
      0.2078961659626018,
      0.21147596663551363,
      0.20069577976242386,
      0.16448508211940271,
      0.2436341532446835,
      0.21049830112813367,
      0.21375688074998977,
      0.1224505204063697,
      0.197801235657315,
      0.19205532716284862,
      0.18064429594031953,
      0.190406363901339,
      0.18798319733906182,
      0.20501013430865492,
      0.17241231912948954,
      0.2117731330595958,
      0.1944971462800066,
      0.19980257096540072,
      0.20422690989001444
    ]
  },
  "Mean_MAE": 327.05240242817985,
  "Mean_MRE": 24.047145625178935,
  "Mean_MBRE": 0.26522184850496067,
  "Mean_MIBRE": 0.19793359976635347,
  "Median_MAE": 332.0309152483295,
  "Median_MRE": 24.328133310792584,
  "Median_MBRE": 0.27001774198574946,
  "Median_MIBRE": 0.2002491753639123,
  "Runs": [
    {},
    {},
    {},
    {},
    {},
    {},
    {},
    {},
    {},
    {},
    {},
    {},
    {},
    {},
    {},
    {},
    {},
    {},
    {},
    {},
    {},
    {},
    {},
    {},
    {},
    {},
    {},
    {},
    {},
    {}
  ]
}