{
  "Metrics": {
    "MAE": [
      284.1090571895624,
      344.3791178201254,
      327.54595597002367,
      315.7418940017621,
      409.6655482451121,
      245.6835135775499,
      214.90424398428354,
      382.92599855563964,
      140.1771781520966,
      304.96047436751616,
      289.9767904292124,
      396.77820971913826,
      268.4208355863125,
      316.5148563182507,
      233.94704658332734,
      160.17990498206555,
      283.8271687218012,
      145.16769545133678,
      307.83749684844264,
      404.1789137924281,
      295.8717632647126,
      136.10835754947786,
      302.90334106981754,
      257.9824161792222,
      129.88039398346191,
      248.37169470026706,
      381.50250732287384,
      195.1010561932165,
      322.8889238696832,
      347.68451703206085
    ],
    "MRE": [
      19.561549224645933,
      28.140894730606487,
      21.590061074745194,
      21.81120071386021,
      30.40430011740249,
      17.065635491768603,
      13.552018128497947,
      27.008733268701047,
      10.44392450083354,
      21.896626855923383,
      21.711325613630414,
      29.77569957982642,
      18.510787610766062,
      23.862428803193325,
      18.238177022743223,
      12.248254378333446,
      20.63988080324811,
      10.144973086097114,
      22.205665378054853,
      27.206502722074994,
      19.602653171090274,
      10.400424418335504,
      21.251837842799677,
      18.726906959510554,
      9.62929920162667,
      16.15881894452785,
      26.66260844970999,
      12.096167358827667,
      25.161194610612768,
      24.166234366210084
    ],
    "MBRE": [
      0.2266946717089777,
      0.2953776357654403,
      0.28415964979231134,
      0.2675311000700499,
      0.3473071237088549,
      0.19019332164881939,
      0.17144458464353618,
      0.32365213961812517,
      0.1092582194066587,
      0.2521933025061756,
      0.24440249918422544,
      0.33748254480343387,
      0.21184289670015852,
      0.2650864655504563,
      0.19137592049617122,
      0.12888639571775642,
      0.22711756117707319,
      0.10890463319428625,
      0.3157292225430496,
      0.3411039955234064,
      0.2304128172647182,
      0.11161086272652951,
      0.24519292524842826,
      0.20339421480669548,
      0.10509052922630073,
      0.18855316073094014,
      0.32487387642249127,
      0.14377747676203378,
      0.2683329186514547,
      0.2877409995026074
    ],
    "MIBRE": [
      0.16635851908931487,
      0.19872314126482019,
      0.18760745030653614,
      0.1840769864840143,
      0.22648285536792365,
      0.1381841600358569,
      0.12845774916965608,
      0.21324297966923522,
      0.093713995332676,
      0.17925465120268863,
      0.17663037777994983,
      0.2217681440617985,
      0.1463546613817796,
      0.18691461939635798,
      0.14880930373551784,
      0.10813925911275896,
      0.16967044458309677,
      0.09157258091886271,
      0.19037113937791972,
      0.2319838703677867,
      0.17220116414448738,
      0.09603783641958574,
      0.18204641371574423,
      0.1530044210067399,
      0.09029116524169628,
      0.1411570987526852,
      0.21849576801686035,
      0.11416703772051853,
      0.19158386147812104,
      0.20414422901842505
    ]
  },
  "Mean_MAE": 279.840562382026,
  "Mean_MRE": 19.995826147606795,
  "Mean_MBRE": 0.23162412217003886,
  "Mean_MIBRE": 0.16504819613844718,
  "Median_MAE": 292.92427684696247,
  "Median_MRE": 20.945859323023896,
  "Median_MBRE": 0.23740765822447182,
  "Median_MIBRE": 0.1744157709622186,
  "Runs": [
    {},
    {},
    {},
    {},
    {},
    {},
    {},
    {},
    {},
    {},
    {},
    {},
    {},
    {},
    {},
    {},
    {},
    {},
    {},
    {},
    {},
    {},
    {},
    {},
    {},
    {},
    {},
    {},
    {},
    {}
  ]
}