{
  "Metrics": {
    "MAE": [
      406.2734986574222,
      325.91409853941354,
      336.6323024722246,
      308.262850235479,
      226.90431118336244,
      302.1795707478737,
      278.05231757423815,
      343.73793148077453,
      320.57452570857146,
      387.99812225271495,
      504.7998694760295,
      382.3282678589607,
      408.58386071675864,
      409.45339525739354,
      371.51601381867357,
      294.54408499216424,
      363.85991104291037,
      276.4904165873543,
      350.96855343305145,
      380.36540630689035,
      388.32138811304975,
      179.20920022366903,
      305.88621051800556,
      302.338987228389,
      331.56408229775917,
      202.98554346614924,
      400.71106897867645,
      260.739748101968,
      358.179393525307,
      364.2807591607173
    ],
    "MRE": [
      29.179022015494027,
      26.215396731374263,
      23.286073636627343,
      21.01669140669575,
      15.519223543175908,
      21.893161037260313,
      19.158865966542205,
      25.41693358152404,
      24.923406381260122,
      28.62653822954528,
      39.168714906526205,
      28.9314128533409,
      31.029779648042748,
      30.240627590343205,
      30.979291339314358,
      24.322241341249217,
      25.074632506957634,
      19.177422944156426,
      24.287040844325126,
      25.75862894627875,
      26.701047112786725,
      13.84703123624202,
      21.965749924631567,
      22.563607546068198,
      23.682635996544192,
      13.523403367288347,
      27.502898748661703,
      17.172000953675617,
      28.214519249252096,
      26.00219504630012
    ],
    "MBRE": [
      0.33574256607808384,
      0.27015847735929244,
      0.26786478343967535,
      0.2436638476873734,
      0.17339214746213827,
      0.23748402059236695,
      0.2153487546784746,
      0.27607926299975916,
      0.26587324406893753,
      0.32390060433636464,
      0.4451649135410528,
      0.31667987741475223,
      0.3417651202833474,
      0.3401882318706076,
      0.32018751189245154,
      0.24940477511442574,
      0.29515645029104254,
      0.21551249642496748,
      0.2829097334019292,
      0.31042924876752853,
      0.32038464695756885,
      0.14489708504773297,
      0.2440842515375889,
      0.2428939934367275,
      0.2678238863462394,
      0.14898711012027815,
      0.3322457775792321,
      0.19680256151195552,
      0.2966341982134129,
      0.29707797630386484
    ],
    "MIBRE": [
      0.24108542565855465,
      0.19567761489332985,
      0.20156158134652175,
      0.18336546933427345,
      0.140556955977944,
      0.18143564567194495,
      0.16539740403227093,
      0.20298559737266972,
      0.19107463633864638,
      0.22962155606188397,
      0.27801940412803333,
      0.22218980310199166,
      0.24382037273980137,
      0.24306598592936807,
      0.22396088161566724,
      0.1833904424896105,
      0.21233416884579234,
      0.16785872267792634,
      0.2088405159615796,
      0.22137744689928,
      0.22769514974986513,
      0.11881047875234284,
      0.18296279619308395,
      0.1837791475923606,
      0.1960184107342125,
      0.12126701690307848,
      0.23300040806848413,
      0.15462035687175055,
      0.21380111677984487,
      0.2176079574635645
    ]
  },
  "Mean_MAE": 335.78852299853173,
  "Mean_MRE": 24.51267315438281,
  "Mean_MBRE": 0.2739579184919724,
  "Mean_MIBRE": 0.19957274900618927,
  "Median_MAE": 340.18511697649956,
  "Median_MRE": 24.999019444108878,
  "Median_MBRE": 0.2731188701795258,
  "Median_MIBRE": 0.20227358935959572,
  "Runs": [
    {},
    {},
    {},
    {},
    {},
    {},
    {},
    {},
    {},
    {},
    {},
    {},
    {},
    {},
    {},
    {},
    {},
    {},
    {},
    {},
    {},
    {},
    {},
    {},
    {},
    {},
    {},
    {},
    {},
    {}
  ]
}