{
  "Metrics": {
    "MAE": [
      389.5578067765568,
      318.39194752896674,
      371.27894941596867,
      316.6624459941768,
      278.6523884769077,
      302.37421766267926,
      311.22727644715764,
      323.64642168728705,
      342.15741376678875,
      324.1179618992119,
      319.9472466635928,
      329.51267189007575,
      375.26119206648053,
      381.88332847707846,
      452.1568206099456,
      384.2208272496734,
      355.02209396623994,
      310.35175401521553,
      305.5449411699412,
      361.17596292596295,
      382.80216738389817,
      177.40060460372962,
      313.82525813143224,
      318.34699675324674,
      327.4103850523534,
      227.13367882117885,
      400.73574315641616,
      325.9867360203899,
      319.68739162107374,
      384.74141723660955
    ],
    "MRE": [
      27.648087263210012,
      25.1997554159971,
      26.267411278644804,
      21.459338211879015,
      19.71246807367148,
      22.209467676025778,
      21.294936656084985,
      23.78790584873944,
      26.65682906277165,
      23.696702522990364,
      23.437755561434187,
      24.88659068500008,
      28.09132546969144,
      28.62456943239657,
      37.43410012323942,
      32.11635037323804,
      24.605604024924567,
      21.862520925287836,
      20.637490761463358,
      24.046608843596744,
      26.378587268735476,
      13.552661727453271,
      22.852891959056848,
      23.5386928734331,
      22.975297108944147,
      15.328102501828148,
      27.507968667056986,
      22.529478214787076,
      25.710960284326944,
      27.245842657102003
    ],
    "MBRE": [
      0.32107587413550376,
      0.2625977508004548,
      0.30153439614849414,
      0.2518666494215816,
      0.21926417476956445,
      0.24014222410534317,
      0.24507340177874637,
      0.2587831645009124,
      0.28313469335927727,
      0.2630700914861191,
      0.26285780596068736,
      0.2674167597977086,
      0.3089467204671569,
      0.3161790257729051,
      0.390756534696522,
      0.3299550105270963,
      0.2855352968500747,
      0.24616097780672108,
      0.23812998132324317,
      0.2915106260818068,
      0.3142825816466624,
      0.14296620957132516,
      0.25162693490247967,
      0.2574617319789908,
      0.2614546606430173,
      0.16732928585849918,
      0.3328554182027054,
      0.25727897104496356,
      0.2665753071651408,
      0.31600519685232864
    ],
    "MIBRE": [
      0.2315098258235667,
      0.19516889932386272,
      0.22121120453649395,
      0.18761590821823454,
      0.16869809325999477,
      0.18344766659584222,
      0.18436555402567312,
      0.19438237987004917,
      0.20503368639586542,
      0.1960907290981685,
      0.19113443769510888,
      0.1943644662392565,
      0.22729206279416786,
      0.22831976450454997,
      0.2637783946634473,
      0.23408809702124705,
      0.21036034876313606,
      0.1861891216973284,
      0.1824968523768971,
      0.20976686345391427,
      0.22528663690913475,
      0.1178501334862122,
      0.18837901337892204,
      0.19362445597452832,
      0.19340937361968466,
      0.13088764773593092,
      0.23241544428329064,
      0.1914132022479756,
      0.1947940073943863,
      0.22705623983592693
    ]
  },
  "Mean_MAE": 334.37380158234123,
  "Mean_MRE": 24.376543382433695,
  "Mean_MBRE": 0.27172758192186774,
  "Mean_MIBRE": 0.1996810170407599,
  "Median_MAE": 325.0523489598009,
  "Median_MRE": 23.917257346168093,
  "Median_MBRE": 0.26296394872340323,
  "Median_MIBRE": 0.19458819363221774,
  "Runs": [
    {},
    {},
    {},
    {},
    {},
    {},
    {},
    {},
    {},
    {},
    {},
    {},
    {},
    {},
    {},
    {},
    {},
    {},
    {},
    {},
    {},
    {},
    {},
    {},
    {},
    {},
    {},
    {},
    {},
    {}
  ]
}