{
  "Metrics": {
    "MAE": [
      348.24900706449563,
      397.1788319904702,
      351.88001406202545,
      372.9868567016476,
      345.9075446251558,
      364.75327838802497,
      288.87465651937964,
      325.1258398549035,
      300.53810207540477,
      313.45004492942377,
      329.31091331399705,
      349.8607465869615,
      326.26642823709244,
      339.1792313688907,
      261.43225803962827,
      436.10803859475504,
      375.37896047079477,
      344.1931295554172,
      255.32811026330594,
      356.1609784000363,
      340.66259266977784,
      277.5797049748327,
      311.6076843805548,
      310.34213970724227,
      355.3221378166406,
      291.1122477866005,
      363.0115093594245,
      344.27884591305224,
      355.07573639633654,
      335.06055604819534
    ],
    "MRE": [
      22.104535887768108,
      30.85431034723965,
      22.13851050632077,
      21.29398746310391,
      23.75227731247277,
      26.210308160512184,
      17.65336312652144,
      21.8644125937789,
      22.64219775287986,
      21.432684027227516,
      20.842054045447867,
      23.990743064262336,
      23.14277647097896,
      22.49803772811277,
      19.791699111490583,
      36.851076631055975,
      22.01132278235462,
      22.48295976035331,
      15.760996001108978,
      21.187661043815208,
      21.352310802828654,
      19.464808630619004,
      20.957075367053797,
      19.944973098341475,
      22.52458247052089,
      19.606390645197873,
      22.72596869887171,
      20.87722381368507,
      28.902628234321043,
      22.34261307951116
    ],
    "MBRE": [
      0.2868166711505615,
      0.33156700703067843,
      0.29071847927189015,
      0.32308807794105004,
      0.27946648685328557,
      0.2962192802928026,
      0.2217434726489927,
      0.26121941267632853,
      0.24624986467320703,
      0.2514805613445761,
      0.26643324326644136,
      0.2859841710299011,
      0.2652076796500125,
      0.2747671022786008,
      0.21192366294337425,
      0.3790635799531574,
      0.326855739258245,
      0.2787860562552841,
      0.19089551551382217,
      0.29407765531783725,
      0.27525590493135393,
      0.22092638996818187,
      0.24773488366034885,
      0.2502567417538407,
      0.29588001437173767,
      0.2271489252843619,
      0.2998074946005737,
      0.28044066439453474,
      0.30038625264907737,
      0.2686919545213027
    ],
    "MIBRE": [
      0.20095901613334435,
      0.2388541326347075,
      0.2018486580179455,
      0.20611202365398335,
      0.20444020289902065,
      0.2192242266533143,
      0.16613070576738512,
      0.193226045218804,
      0.18616174968610594,
      0.1873173749645907,
      0.19012662537015326,
      0.20495659777567615,
      0.19694863237909493,
      0.1999142264564952,
      0.16527543452766905,
      0.255413413405477,
      0.20966139033611123,
      0.2023835916259406,
      0.14864147526056873,
      0.19960266319223322,
      0.19623326417911574,
      0.1702518377148715,
      0.18592272272792496,
      0.18287167438813018,
      0.2042708638612376,
      0.17383185552020158,
      0.20684693279386165,
      0.1948865920591245,
      0.2166569211148444,
      0.1969939048855442
    ]
  },
  "Mean_MAE": 335.54053753648225,
  "Mean_MRE": 22.573482955258545,
  "Mean_MBRE": 0.2743030981828454,
  "Mean_MIBRE": 0.1968654918401159,
  "Median_MAE": 342.4278611125975,
  "Median_MRE": 22.057929335061363,
  "Median_MBRE": 0.27702098059331903,
  "Median_MIBRE": 0.19829828403888872,
  "Runs": [
    {},
    {},
    {},
    {},
    {},
    {},
    {},
    {},
    {},
    {},
    {},
    {},
    {},
    {},
    {},
    {},
    {},
    {},
    {},
    {},
    {},
    {},
    {},
    {},
    {},
    {},
    {},
    {},
    {},
    {}
  ]
}