{
  "Metrics": {
    "MAE": [
      337.019794591774,
      395.0396126374441,
      307.9452155550481,
      355.63997480658156,
      317.13555024222893,
      316.8989198238587,
      309.7207183028058,
      299.9069683096946,
      333.02656800093587,
      326.8556680627746,
      288.2270575839363,
      348.69939560796166,
      324.9165595642246,
      308.01160957572193,
      279.83243181472034,
      362.917870464243,
      323.1158337112583,
      295.7782268852106,
      321.1020028947027,
      349.4648180004901,
      318.5028274559842,
      302.2972692323567,
      299.27148225172084,
      289.2535631437272,
      315.5565377654426,
      303.2012578821883,
      344.98142027597106,
      311.0819638574218,
      320.44392469867586,
      328.45687715093624
    ],
    "MRE": [
      20.709629604728345,
      32.2360750976558,
      19.765696978087995,
      20.157094190283136,
      20.826271956161442,
      22.484923362206125,
      19.155588207457576,
      20.916975428861242,
      25.22132831714569,
      22.786558863825228,
      18.649640341740394,
      24.310385056469823,
      23.009120507730756,
      20.629923058786005,
      20.972383327234667,
      30.14182890043507,
      19.678524559458346,
      19.32848074003924,
      19.045935648938986,
      21.098158505052243,
      19.659276230081428,
      20.453294268375615,
      20.004354164304708,
      18.636888953417525,
      20.294689301445455,
      20.421066594569254,
      21.000809686918622,
      19.137344892692028,
      25.585032273775397,
      21.69096346778948
    ],
    "MBRE": [
      0.2765341509071179,
      0.33440205991665184,
      0.24332831268312596,
      0.3022183845503663,
      0.2547927611541206,
      0.2539486698155701,
      0.24363858346684317,
      0.2383119987367981,
      0.2763435754686777,
      0.2655496379190247,
      0.22503681867362824,
      0.28260776783427755,
      0.2613464889278303,
      0.2431239087549674,
      0.22742842973586505,
      0.3113236961770488,
      0.2588069575816183,
      0.23149959295889064,
      0.2569398968044971,
      0.2850016730657233,
      0.25175613596484225,
      0.24420846681545358,
      0.23740379611967483,
      0.22714261116312812,
      0.25260376431099135,
      0.23977856091921643,
      0.2816025198875994,
      0.24337598097394264,
      0.26894540678742984,
      0.26383142337789944
    ],
    "MIBRE": [
      0.19287295500322946,
      0.23808352978238617,
      0.17959147002400733,
      0.19531109156755383,
      0.1860795387264635,
      0.19202553574568135,
      0.17739561359104308,
      0.18188009163976923,
      0.20354352726896896,
      0.19471123755834355,
      0.16886603612782997,
      0.2063703609450424,
      0.1980326832190213,
      0.18388823251458822,
      0.1754466735825324,
      0.22306351250404666,
      0.18435982034291726,
      0.17542863698349215,
      0.1822442212040673,
      0.19744861012028714,
      0.18342832130155942,
      0.18143339954583546,
      0.17847079734791477,
      0.17075156194209867,
      0.18358880399434252,
      0.18018779345343847,
      0.19498288423091928,
      0.17852202166779088,
      0.20072145022556573,
      0.19235168032629016
    ]
  },
  "Mean_MAE": 321.14339733833475,
  "Mean_MRE": 21.600274749522256,
  "Mean_MBRE": 0.25942773438176064,
  "Mean_MIBRE": 0.1893694030829009,
  "Median_MAE": 317.8191888491066,
  "Median_MRE": 20.669776331757177,
  "Median_MBRE": 0.25437071548484536,
  "Median_MIBRE": 0.18412402642875275,
  "Runs": [
    {},
    {},
    {},
    {},
    {},
    {},
    {},
    {},
    {},
    {},
    {},
    {},
    {},
    {},
    {},
    {},
    {},
    {},
    {},
    {},
    {},
    {},
    {},
    {},
    {},
    {},
    {},
    {},
    {},
    {}
  ]
}