{
  "Metrics": {
    "MAE": [
      169554.82794414693,
      140524.3028230229,
      140107.87125816377,
      179345.86013858777,
      75077.6156528017,
      162379.6544462608,
      123852.30067161609,
      125991.87693340563,
      131403.29080732464,
      158644.36668647887,
      119141.09110577758,
      108188.57010081095,
      115867.31988888203,
      167265.3183171513,
      132654.33055268312,
      166525.14200913196,
      168727.83800448978,
      131223.43047252906,
      184188.43555782994,
      72020.79370189854,
      144285.18854368443,
      75907.75212548616,
      131271.86367318072,
      164182.03865112405,
      166218.50369226924,
      114195.54070058526,
      161830.69187436404,
      150786.22858419028,
      151884.30190305703,
      130362.82885800574
    ],
    "MRE": [
      533.4965185632637,
      313.7426886121389,
      310.68672028020865,
      591.4238140850237,
      128.79268042855222,
      442.95032010027626,
      236.73764223245763,
      258.9210643632155,
      304.95713326605164,
      369.92683599223847,
      258.2128705434291,
      142.63218492471123,
      213.3285902453671,
      464.9005980993569,
      338.8792606890616,
      455.6204147068297,
      444.0849691536644,
      272.2713440488195,
      591.8274592719966,
      109.96378274596678,
      425.44795361125887,
      114.13357015764372,
      245.00101321504334,
      422.4167797281429,
      467.83533653265124,
      193.0638818242242,
      533.6045838286442,
      358.72758907427686,
      386.9143732716741,
      239.8245223709284
    ],
    "MBRE": [
      5.711937966027452,
      3.440717904835326,
      3.424185456715409,
      6.250646926314005,
      1.3824338950004398,
      4.876520592315158,
      2.6797506522389933,
      2.8692002376277768,
      3.3458623428327856,
      4.148900878562687,
      2.804613209081716,
      1.8184956850247358,
      2.4150865637949623,
      5.102697635567001,
      3.668097286890725,
      5.075441883044055,
      4.924443091648306,
      3.101233705636699,
      6.253338385102167,
      1.2023046620156637,
      4.610783776993972,
      1.2585702713209084,
      2.725010894133727,
      4.612584491913654,
      5.069193610746563,
      2.206067192945009,
      5.590057579214361,
      3.934601567519375,
      4.1562514879268315,
      2.8312074362458604
    ],
    "MIBRE": [
      0.6770228497540018,
      0.657948877791939,
      0.6662667944863554,
      0.7417669546092696,
      0.48823142042600726,
      0.6907674520130944,
      0.5800824044408017,
      0.6052389942207792,
      0.6442325564944,
      0.6305723770390897,
      0.4910238346618475,
      0.5259323385749147,
      0.5919372793622157,
      0.7187435359407618,
      0.5762503842349682,
      0.6790544257339386,
      0.746758885582598,
      0.6296638417077804,
      0.7583664204882092,
      0.4695334343033929,
      0.5970265475924175,
      0.410868601224651,
      0.5251543486017399,
      0.7270951256764819,
      0.7228850359942137,
      0.6006192562258117,
      0.6550537807852739,
      0.5915217556392203,
      0.6155887883291584,
      0.4927465063811282
    ]
  },
  "Mean_MAE": 138786.97252263135,
  "Mean_MRE": 339.01088319890397,
  "Mean_MBRE": 3.716341242307878,
  "Mean_MIBRE": 0.616931826943882,
  "Median_MAE": 140316.08704059332,
  "Median_MRE": 326.31097465060026,
  "Median_MBRE": 3.5544075958630255,
  "Median_MIBRE": 0.6226263150184694,
  "Runs": [
    {},
    {},
    {},
    {},
    {},
    {},
    {},
    {},
    {},
    {},
    {},
    {},
    {},
    {},
    {},
    {},
    {},
    {},
    {},
    {},
    {},
    {},
    {},
    {},
    {},
    {},
    {},
    {},
    {},
    {}
  ]
}