{
  "Metrics": {
    "MAE": [
      148188.46248648595,
      146484.23228022573,
      164970.5450557483,
      124214.37850802897,
      135632.33323968985,
      162534.45961958801,
      127221.75391725745,
      74003.66724823046,
      168055.50993473752,
      136711.67269711706,
      111791.08301814187,
      128340.9439075724,
      113420.79434541178,
      151226.79084373533,
      117296.41380352972,
      116983.4409863445,
      139386.94011597242,
      109456.08116363815,
      155619.64801113238,
      135093.15207654523,
      171711.65120995243,
      115522.77314629657,
      105404.18574787026,
      142080.40663673254,
      133095.16664394175,
      156137.9530373404,
      142233.82371549364,
      93509.05394109267,
      120015.18752278844,
      146232.94500800906
    ],
    "MRE": [
      381.72915225206475,
      370.19651786368905,
      398.83011870167235,
      270.422576735528,
      247.14243895298443,
      450.64544221172474,
      230.43512201644316,
      106.14432484336696,
      501.73931030690756,
      299.14476287221026,
      268.90358664129803,
      272.904943602193,
      228.84472250794389,
      383.068270474167,
      244.32213788223777,
      243.4258915651324,
      306.14315347443494,
      235.2615028685631,
      445.23752020566604,
      301.28817052862485,
      519.1788107511038,
      277.1314376765474,
      233.36127299176263,
      262.15170301778943,
      229.73791860345597,
      419.2880560572105,
      390.58405377500975,
      131.72357176980444,
      275.0844178373082,
      331.271234402644
    ],
    "MBRE": [
      4.1515591692924465,
      4.067908260368709,
      4.546550202807799,
      2.9618365682560746,
      2.8921094913716394,
      4.8963243400958465,
      2.6111007865379556,
      1.1587686726315332,
      5.409695999291589,
      3.354679357717799,
      2.9275634158516755,
      3.0357986717455536,
      2.516311284952567,
      4.217753175992757,
      2.7008850880884583,
      2.721965592646238,
      3.43752813797744,
      2.6147447373709616,
      4.797835565587257,
      3.3374201584671943,
      5.619603162629055,
      2.9597392563277967,
      2.5107644626385133,
      2.9851048288219135,
      2.6586241702193525,
      4.600502443960678,
      4.164056842592599,
      1.672339641909554,
      3.010027700656627,
      3.714806497388971
    ],
    "MIBRE": [
      0.6855353316204007,
      0.649176460987835,
      0.7293987209918698,
      0.5822683690289205,
      0.664065922619075,
      0.711079497268887,
      0.5610997346117005,
      0.4478715200423472,
      0.7232646111589729,
      0.6119293534981297,
      0.5464163915900833,
      0.5924431383833961,
      0.5581469268387956,
      0.6952019973057986,
      0.5945932778436289,
      0.5554918688140396,
      0.5596236339789414,
      0.5580983447791938,
      0.7150538383720844,
      0.6401852367656513,
      0.734309521178803,
      0.5976096268576487,
      0.5442181164482168,
      0.6040241789045513,
      0.5792178307934973,
      0.6838619762400537,
      0.6818247938401468,
      0.5287985653340712,
      0.48991321082038924,
      0.6675166169432054
    ]
  },
  "Mean_MAE": 133085.84832895503,
  "Mean_MRE": 308.5114047796496,
  "Mean_MBRE": 3.408463589473219,
  "Mean_MIBRE": 0.6164079537953445,
  "Median_MAE": 135362.74265811755,
  "Median_MRE": 276.1079277569278,
  "Median_MBRE": 3.02291318620109,
  "Median_MIBRE": 0.6008169028811,
  "Runs": [
    {},
    {},
    {},
    {},
    {},
    {},
    {},
    {},
    {},
    {},
    {},
    {},
    {},
    {},
    {},
    {},
    {},
    {},
    {},
    {},
    {},
    {},
    {},
    {},
    {},
    {},
    {},
    {},
    {},
    {}
  ]
}