{
  "Metrics": {
    "MAE": [
      128190.5225336749,
      132355.60234145663,
      136812.11333680904,
      131585.4347647953,
      139140.10710149654,
      133833.87021324082,
      134467.20364697074,
      88647.53690277606,
      132198.9815923079,
      134046.27740423306,
      129286.8956004217,
      133305.90828456453,
      132822.45336238426,
      131956.33781273002,
      131401.71025474387,
      136230.8776635412,
      133718.628805238,
      132419.2252242633,
      129932.43477233994,
      131944.5037950044,
      128353.62567470467,
      130391.03914084534,
      131133.09265254578,
      134953.43254399745,
      133480.16384063868,
      132390.2661137613,
      123232.73035140439,
      97782.96203819348,
      130091.08389260742,
      139552.20444653416
    ],
    "MRE": [
      70.79376654203091,
      80.97011208759606,
      87.47616701660142,
      86.25658711916986,
      85.45420650438382,
      82.2154175558659,
      76.6002921738781,
      76.3797965201101,
      70.321512070964,
      70.83640751752097,
      79.6525054531779,
      77.40190618305598,
      83.06412620026555,
      75.48586618853155,
      84.61965398281313,
      106.6830707250623,
      88.68102619633225,
      86.41881331677698,
      82.75505087782567,
      83.58865682861108,
      76.1575832675854,
      74.4206975469814,
      78.0624350393462,
      72.01208947016382,
      71.61960514349168,
      78.7980584498569,
      82.05712431926545,
      91.28317233664312,
      70.14353033175841,
      73.33883209456994
    ],
    "MBRE": [
      35.40850053663455,
      432.62751543939567,
      82.27880662644563,
      -64.08915278927644,
      962.2750244829899,
      1019.3572678598415,
      81.25876464951486,
      828.8897747797723,
      30.87322621687404,
      399.9266173733976,
      -54.95569233631754,
      42.66608012687382,
      -12.873875241859663,
      28.027909735474324,
      -8281.160567184808,
      -307.75136013511013,
      67.01800432838529,
      281.2768069926751,
      33.045349459938244,
      -436.4611169930281,
      145.98049617378604,
      87.85445600005038,
      807.2871114201946,
      27.32418249385531,
      30.16146827696037,
      106.28833982476093,
      65.15078554458957,
      143.4701039931916,
      -0.42453884774055195,
      279.60654680299103
    ],
    "MIBRE": [
      0.7078363907193674,
      0.8070350687609279,
      0.8693694881078092,
      0.8531888908103572,
      0.8545381196554195,
      0.8199162035157532,
      0.7644854731200471,
      0.7474044942675645,
      0.6899450972125537,
      0.7068626506152516,
      0.7964401495931821,
      0.772825064326145,
      0.8297816414102392,
      0.7532048732526221,
      0.8460728249218447,
      1.0082030021910304,
      0.7744632060091243,
      0.8641436256688814,
      0.82003095328037,
      0.8354911825326284,
      0.6894574824902587,
      0.7439282571039382,
      0.7729967020425761,
      0.7198091528881602,
      0.7161803751357824,
      0.7876109766486822,
      0.7741673614701408,
      0.8343073124491983,
      0.6970770647100822,
      0.7322972028654781
    ]
  },
  "Mean_MAE": 129855.24087027415,
  "Mean_MRE": 80.11826896867453,
  "Mean_MBRE": -104.65543881298497,
  "Mean_MIBRE": 0.7863023429258472,
  "Median_MAE": 132277.29196688224,
  "Median_MRE": 79.22528195151739,
  "Median_MBRE": 66.08439493648743,
  "Median_MIBRE": 0.7743152837396325,
  "Runs": [
    {},
    {},
    {},
    {},
    {},
    {},
    {},
    {},
    {},
    {},
    {},
    {},
    {},
    {},
    {},
    {},
    {},
    {},
    {},
    {},
    {},
    {},
    {},
    {},
    {},
    {},
    {},
    {},
    {},
    {}
  ]
}