{
  "Metrics": {
    "MAE": [
      123086.90862652594,
      99875.31178302414,
      118920.9477164601,
      122457.23297573076,
      91724.88513245046,
      108050.15281508668,
      96325.98682961574,
      97751.38141114755,
      92733.26862683186,
      117394.3942391405,
      94808.1556243276,
      101999.25937870273,
      100074.25206494772,
      127675.43483810255,
      94217.71837509543,
      135446.93214754993,
      118639.00824884506,
      97800.48016684873,
      123042.44365563388,
      90474.1052434093,
      102368.74275432018,
      85644.45035316893,
      101851.55955033751,
      120837.07093683281,
      116495.41627212557,
      107491.57331781583,
      128959.04854715607,
      132022.3826409219,
      117345.22583412887,
      111524.22273555944
    ],
    "MRE": [
      63.17857764202586,
      78.50809570210518,
      71.02040625326293,
      57.85991823249142,
      75.80002925231044,
      86.96735568164074,
      65.07975424402689,
      78.51782209611974,
      71.38728289701235,
      56.68078542383235,
      77.53712098089473,
      65.90265411166202,
      80.65849000301435,
      76.21587247908786,
      59.19448155741899,
      107.40895263260626,
      70.02909030022975,
      97.88220599790492,
      56.96526923196541,
      61.919207930288636,
      54.76482468427753,
      67.9899514824689,
      59.64309541502028,
      81.06897898918551,
      67.96350535402915,
      75.22006762690377,
      72.14859141589565,
      63.36273927626272,
      64.51211017509947,
      65.41550631496872
    ],
    "MBRE": [
      13.810281308273524,
      5.0579987772572315,
      2.6352346762167866,
      19.581874013028266,
      1.8491044124196387,
      13.721338026449937,
      3.7969906823539197,
      0.6558123844182974,
      0.21685598345942664,
      2.967209937199513,
      1.1061369455245467,
      3.2990102966325465,
      3.2911579042408974,
      0.514176370898575,
      9.948162624179659,
      21.87789008080911,
      2.126613551335086,
      5.347382948259059,
      21.699842213765123,
      2.8502426698705223,
      3.4998611907606967,
      2.0746287126881193,
      2.0596951961227896,
      5.022481564210251,
      2.371028126333472,
      7.515427475643654,
      -19.60026834288613,
      29.413766461544206,
      8.018493517583849,
      3.7102862611001206
    ],
    "MIBRE": [
      0.5985059202554537,
      0.7678579763636844,
      0.7053248514072884,
      0.5667452843784281,
      0.717672048606616,
      0.8215368988483246,
      0.6423738698218211,
      0.7541237110102629,
      0.6573283948168221,
      0.5645090154400776,
      0.735076871490368,
      0.6427136547366449,
      0.7896132903965942,
      0.7379191998188482,
      0.575726866414211,
      1.0036259782411237,
      0.6847634782500018,
      0.9400263333894757,
      0.5646379310325437,
      0.5961671777014653,
      0.5356045574405248,
      0.6415006727533219,
      0.5853190728903566,
      0.7868372116982194,
      0.6745202865433366,
      0.7406155195766387,
      0.7154776326042526,
      0.6199192824940777,
      0.6401088551329027,
      0.6195039480520096
    ]
  },
  "Mean_MAE": 109234.59842806148,
  "Mean_MRE": 71.02675811280042,
  "Mean_MBRE": 6.014623865656424,
  "Mean_MIBRE": 0.68752185972019,
  "Median_MAE": 107770.86306645125,
  "Median_MRE": 69.00952089134933,
  "Median_MBRE": 3.3994357436966216,
  "Median_MIBRE": 0.6659243406800794,
  "Runs": [
    {},
    {},
    {},
    {},
    {},
    {},
    {},
    {},
    {},
    {},
    {},
    {},
    {},
    {},
    {},
    {},
    {},
    {},
    {},
    {},
    {},
    {},
    {},
    {},
    {},
    {},
    {},
    {},
    {},
    {}
  ]
}