{
  "Metrics": {
    "MAE": [
      111215.71314629032,
      122810.21543208424,
      113347.05168824804,
      117772.0988086188,
      118147.25033856751,
      116915.9367073558,
      60460.53208215406,
      121316.90272992861,
      81785.81089198904,
      116577.41739724882,
      67906.36685578126,
      109585.802962953,
      64214.16591806066,
      117314.04058707597,
      85283.05719573607,
      112360.23992960733,
      65966.7315930918,
      113591.58229881989,
      117651.38582040515,
      102789.51782503862,
      114927.62601413684,
      59684.84117189689,
      58726.69660155024,
      71545.98397895768,
      79372.4875232226,
      72888.12205722946,
      111301.7295740283,
      115438.3148613603,
      117036.15736440776,
      89005.31402676579
    ],
    "MRE": [
      78.60916936133908,
      136.4934120710152,
      52.6220823028337,
      92.31174217085264,
      96.21965125420094,
      110.76486441573728,
      44.93684457623645,
      111.08261210897199,
      85.31256337076174,
      46.64489103867447,
      52.76807928235383,
      42.54183988208825,
      85.51223541643998,
      107.39547706007164,
      54.795709040722464,
      69.04991672568501,
      75.4131252173282,
      71.70642828488717,
      130.46866614579443,
      58.30986453992829,
      56.878126675755816,
      50.53313257893834,
      47.92319074041446,
      43.14551347596055,
      55.6192105084624,
      82.53522633047982,
      55.10696606268031,
      52.287586793426264,
      86.46737713960363,
      51.85260424736735
    ],
    "MBRE": [
      1.9551931025068003,
      2.6150776106398608,
      3.1004239790931925,
      2.6460785541754466,
      7.059728486202728,
      1.1109857885014913,
      7.422499053652961,
      2.0971667495263353,
      1.4564839573766544,
      2.813138458640009,
      12.105688030198401,
      2.3011112004004732,
      -1.48994325339424,
      2.3294304572033084,
      1.8494333625608763,
      5.232671762992783,
      -0.3291069472923251,
      2.5462418968780076,
      6.71092942109625,
      -3.99968980636954,
      3.5137675092856164,
      6.089863109281225,
      3.343385079703112,
      3.8799128824162485,
      2.3899211467789696,
      2.7276400705387336,
      -11.501567821924601,
      4.469576910712436,
      2.8915435005340977,
      2.3339262412874633
    ],
    "MIBRE": [
      0.5208270747556193,
      0.6397159703127222,
      0.4930787296188234,
      0.5396683256125886,
      0.6056766878583878,
      0.6109533310595768,
      0.40866151262460315,
      0.7422946288654853,
      0.6269292408458415,
      0.39710387689263327,
      0.39012118025743436,
      0.3777430176194529,
      0.7951070709011265,
      0.725614646181675,
      0.3724027182342903,
      0.6317722568349403,
      0.6447445232202655,
      0.581010498077617,
      0.6820956591720074,
      0.5231759309034852,
      0.47895245598631303,
      0.4193501098775292,
      0.4150049932275305,
      0.380297989010971,
      0.4700839711349911,
      0.684910193324993,
      0.4050298238483628,
      0.48946831149913933,
      0.49807342641296,
      0.417167128894372
    ]
  },
  "Mean_MAE": 97564.63644608705,
  "Mean_MRE": 72.8436036273004,
  "Mean_MBRE": 2.6557170164400925,
  "Mean_MIBRE": 0.5322345094355246,
  "Median_MAE": 111258.72136015931,
  "Median_MRE": 63.67989063280665,
  "Median_MBRE": 2.630578082407654,
  "Median_MIBRE": 0.5094502505842896,
  "Runs": [
    {},
    {},
    {},
    {},
    {},
    {},
    {},
    {},
    {},
    {},
    {},
    {},
    {},
    {},
    {},
    {},
    {},
    {},
    {},
    {},
    {},
    {},
    {},
    {},
    {},
    {},
    {},
    {},
    {},
    {}
  ]
}