{
  "Metrics": {
    "MAE": [
      41079.73881450887,
      39920.22481363418,
      43775.96841958645,
      38414.36866271248,
      40869.032655979,
      42319.82663460902,
      38825.01768699919,
      40251.41551408866,
      40781.488136152904,
      39075.308092933934,
      40508.465291287284,
      39355.91907051188,
      40025.9399812966,
      39732.68165642234,
      39439.4731720505,
      42694.08785554906,
      40423.77184837072,
      40134.40375752734,
      38733.76527981699,
      40316.47528894048,
      40628.67940462552,
      41790.19215261694,
      39339.44175011229,
      40207.58587778317,
      38891.24054673378,
      40669.767773149506,
      39965.57259441034,
      39483.080200894685,
      39290.72548159374,
      42665.583450385646
    ],
    "MRE": [
      40.23710745609664,
      46.20158173416117,
      40.64800034328577,
      49.520812370796655,
      36.502545308664466,
      40.068096122284736,
      38.90172241505231,
      38.80994754998105,
      37.18769657106311,
      38.25690790931256,
      41.67229799924888,
      40.491337963379934,
      42.74356521319615,
      41.02543605004024,
      40.145269141591214,
      44.86447573603323,
      41.92315231472789,
      35.78181132644871,
      39.747568622310546,
      44.09299189226131,
      44.60992890649534,
      41.748829427686516,
      46.67042587579603,
      36.83140318280038,
      37.89656090523311,
      40.469275929447655,
      47.66527414421744,
      39.01014744779991,
      41.70465386499193,
      35.66048772479572
    ],
    "MBRE": [
      0.6512597485813775,
      0.18144735266844753,
      0.2361515643451015,
      1.6563618923907717,
      0.7144543932530776,
      1194.5260294180143,
      0.49898274321114044,
      0.3606249444171032,
      -3.6505976731869274,
      0.17215948886613855,
      0.4516731376371334,
      -2.9638395025956665,
      -0.1399616323645188,
      0.46774536524904,
      0.4488940283108108,
      0.15794999652386632,
      0.44820195334314433,
      0.13968946903918403,
      0.29463665924333576,
      0.21004369978342644,
      0.20202933730700834,
      0.9769150849554715,
      -0.4370411709431468,
      -1.05148315991729,
      0.029297912279960026,
      0.4530642928021158,
      0.6347891840672821,
      -0.3045987227283215,
      0.9390782056188625,
      0.2881914967947005
    ],
    "MIBRE": [
      0.33721074957078956,
      0.38323133301305395,
      0.3448784747434025,
      0.4338744307690509,
      0.31096463958740367,
      0.3477518640413207,
      0.34535605710178163,
      0.3322830458134483,
      0.31263822844694583,
      0.32918185838453395,
      0.3587882002993275,
      0.3495461655193194,
      0.3543546818614599,
      0.3447888293381026,
      0.338463592012779,
      0.3945368324049314,
      0.3544722216250611,
      0.30170815639046067,
      0.32941407952107654,
      0.38055472998084233,
      0.380199684215644,
      0.3585169923889284,
      0.4017629567793967,
      0.3093359053562703,
      0.3347624728917007,
      0.3528714631027946,
      0.4035050817825593,
      0.33168490078319096,
      0.3569877051261133,
      0.2946968750838244
    ]
  },
  "Mean_MAE": 40320.30806217612,
  "Mean_MRE": 41.036310381640014,
  "Mean_MBRE": 39.886404983565576,
  "Mean_MIBRE": 0.3502774069311838,
  "Median_MAE": 40170.99481765526,
  "Median_MRE": 40.48030694641379,
  "Median_MBRE": 0.29141407801901814,
  "Median_MIBRE": 0.3465539605715512,
  "Runs": [
    {},
    {},
    {},
    {},
    {},
    {},
    {},
    {},
    {},
    {},
    {},
    {},
    {},
    {},
    {},
    {},
    {},
    {},
    {},
    {},
    {},
    {},
    {},
    {},
    {},
    {},
    {},
    {},
    {},
    {}
  ]
}