{
  "Metrics": {
    "MAE": [
      131332.01966146173,
      134006.96940322788,
      136661.51086042222,
      129983.58702658139,
      138466.99809003537,
      133180.62986570786,
      137102.191058831,
      133652.4148966841,
      132890.102451601,
      134159.9507051921,
      129931.71815622032,
      132741.10307327515,
      133670.03905092675,
      132439.18825718475,
      132146.89004207248,
      133834.9787885631,
      130254.40612151418,
      133859.52901637126,
      129647.94239967378,
      130542.69359702988,
      126424.07797863775,
      132038.9459216401,
      132701.34550635453,
      133827.86571580253,
      132992.33578111403,
      135126.30058512103,
      123116.86415629546,
      95246.06875297645,
      129487.25716648911,
      139474.8523465029
    ],
    "MRE": [
      70.9588162926209,
      80.95502589325525,
      82.7730195233987,
      75.16325008220896,
      85.39142675976349,
      79.32571810284747,
      80.09599558162994,
      82.65339363292345,
      70.98081723596798,
      74.12807829362687,
      72.1307235244556,
      75.6183120472008,
      78.2586227601467,
      81.59716198459282,
      77.77944234025533,
      93.30651278570919,
      76.22186941772543,
      81.4640238747771,
      80.00551326136886,
      83.25325774983892,
      70.57653057453788,
      85.11547529236296,
      83.83997979955194,
      70.12046996399366,
      71.11163768635643,
      86.09916001718022,
      79.88214056838547,
      92.87125585188654,
      62.97915071405315,
      74.78100691300469
    ],
    "MBRE": [
      59.517713621328255,
      105.91716817510581,
      410.7230179535357,
      -19.574697300858734,
      161.13390591122226,
      243.98138964071913,
      50.781806758604674,
      740.9459438423315,
      35.053422104602944,
      172.2308959206654,
      21.57402386517354,
      39.157624683541215,
      10.864371564029577,
      248.50596137378884,
      -1695.4787290111099,
      -189.14752914466203,
      168.97865962556187,
      64.59672008047953,
      61.09015668678148,
      -444.30596847373005,
      41.08697320282316,
      -66.33935668652046,
      497.2627667709845,
      29.555033274239698,
      31.294145131158587,
      44.26632880528098,
      -501.6797162277543,
      13.60999535972125,
      39.3033557725943,
      143.83532170212132
    ],
    "MIBRE": [
      0.7094800746567954,
      0.8095502589325525,
      0.8269561900865287,
      0.7485613237542228,
      0.8539142675976349,
      0.7926030607378406,
      0.799463125959575,
      0.8262744706757712,
      0.7043037196542311,
      0.7402645422570867,
      0.72127187558038,
      0.7528378851802724,
      0.781914199420769,
      0.8147348304177198,
      0.7777081143893052,
      0.926401084456534,
      0.6591578805093872,
      0.8145968618152589,
      0.7957782717896137,
      0.8325325371789313,
      0.6570223032215999,
      0.8511547529236295,
      0.838399783196204,
      0.7008929578264584,
      0.7111075319120836,
      0.8609124442211232,
      0.7636566580504588,
      0.8452730278350207,
      0.6219312065854277,
      0.7467926253415684
    ]
  },
  "Mean_MAE": 131364.69254778366,
  "Mean_MRE": 78.64792628418756,
  "Mean_MBRE": 17.291356832725345,
  "Mean_MIBRE": 0.7761815955387995,
  "Median_MAE": 132815.60276243807,
  "Median_MRE": 79.60392933561647,
  "Median_MBRE": 42.67665100405207,
  "Median_MIBRE": 0.7872586300793047,
  "Runs": [
    {},
    {},
    {},
    {},
    {},
    {},
    {},
    {},
    {},
    {},
    {},
    {},
    {},
    {},
    {},
    {},
    {},
    {},
    {},
    {},
    {},
    {},
    {},
    {},
    {},
    {},
    {},
    {},
    {},
    {}
  ]
}