{
  "Metrics": {
    "MAE": [
      75689.57894371914,
      75715.62788453915,
      86938.22445417983,
      85179.97365407248,
      71161.93671320834,
      81375.7092235315,
      69008.98169325713,
      83721.8011899177,
      64616.03503063992,
      91447.86069858058,
      70816.16949780399,
      89809.79387193636,
      69456.06353945508,
      102324.85531108482,
      77250.65553731364,
      108699.00017894078,
      76241.14225464595,
      69131.95547257825,
      86621.3945684041,
      73397.01639686608,
      79866.971885069,
      67875.59712375459,
      67396.4765853623,
      70253.04816635784,
      83359.0169273427,
      77638.28644656918,
      102901.41925882855,
      84594.90162730578,
      82977.360624223,
      89586.41959672979
    ],
    "MRE": [
      80.37242834036056,
      59.266579796494746,
      58.80304490694105,
      64.46794949956855,
      54.67428184634437,
      70.09887146968566,
      41.7281429846655,
      64.20172095761816,
      47.37861390757208,
      49.66253657977303,
      58.17398155025708,
      48.58921883867225,
      55.09527758287125,
      70.52899284498217,
      48.18439193555476,
      101.39191713893807,
      83.42913915020577,
      58.532263270853655,
      90.47852112499653,
      48.67867707131007,
      46.23394620906077,
      64.09249567518125,
      40.581014882513934,
      55.45974239891282,
      78.7448825979188,
      77.95321666424387,
      71.21906203427461,
      56.455062962306904,
      62.65402819413196,
      45.92788663451313
    ],
    "MBRE": [
      -3.500248986814638,
      0.9682437886006742,
      -1.1804039083021456,
      -0.31982250948326574,
      -10.997037039586493,
      0.5458296652095567,
      0.8050566610857611,
      -4.556857527496976,
      0.20382263101764125,
      0.8591226422434896,
      0.7110109768499835,
      -0.7932582675173016,
      0.2188453345447094,
      1.1957050379983172,
      0.7956849546349379,
      1.1020537995537925,
      1.4328013666527817,
      -0.3875028672240294,
      1.15151155808843,
      0.6573040341684483,
      0.6962362713053184,
      0.9439246434438247,
      0.591505770990639,
      0.8449695728208821,
      0.7665123012846352,
      0.6376878143561425,
      1.0957488263470638,
      0.8461768384175554,
      0.745027073000729,
      0.744530656434841
    ],
    "MIBRE": [
      0.5075949945362412,
      0.4068360204092894,
      0.42802992186973016,
      0.3912780386072468,
      0.41227088127183126,
      0.488253267808228,
      0.3389995510936111,
      0.46440449830447694,
      0.37888553935305413,
      0.3405759008460376,
      0.44667944671222637,
      0.37636962911938016,
      0.46530507636013274,
      0.47972142241818927,
      0.3546658053012163,
      0.6653281714253698,
      0.5801088475878718,
      0.42994162915118533,
      0.5207346107351326,
      0.3652060641755325,
      0.34850238667889244,
      0.47244027925770904,
      0.30961005694397026,
      0.45325940086010047,
      0.5472362674446499,
      0.543626905480507,
      0.48777591544231186,
      0.39679855932469055,
      0.40012680477863855,
      0.34174101475750823
    ]
  },
  "Mean_MAE": 80501.77581187391,
  "Mean_MRE": 61.768596301690785,
  "Mean_MBRE": -0.10586062957915643,
  "Mean_MIBRE": 0.43807689693516527,
  "Median_MAE": 78752.62916581909,
  "Median_MRE": 58.66765408889735,
  "Median_MBRE": 0.7277708166424122,
  "Median_MIBRE": 0.42898577551045775,
  "Runs": [
    {},
    {},
    {},
    {},
    {},
    {},
    {},
    {},
    {},
    {},
    {},
    {},
    {},
    {},
    {},
    {},
    {},
    {},
    {},
    {},
    {},
    {},
    {},
    {},
    {},
    {},
    {},
    {},
    {},
    {}
  ]
}