{
  "Metrics": {
    "MAE": [
      112962.50206465533,
      116194.55116268792,
      126269.20898594665,
      115929.82464082418,
      102151.37488022505,
      127997.2396817805,
      119857.18512591506,
      96292.79359681725,
      128391.07756555406,
      117635.7314072968,
      101385.45599535185,
      121316.8641967637,
      104761.91130686956,
      105301.18245553592,
      103384.06469090896,
      100103.75810949686,
      117745.94560837327,
      102226.05898623027,
      111598.64151309407,
      102927.80151739428,
      111203.78578908212,
      100079.8451916191,
      100939.71310460035,
      119865.25760570077,
      115630.31864631982,
      104227.15141339198,
      99357.80449629357,
      88734.35798233682,
      113177.14559949745,
      121399.28584899826
    ],
    "MRE": [
      63.82752214027094,
      69.57507225674712,
      82.43193760669705,
      77.06672737606945,
      69.48156650297629,
      72.93623983772028,
      70.69589207800601,
      66.09482394465314,
      60.05230608526835,
      69.07877631500506,
      62.891457351553456,
      80.34457597620474,
      58.36889770301815,
      68.26860329303608,
      66.36883903104419,
      84.59776905613842,
      61.40421777911121,
      57.39327585976876,
      67.93739607794845,
      64.33999457044078,
      58.39745178123903,
      77.57170644100331,
      66.02663208318434,
      60.32311387486678,
      59.80636225494963,
      71.34449009250709,
      66.47305370833251,
      71.4775552887978,
      54.10614829027273,
      57.09083879596548
    ],
    "MBRE": [
      1.7924226864979977,
      2.8777569072325866,
      9.17172846533148,
      3.817142719181,
      4.1766590346954935,
      -4.884960474577282,
      3.3156141556716956,
      1.7293055114268963,
      22.41811059560584,
      1.1544964622780036,
      2.001111268510255,
      3.5615250316426015,
      1.3982527345565228,
      2.51437569608989,
      3.5018273354746734,
      -855.0772142150155,
      2.595817073006607,
      3.4406002737222243,
      0.7371967663741132,
      -2.2740585208252284,
      3.1554423812699834,
      46.295751858348716,
      6.944936853850558,
      6.14700127832493,
      3.226903902791743,
      0.6507515312551603,
      2.2673384911978083,
      6.478378160354497,
      2.488810349454628,
      2.5318544771878133
    ],
    "MIBRE": [
      0.6229137633402466,
      0.6912247937973929,
      0.8172778164606135,
      0.7486543782622975,
      0.6790806550435927,
      0.7197647327744753,
      0.6949354814471965,
      0.6416020865036319,
      0.5930283690942104,
      0.6708080743798529,
      0.6164439645177987,
      0.7499747014979269,
      0.5742749793307033,
      0.6637201524115518,
      0.6481684471275014,
      0.7981530623468963,
      0.5596216823379248,
      0.5679727240880346,
      0.664891802153716,
      0.628112499754142,
      0.562303799856994,
      0.7692163037278497,
      0.6433288457436758,
      0.6028430960960585,
      0.5945330253944021,
      0.7083886671900048,
      0.6094901619731357,
      0.6584863897502745,
      0.5327178287975828,
      0.5663081418851713
    ]
  },
  "Mean_MAE": 110301.59463898539,
  "Mean_MRE": 67.19244144842656,
  "Mean_MBRE": -23.728170706969472,
  "Mean_MIBRE": 0.6532746809028284,
  "Median_MAE": 111401.2136510881,
  "Median_MRE": 66.42094636968835,
  "Median_MBRE": 2.7367869901195965,
  "Median_MIBRE": 0.6457486464355886,
  "Runs": [
    {},
    {},
    {},
    {},
    {},
    {},
    {},
    {},
    {},
    {},
    {},
    {},
    {},
    {},
    {},
    {},
    {},
    {},
    {},
    {},
    {},
    {},
    {},
    {},
    {},
    {},
    {},
    {},
    {},
    {}
  ]
}