{
  "Metrics": {
    "MAE": [
      6523.6658916346505,
      5287.592181312662,
      6177.011264159891,
      2644.09253930097,
      6659.842479443945,
      6090.569908116921,
      3589.988266683344,
      4790.265704056156,
      4043.0395740162207,
      2920.2126057721102,
      3098.044076388474,
      3373.464046958667,
      4320.305951426786,
      3385.6437009887354,
      2866.0457379271056,
      4785.650084985673,
      7278.092895131176,
      7690.035970445423,
      2367.70595542598,
      8360.067468583778,
      3105.1909233674437,
      6158.672207248601,
      6041.708664936588,
      9913.655719847295,
      7279.384354493728,
      5947.892676889959,
      5605.596627803072,
      4161.614192865121,
      2527.6708717944416,
      7199.198309197726
    ],
    "MRE": [
      4.447432726219135,
      4.5371675991016875,
      4.374430471619154,
      4.246950317623774,
      4.603931707907695,
      3.571154384176414,
      3.5242255927748727,
      4.264123841037432,
      3.6827929331046927,
      3.691057481483216,
      3.3948150158805,
      3.8248383072679526,
      4.309814367263152,
      5.006960304640325,
      3.4870243203196103,
      4.099891251541889,
      5.133927128261942,
      4.695822990033847,
      3.4549527705030614,
      4.894808099854668,
      3.5220600495175782,
      3.345433691477747,
      4.292422548733513,
      5.181498653433776,
      4.585133168678953,
      4.515916078390195,
      4.016569691672567,
      3.903501854645296,
      3.4688134667170827,
      4.918747157228666
    ],
    "MBRE": [
      0.04774572728578207,
      0.04804080005870961,
      0.04537587806091579,
      0.04369802670222074,
      0.04762161322868468,
      0.038258202113406775,
      0.038954238636856625,
      0.044889211573904096,
      0.03963901556276355,
      0.04260210918452518,
      0.04051769320076253,
      0.041125299966990464,
      0.051254835335642596,
      0.05180597218723711,
      0.035862468156661324,
      0.04325224892562041,
      0.05242133810997132,
      0.04854141691582145,
      0.040183881226536995,
      0.051414567748974724,
      0.03636083878059395,
      0.04031096847164992,
      0.04795778967607648,
      0.05491038639727563,
      0.048869039992173346,
      0.05556402735724568,
      0.04283319465374895,
      0.040852327860183224,
      0.03630258438190439,
      0.054713262412444966
    ],
    "MIBRE": [
      0.040165771266391516,
      0.03999279527761944,
      0.03675523097625244,
      0.03573568298733703,
      0.0377602816407974,
      0.032904169054107014,
      0.03316885237277693,
      0.03455600170939709,
      0.034013129705384226,
      0.034565484812793056,
      0.032916717437616996,
      0.03586518456971728,
      0.04017739353382136,
      0.037905302857705776,
      0.032453957148146334,
      0.03586350289643937,
      0.035637353642562854,
      0.03926754959928942,
      0.032673829768015,
      0.04095478471995331,
      0.03173815651779736,
      0.032102279881563014,
      0.039532234311813616,
      0.0429498933615165,
      0.03958959316901281,
      0.042080457079967055,
      0.03624068861719098,
      0.03486921300440594,
      0.0326023842492508,
      0.03689153077675674
    ]
  },
  "Mean_MAE": 5139.730695040088,
  "Mean_MRE": 4.166540599037012,
  "Mean_MBRE": 0.045062632138842824,
  "Mean_MIBRE": 0.03639764689817996,
  "Median_MAE": 5038.92894268441,
  "Median_MRE": 4.255537079330603,
  "Median_MBRE": 0.044293619138062415,
  "Median_MIBRE": 0.03586434373307833,
  "Runs": [
    {},
    {},
    {},
    {},
    {},
    {},
    {},
    {},
    {},
    {},
    {},
    {},
    {},
    {},
    {},
    {},
    {},
    {},
    {},
    {},
    {},
    {},
    {},
    {},
    {},
    {},
    {},
    {},
    {},
    {}
  ]
}