{
  "Metrics": {
    "MAE": [
      120073.65182576611,
      121429.95808648648,
      123516.89743896105,
      119062.7907648036,
      125057.46365243978,
      122686.54051385622,
      123981.9718649331,
      123106.0114294595,
      122188.36655608045,
      123558.95474450644,
      120162.0686151897,
      122787.13695904262,
      122096.01022197372,
      122601.96662012367,
      121254.10556201912,
      121959.76753150803,
      124118.91440563693,
      122286.78651880856,
      117816.87235659358,
      120788.67375841975,
      121445.91307300702,
      120732.04628496098,
      120184.05909488721,
      123079.81068405806,
      121771.89997868758,
      122403.03662712374,
      118950.24474524212,
      124801.46580265109,
      120437.25602432164,
      127414.84884400041
    ],
    "MRE": [
      48.47813743155296,
      53.96633045790244,
      51.68829984867715,
      56.57886343994927,
      53.24815937898527,
      52.66083187481452,
      50.992428640903384,
      52.53998405963549,
      52.091591102953785,
      48.25922895755711,
      54.91669807529016,
      54.016138386997405,
      54.7133100369568,
      55.10838195967671,
      55.02286694806229,
      50.691303107010555,
      53.99252826815912,
      52.702120930640184,
      52.3877720003633,
      51.95470161372319,
      52.42310234641777,
      59.18447439683329,
      54.044349469067235,
      51.054042894066555,
      50.68794348260216,
      52.276685491222416,
      57.27656493420772,
      51.619656356933916,
      53.353582626701446,
      48.23405095120139
    ],
    "MBRE": [
      4.506089419822427,
      4.330815993493476,
      4.523478533262322,
      4.1243926992221684,
      4.522480529249537,
      4.450236451196218,
      4.602982014018289,
      4.465235907130023,
      4.42066269050222,
      4.69887735813352,
      4.26382862979985,
      4.374832996709161,
      4.291150095240529,
      4.351735195661996,
      4.311602859097453,
      4.470676641984508,
      4.449137675642384,
      4.44674112110212,
      4.240515414469484,
      4.39944103401768,
      4.4203904449363955,
      4.085603160012582,
      4.283038355995587,
      4.531138549854639,
      4.512331409113268,
      4.441495024800069,
      4.117761266024203,
      4.633525457807988,
      4.314283903710535,
      4.903149632832108
    ],
    "MIBRE": [
      0.4236044176104896,
      0.4416180957078869,
      0.43514564629121916,
      0.4482731857684007,
      0.44062459258594217,
      0.4372138531816931,
      0.43332495720222414,
      0.43754799261412586,
      0.4339930115195261,
      0.4243810217736769,
      0.4451041029988218,
      0.44192546869564053,
      0.4436117945425851,
      0.44664379820823613,
      0.4459845576009864,
      0.43110348974443513,
      0.4412531347941432,
      0.4385799312766036,
      0.43379633890862745,
      0.4350137648236451,
      0.4378374026134593,
      0.45492962612464033,
      0.4413482285575296,
      0.43325323799198256,
      0.4312771525335311,
      0.43663229599665965,
      0.44992642820287415,
      0.43665086340404874,
      0.43942279017694696,
      0.4253518574759099
    ]
  },
  "Mean_MAE": 122058.5163528516,
  "Mean_MRE": 52.87213764896884,
  "Mean_MBRE": 4.416254348828091,
  "Mean_MIBRE": 0.43817910129754967,
  "Median_MAE": 122142.18838902708,
  "Median_MRE": 52.60040796722501,
  "Median_MBRE": 4.431078857651144,
  "Median_MIBRE": 0.4376926976137926,
  "Runs": [
    {},
    {},
    {},
    {},
    {},
    {},
    {},
    {},
    {},
    {},
    {},
    {},
    {},
    {},
    {},
    {},
    {},
    {},
    {},
    {},
    {},
    {},
    {},
    {},
    {},
    {},
    {},
    {},
    {},
    {}
  ]
}