{
  "Metrics": {
    "MAE": [
      121461.88199795337,
      121098.04015018858,
      125959.42442028574,
      119490.91426852751,
      124978.72840724152,
      123373.58371922372,
      123278.14728304518,
      122743.03869709281,
      123029.96480929852,
      122663.25022636923,
      120584.4457328386,
      123666.10023264252,
      122173.11830438518,
      121360.86483681135,
      121754.54195380652,
      121971.47181597691,
      122307.88773272556,
      123441.56457981789,
      118502.67199406259,
      122310.4727549601,
      123384.07216393613,
      121100.60743890611,
      120381.72800262617,
      123254.85185311204,
      122022.64225920316,
      123752.68638559844,
      118176.26396372463,
      124921.3361271526,
      121606.8283660186,
      127768.4846198004
    ],
    "MRE": [
      55.363301712520716,
      48.14328710239691,
      64.88279092888395,
      55.94447837409041,
      51.16093788430879,
      56.178631027457484,
      44.19300631272496,
      57.68970359467437,
      65.89625515657363,
      45.34019081737083,
      60.398895863990774,
      55.09740239150206,
      57.737994130991325,
      54.11420808348356,
      60.30476502390185,
      54.470620764595864,
      44.818681699675146,
      59.00901912024147,
      63.9526253077931,
      59.220687311815745,
      63.98397783758476,
      57.572121915750365,
      59.11719211984089,
      52.68891082105126,
      54.41070337290673,
      58.545284078575555,
      61.57714673682548,
      54.71199138535614,
      57.938837713133495,
      48.37187578815582
    ],
    "MBRE": [
      4.895709317817177,
      4.731372247307194,
      5.119521504111159,
      4.431717014590795,
      4.580614302650176,
      4.824074443054147,
      4.628980565513172,
      4.005568823210676,
      3.9487052465264205,
      4.211079556637351,
      4.1814056933168935,
      4.8340244819301965,
      4.132965853733261,
      3.785418806432228,
      4.199911727861961,
      4.262435982381124,
      3.9531033116302146,
      4.40181429984472,
      3.985906882022784,
      4.844840740822076,
      5.028240499553818,
      4.400106087941423,
      4.0979250855857,
      4.438754563534097,
      4.228140931509768,
      4.8497203540586815,
      3.522117253211192,
      4.48672388423936,
      4.73465507054061,
      5.147886990227492
    ],
    "MIBRE": [
      0.45370526187355514,
      0.416807072971998,
      0.4861755413599846,
      0.4454294303727694,
      0.4342837714142069,
      0.44767434007325074,
      0.40178056106444027,
      0.45080941205677183,
      0.4770559219607662,
      0.40571507667825674,
      0.46081683556645614,
      0.4453764173128313,
      0.4489150857600195,
      0.4368554002343701,
      0.46210999836815975,
      0.44430496736699476,
      0.39726474394808586,
      0.4711541431048384,
      0.4658155507031449,
      0.4601704103460333,
      0.4773857704413644,
      0.4516324401537756,
      0.4533986526068823,
      0.4416272028389617,
      0.4445068028148549,
      0.4582904247539855,
      0.4577671185797217,
      0.44778187409798953,
      0.45393795875873055,
      0.4269356271360458
    ]
  },
  "Mean_MAE": 122417.32050324441,
  "Mean_MRE": 56.094517479272454,
  "Mean_MBRE": 4.429781384059863,
  "Mean_MIBRE": 0.44751612715730826,
  "Median_MAE": 122309.18024384283,
  "Median_MRE": 56.87537647160393,
  "Median_MBRE": 4.416765657217757,
  "Median_MIBRE": 0.44986224890839566,
  "Runs": [
    {},
    {},
    {},
    {},
    {},
    {},
    {},
    {},
    {},
    {},
    {},
    {},
    {},
    {},
    {},
    {},
    {},
    {},
    {},
    {},
    {},
    {},
    {},
    {},
    {},
    {},
    {},
    {},
    {},
    {}
  ]
}