{
  "Metrics": {
    "MAE": [
      6.345740684105296,
      7.291328961389704,
      7.321584186634848,
      7.617798296369213,
      3.406467455497526,
      5.095547888395095,
      6.324183420260315,
      8.355870570076304,
      4.412546164244926,
      6.793688292292608,
      6.973512717345546,
      6.550290722171593,
      6.3240125543004035,
      6.199621491342583,
      6.965954250296846,
      6.112781197777875,
      6.248000481034592,
      7.713383691157184,
      6.244819441493835,
      7.0012253154943895,
      6.567935949829868,
      6.229975503620895,
      5.454142433963416,
      7.611788245836821,
      6.759989684354258,
      7.809040129375067,
      5.375603568205047,
      4.878822890337134,
      5.994489449973849,
      8.094182197908161
    ],
    "MRE": [
      196.98308533783086,
      436.19702075313745,
      502.4932097268092,
      401.5190512080082,
      54.69934375796619,
      214.68951552362253,
      369.25539838031557,
      620.7258286874043,
      58.805818192136826,
      345.81399851937147,
      354.68703296165637,
      275.0296011219189,
      240.21658635076534,
      309.24911573323214,
      221.16489347872582,
      333.8487213640704,
      222.48368805668056,
      414.31828727270334,
      287.89623495760736,
      392.3275560778814,
      441.3330944865324,
      259.41647666180614,
      141.98435010402534,
      376.04831705764315,
      311.0087226766645,
      352.6579882921179,
      95.04050326425975,
      169.28429047085464,
      235.89706418680439,
      560.9497895398567
    ],
    "MBRE": [
      3.176575610048414,
      4.7813468473218,
      5.160792465916001,
      4.593235700574197,
      0.6523906803639994,
      2.295000588028946,
      3.9116177932685887,
      6.547006639281708,
      0.8541168903812446,
      3.915166226418383,
      3.8054805943108114,
      3.1933731945447597,
      3.128040959960179,
      3.331243493013356,
      4.019769519420917,
      3.592321794346219,
      2.941338560337897,
      4.715952409074759,
      3.138933797111513,
      4.310190154551541,
      4.59927263929205,
      3.0321516884643422,
      1.7908819475036273,
      4.597870366677289,
      3.5647469337263065,
      5.049149326294126,
      1.270546149458407,
      1.8402285496453925,
      2.621035854302352,
      5.897649325246798
    ],
    "MIBRE": [
      0.5830177539938174,
      0.6277957099101232,
      0.591452605750104,
      0.6570405666308071,
      0.28522719568529187,
      0.48360375508131337,
      0.5866498666717854,
      0.6434358661061143,
      0.37754112260314954,
      0.6031600981429428,
      0.6116923496187104,
      0.5808745371716487,
      0.5757836493691362,
      0.5767686868006119,
      0.6146395149209484,
      0.5512215545799922,
      0.555518499622443,
      0.6685457358260336,
      0.5554592799005492,
      0.627841062764052,
      0.5805041265896129,
      0.5503496650317087,
      0.4996504631980643,
      0.6494939118683009,
      0.5988503211612545,
      0.6688179529756675,
      0.4391168763673677,
      0.458651550321218,
      0.5461071756597582,
      0.6506263553739159
    ]
  },
  "Mean_MAE": 6.4691442611695065,
  "Mean_MRE": 306.5341528067469,
  "Mean_MBRE": 3.5442475566295313,
  "Mean_MIBRE": 0.5666479269898814,
  "Median_MAE": 6.448015703138445,
  "Median_MRE": 310.1289192049483,
  "Median_MBRE": 3.578534364036263,
  "Median_MIBRE": 0.581946145582733,
  "Runs": [
    {},
    {},
    {},
    {},
    {},
    {},
    {},
    {},
    {},
    {},
    {},
    {},
    {},
    {},
    {},
    {},
    {},
    {},
    {},
    {},
    {},
    {},
    {},
    {},
    {},
    {},
    {},
    {},
    {},
    {}
  ]
}