{
  "Metrics": {
    "MAE": [
      5.063768808061621,
      4.200150309858433,
      3.840651824694309,
      4.257494771112695,
      3.9871187663620504,
      4.479480624068118,
      4.043902547357907,
      4.793583553974323,
      4.331197643690462,
      4.380976365304157,
      4.411999282098692,
      4.852257240934564,
      4.3863135563809275,
      4.3442988276708805,
      4.7332662898465845,
      4.667638285681169,
      4.44251004094529,
      3.8787617076550327,
      4.28814654359018,
      4.1376905190669655,
      4.433238843526825,
      4.531639080896279,
      4.597538427089031,
      4.878109606390002,
      4.068579438074729,
      4.480403759691854,
      4.917048450225929,
      3.847963612949156,
      4.433509382130079,
      4.278427811993432
    ],
    "MRE": [
      243.05587849407715,
      246.69288310685994,
      267.489526542045,
      240.54271434457576,
      237.2806318104284,
      316.72786064973695,
      298.38866319524107,
      356.49585158509996,
      247.28036335959072,
      270.08008141340645,
      261.9123508619936,
      188.5743088487437,
      154.55258845822868,
      302.302760261843,
      173.13253842333492,
      286.94418410827944,
      218.7719601247133,
      226.85602149462602,
      339.4232461517639,
      289.0734999824321,
      298.909023723294,
      215.02171307886638,
      277.91009034816443,
      240.08991323487243,
      225.58974897049083,
      272.54934347422153,
      215.09507956769167,
      251.68118993869862,
      257.3761709936472,
      244.60735554693645
    ],
    "MBRE": [
      1.5289044698246799,
      1.3299766714527255,
      1.217932299976314,
      0.6357506493429435,
      1.7010134573514732,
      1.4074532392527603,
      1.2329969482881769,
      1.960812192568437,
      0.9450756154429014,
      2.2874256119857908,
      1.9303419268372843,
      0.24776869300863086,
      0.32291071500317153,
      2.532908613741061,
      0.44647810348913985,
      1.813470811285787,
      1.4396473043648486,
      0.5295732542610503,
      0.8617250379100673,
      2.2438592510069912,
      2.2299558499282837,
      1.3935771246358146,
      0.9042336292058704,
      1.5909649081069897,
      0.7379548632650483,
      0.9892553364589441,
      1.79039116540679,
      1.2622282527367938,
      1.7601492633974816,
      1.3867485727834674
    ],
    "MIBRE": [
      1.101210127204871,
      1.3723600753479765,
      1.4145125608649243,
      1.6145950731191518,
      0.832629902952191,
      1.9528053915559007,
      1.8202209642704767,
      1.701270465015879,
      1.7394121596308023,
      0.7208899414363128,
      0.8828965635599576,
      0.7201789844588539,
      0.8610706740427257,
      0.9816430602863062,
      0.8553351519737178,
      1.3716510517994795,
      0.9783787646559325,
      1.698384293874698,
      2.478639825802307,
      1.951106451597183,
      0.9968643639060467,
      0.8606367794192578,
      1.8733130477031896,
      1.1090883496954396,
      1.4146571919678628,
      1.824280172901589,
      0.799472471913654,
      0.9760731250126035,
      1.0955498671543262,
      1.523744806774851
    ]
  },
  "Mean_MAE": 4.399588864044057,
  "Mean_MRE": 255.48025140313013,
  "Mean_MBRE": 1.3553827944106573,
  "Mean_MIBRE": 1.3174290553299488,
  "Median_MAE": 4.39915641923981,
  "Median_MRE": 249.48077664914467,
  "Median_MBRE": 1.390162848709641,
  "Median_MIBRE": 1.2403697007474594,
  "Runs": [
    {},
    {},
    {},
    {},
    {},
    {},
    {},
    {},
    {},
    {},
    {},
    {},
    {},
    {},
    {},
    {},
    {},
    {},
    {},
    {},
    {},
    {},
    {},
    {},
    {},
    {},
    {},
    {},
    {},
    {}
  ]
}