{
  "Metrics": {
    "MAE": [
      6.335569755068414,
      7.2617864047425735,
      7.294327389732086,
      7.591656368017786,
      3.653746173441611,
      5.204317949844123,
      6.251379702278103,
      8.415239020138952,
      4.449464899155754,
      7.197533408610135,
      6.982743556425184,
      6.647330532610973,
      6.495308856782629,
      6.2566233297790665,
      6.9560058617870215,
      6.129492426071672,
      6.268435951705359,
      7.7165146482891425,
      6.195760710780883,
      7.108938140692705,
      6.4753051405297155,
      6.339962672859821,
      5.547575284520932,
      7.781101559705183,
      6.761390994803549,
      7.8324260018111,
      5.431325615516119,
      5.354702779127034,
      5.82512418094206,
      8.08852013450128
    ],
    "MRE": [
      194.98560434949468,
      434.51266949061875,
      498.9436791279486,
      402.58929221510317,
      63.94215197079565,
      229.35603354955452,
      354.02509440349166,
      635.3871314707293,
      66.8662213008065,
      407.85545198495277,
      356.6827863098777,
      279.5838413257838,
      259.88136049802813,
      306.9192890760193,
      212.83512997440317,
      330.0316903374958,
      224.92349354169033,
      405.8187351718003,
      281.5453940102745,
      398.35493038364353,
      419.74508906406027,
      261.6106395588587,
      150.47672794007048,
      405.14410719405686,
      298.70000847529553,
      361.39343702176404,
      104.62034571367028,
      225.4790645586029,
      219.66341301026318,
      559.9640030323097
    ],
    "MBRE": [
      3.1615805163920387,
      4.7544627494739355,
      5.127535605996334,
      4.606052435291239,
      0.7481533703265268,
      2.442370592205102,
      3.7663583468769275,
      6.660014781943899,
      0.9323534905552368,
      4.5462641353153215,
      3.830764795207166,
      3.289763708829507,
      3.329243587678069,
      3.322457082593642,
      3.9751861518895306,
      3.5623196439107927,
      2.967100404522125,
      4.713961791155146,
      3.0821510251862163,
      4.423365002468009,
      4.399995427016786,
      3.092897517944565,
      1.901055200748876,
      4.868659113039435,
      3.493336441811771,
      5.133727142173798,
      1.3677058530209019,
      2.4063958900784472,
      2.4719412136145986,
      5.888604869287328
    ],
    "MIBRE": [
      0.5787699478137436,
      0.6260701228054434,
      0.5919196037608361,
      0.6531402885355742,
      0.29293079036575037,
      0.4866594317804318,
      0.5731518393193858,
      0.6380788277509715,
      0.3818712346280091,
      0.6085321316492894,
      0.6130700949009517,
      0.5814599923074322,
      0.5775017639994294,
      0.5734135903481334,
      0.6132033319485938,
      0.5477247453933531,
      0.5604392265150931,
      0.6691879995471534,
      0.5454026079204813,
      0.6282850876346692,
      0.5687292328906812,
      0.5480507836658218,
      0.5055893295184674,
      0.6578303984584333,
      0.5947060343894416,
      0.6662629267496087,
      0.43733005280565385,
      0.5015445505688007,
      0.5200900476758472,
      0.6506640383139306
    ]
  },
  "Mean_MAE": 6.52832031500903,
  "Mean_MRE": 311.7278938687155,
  "Mean_MBRE": 3.60885926288511,
  "Mean_MIBRE": 0.5663870017987137,
  "Median_MAE": 6.485306998656172,
  "Median_MRE": 302.8096487756574,
  "Median_MBRE": 3.527828042861282,
  "Median_MIBRE": 0.5781358559065866,
  "Runs": [
    {},
    {},
    {},
    {},
    {},
    {},
    {},
    {},
    {},
    {},
    {},
    {},
    {},
    {},
    {},
    {},
    {},
    {},
    {},
    {},
    {},
    {},
    {},
    {},
    {},
    {},
    {},
    {},
    {},
    {}
  ]
}