{
  "Metrics": {
    "MAE": [
      8.196935521731486,
      6.65292251120356,
      5.634645076333655,
      4.240767932252497,
      5.091700307228068,
      6.285194043734103,
      7.180513126753516,
      3.1509931812136074,
      4.902234442675035,
      5.807365686081588,
      5.638986726593112,
      5.208939996124953,
      2.8717094789139197,
      3.868010921292654,
      6.477713996995183,
      8.321519690379676,
      5.855354823477388,
      4.454785707228756,
      4.675342917714115,
      4.142438561274945,
      8.79649559718771,
      5.1617216807591975,
      3.8843021407513394,
      7.053226325696008,
      6.612930082424265,
      7.792948340308311,
      5.317229566874773,
      6.909385375894544,
      6.112201937360514,
      6.13420547491429
    ],
    "MRE": [
      434.4988348905455,
      392.27548334193466,
      341.74784528734017,
      88.37203912423234,
      212.17726912182903,
      224.84021425878166,
      572.635438530346,
      183.9462124483093,
      192.3814717624548,
      349.3191900593362,
      372.479009710992,
      236.00971668649592,
      65.41722465296624,
      206.04530028562067,
      227.88413359159168,
      612.3211682943403,
      183.5234961653473,
      129.33399163124577,
      100.89501559529224,
      211.60391760273902,
      729.1659285000762,
      216.43361265347377,
      139.03036546999292,
      418.3339667860638,
      372.5569117054274,
      450.36945255234116,
      197.8420034093701,
      472.4473157383054,
      218.3655992023459,
      408.63304464580096
    ],
    "MBRE": [
      6.5480590354574995,
      4.167529001445374,
      3.587998796711383,
      0.9319799855549712,
      2.197155422601162,
      2.4113432388276146,
      5.7881923386082965,
      1.8709028950980409,
      2.0663262747343354,
      3.5434919090392514,
      3.836224200531934,
      2.4842305450995275,
      0.7067760700438402,
      2.1391896421142684,
      2.8768666854144227,
      6.574733617476026,
      2.058389757259757,
      1.3972696752995795,
      1.112691273251856,
      2.173516055685603,
      7.534025149833681,
      2.2920780899079083,
      1.4120635299725945,
      4.771665957475768,
      3.9279549762115873,
      4.926807719833195,
      2.172987342420396,
      4.853729769503397,
      2.5203015633718153,
      4.229956272813159
    ],
    "MIBRE": [
      0.6643052834010006,
      0.560252984248062,
      0.5421443398878716,
      0.3687770916014738,
      0.44766617570917333,
      0.5351747092965624,
      0.6004061852449256,
      0.40542889464420184,
      0.4865013067487595,
      0.5167673206538899,
      0.49360721640500255,
      0.524434287281642,
      0.2884110712386316,
      0.44630997964883873,
      0.5774453758778402,
      0.6332718213600481,
      0.5145553410574526,
      0.4389285758820845,
      0.4032468527003234,
      0.4780896523205225,
      0.6126834714291716,
      0.48071992762041377,
      0.34897309955159256,
      0.6078354962691619,
      0.5817941668258441,
      0.6289034772947403,
      0.5311813916993119,
      0.5724986769920031,
      0.486332704220865,
      0.550039306044442
    ]
  },
  "Mean_MAE": 5.747757372379093,
  "Mean_MRE": 298.6961724568312,
  "Mean_MBRE": 3.2371478930532747,
  "Mean_MIBRE": 0.5108895394385284,
  "Median_MAE": 5.7231762063373495,
  "Median_MRE": 226.36217392518665,
  "Median_MBRE": 2.5022660542356716,
  "Median_MIBRE": 0.5206008039677659,
  "Runs": [
    {},
    {},
    {},
    {},
    {},
    {},
    {},
    {},
    {},
    {},
    {},
    {},
    {},
    {},
    {},
    {},
    {},
    {},
    {},
    {},
    {},
    {},
    {},
    {},
    {},
    {},
    {},
    {},
    {},
    {}
  ]
}