{
  "Metrics": {
    "MAE": [
      6.881739728570359,
      7.489712976968003,
      6.4636067730629705,
      6.790844944061864,
      7.209732683630429,
      5.213467508916681,
      7.510520439787479,
      6.592306607540646,
      5.513720972508545,
      6.815601914286329,
      6.017067428868301,
      5.4383235801990715,
      5.583341337011689,
      5.2070799942934345,
      6.373894538738829,
      5.069913175329104,
      6.42598773780133,
      6.567967038546736,
      7.957652473808961,
      6.797901662969873,
      7.086567400834956,
      7.791330972884876,
      6.645497356018526,
      6.773632551211908,
      6.523016616765945,
      6.457550216541336,
      4.723227083571289,
      7.0940477286122725,
      7.101585949756666,
      7.008589969000684
    ],
    "MRE": [
      130.48134482930013,
      286.6972742239892,
      452.09703808755444,
      186.87227750754758,
      372.4262120892263,
      280.5131409208498,
      397.00973339508414,
      370.37612753599245,
      120.60767455479618,
      427.026559004578,
      252.66192763976042,
      161.32547914543954,
      188.8040790197644,
      100.8323632451658,
      155.17977680170537,
      132.58902123612856,
      216.11343601472504,
      250.4967774153497,
      344.6219382117714,
      284.4245072261948,
      425.97084632736636,
      295.95042195429204,
      237.22343352838942,
      191.77259853973376,
      154.91873909878103,
      215.21663133943417,
      193.0635701914818,
      330.2212083534563,
      236.85477416257496,
      387.31136404844773
    ],
    "MBRE": [
      3.045659915679852,
      4.075306310775743,
      4.586695543930202,
      3.3003733994482713,
      4.216134302566548,
      2.9500003063027638,
      4.245738758266788,
      3.791145891236326,
      1.6501388094619194,
      4.464168827046898,
      2.769766365567145,
      1.8646109816989087,
      2.182422612242678,
      1.3376206710878056,
      2.453096354787999,
      1.7298368653763954,
      2.7069456244896726,
      2.9012658422377906,
      5.024129458403819,
      3.29669645920781,
      4.583981600450101,
      4.8616177347528104,
      3.09450947709716,
      3.0872558621088837,
      2.6571148878195823,
      2.8018263229403524,
      2.0476550360389125,
      3.9799390833437305,
      3.5301836053217945,
      4.342550600435647
    ],
    "MIBRE": [
      0.5500685390442267,
      0.6786475413776446,
      0.599849162144699,
      0.613528484076736,
      0.6357646062099229,
      0.5649936953779506,
      0.6294547053491063,
      0.6111650391236428,
      0.5044120773672668,
      0.622574338299345,
      0.5823638363386637,
      0.5600500604861465,
      0.5365177732349015,
      0.44027754019937093,
      0.5817843176506925,
      0.4979276304891372,
      0.5766829582022593,
      0.5833170433479833,
      0.690469647584949,
      0.6418496924502542,
      0.6183505777298497,
      0.6733992006636572,
      0.6108616682259118,
      0.6060414795542429,
      0.5547236899501403,
      0.5927938841502329,
      0.5127434761527363,
      0.6268256600066607,
      0.6371990730049732,
      0.6127030862466653
    ]
  },
  "Mean_MAE": 6.504180978736637,
  "Mean_MRE": 259.3220091882961,
  "Mean_MBRE": 3.2526129170041447,
  "Mean_MIBRE": 0.5915780161346655,
  "Median_MAE": 6.618901981779587,
  "Median_MRE": 243.86010547186956,
  "Median_MBRE": 3.0908826696030216,
  "Median_MIBRE": 0.602945320849471,
  "Runs": [
    {},
    {},
    {},
    {},
    {},
    {},
    {},
    {},
    {},
    {},
    {},
    {},
    {},
    {},
    {},
    {},
    {},
    {},
    {},
    {},
    {},
    {},
    {},
    {},
    {},
    {},
    {},
    {},
    {},
    {}
  ]
}