{
  "Metrics": {
    "MAE": [
      8.066174243251618,
      7.00359709125921,
      6.981815224842543,
      4.103243744423663,
      5.5078478557568245,
      6.474733877521607,
      7.941059279841099,
      4.795707603976371,
      5.455994172540826,
      6.062614347589832,
      6.880977938129797,
      7.069000394056165,
      4.772242928000039,
      5.704700967579412,
      6.019140358639777,
      8.166840889748405,
      6.212310954619927,
      6.142037185460407,
      5.869179307574349,
      5.098621249905225,
      9.340575850125319,
      5.622527086597545,
      4.418326252488001,
      7.170581706207324,
      7.04468584055546,
      7.81141355541842,
      6.470329183981061,
      6.696838334383489,
      6.911051261125657,
      6.756092176913931
    ],
    "MRE": [
      390.6824908727152,
      433.7279196882327,
      476.527873382856,
      130.06635032366066,
      308.662111593223,
      304.69402111164425,
      631.3289124436972,
      271.22700584335394,
      234.53405815358445,
      358.4934228771936,
      458.4230275542697,
      348.1445021625887,
      178.83051771671919,
      382.96708046847374,
      226.50487176195918,
      560.5286888486387,
      222.25982199804724,
      253.1177990307673,
      236.0368045498151,
      267.1860910812168,
      783.711961129404,
      215.14745564736194,
      141.45436093393928,
      400.4944614290169,
      314.2792108866994,
      412.1103965734295,
      306.1490821458946,
      430.07734167202204,
      304.0099737976748,
      433.0235414490228
    ],
    "MBRE": [
      6.269269231679366,
      4.483964766385865,
      4.913875805733558,
      36.753576164601064,
      3.1465260111002817,
      3.3502075692972486,
      6.374011246323895,
      2.792743467183811,
      2.6123378841232516,
      3.577982111157924,
      4.478745644431315,
      3.835150715554216,
      1.6344865191128592,
      3.8652526588336817,
      2.615030632732149,
      6.077366001990657,
      2.4197800151905886,
      2.3000372101467152,
      2.1264081149698604,
      2.570615156572416,
      7.908481118510344,
      2.1989457038355438,
      1.3873104884868388,
      3.573764162226982,
      4.153215758909447,
      7.898715709254401,
      3.1495828521336717,
      4.328491897709498,
      3.564515053826983,
      4.484236228645002
    ],
    "MIBRE": [
      0.7168257959543749,
      0.6327316939126968,
      0.6234925586620081,
      0.6752414883266449,
      0.5637255218573894,
      0.6251237228413903,
      0.7181636966533166,
      0.5293529309875996,
      0.6544918506517686,
      0.5981839933842698,
      0.7100922583384984,
      0.6268941456853965,
      0.5430214813691022,
      0.581722440692746,
      0.5968328069043216,
      0.6539745337331616,
      0.713819724960386,
      0.858152860912422,
      0.7434923863619974,
      0.6285347685760561,
      0.6588344256660326,
      0.5699383330816591,
      0.545615059074624,
      0.6911542971867152,
      0.7339074853316289,
      0.6654069074221786,
      0.6155353969783897,
      0.6333391273663399,
      0.7314747615279945,
      0.6305835075025471
    ]
  },
  "Mean_MAE": 6.41900869541711,
  "Mean_MRE": 347.14670523757076,
  "Mean_MBRE": 4.961487530021982,
  "Mean_MIBRE": 0.6489886653967886,
  "Median_MAE": 6.4725315307513345,
  "Median_MRE": 311.4706612399612,
  "Median_MBRE": 3.575873136692453,
  "Median_MIBRE": 0.6330354106395184,
  "Runs": [
    {},
    {},
    {},
    {},
    {},
    {},
    {},
    {},
    {},
    {},
    {},
    {},
    {},
    {},
    {},
    {},
    {},
    {},
    {},
    {},
    {},
    {},
    {},
    {},
    {},
    {},
    {},
    {},
    {},
    {}
  ]
}