{
  "Metrics": {
    "MAE": [
      6.189424171775451,
      7.2357910481569405,
      8.276829431920277,
      6.2706339095342525,
      6.520112633108914,
      8.848201404597463,
      7.426058048299526,
      8.816729272947681,
      6.733930765515654,
      7.412625167790173,
      9.053748770029184,
      8.442567144102206,
      8.874454121384963,
      6.299750598245771,
      7.737831958617285,
      7.28558133315769,
      5.451747832769241,
      8.967291856538672,
      8.608712206173147,
      4.855125560445093,
      6.426433863875808,
      6.97593042175238,
      6.646500967947438,
      6.789442442473177,
      6.989358558891116,
      5.005383842183831,
      5.949378219909756,
      7.278666435292154,
      6.939736575423426,
      6.033569177339054
    ],
    "MRE": [
      373.55569513862736,
      425.14036234781065,
      651.137472286278,
      345.85341903157445,
      324.1696009767585,
      644.2678138850808,
      473.1415079412018,
      741.7011018431481,
      313.7342058401319,
      515.2680760654426,
      693.536600203186,
      586.0747329175424,
      693.4210810881225,
      402.10011397662424,
      502.85866264068517,
      480.19299618251523,
      274.6981568467836,
      680.6797976680623,
      653.5943189454728,
      307.09589118665605,
      396.542698362678,
      405.5180359169706,
      450.4004578779747,
      355.56649318814897,
      380.3856554815658,
      198.5686636113557,
      329.26357577372727,
      531.209946613495,
      436.0785274067509,
      403.8389538042246
    ],
    "MBRE": [
      3.8505443187315556,
      4.47492668647557,
      6.610134522419846,
      3.586318323845071,
      3.4156740637324945,
      6.772789725252872,
      4.853533270487639,
      7.53574742240087,
      3.455709062004368,
      5.292985643512647,
      7.188817197797675,
      6.191871070702803,
      7.1680812008599375,
      4.12716752587451,
      5.2566094092038345,
      5.0232901512347095,
      2.8513351874790396,
      7.080822400746127,
      6.725802249458341,
      3.1053131639126317,
      4.091505264683988,
      4.279028919226666,
      4.612267084384169,
      3.834983737556753,
      4.084279577234215,
      2.015283447414108,
      3.4115579939093257,
      5.452539332227399,
      4.541150923955446,
      4.101628992189927
    ],
    "MIBRE": [
      0.6086809408270688,
      0.667275269505779,
      0.6563989448125848,
      0.6082374817600146,
      0.6157359322935119,
      0.6887302266180455,
      0.671564053279308,
      0.6621614543312595,
      0.6364848629719594,
      0.6496653615711118,
      0.6893468563630282,
      0.6816385105446618,
      0.6753136185775414,
      0.6081470616259383,
      0.6619212434969063,
      0.6411435250360896,
      0.5881658199051534,
      0.6920335544523071,
      0.6799536150934581,
      0.5640472089020665,
      0.6309393594569469,
      0.6491979917008078,
      0.6237258261874088,
      0.6386278872463216,
      0.6480719255528551,
      0.5352724387718638,
      0.621137670563307,
      0.6315852779223219,
      0.6439407137245116,
      0.6233484358575787
    ]
  },
  "Mean_MAE": 7.144718258006591,
  "Mean_MRE": 465.65315383495323,
  "Mean_MBRE": 4.833056595630484,
  "Mean_MIBRE": 0.6397497689650572,
  "Median_MAE": 6.982644490321748,
  "Median_MRE": 430.6094448772808,
  "Median_MBRE": 4.508038805215508,
  "Median_MIBRE": 0.6425421193803006,
  "Runs": [
    {},
    {},
    {},
    {},
    {},
    {},
    {},
    {},
    {},
    {},
    {},
    {},
    {},
    {},
    {},
    {},
    {},
    {},
    {},
    {},
    {},
    {},
    {},
    {},
    {},
    {},
    {},
    {},
    {},
    {}
  ]
}