{
  "Metrics": {
    "MAE": [
      5.2485309431727,
      5.929963052036037,
      7.202838135405632,
      5.979468112850224,
      5.3700074682143,
      4.880248633674012,
      5.579190595053071,
      6.379589733843494,
      5.809451455018935,
      5.401281537655896,
      6.182139165505887,
      4.667248204762882,
      5.919364870790522,
      3.5123092181440736,
      6.729022992385297,
      4.927230706980761,
      4.576218203338596,
      5.803374634036884,
      5.744695262907402,
      4.673585346277276,
      4.744613460063901,
      5.893060982202507,
      6.063474663401557,
      6.006615476771542,
      6.366361435975473,
      5.174564706479393,
      4.132103854479551,
      7.9736917665045,
      6.042958570020979,
      5.747700580206517
    ],
    "MRE": [
      323.77522600552436,
      324.5159039077105,
      560.9458898802897,
      296.62722831315943,
      352.82473384125115,
      282.7902636574573,
      371.38792298250297,
      441.84867720748605,
      325.0287984012545,
      320.46776424475,
      431.069293320235,
      225.5841020417379,
      391.70833326471796,
      195.43468628434022,
      354.2290521163207,
      273.64293774737746,
      302.43721792187483,
      336.6286116492316,
      341.4519190663875,
      289.2678353845405,
      301.0439585125047,
      309.5780694052831,
      344.25704003326837,
      278.7497857201522,
      328.4657720521279,
      286.0130740986803,
      245.58038560484167,
      628.2008055305906,
      348.33164640675676,
      364.5081556597517
    ],
    "MBRE": [
      3.2092627511196765,
      3.1458458157973137,
      5.786348239607062,
      2.9183495229540277,
      9.323406131706331,
      1.2146394926348556,
      0.7372049152952828,
      4.050912280413448,
      2.9390423213495804,
      2.9670167094757747,
      4.276701860646757,
      1.8207699487748819,
      3.2103654434551556,
      1.410704648693106,
      -90.33393992421848,
      53.985394679309735,
      2.898370477128163,
      3.133987611222754,
      5.894739395803711,
      2.3172428347515828,
      2.0272712722281745,
      2.7977641671755524,
      3.121197633392114,
      2.323964253973425,
      3.2254626888177924,
      2.7236940159678364,
      2.216543341486647,
      6.267516845759633,
      2.8787769417900075,
      3.4219777658928665
    ],
    "MIBRE": [
      0.6788237939279277,
      0.6504015370133018,
      0.6985322010380863,
      0.7605432090930837,
      0.636381475410696,
      0.8476363780892603,
      0.7269481702665618,
      0.8867300792563024,
      0.8374896682633615,
      0.7780488156608544,
      0.6479153572058446,
      0.8166685634860343,
      0.6977513069571992,
      0.7227554568216387,
      0.8355100425994709,
      0.8307607582048483,
      0.6200496541994603,
      0.786688020546022,
      0.780364116147006,
      0.5974573420306358,
      0.6408460949709115,
      0.6632226267426248,
      0.8488648766882197,
      0.8343933928163775,
      0.7643094165506112,
      1.002106814978269,
      0.7783947204026163,
      0.7304718910442004,
      0.9166610106255034,
      0.791233637806284
    ]
  },
  "Mean_MAE": 5.622030125605326,
  "Mean_MRE": 339.21316967540366,
  "Mean_MBRE": 1.863684469413492,
  "Mean_MIBRE": 0.7602653476281069,
  "Median_MAE": 5.7755376071217,
  "Median_MRE": 324.7723511544825,
  "Median_MBRE": 2.9530295154126778,
  "Median_MIBRE": 0.7711791161057329,
  "Runs": [
    {},
    {},
    {},
    {},
    {},
    {},
    {},
    {},
    {},
    {},
    {},
    {},
    {},
    {},
    {},
    {},
    {},
    {},
    {},
    {},
    {},
    {},
    {},
    {},
    {},
    {},
    {},
    {},
    {},
    {}
  ]
}