{
  "Metrics": {
    "MAE": [
      3.1928912730843226,
      3.311669747101034,
      3.6026643552829047,
      3.224098132775421,
      3.89991605636921,
      3.74771506553722,
      3.791086660554074,
      3.7898867292575433,
      3.8251185948362303,
      3.3945004266887606,
      3.969287283186767,
      4.005902348719301,
      2.9812469281661755,
      3.494178992313033,
      3.505381205807111,
      4.151606720339253,
      3.4498364817582043,
      3.6684551027195287,
      3.6227789091677898,
      3.7281115999454073,
      3.2960966644098435,
      3.731556154931976,
      4.193387282764134,
      3.8992931948204843,
      3.50260264192747,
      3.872611578089747,
      3.7807919141848436,
      3.40028029850215,
      3.138554911224524,
      3.3493399296463653
    ],
    "MRE": [
      241.83108137769258,
      187.0419309776187,
      301.24970654625656,
      198.94955086550178,
      268.4024035353492,
      309.97788186751853,
      302.7876635387757,
      317.9936754078439,
      253.72118788441807,
      276.2435198994133,
      341.3441752733454,
      275.7959765340856,
      219.6623998626273,
      269.85359732922143,
      297.64558433043993,
      254.93843787650044,
      259.0532092511526,
      298.0425581726266,
      296.12393315828945,
      276.9255234534913,
      249.44937141350206,
      261.52232724260995,
      393.8644045379324,
      245.43089471189816,
      231.01678575961375,
      238.7632029170714,
      245.0923938352887,
      238.01674393724534,
      229.11063722901903,
      233.29272553202412
    ],
    "MBRE": [
      0.8704319800208136,
      0.6223853635116736,
      1.1862442488693783,
      0.8235958466191937,
      2.1021944809367294,
      0.7353812466339106,
      0.7940475131234482,
      1.566081130032403,
      0.8942008561737029,
      0.877494042790663,
      1.0621998821963465,
      1.0793779395641427,
      0.6326225369726421,
      1.2286847824780003,
      0.3604292098618831,
      1.144972071705406,
      0.8463652230928939,
      0.6626989761893937,
      0.5774253924822578,
      1.5565048873923994,
      0.7407891803807972,
      0.926369412625594,
      1.71676921816033,
      0.8603734695265134,
      0.7337220483288167,
      0.7688615606321613,
      0.8405277239291925,
      1.188659500341794,
      0.521677849163057,
      0.8451373779267511
    ],
    "MIBRE": [
      1.7473728941185762,
      1.2815292637904172,
      1.958649681574678,
      1.1776814511665656,
      1.058496454859584,
      2.2970723676415683,
      2.1463609104705994,
      1.8287618951887241,
      1.8867609773755705,
      1.8911693347755834,
      2.3187346168452736,
      1.7443187925391872,
      1.4687180737190961,
      1.5938573363723834,
      2.476814264671344,
      1.5647537393723479,
      1.6383873505524338,
      2.4568378019300523,
      2.273941492578003,
      1.3849547292140905,
      1.842419977250021,
      1.8817760515567186,
      3.379684601053746,
      1.7117757322212326,
      1.5878532161226362,
      1.6198280294835767,
      1.4052856611996458,
      1.2055078411317284,
      1.60787895909776,
      1.6254057801313881
    ]
  },
  "Mean_MAE": 3.617361572803694,
  "Mean_MRE": 267.1047828086124,
  "Mean_MBRE": 0.9588741650554096,
  "Mean_MIBRE": 1.8020863092668182,
  "Median_MAE": 3.6456170059436594,
  "Median_MRE": 260.2877682468813,
  "Median_MBRE": 0.8533693463097036,
  "Median_MIBRE": 1.72804726238021,
  "Runs": [
    {},
    {},
    {},
    {},
    {},
    {},
    {},
    {},
    {},
    {},
    {},
    {},
    {},
    {},
    {},
    {},
    {},
    {},
    {},
    {},
    {},
    {},
    {},
    {},
    {},
    {},
    {},
    {},
    {},
    {}
  ]
}