{
  "Metrics": {
    "MAE": [
      0.1672875187265943,
      0.23849535754699897,
      0.0656220140369106,
      0.18820760508172565,
      0.24466877942872461,
      0.15965586560657816,
      0.1940963354092311,
      0.2044622892504622,
      0.6672042982680602,
      0.16257875216715567,
      0.20896295675825297,
      0.11165985212368021,
      0.14665381049433282,
      0.21709406489975222,
      0.1692065701705921,
      0.12225820074017955,
      0.22151233750634375,
      0.22983908781477727,
      0.2253274675882234,
      0.20294544878426415,
      0.2307935069671289,
      0.18619724346174965,
      0.6988746373657153,
      0.20490055860168818,
      0.9353709477084875,
      0.6320858012697615,
      0.18101607168887326,
      0.183946687187299,
      0.17542926835068323,
      0.1485282068410369
    ],
    "MRE": [
      10.01794338557719,
      14.278007546726426,
      6.660401354249651,
      9.884658837111742,
      14.616281990653365,
      9.192489338817813,
      8.279642249298837,
      13.894029871773183,
      16.769267781249063,
      12.557091881570576,
      8.054433405232825,
      10.60270655575791,
      9.763567263122734,
      13.448557849463318,
      8.952098428836655,
      8.009701350730596,
      13.002901097892805,
      12.856961987082926,
      12.708319034529294,
      10.597822077651307,
      11.964823549869031,
      9.878317953538419,
      16.104705418308807,
      6.271120073715551,
      13.266865049618854,
      13.45070153896048,
      13.602901821997865,
      9.558135943773998,
      11.16782022495027,
      8.592373412165042
    ],
    "MBRE": [
      0.14711456161724557,
      0.1810968356131333,
      0.08092614514959368,
      0.1159428395711063,
      0.17376860640881595,
      0.1009458238941215,
      0.12043692156773153,
      0.18614211917423318,
      0.18662302364883246,
      0.14253089528000532,
      0.08195181164251478,
      0.12499011162030418,
      0.1300606965307437,
      0.15818072373328695,
      0.0943173017262755,
      0.0841189428453094,
      0.16141273734912023,
      0.16652405487942473,
      0.1537232355757402,
      0.14755255812661164,
      0.18762225749562475,
      0.12587957643658365,
      0.21310086057367597,
      0.08157905307397562,
      0.19709563139686834,
      0.14037064906209146,
      0.1537067423343994,
      0.12055595860814933,
      0.14546851130563332,
      0.09964945208652562
    ],
    "MIBRE": [
      0.08533988815081658,
      0.11024217581537239,
      0.06006783380302991,
      0.0795792608055987,
      0.11770351967658155,
      0.06415015668112264,
      0.06923908243172854,
      0.10766182165283814,
      0.12014847682437213,
      0.07992715553102882,
      0.061974849547104034,
      0.0785275883939069,
      0.08741427531199002,
      0.0923003593970816,
      0.06030270188573935,
      0.05552561595429502,
      0.10626056150963935,
      0.10706094991033618,
      0.10509648201431021,
      0.07960691713560196,
      0.08677458470111815,
      0.07693734200640993,
      0.1348219373353348,
      0.0583355800971715,
      0.12142211281722291,
      0.09325795655949928,
      0.08708379943443659,
      0.08369140635129774,
      0.09647740628635594,
      0.073027429735555
    ]
  },
  "Mean_MAE": 0.2574960513948421,
  "Mean_MRE": 11.266821609140884,
  "Mean_MBRE": 0.14011295461092257,
  "Mean_MIBRE": 0.08799864092522985,
  "Median_MAE": 0.19852089209674761,
  "Median_MRE": 10.88526339035409,
  "Median_MBRE": 0.1439997032928193,
  "Median_MIBRE": 0.08605723642596737,
  "Runs": [
    {},
    {},
    {},
    {},
    {},
    {},
    {},
    {},
    {},
    {},
    {},
    {},
    {},
    {},
    {},
    {},
    {},
    {},
    {},
    {},
    {},
    {},
    {},
    {},
    {},
    {},
    {},
    {},
    {},
    {}
  ]
}