{
  "Metrics": {
    "MAE": [
      6.55639581594895,
      7.148234743178399,
      8.056540700144952,
      7.112912799566117,
      6.500120704745868,
      5.696025755384969,
      6.734669866135059,
      7.000668786761554,
      4.795902027219556,
      7.133263481242708,
      7.524324013576297,
      6.698907007556298,
      6.992099186855993,
      4.530321101113437,
      7.657459807383127,
      5.092076521043888,
      7.003477180809881,
      7.782489075465544,
      7.203320822639309,
      7.0292302890477085,
      6.419997520904415,
      8.14668468259377,
      6.769641244874536,
      6.799883812715312,
      7.1530174831378295,
      7.0321827848429574,
      5.246741299614649,
      8.462889008871558,
      7.5691250625962825,
      7.458402376716993
    ],
    "MRE": [
      350.79702001411897,
      376.2744324233258,
      600.9434339892894,
      405.77185136180987,
      386.9252594684809,
      284.7077349278226,
      347.1695288119844,
      448.8874417295109,
      108.6094123131588,
      440.2009296137561,
      493.1698225939902,
      387.3944633870837,
      443.7146165407153,
      141.20266466856256,
      465.20788248093857,
      157.0747198120456,
      420.0143501219919,
      521.4185615694657,
      443.470675869748,
      439.0234207214708,
      327.2671550721908,
      507.91248994995357,
      345.0252111933532,
      273.5224880992972,
      335.78030678715305,
      356.3063729191016,
      248.0960330288458,
      614.0915990334993,
      448.2723548636332,
      495.4265280793658
    ],
    "MBRE": [
      3.6726929898944745,
      4.1318576216988046,
      6.1425245873851155,
      4.338113661090717,
      3.986072123105151,
      2.992432671652898,
      3.632457267135385,
      4.586156681017241,
      1.278820230384763,
      4.590334546264374,
      5.202937142924278,
      4.120452614793762,
      4.603817026184997,
      1.5096602801409191,
      4.96498041799501,
      1.8003053036621173,
      4.4067045593212395,
      5.458550008397149,
      4.607590858569341,
      4.57170590394174,
      3.427698686235601,
      5.509365806078005,
      3.697961462489242,
      3.436668005804421,
      3.8324654826502114,
      3.8914906621085263,
      2.6351589236108754,
      6.40278375457962,
      4.737432702602157,
      5.176236082713417
    ],
    "MIBRE": [
      0.6232788152808829,
      0.6449298982023195,
      0.6630462233892207,
      0.6430882862842136,
      0.5762557926457278,
      0.6114294215131691,
      0.6253463778726358,
      0.6160538908065178,
      0.4440002856594382,
      0.6283998224384743,
      0.6502268061478521,
      0.6310546267566638,
      0.6324857738720367,
      0.4688564262319196,
      0.6735595255816604,
      0.5237132953265413,
      0.6272869887490303,
      0.6592844851394667,
      0.6402682859271793,
      0.6504499971399093,
      0.602593667798809,
      0.6818337765667438,
      0.6419817961010161,
      0.5838184319226584,
      0.6515002524296833,
      0.6370824266297564,
      0.5541051306770945,
      0.673424068184708,
      0.6584845082700759,
      0.645256511134494
    ]
  },
  "Mean_MAE": 6.843566832089597,
  "Mean_MRE": 387.12262538152214,
  "Mean_MBRE": 4.111514268814385,
  "Mean_MIBRE": 0.6187698531559965,
  "Median_MAE": 7.016353734928795,
  "Median_MRE": 396.5831573744468,
  "Median_MBRE": 4.234985641394761,
  "Median_MIBRE": 0.6347841002508966,
  "Runs": [
    {},
    {},
    {},
    {},
    {},
    {},
    {},
    {},
    {},
    {},
    {},
    {},
    {},
    {},
    {},
    {},
    {},
    {},
    {},
    {},
    {},
    {},
    {},
    {},
    {},
    {},
    {},
    {},
    {},
    {}
  ]
}