{
  "Metrics": {
    "MAE": [
      6.598878636464099,
      7.657283292790252,
      7.282810521117713,
      7.6755180580129725,
      8.242320808819684,
      5.1171246096806025,
      7.31162522758027,
      6.59930770955775,
      4.993175026585869,
      6.7990789751374265,
      6.462378995134953,
      5.784596727033177,
      5.645167504967234,
      5.816317010719255,
      7.3381331456163625,
      4.970966394777292,
      6.662979296592206,
      7.758193687216671,
      8.913244780760857,
      7.508807117365501,
      7.366246174138131,
      8.799486474930864,
      7.553141435243654,
      6.531215352483058,
      6.2182961121135545,
      6.968024974246642,
      4.501085261721724,
      8.064175218232583,
      7.800714723397043,
      7.822136184038512
    ],
    "MRE": [
      413.61687892399476,
      456.5449607989201,
      560.8388028141305,
      486.3245768962801,
      601.5360040167717,
      307.89166141769647,
      439.5813113027717,
      381.69607893721246,
      192.05035068749552,
      481.4195888486659,
      391.58686728558337,
      358.3248436049062,
      352.7851293351496,
      304.2229886695729,
      499.64391863265865,
      163.77759823911532,
      410.35104755132716,
      482.4954624996202,
      641.818458154365,
      504.807609870154,
      496.07476234589586,
      604.6910675400409,
      454.26500943785567,
      298.0050273091674,
      310.4595631383794,
      424.63572713674864,
      241.16539340682937,
      559.7967972177508,
      504.3250620555731,
      552.8359514224202
    ],
    "MBRE": [
      4.23348735176985,
      4.871394737346558,
      5.690165536326039,
      5.114187390858337,
      6.192803578038432,
      3.176061533314913,
      4.5659977454591685,
      3.876819109661914,
      2.0326215397398766,
      4.934825254609956,
      4.033754233283926,
      3.6671539945109735,
      3.597215639074511,
      3.1246870384815684,
      5.211185731503261,
      1.8363947646366727,
      4.233194252472402,
      5.011743654176373,
      6.710034534310919,
      5.179439359037064,
      5.166793897940903,
      6.528601251322584,
      4.792609236853346,
      3.3786611031967504,
      3.334591717704599,
      4.432259261875373,
      2.4631224079831004,
      5.821540220879493,
      5.313885459851555,
      5.7415812543228535
    ],
    "MIBRE": [
      0.6124444860126997,
      0.6530833940533707,
      0.6373926150694733,
      0.6688217122816387,
      0.6741787616569088,
      0.5821684603637628,
      0.6533045726694081,
      0.632255008691875,
      0.5468974387878661,
      0.6240612532018022,
      0.6285077255848479,
      0.6065301469010672,
      0.5902025784872522,
      0.5573463389979423,
      0.6514719230141247,
      0.5117457311727505,
      0.6272611428599859,
      0.6717222419733567,
      0.7039513476623853,
      0.6645082331180518,
      0.641708738357454,
      0.6938877547187177,
      0.6729825898016759,
      0.6161747958802694,
      0.610810335892751,
      0.6513270597166729,
      0.5553203613772262,
      0.6660760475662609,
      0.6671833009726226,
      0.6640934142941814
    ]
  },
  "Mean_MAE": 6.892080981215864,
  "Mean_MRE": 429.2522833165684,
  "Mean_MBRE": 4.475560426351442,
  "Mean_MIBRE": 0.6312473170379468,
  "Median_MAE": 7.125417747682178,
  "Median_MRE": 446.92316037031367,
  "Median_MBRE": 4.679303491156258,
  "Median_MIBRE": 0.6395506767134637,
  "Runs": [
    {},
    {},
    {},
    {},
    {},
    {},
    {},
    {},
    {},
    {},
    {},
    {},
    {},
    {},
    {},
    {},
    {},
    {},
    {},
    {},
    {},
    {},
    {},
    {},
    {},
    {},
    {},
    {},
    {},
    {}
  ]
}