{
  "Metrics": {
    "MAE": [
      4.038720670556125,
      4.193621597426683,
      4.338926988266276,
      4.180831614509087,
      4.871007905427378,
      4.300939935196438,
      4.159554704897571,
      4.607310381585319,
      4.431706061341783,
      4.110558915981792,
      4.417357653917902,
      4.556567239445953,
      4.0533318912848975,
      4.400011734258907,
      4.0997962521655635,
      4.956418237024631,
      4.317253722865643,
      4.1093005317975875,
      4.103629724341533,
      4.653601934266447,
      4.4480718686633685,
      4.656711875322517,
      3.963084718531674,
      4.503699398849939,
      4.4738247691909505,
      4.170346005128226,
      4.956783984583599,
      4.341936713762423,
      4.06086053225986,
      4.088581467981893
    ],
    "MRE": [
      212.241895922258,
      175.1746304675264,
      289.9421204911378,
      197.42148325035956,
      302.74349633886203,
      213.7721146599627,
      234.21675896160644,
      298.0890110227066,
      188.28874005392245,
      215.45775554156256,
      234.6178791327464,
      224.26157319016284,
      199.29074038107132,
      248.07505670634717,
      171.26041611830536,
      242.7865373163002,
      217.1987646995492,
      185.15510985663533,
      253.33284318404452,
      272.3832834128665,
      229.7467351612896,
      223.90652996397722,
      198.02515412432206,
      187.84172432426664,
      178.4305071025193,
      180.81367984498377,
      260.9016080077525,
      251.18476257656627,
      200.51229949322504,
      197.98649721179967
    ],
    "MBRE": [
      2.3713020009182917,
      1.6656405186877705,
      2.658491046424933,
      1.8897457585450206,
      3.0211964133794575,
      1.7868330169094289,
      1.9385369164510213,
      2.8844683520292294,
      1.749803064076198,
      2.003418161385561,
      2.7593978774820056,
      2.1731745258437805,
      2.0135724733287708,
      2.1745259058240074,
      2.4893894191621597,
      0.9525855469114549,
      1.8617926725179632,
      1.7174747865811975,
      2.2633023111224135,
      2.4024148365739015,
      2.2342796593634437,
      1.9694089605929908,
      -1.3240376184386737,
      1.7153822397469674,
      1.5198623321022495,
      1.804653084697959,
      2.5409819007466057,
      2.08685089878422,
      1.804351516822614,
      1.836700119162343
    ],
    "MIBRE": [
      0.5784266236131637,
      0.5256777681036059,
      0.740910663917795,
      0.5613034787471528,
      0.5396015138960079,
      0.6150959792073185,
      0.7224159040992041,
      0.5791023904001238,
      0.6780804149673918,
      0.5683731077806283,
      0.5648601056052182,
      0.5607536684120221,
      0.5757926626146753,
      0.6844247060939437,
      0.6920331510133118,
      0.5707865892015203,
      0.6204118784537509,
      0.7322635563500521,
      0.8041276305397766,
      0.6440915111682727,
      0.5482090054854915,
      0.6726477974429773,
      0.7803184347229483,
      0.6330536157972049,
      0.6333778155315529,
      0.5447953023857018,
      0.6138099296107575,
      0.5843687783570738,
      0.6430603631775992,
      0.6026420810733718
    ]
  },
  "Mean_MAE": 4.352144967694399,
  "Mean_MRE": 222.83532361728786,
  "Mean_MBRE": 1.9655166232578432,
  "Mean_MIBRE": 0.6271605475923205,
  "Median_MAE": 4.328090355565959,
  "Median_MRE": 216.32826012055588,
  "Median_MBRE": 1.9864135609892757,
  "Median_MIBRE": 0.614452954409038,
  "Runs": [
    {},
    {},
    {},
    {},
    {},
    {},
    {},
    {},
    {},
    {},
    {},
    {},
    {},
    {},
    {},
    {},
    {},
    {},
    {},
    {},
    {},
    {},
    {},
    {},
    {},
    {},
    {},
    {},
    {},
    {}
  ]
}