{
  "Metrics": {
    "MAE": [
      3.8726679003181803,
      4.1174411841474,
      4.210389336659791,
      4.045205154336562,
      4.73941258127445,
      4.227318239173385,
      4.040312876911674,
      4.452961691782466,
      4.284296823014144,
      3.9822799144585623,
      4.247918204640566,
      4.45856818790703,
      3.951213338688778,
      4.271687226809474,
      3.9723761045074006,
      4.874745251765517,
      4.0504583640985645,
      3.981209165872271,
      3.9328090338040274,
      4.554082854980098,
      4.2740282501396125,
      4.491152628881408,
      3.833044585365506,
      4.485601907347194,
      4.35856144778799,
      3.981728970624978,
      4.900709962976769,
      4.191399086831295,
      3.9486114674821824,
      4.03634737906104
    ],
    "MRE": [
      206.87834932522676,
      173.9971478746646,
      286.06470846331774,
      194.97828769452582,
      296.0253559862176,
      214.3828815920271,
      228.71661462882707,
      288.79465582982243,
      185.47464256732883,
      209.1680954751734,
      230.7092565368268,
      220.97185354321854,
      197.49706513884357,
      245.75736484853113,
      167.18062327815105,
      234.36550169600565,
      205.76369771537745,
      181.69015283261677,
      248.41750941112676,
      268.639587441162,
      221.37908674595707,
      221.1485051470516,
      199.33095824878922,
      190.91318458714974,
      175.66089109225928,
      173.47910820565284,
      259.125693705353,
      246.2600483856183,
      198.08376198649194,
      200.488206843748
    ],
    "MBRE": [
      2.0560439633687992,
      1.5941786643093356,
      4.081726884320543,
      1.7848065818140648,
      2.9319315943830078,
      2.21811479654451,
      2.0199147787799303,
      2.4978063838956976,
      1.3448499665072184,
      1.9088414998011904,
      2.285462570930455,
      2.125517386588364,
      1.720951043722904,
      2.1163363948187666,
      1.4129603599921956,
      1.9439848791208705,
      1.704203109505287,
      -1.6120843659454045,
      2.0797989275720514,
      2.3934924359079157,
      1.9955006710768115,
      2.6582345300287984,
      1.1218333665430478,
      1.7056153757166945,
      1.471211589620404,
      1.6418117219064392,
      2.4806442829175595,
      2.1343010789873373,
      1.5643234962179347,
      1.7872980099097169
    ],
    "MIBRE": [
      0.5913094024633693,
      0.5546355006191761,
      0.7629778839686915,
      0.5580847600500338,
      0.5508108903713351,
      0.632659673385629,
      0.7272718372896166,
      0.5848796073395063,
      0.6693706807503539,
      0.5850898789805342,
      0.5741914494809905,
      0.568018198526122,
      0.5797668208028254,
      0.6999182311517226,
      0.7038924000030268,
      0.5692953194458306,
      0.62930736013199,
      0.7301649649329393,
      0.8176561989928124,
      0.6542771971776694,
      0.5508355224203061,
      0.6791135730732663,
      0.7985095099272126,
      0.6473981855987934,
      0.6380294626217653,
      0.5398928345564585,
      0.6131334242094939,
      0.5853928157404309,
      0.6483235343583758,
      0.6285584573960835
    ]
  },
  "Mean_MAE": 4.22561797072161,
  "Mean_MRE": 219.04475989423545,
  "Mean_MBRE": 1.9056537326287482,
  "Mean_MIBRE": 0.6357588525255452,
  "Median_MAE": 4.200894211745543,
  "Median_MRE": 211.77548853360025,
  "Median_MBRE": 1.969742775098841,
  "Median_MIBRE": 0.6289329087640367,
  "Runs": [
    {},
    {},
    {},
    {},
    {},
    {},
    {},
    {},
    {},
    {},
    {},
    {},
    {},
    {},
    {},
    {},
    {},
    {},
    {},
    {},
    {},
    {},
    {},
    {},
    {},
    {},
    {},
    {},
    {},
    {}
  ]
}