{
  "Metrics": {
    "MAE": [
      4.3389974597717815,
      6.129250680562739,
      7.310828405311736,
      6.85927437021601,
      6.282622846734454,
      4.562724289740388,
      5.150433922820245,
      6.7620275103603245,
      5.923326939032622,
      5.192532864483527,
      5.451419658932216,
      5.2649051590643525,
      4.79133570250219,
      3.797357813842558,
      6.364832817727132,
      5.46371559368499,
      2.878706954887817,
      5.284771595111687,
      5.674632765894502,
      6.071380545667278,
      4.90203015557249,
      6.597334294427974,
      5.613400664299795,
      5.116893950119333,
      5.287502279704974,
      4.522066743960508,
      4.8968932686525735,
      7.641764009160327,
      6.390901685626538,
      5.425189971567046
    ],
    "MRE": [
      227.23762363018594,
      284.7214026775448,
      564.3530116168837,
      295.41051985875396,
      370.03999545546554,
      238.28384001741858,
      281.6876200819189,
      402.38776157633,
      259.105253354529,
      266.90136437592537,
      325.07481148376195,
      279.0826857832153,
      272.8294838080672,
      164.54241148805423,
      324.3151226634728,
      240.60013419518734,
      156.65324538305208,
      223.64824835050166,
      319.92251279567137,
      374.4944291497073,
      283.29927032966356,
      388.0039214405945,
      264.0123369004752,
      194.7680210357406,
      181.75340951842514,
      174.3493791427205,
      290.6238246073241,
      539.7412755354641,
      349.54724966023275,
      286.61347471641363
    ],
    "MBRE": [
      2.36440871132141,
      3.2355534719093413,
      5.758253600395911,
      3.783949968180916,
      3.8244481634488046,
      2.4508081424717223,
      2.6649058804258625,
      4.037335480296874,
      2.783632654758381,
      3.220434020446962,
      3.354898118420988,
      3.0209964480227813,
      2.7182702735248117,
      1.5701677634299127,
      3.8494095535935227,
      2.579448994917694,
      1.4659708636029254,
      2.1062773711204392,
      3.231887442344901,
      3.756207915807102,
      2.8505975703413116,
      4.096336394023455,
      2.9474570166221743,
      2.152254124213908,
      2.0900283803528397,
      1.7536935017605912,
      2.8581998106364552,
      5.583578566099473,
      4.24233265885863,
      2.924243952482742
    ],
    "MIBRE": [
      0.5257192697609696,
      0.5598098823480275,
      0.6336368919630716,
      0.6273864288006815,
      0.6017766142426351,
      0.5354318285085519,
      0.6168680393299952,
      0.6698642382738665,
      0.5927592772668043,
      0.5776019614714238,
      0.5733893684218024,
      0.5656507839213506,
      0.5568634008740192,
      0.49983183640860873,
      0.6117634223424173,
      0.5680506125694939,
      0.42134129219300687,
      0.5570841414991624,
      0.5696772418458065,
      0.5915246557473258,
      0.5541896402222561,
      0.6104490590680081,
      0.5648665102901729,
      0.5332913176378752,
      0.5352989066479712,
      0.506501238968239,
      0.5517063046426444,
      0.6390677973178819,
      0.6094461253166259,
      0.5715044863034668
    ]
  },
  "Mean_MAE": 5.5316351639813375,
  "Mean_MRE": 294.1334546877568,
  "Mean_MBRE": 3.1091995604610947,
  "Mean_MIBRE": 0.5710784191401388,
  "Median_MAE": 5.438304815249631,
  "Median_MRE": 282.4934452057912,
  "Median_MBRE": 2.935850484552458,
  "Median_MIBRE": 0.5688639272076501,
  "Runs": [
    {},
    {},
    {},
    {},
    {},
    {},
    {},
    {},
    {},
    {},
    {},
    {},
    {},
    {},
    {},
    {},
    {},
    {},
    {},
    {},
    {},
    {},
    {},
    {},
    {},
    {},
    {},
    {},
    {},
    {}
  ]
}