{
  "Metrics": {
    "MAE": [
      3.9176225222942893,
      4.190334884140988,
      4.286058518476038,
      4.226770881972745,
      4.922239482084293,
      4.280698249910005,
      4.133865323452885,
      4.590182974588853,
      4.422749149014888,
      4.165574530488621,
      4.337947601865308,
      4.585413857010541,
      4.040394922203403,
      4.388522404230946,
      4.085730962528195,
      5.00624723471296,
      4.25773693646845,
      4.128360346110567,
      4.104604191726331,
      4.655707158761859,
      4.400998365698338,
      4.693291204011875,
      4.0351751254297765,
      4.620626877940683,
      4.541047734443138,
      4.046724946273582,
      4.962564158203657,
      4.365870323118487,
      4.086800603089455,
      4.08225106840062
    ],
    "MRE": [
      201.47854783716238,
      171.22037523801538,
      286.76804661882295,
      202.71691568395198,
      305.54878587535256,
      218.604619924782,
      230.0719848581125,
      297.62857787023347,
      179.99485393304798,
      218.59348428318555,
      234.94011418092043,
      232.42085531187965,
      203.6590055700841,
      255.32322320272453,
      171.4704826915756,
      246.56930973564894,
      210.21100423881504,
      190.60943248654434,
      262.5066151065329,
      271.41883299260274,
      218.83090906634192,
      217.49134659081705,
      203.75727757059246,
      192.5269810665776,
      193.5381344646236,
      178.80870347373258,
      258.61946481329,
      249.45112329323786,
      206.13780905130469,
      204.70321275256003
    ],
    "MBRE": [
      1.2162014025012153,
      1.679820971644968,
      2.533236640797855,
      2.078305102778845,
      2.976362203174464,
      3.172238110209782,
      1.9059249987934543,
      2.8187573391120977,
      1.4625546208628029,
      1.9042328662685446,
      2.2405671401034697,
      2.225922745287774,
      1.881029591567784,
      2.3542220294245917,
      1.1951988328954808,
      2.442809067200731,
      2.1708590785830157,
      1.5760984992362332,
      2.5480723867699266,
      2.5233259178786045,
      1.981574294389132,
      1.9356598940110923,
      1.5877317102971233,
      1.7891183156180723,
      1.1904416633103423,
      1.6594284425583792,
      2.4883917784037344,
      2.429094735438098,
      2.0167840606811334,
      1.9303496273527683
    ],
    "MIBRE": [
      0.6050874657752878,
      0.519395907250932,
      0.7361534838511731,
      0.5521271049789025,
      0.5495917950527842,
      0.6239759992115467,
      0.713605197953259,
      0.5780871819440868,
      0.6801168359757341,
      0.5733501932665446,
      0.5543056567061024,
      0.5693428628219348,
      0.5675669918002556,
      0.7011025822734016,
      0.6948968543922224,
      0.5722056702799038,
      0.6353681920060631,
      0.7255400008392395,
      0.8545856199344956,
      0.6514746943100925,
      0.5421771880457539,
      0.6995936737249967,
      0.7833077989768464,
      0.6347812321539488,
      0.6799188883465086,
      0.5535666059542071,
      0.6094352052573462,
      0.5625745081979657,
      0.6496753601324197,
      0.6149673472609486
    ]
  },
  "Mean_MAE": 4.352070417955059,
  "Mean_MRE": 223.8540009927691,
  "Mean_MBRE": 2.0638104689050505,
  "Mean_MIBRE": 0.6329292699558301,
  "Median_MAE": 4.283378384193021,
  "Median_MRE": 218.0424154370013,
  "Median_MBRE": 1.9991791775351326,
  "Median_MIBRE": 0.6194716732362476,
  "Runs": [
    {},
    {},
    {},
    {},
    {},
    {},
    {},
    {},
    {},
    {},
    {},
    {},
    {},
    {},
    {},
    {},
    {},
    {},
    {},
    {},
    {},
    {},
    {},
    {},
    {},
    {},
    {},
    {},
    {},
    {}
  ]
}