{
  "Metrics": {
    "MAE": [
      3.76935297840412,
      4.089297474201282,
      4.124163989859948,
      4.138011982100866,
      4.821284940414563,
      4.210168520440413,
      4.007415706774023,
      4.411746395088473,
      4.266110261099971,
      4.046441300921985,
      4.209938853058619,
      4.545984450020218,
      3.9391915017622385,
      4.272928080971302,
      3.9252955987418887,
      4.933567531727861,
      4.036043966730593,
      3.966087478604088,
      3.9784091042961958,
      4.523656947280731,
      4.230076864590117,
      4.553582015492192,
      3.8876382148518207,
      4.635606632308872,
      4.461381922903924,
      3.87275846735247,
      4.906956174090916,
      4.216465958656725,
      3.9841873269839603,
      3.937223448472881
    ],
    "MRE": [
      199.23113063409292,
      170.31973918104975,
      281.99739381952924,
      203.45842127749458,
      299.28152261637393,
      218.82942715909275,
      228.49450218677677,
      284.3244356061419,
      177.55560180918093,
      214.95383867236168,
      230.56098235068072,
      234.68418499232183,
      203.29352627588716,
      254.81898633749546,
      165.99873847773264,
      239.25395633720376,
      199.76231925920808,
      188.56504432459994,
      255.31541816429404,
      266.12883931285165,
      215.310771492352,
      214.6167427339826,
      205.61585010930924,
      199.18555772783688,
      193.0486164888562,
      173.80974583225165,
      259.38074778837506,
      244.10743956047307,
      203.64339103751124,
      207.25221504106676
    ],
    "MBRE": [
      1.5388549021345301,
      3.099353342833065,
      2.4302412696822113,
      1.629303200625563,
      2.888486049026056,
      2.3265557346089745,
      1.967431854749815,
      2.724133591993918,
      1.6291164176756363,
      1.8377732522779164,
      2.142597362765875,
      2.6582298565696756,
      1.6974761293854272,
      2.5820925847212264,
      1.159308323183274,
      2.468609417209267,
      1.8348993491496082,
      1.5177534009406137,
      1.7039414220900881,
      2.411594408110969,
      2.0349518483216062,
      2.295014307475806,
      0.9770990443621058,
      0.23444627324356027,
      1.8167848713936385,
      1.5312793217253267,
      2.439951844344217,
      2.5007700311711076,
      1.7067486828242318,
      1.7191459781587282
    ],
    "MIBRE": [
      0.6154595741179164,
      0.5445782571544465,
      0.7526317076253352,
      0.563206688480202,
      0.5619671461770287,
      0.648847301162683,
      0.7188938091812392,
      0.5861697998804286,
      0.665923224011513,
      0.6051648924308886,
      0.574316870177105,
      0.5765868260162264,
      0.5793405195993321,
      0.73033831539105,
      0.7385134581308994,
      0.5693147248413897,
      0.6359541244637472,
      0.7295338473621842,
      0.8550124101792825,
      0.6666451883669771,
      0.5539265075297463,
      0.7196154317071765,
      0.8262539769621894,
      0.6424567583133818,
      0.6942887792182791,
      0.55828398124692,
      0.6121030807604186,
      0.5699370088329793,
      0.6566106081345409,
      0.628422298450669
    ]
  },
  "Mean_MAE": 4.230032469606775,
  "Mean_MRE": 221.09330288687946,
  "Mean_MBRE": 1.9834648024251347,
  "Mean_MIBRE": 0.6460099038635393,
  "Median_MAE": 4.173975417579742,
  "Median_MRE": 214.78529070317214,
  "Median_MBRE": 1.9026025535138658,
  "Median_MIBRE": 0.6321882114572082,
  "Runs": [
    {},
    {},
    {},
    {},
    {},
    {},
    {},
    {},
    {},
    {},
    {},
    {},
    {},
    {},
    {},
    {},
    {},
    {},
    {},
    {},
    {},
    {},
    {},
    {},
    {},
    {},
    {},
    {},
    {},
    {}
  ]
}