{
  "Metrics": {
    "MAE": [
      329.04195461195957,
      561.3769197362517,
      493.28400369187415,
      517.86083438727,
      337.8077430548036,
      398.91423287966927,
      514.9709349427667,
      407.88009309607526,
      294.79706577741626,
      466.0391599819282,
      506.5848255289327,
      496.11511724354284,
      481.3589512855351,
      360.518309067035,
      482.59772644967245,
      487.0263719437646,
      520.4644993469543,
      334.24878985763684,
      510.31505816371424,
      425.2251412514025,
      437.51467419743034,
      432.3399487175304,
      389.91534786773764,
      537.9607626483275,
      423.8256700003062,
      392.38524234098213,
      485.3536993576604,
      458.2971151222516,
      413.40591547784527,
      406.14633608227075
    ],
    "MRE": [
      50.393037812772214,
      142.8653594032068,
      98.00327561496391,
      123.4615266962076,
      59.62741194936662,
      78.31440940501115,
      111.88317085822742,
      87.68581557706774,
      42.24601237177743,
      96.35931731332542,
      134.98520664068053,
      107.01428350185245,
      92.32542032119058,
      60.28801412152836,
      103.13977835644015,
      107.66497547599936,
      119.02154104580983,
      43.84333032529221,
      115.00857819383292,
      74.95741689213828,
      92.57531211164095,
      84.48910489750168,
      66.45760553107111,
      128.30656203198686,
      92.57478664730013,
      90.05388135881624,
      105.61142085722189,
      96.60933639878192,
      80.63543117952638,
      79.19275745244852
    ],
    "MBRE": [
      0.696974103234941,
      1.6071626498857872,
      1.3577333535736207,
      1.4930799980031468,
      0.7457697627400651,
      0.9957187246435852,
      1.395904266597984,
      1.0347007554261156,
      0.5592087562760112,
      1.2129417219241818,
      1.5082482949758294,
      1.3651912898321765,
      1.2756347770433079,
      0.7941113183537463,
      1.2521243486046985,
      1.329042706038647,
      1.4280233344497895,
      0.6808513410858305,
      1.4621399264492725,
      1.0231007370338865,
      1.167659010100743,
      1.0638275367646788,
      0.8647517286654998,
      1.550324679894164,
      1.089095580943544,
      1.0254968506043791,
      1.2918722363393857,
      1.2661151858929884,
      1.0401535173531418,
      1.0429192923752522
    ],
    "MIBRE": [
      0.32247128264967273,
      0.5571249349362741,
      0.4951151900291695,
      0.5273958637759257,
      0.3463011450068674,
      0.3983911498007982,
      0.5270700504392826,
      0.38962243507313504,
      0.29064434142579737,
      0.4487537506051446,
      0.4941493400464329,
      0.48507439664608826,
      0.4639419148971941,
      0.3570623629855809,
      0.4966912556135957,
      0.46321686621930214,
      0.5294701612982197,
      0.3050973909681022,
      0.5052806996538055,
      0.42136198779123746,
      0.4281448429254839,
      0.427518140108728,
      0.36388802393212527,
      0.5350788597564524,
      0.4278362318340668,
      0.4112580247583644,
      0.4981085512600471,
      0.4484514299736619,
      0.40623454559202676,
      0.399597072243141
    ]
  },
  "Mean_MAE": 443.4524148036849,
  "Mean_MRE": 92.18646934476622,
  "Mean_MBRE": 1.1539959261702133,
  "Mean_MIBRE": 0.4390117414081908,
  "Median_MAE": 447.905894659841,
  "Median_MRE": 92.57504937947054,
  "Median_MBRE": 1.1903003660124623,
  "Median_MIBRE": 0.4382981364495729,
  "Runs": [
    {},
    {},
    {},
    {},
    {},
    {},
    {},
    {},
    {},
    {},
    {},
    {},
    {},
    {},
    {},
    {},
    {},
    {},
    {},
    {},
    {},
    {},
    {},
    {},
    {},
    {},
    {},
    {},
    {},
    {}
  ]
}