{
  "Metrics": {
    "MAE": [
      246.9967656235965,
      174.56880699706886,
      362.01647992577114,
      352.367425167612,
      275.50069011135975,
      204.03415053834158,
      170.84220790620137,
      252.84087196360446,
      163.92903610591407,
      190.3481449179839,
      316.8118565627392,
      292.22883228552274,
      376.6428359268738,
      238.50250163921547,
      366.6257621298179,
      280.9475855939181,
      290.9614707638972,
      154.49323071249452,
      352.6729718280588,
      284.83735433895595,
      381.6245491256252,
      257.72383495916625,
      315.82000012777183,
      350.9489595402593,
      284.51319929834733,
      342.6353033304429,
      258.45133253575915,
      258.6207091590937,
      157.26383413911265,
      353.55980670704776
    ],
    "MRE": [
      51.945827479222096,
      39.184608420641005,
      68.85137063173008,
      83.78295691624274,
      58.470351170278754,
      39.99112912845198,
      35.96666903986082,
      54.867291655651485,
      34.37884471889461,
      39.50907894298529,
      77.16760115648391,
      53.721333191192976,
      77.54316120358621,
      52.95484038293918,
      86.5080853090244,
      63.550644267208035,
      63.2166579490921,
      27.859864705907167,
      82.17108642578691,
      56.766335243027946,
      84.37912543044345,
      56.84769834362662,
      69.66345305103589,
      76.8391919212157,
      69.71299928887994,
      70.36455883787937,
      61.91020055970824,
      54.915703284553075,
      28.317026305048426,
      79.20131193699608
    ],
    "MBRE": [
      0.5528678963103821,
      0.4030996744750676,
      0.781833069198653,
      0.89818128323645,
      0.6135140012973973,
      0.4298504813948766,
      0.37505302255577405,
      0.5783196103596266,
      0.3594529075466651,
      0.41248531358011753,
      0.8117382914699988,
      0.5849049358393758,
      0.8708734538111526,
      0.5568419248403318,
      0.9354776494531822,
      0.6721129829987831,
      0.6752363230101913,
      0.2939949343371901,
      0.8944673184745242,
      0.609409469947801,
      0.9303597221508808,
      0.6011142672471916,
      0.7445214785023301,
      0.8333541951471244,
      0.7292400977839638,
      0.770522109157982,
      0.6493134477909077,
      0.5909371663031536,
      0.2995828238462826,
      0.8715690537967585
    ],
    "MIBRE": [
      0.28917391642860274,
      0.2461445047373184,
      0.37006099472733217,
      0.39764659667692515,
      0.31879711641183045,
      0.2535276290960705,
      0.23059078631037044,
      0.29423285890243417,
      0.21364459172781106,
      0.2409417748967842,
      0.3626326051015807,
      0.31098491549083124,
      0.3832079736459667,
      0.30257420998541484,
      0.403053956410646,
      0.33460658688251005,
      0.34800860240562204,
      0.19293902789056014,
      0.39301037415429585,
      0.32603187762307595,
      0.4129744300615731,
      0.3148791810907369,
      0.3520871158364094,
      0.37797200390692604,
      0.3520615269593703,
      0.36822968085556373,
      0.3308765754748755,
      0.3052002487434046,
      0.1972811310191987,
      0.40772317598060054
    ]
  },
  "Mean_MAE": 276.97768366538577,
  "Mean_MRE": 60.01863356325315,
  "Mean_MBRE": 0.6443409635288038,
  "Mean_MIBRE": 0.321036532314488,
  "Median_MAE": 282.7303924461327,
  "Median_MRE": 60.190275864993495,
  "Median_MBRE": 0.6314137245441525,
  "Median_MIBRE": 0.3284542265489757,
  "Runs": [
    {},
    {},
    {},
    {},
    {},
    {},
    {},
    {},
    {},
    {},
    {},
    {},
    {},
    {},
    {},
    {},
    {},
    {},
    {},
    {},
    {},
    {},
    {},
    {},
    {},
    {},
    {},
    {},
    {},
    {}
  ]
}