{
  "Metrics": {
    "MAE": [
      7.731389067755459,
      7.584066397202234,
      7.669888403831756,
      7.626695808441274,
      7.4551669304259764,
      7.440038890936272,
      7.911337779204433,
      7.421715554209591,
      8.072676680147302,
      7.8124395749441184,
      7.340990658991948,
      7.677513700597069,
      7.5897295683242865,
      7.747253466590122,
      7.773655889006084,
      8.226419379886158,
      8.407466296131249,
      7.524163288503312,
      7.187378959875618,
      7.46120370018443,
      7.6467248152139575,
      7.754502210173617,
      7.663325661811365,
      7.491012056845741,
      7.08725347261579,
      7.644521925566768,
      7.336910788867362,
      7.784346336437322,
      7.6326487657272315,
      7.761291404359836
    ],
    "MRE": [
      1.296294600212528,
      1.4769258227449074,
      1.323409289774182,
      1.342772791543676,
      1.2884044470648772,
      1.22380299377232,
      1.37051338279481,
      1.4522750849192108,
      1.4919579390520252,
      1.4234738415056127,
      1.3314169140412682,
      1.336353023800431,
      1.3145801634238972,
      1.3545121483114406,
      1.4451276138961522,
      1.4275538865075597,
      1.448156990323693,
      1.3150057477161432,
      1.2956891417743885,
      1.379688815230669,
      1.367963820488457,
      1.322601366867337,
      1.4395197157250117,
      1.2732208720188227,
      1.2116245472675229,
      1.3389257408412287,
      1.3321434662160283,
      1.2986938413006937,
      1.3471042492054621,
      1.4511084319563776
    ],
    "MBRE": [
      0.013131772489281846,
      0.015072087669882285,
      0.013403477244669068,
      0.013655881660485364,
      0.013026632378931716,
      0.012340241779913377,
      0.013875464170289675,
      0.014911652333141555,
      0.015151532661784888,
      0.014509392187879592,
      0.013453428669452571,
      0.013513478555036373,
      0.01330598197239536,
      0.013689508907664261,
      0.014614179580167195,
      0.014456058462185062,
      0.01470756049315812,
      0.013366608409301416,
      0.013076765446062876,
      0.014083865417306303,
      0.013948044291019406,
      0.013353346639369037,
      0.01466609133684755,
      0.012874270139909903,
      0.012274309366993365,
      0.013638920891189921,
      0.013473098164261302,
      0.013177837714186225,
      0.013637342088248029,
      0.014794606517224444
    ],
    "MIBRE": [
      0.012806356115805094,
      0.014597726428265729,
      0.013079347668316971,
      0.013249986919865907,
      0.012719071383347755,
      0.012010106384389596,
      0.013476090079827408,
      0.01437692858286247,
      0.0147182064469861,
      0.014071266158376273,
      0.013050483840883639,
      0.013146007766671668,
      0.012936398813060863,
      0.013308442765657333,
      0.014143080418054827,
      0.01403559519372422,
      0.014284986914773461,
      0.013004902661591882,
      0.01267877378883029,
      0.013644168853391772,
      0.013535697003532401,
      0.012995159453909038,
      0.014218969049718913,
      0.012545305403228596,
      0.01194593575746252,
      0.013247832450560023,
      0.013099436980961806,
      0.01283271088227307,
      0.013259779732510144,
      0.014289996218616225
    ]
  },
  "Mean_MAE": 7.648790914426923,
  "Mean_MRE": 1.357360689676558,
  "Mean_MBRE": 0.013772781254607933,
  "Mean_MIBRE": 0.013376958337248534,
  "Median_MAE": 7.645623370390362,
  "Median_MRE": 1.3408492661924525,
  "Median_MBRE": 0.013638131489718975,
  "Median_MIBRE": 0.013248909685212966,
  "Runs": [
    {},
    {},
    {},
    {},
    {},
    {},
    {},
    {},
    {},
    {},
    {},
    {},
    {},
    {},
    {},
    {},
    {},
    {},
    {},
    {},
    {},
    {},
    {},
    {},
    {},
    {},
    {},
    {},
    {},
    {}
  ]
}