{
  "Metrics": {
    "MAE": [
      203.26186113220515,
      135.03105236623958,
      144.4453155512549,
      136.36064052643897,
      134.95184177414475,
      258.999364084776,
      156.38618366779764,
      143.12002394390356,
      237.51260625962928,
      130.24700812997386,
      300.9121965202484,
      130.04484563872788,
      176.2725727049527,
      169.7106070590587,
      171.23093850849625,
      117.14498723075418,
      142.3291844868166,
      234.62210205817362,
      153.04823039744971,
      153.49450430717386,
      176.1671005917494,
      238.96453092190256,
      128.75316220522717,
      177.33380182572418,
      269.46456915539545,
      161.13045746842857,
      248.8624012643552,
      125.46998276994356,
      215.07876207112986,
      166.78952592233412
    ],
    "MRE": [
      23.775299355737573,
      22.535619120076717,
      20.998715025323598,
      19.081473920611362,
      23.2192149067882,
      30.67878729141648,
      24.638955656971046,
      23.62236897543092,
      40.653372522913976,
      23.0273469596108,
      53.933293761414916,
      20.59151991030524,
      27.68469637935048,
      27.242826365016885,
      30.643705856506305,
      19.685813567379483,
      21.64330512829207,
      30.240227113942908,
      24.711061816503545,
      22.35477729300873,
      28.62487600765155,
      27.430049940044356,
      22.740688865158187,
      29.314794976629855,
      31.9504307197716,
      28.078476689231184,
      34.646137646445865,
      21.42386695625777,
      27.76698942605411,
      26.759049938544237
    ],
    "MBRE": [
      0.3095759315231844,
      0.2493118818893957,
      0.23817157137909292,
      0.21547046163361463,
      0.2531440883915408,
      0.42909646273721785,
      0.2733614788621453,
      0.2620488676073615,
      0.46390219597288385,
      0.24968650041738813,
      0.653270624345236,
      0.2457874646010696,
      0.3158001493218699,
      0.3087949578233953,
      0.3329847954111623,
      0.21948325542748262,
      0.24254517732541206,
      0.38328628410939114,
      0.28011077645169113,
      0.2519333074484877,
      0.32615189977185377,
      0.37533787992835044,
      0.2492678020685183,
      0.3301454403205117,
      0.49714255480282693,
      0.30276027081420953,
      0.4339917198284191,
      0.23389189939983196,
      0.3506856847392218,
      0.3032401107330111
    ],
    "MIBRE": [
      0.1959768262058555,
      0.17400047941107774,
      0.16975014777364292,
      0.1573152298445064,
      0.1755372565654382,
      0.23777713688422342,
      0.18367912561756117,
      0.18068374470425855,
      0.24367746237353743,
      0.17260263633312453,
      0.29833007888694063,
      0.1667874909979788,
      0.20630246819579146,
      0.20500396900217754,
      0.20839968555679422,
      0.1579066373828816,
      0.17162505683656556,
      0.2196021585162369,
      0.1905080017567941,
      0.1709441679364414,
      0.21056185948929812,
      0.21983844302616923,
      0.1739270669962373,
      0.21116043768868617,
      0.24183622149000672,
      0.1991627874849899,
      0.23939356404682632,
      0.16653623489071082,
      0.21487228018474744,
      0.2014558525119623
    ]
  },
  "Mean_MAE": 177.9046786848135,
  "Mean_MRE": 26.989924736413,
  "Mean_MBRE": 0.31934604983619264,
  "Mean_MIBRE": 0.1988384836197154,
  "Median_MAE": 163.95999169538135,
  "Median_MRE": 25.73505587752389,
  "Median_MBRE": 0.3030001907736103,
  "Median_MIBRE": 0.1975698068454227,
  "Runs": [
    {},
    {},
    {},
    {},
    {},
    {},
    {},
    {},
    {},
    {},
    {},
    {},
    {},
    {},
    {},
    {},
    {},
    {},
    {},
    {},
    {},
    {},
    {},
    {},
    {},
    {},
    {},
    {},
    {},
    {}
  ]
}