{
  "Metrics": {
    "MAE": [
      355.97400498038485,
      312.34566905333486,
      284.16548955659147,
      321.1795841478644,
      266.5975615326977,
      303.8956998995836,
      354.69516536893417,
      238.51007092103399,
      322.9123588273146,
      251.15848592261764,
      343.4515647749273,
      358.08074692716,
      317.73496958694534,
      343.9678201804284,
      342.6192696646796,
      318.53679301024346,
      302.37196477558325,
      354.81569747250245,
      301.92586587647764,
      287.9935076452825,
      350.5739318329201,
      349.4607059268266,
      322.9939629668333,
      349.6655707554729,
      349.37850318671326,
      318.6315542131388,
      350.8710382076408,
      320.22965500526175,
      304.390232238566,
      328.5899755462428
    ],
    "MRE": [
      38.344084857447555,
      34.67303660655609,
      33.444868495916246,
      37.30510032449384,
      32.36237814444931,
      36.376397744147525,
      39.11493482768058,
      28.39152527127901,
      35.71314985782656,
      32.641569031524895,
      39.479807468306724,
      38.42727887872314,
      35.62671371121577,
      35.87597802934687,
      36.07651803409523,
      33.28911786438233,
      35.25401441336262,
      35.62447067592054,
      34.23641566760735,
      35.866100220292395,
      36.86660818870766,
      36.047931020766434,
      36.77171060700317,
      36.5924777316189,
      38.50227618957061,
      37.65206067737586,
      40.524954152665224,
      33.336066265269665,
      35.91099964587171,
      35.02881400111333
    ],
    "MBRE": [
      0.8817673830662676,
      0.6330326993413775,
      0.49724812950406144,
      0.65260562614861,
      0.4645247440927895,
      0.5703354037985572,
      0.8980689014563675,
      0.3822655677417695,
      0.6483245234079501,
      0.4381349725706629,
      0.8261924239361068,
      0.8827635776344048,
      0.61804100120463,
      0.7920440001138433,
      0.8167077390115728,
      0.6282806422045316,
      0.5726197262939857,
      0.8537156335434124,
      0.5743644008618741,
      0.524735205772767,
      0.8544627919095985,
      0.8340406484861899,
      0.657419776601772,
      0.8577672905841004,
      0.8527572745473948,
      0.6614608281720813,
      0.8548399338248028,
      0.6328792898691081,
      0.5786280114589254,
      0.6794197715246317
    ],
    "MIBRE": [
      0.30345634019273454,
      0.2779847102055028,
      0.2617046019183883,
      0.2866136935509776,
      0.2525675789329956,
      0.2763548548382219,
      0.30402428825989464,
      0.22958080522484067,
      0.2811358997694311,
      0.2538684732711936,
      0.30322460658779515,
      0.3040150105964172,
      0.2838744478661668,
      0.2878670349901575,
      0.2899445815192359,
      0.27355096657927125,
      0.2782195883268005,
      0.2873791851339165,
      0.27275414464548187,
      0.2725054740802442,
      0.29554613544108005,
      0.29216014750805414,
      0.2855815208313343,
      0.29661472838434666,
      0.30057166959662646,
      0.29023493806413253,
      0.3052217037448176,
      0.27155450646520635,
      0.27951940120655766,
      0.2826834706763656
    ]
  },
  "Mean_MAE": 320.92391400014014,
  "Mean_MRE": 35.84524528681791,
  "Mean_MBRE": 0.6873149306228048,
  "Mean_MIBRE": 0.282677150280273,
  "Median_MAE": 322.0459714875895,
  "Median_MRE": 35.89348883760929,
  "Median_MBRE": 0.655012701375191,
  "Median_MIBRE": 0.2847279843487506,
  "Runs": [
    {},
    {},
    {},
    {},
    {},
    {},
    {},
    {},
    {},
    {},
    {},
    {},
    {},
    {},
    {},
    {},
    {},
    {},
    {},
    {},
    {},
    {},
    {},
    {},
    {},
    {},
    {},
    {},
    {},
    {}
  ]
}