{
  "Metrics": {
    "MAE": [
      349.78738078067295,
      199.7627150187703,
      182.3098534675957,
      157.32272364870352,
      156.64639646882338,
      363.0265473590444,
      252.55447944489495,
      155.60794565454987,
      246.26242533411911,
      173.35596028547067,
      329.49509351376713,
      254.6771129053771,
      260.49470911002254,
      259.9307129858031,
      176.6855533198385,
      336.4363463005228,
      258.9976190318889,
      344.14994899791714,
      184.2850341492057,
      170.62519666465778,
      195.75268646312966,
      341.28857745377906,
      160.58149870631726,
      186.0107411049478,
      249.44338819880358,
      170.0977550379656,
      319.3440132052527,
      173.56199070071844,
      325.78515315911,
      249.4741667941403
    ],
    "MRE": [
      30.128511509266993,
      20.58737471101946,
      24.401233558169952,
      19.973847966065453,
      20.693987630397014,
      34.97660123078977,
      23.989828596602802,
      20.58829911102327,
      26.967198030912247,
      25.112136898475807,
      32.45414901477302,
      26.023783713280363,
      25.31187210578033,
      27.987696904792912,
      24.50718078475799,
      25.56284370440986,
      25.484119498498035,
      29.364578046783112,
      23.09856187037246,
      21.470446971907386,
      26.517083362777434,
      28.627638594889177,
      21.23631021557256,
      25.143962334297793,
      25.022458375482397,
      26.3328980441755,
      29.996127619751217,
      18.67018653010644,
      27.574740364053476,
      26.960737724572564
    ],
    "MBRE": [
      0.9504668784937336,
      0.2759464494338267,
      0.28754273300269384,
      0.22944653041001803,
      0.23934534647589306,
      0.9993464605895659,
      0.37726710688090004,
      0.2375669629452619,
      0.3799400133756665,
      0.2890401736878181,
      0.7743567655216014,
      0.3888907840617606,
      0.3928901356637592,
      0.417103300794046,
      0.2836691180567226,
      0.8510488896916635,
      0.39868307653299295,
      0.8079368306641193,
      0.2772299860402834,
      0.24961198782004188,
      0.3159874882561898,
      0.8788201641635712,
      0.24883906268430211,
      0.2964414430083345,
      0.3764905491939318,
      0.29202878086937817,
      0.6756994541310699,
      0.2335326817442245,
      0.7311139897921881,
      0.3889539600794895
    ],
    "MIBRE": [
      0.2617728222731444,
      0.1735689319554569,
      0.19058852590050462,
      0.1608342276147988,
      0.16673650420216718,
      0.28613384815298504,
      0.20164413926337627,
      0.1659110088458308,
      0.21459618843846848,
      0.19333553223641167,
      0.2673393513126232,
      0.21696161728669083,
      0.21202010137594335,
      0.23033141104094793,
      0.18698615490107806,
      0.23160075826631754,
      0.21742675073641288,
      0.2535377025701774,
      0.18524148827636738,
      0.1672294045437071,
      0.2067918745329958,
      0.2486763960307845,
      0.17116706969621287,
      0.19571299993417443,
      0.21075454344836006,
      0.19017140476598726,
      0.2502410161030089,
      0.15874239694374156,
      0.24065444430808317,
      0.22407039000436269
    ]
  },
  "Mean_MAE": 239.45845750886033,
  "Mean_MRE": 25.49221316745856,
  "Mean_MBRE": 0.4515079034688349,
  "Mean_MIBRE": 0.20935930016537066,
  "Median_MAE": 247.85290676646133,
  "Median_MRE": 25.397995802139185,
  "Median_MBRE": 0.3768788280374159,
  "Median_MIBRE": 0.20877320899067792,
  "Runs": [
    {},
    {},
    {},
    {},
    {},
    {},
    {},
    {},
    {},
    {},
    {},
    {},
    {},
    {},
    {},
    {},
    {},
    {},
    {},
    {},
    {},
    {},
    {},
    {},
    {},
    {},
    {},
    {},
    {},
    {}
  ]
}