{
  "Metrics": {
    "MAE": [
      220.5267415614575,
      205.5881718148341,
      310.3790157008199,
      239.4333110020634,
      257.5933898405839,
      213.21509625420558,
      213.65800412768763,
      242.36619262584063,
      190.81762433537574,
      229.15844406907448,
      241.92121338197592,
      287.7038131545212,
      252.0923228812113,
      246.74163476642664,
      323.26113069125324,
      254.14359266933752,
      274.294910609276,
      186.81097366767938,
      270.22626302803883,
      230.30926414098815,
      269.84525825470143,
      251.8600273724769,
      268.0905733130392,
      252.85758528700148,
      250.714874344412,
      281.3774971555315,
      242.6543046160967,
      282.95613563618593,
      197.42171086420203,
      298.05831394517554
    ],
    "MRE": [
      26.142052303543608,
      25.510695492939284,
      26.72626149206343,
      26.194793022676517,
      23.81511262406757,
      24.331919832707637,
      25.040073455364727,
      24.54373135070628,
      26.066633081486323,
      24.401347782153245,
      30.293715404619515,
      26.831293756193325,
      23.480593891790065,
      30.284818349885008,
      30.240197960114184,
      25.69779002944705,
      26.726457577638936,
      19.410670827383033,
      30.362270767470932,
      21.57667966623312,
      26.84192280870467,
      28.886049513085865,
      29.656928540556038,
      25.435565598274156,
      23.567146886775785,
      24.93768219642793,
      27.95700003704124,
      34.755534452438894,
      22.139928525126365,
      33.10639201718988
    ],
    "MBRE": [
      0.33665956135214437,
      0.31644402270720473,
      0.5853834984766382,
      0.36228131915302203,
      0.3915918322288303,
      0.31106878418344086,
      0.319275936486217,
      0.36015780811977477,
      0.3030866322608349,
      0.33495410673310627,
      0.3992362442581158,
      0.47953341007700473,
      0.36290834953776996,
      0.4039935990283947,
      0.7050318692893374,
      0.38537933786572787,
      0.4458842771697537,
      0.2437487038010359,
      0.4557841825777928,
      0.30869819908014334,
      0.4302237815868987,
      0.4033421564052148,
      0.4414329324401893,
      0.3867345836265895,
      0.36918362741074506,
      0.4761816915915133,
      0.38116902732194957,
      0.504362723440347,
      0.27886277513097474,
      0.543997241182192
    ],
    "MIBRE": [
      0.2098724278870349,
      0.20347841498182734,
      0.2297919169468025,
      0.21294297719703378,
      0.20252341318224937,
      0.1957008262140308,
      0.1976087619190629,
      0.20713433008379503,
      0.1971779976242482,
      0.19726332229323884,
      0.23176495730927602,
      0.22714520291706028,
      0.20371066624777223,
      0.23119009212302882,
      0.25475244926981044,
      0.21381451875831028,
      0.22302326499990863,
      0.16437621710293104,
      0.2410847261064323,
      0.1885013031907918,
      0.22594380644309664,
      0.2283080415309704,
      0.23268963169407453,
      0.20850846981319518,
      0.20150198000369712,
      0.2142942759939336,
      0.22054511624880982,
      0.2608705990431746,
      0.18224681106241106,
      0.2591445577255852
    ]
  },
  "Mean_MAE": 249.53591303704914,
  "Mean_MRE": 26.498708641470152,
  "Mean_MBRE": 0.40088640715076346,
  "Mean_MIBRE": 0.21556370253045315,
  "Median_MAE": 251.28745085844446,
  "Median_MRE": 26.104342692514965,
  "Median_MBRE": 0.3860569607461587,
  "Median_MIBRE": 0.21337874797767203,
  "Runs": [
    {},
    {},
    {},
    {},
    {},
    {},
    {},
    {},
    {},
    {},
    {},
    {},
    {},
    {},
    {},
    {},
    {},
    {},
    {},
    {},
    {},
    {},
    {},
    {},
    {},
    {},
    {},
    {},
    {},
    {}
  ]
}