{
  "Metrics": {
    "MAE": [
      1.774341013683749,
      1.7196709219936146,
      1.6216056201822575,
      1.609298027614515,
      1.8222231204355317,
      1.3907792183040542,
      1.5368385419095345,
      1.3176981868901723,
      1.7113648252782037,
      1.6360559119571962,
      1.5521340871921094,
      1.6064747506505996,
      1.421420821439194,
      1.5543965371710857,
      1.6597051083824408,
      1.564864651164124,
      1.6085334178629282,
      1.7073232030261567,
      1.517697075827767,
      1.3607677183240507,
      1.6153170967345947,
      1.6023931047178384,
      1.5132585645910788,
      1.6602169188064144,
      1.5152189502113005,
      1.6573899049882477,
      1.5308911585017124,
      1.6588460517537102,
      1.4602965329319733,
      1.6386796011030906
    ],
    "MRE": [
      4.41604744118092,
      4.18047899450418,
      3.9298588571027184,
      4.218332480712694,
      4.507078183530823,
      3.608704938381581,
      3.777437563272562,
      3.3856340711120327,
      4.159800207515364,
      4.221653668591595,
      3.8607550399816803,
      4.047726503260832,
      3.59200697728438,
      3.9250499162939176,
      4.042832429252934,
      4.001286496826201,
      4.055994145429526,
      4.121467059870658,
      3.921432322040372,
      3.442455936082739,
      3.964950623103934,
      3.881961825070675,
      3.7408081363034693,
      4.080065880861392,
      3.847357521770249,
      4.155793764928246,
      3.7693971274209357,
      4.143813901896408,
      3.6212868198402943,
      3.8231770166049817
    ],
    "MBRE": [
      0.046602998178730676,
      0.044245168570125094,
      0.04216960133585833,
      0.04348232824158228,
      0.04691660968767784,
      0.03761022439159358,
      0.040028606149056956,
      0.0352476942782456,
      0.04347438333912842,
      0.04454581966854187,
      0.04020378612435038,
      0.04166607829359776,
      0.0377998740296487,
      0.04059187998646889,
      0.04262696640281883,
      0.04126865427553293,
      0.042765604023126964,
      0.04344939122175679,
      0.040336404315526084,
      0.03585740446114865,
      0.041660249578671836,
      0.04086070238724346,
      0.03944673725723078,
      0.0426419835527134,
      0.04044173218394271,
      0.04337530624090574,
      0.04035716246404987,
      0.04383967859126014,
      0.03809167049863266,
      0.040883276202044946
    ],
    "MIBRE": [
      0.041602992640538815,
      0.03975698131007094,
      0.038123765117294775,
      0.03886531810147196,
      0.042296504343976776,
      0.03451658196490269,
      0.03634294124122781,
      0.03254273412038332,
      0.039694014862481204,
      0.040033279712991185,
      0.036226136816931966,
      0.0375354240561759,
      0.03444685835987405,
      0.0368122394950602,
      0.038733865718305185,
      0.03751617345019697,
      0.038827999660175486,
      0.03912965110750672,
      0.03676540594255383,
      0.03323910084011096,
      0.03793031647230375,
      0.037341031881454836,
      0.03616176652904718,
      0.03875094906849176,
      0.03664724310136819,
      0.03884694967534682,
      0.03648195503936147,
      0.03952110412995781,
      0.03500464378111164,
      0.03663279408199389
    ]
  },
  "Mean_MAE": 1.584856688120975,
  "Mean_MRE": 3.94815486166761,
  "Mean_MBRE": 0.04141626586437374,
  "Mean_MIBRE": 0.03754422408742228,
  "Median_MAE": 1.6075040842567638,
  "Median_MRE": 3.9474047401033263,
  "Median_MBRE": 0.04146445192710238,
  "Median_MIBRE": 0.037525798753186436,
  "Runs": [
    {},
    {},
    {},
    {},
    {},
    {},
    {},
    {},
    {},
    {},
    {},
    {},
    {},
    {},
    {},
    {},
    {},
    {},
    {},
    {},
    {},
    {},
    {},
    {},
    {},
    {},
    {},
    {},
    {},
    {}
  ]
}