{
  "Metrics": {
    "MAE": [
      8.935009666075379,
      5.201260215750813,
      5.372934646259696,
      5.997215816851615,
      6.248604142836673,
      6.257799625393802,
      5.973542649455258,
      8.055317765042696,
      9.354559486739472,
      5.652573574938402,
      5.279747026803038,
      11.229838298103527,
      11.30546764110477,
      9.529340328914943,
      5.992732194925937,
      6.47116606800179,
      6.540998600262,
      10.526335326211145,
      6.258602343931687,
      9.576787924020472,
      9.397486251014561,
      10.93880583950216,
      5.669471733756719,
      10.627143879269827,
      5.728025958350611,
      5.516299112794102,
      6.076163468319671,
      11.06299296416344,
      9.812224604369877,
      8.287366806128455
    ],
    "MRE": [
      24.38674106368802,
      12.975247599450126,
      13.502332060341462,
      15.2326059079775,
      15.751458337698802,
      16.04437272778124,
      14.509024557489655,
      22.023457966203342,
      24.68337003390669,
      14.445231260361597,
      13.002986530430688,
      31.894849622194304,
      32.16380823749298,
      25.765102305905085,
      14.865143637683154,
      16.083435118348206,
      16.27811538870474,
      29.21190721788421,
      15.660794646295251,
      26.561477655373633,
      25.641602698884814,
      30.124063109373427,
      14.35667617909496,
      29.80891957505434,
      14.547848619776099,
      13.274794652623392,
      14.87342059195917,
      32.00452979861015,
      27.035809566816415,
      22.142003066789723
    ],
    "MBRE": [
      0.2882624611827284,
      0.1520760862721055,
      0.15707970663708146,
      0.17568237160727204,
      0.18717491574515713,
      0.18368972103038275,
      0.17390740408992866,
      0.2566514206340157,
      0.3058448450998741,
      0.16475700894543588,
      0.14706457767638734,
      0.38684749534767165,
      0.38991779963591927,
      0.3179619221133342,
      0.17692455475367946,
      0.19077285544806435,
      0.19078999466311425,
      0.3536214096360202,
      0.183000831203658,
      0.31444261528144946,
      0.30594421874332056,
      0.3709318908687464,
      0.16538048088332555,
      0.3558620221722087,
      0.16933657548296435,
      0.15772214574678178,
      0.17548181577468902,
      0.3734686538224404,
      0.3245364207257002,
      0.27153495624982144
    ],
    "MIBRE": [
      0.19921090582759932,
      0.11689330849771713,
      0.11825122394880719,
      0.13439738329013343,
      0.13948188861076816,
      0.13904247232202596,
      0.13056044235550168,
      0.18308454450022263,
      0.20425757023909563,
      0.12583255019616557,
      0.11576682353826144,
      0.2430506726305695,
      0.24649625986595594,
      0.2077837381386356,
      0.1349518539527097,
      0.14105266875961603,
      0.1399718994153122,
      0.23370245969947237,
      0.13583901166809453,
      0.2151496248806507,
      0.2091448762061537,
      0.24075766405136584,
      0.12852538500078242,
      0.23567589511721448,
      0.13088031668932842,
      0.12166772295383552,
      0.13187577734155792,
      0.2452606727704871,
      0.21759295921465813,
      0.1844465129984644
    ]
  },
  "Mean_MAE": 7.762527131976417,
  "Mean_MRE": 20.628370991139775,
  "Mean_MBRE": 0.24555563924910928,
  "Mean_MIBRE": 0.17168683615603877,
  "Median_MAE": 6.506082334131895,
  "Median_MRE": 16.180775253526473,
  "Median_MBRE": 0.19078142505558932,
  "Median_MIBRE": 0.14051228408746413,
  "Runs": [
    {},
    {},
    {},
    {},
    {},
    {},
    {},
    {},
    {},
    {},
    {},
    {},
    {},
    {},
    {},
    {},
    {},
    {},
    {},
    {},
    {},
    {},
    {},
    {},
    {},
    {},
    {},
    {},
    {},
    {}
  ]
}