{
  "Metrics": {
    "MAE": [
      7.521482293457068,
      5.497839746769042,
      6.810175817161663,
      6.649082733605511,
      7.0016626941868285,
      6.972804157866399,
      7.5502889826767055,
      6.575686791744447,
      6.764402072746041,
      5.93180547586186,
      6.842023353487743,
      10.718286313048445,
      9.6589484196922,
      6.956686275213407,
      5.656246025679579,
      7.237678087811179,
      6.617097666926845,
      10.528607359691186,
      5.8807668392898576,
      7.9281564885701545,
      9.29346861889711,
      7.988539638857486,
      6.6422837102363115,
      7.508516586127326,
      6.502867894474428,
      7.5849721102317815,
      4.949662496811367,
      9.020005112565839,
      7.253412253531585,
      7.676051368718911
    ],
    "MRE": [
      20.779081990421762,
      14.760854946767601,
      18.730405446994098,
      18.700904320337354,
      19.2417980308876,
      19.239673870213707,
      20.996385662278886,
      18.05711629932798,
      18.345445526486966,
      15.983512237218319,
      18.347378676236744,
      31.022255596226067,
      27.84468749640861,
      19.211414099699308,
      14.702294873176566,
      20.18745246682943,
      17.89032306750188,
      30.031103796850427,
      15.139351344653235,
      22.302296741535784,
      26.165021901967407,
      21.931147391140204,
      18.274260911155206,
      21.05631417743838,
      17.51326609059032,
      20.749507305747276,
      12.543383068790698,
      26.23598045722215,
      19.73832502879327,
      21.031494493625445
    ],
    "MBRE": [
      0.23348237213396808,
      0.16106066280848438,
      0.20792437843543096,
      0.2032516783876515,
      0.21596607731857076,
      0.21449481692738342,
      0.23675241040089495,
      0.19943610304122256,
      0.20358548834037804,
      0.1752116128109012,
      0.20683688062991334,
      0.36037495074392795,
      0.31828351849713754,
      0.21196403699457628,
      0.1639350452700873,
      0.22300371767771238,
      0.19747349861544122,
      0.35090157950063966,
      0.17159764194450633,
      0.25122527960236035,
      0.3025229781773855,
      0.25117709927588944,
      0.2026025101636887,
      0.23517944723685735,
      0.19552069900927463,
      0.2368010938111223,
      0.13835331426750105,
      0.2936604388788173,
      0.22283321789342914,
      0.2395214770519167
    ],
    "MIBRE": [
      0.17504175335855132,
      0.12980784347396604,
      0.159045537069424,
      0.15728194163377537,
      0.163173752920083,
      0.16389636051470163,
      0.1774571462043913,
      0.15485685532920127,
      0.1577410124401588,
      0.13844835344021417,
      0.1580133853921982,
      0.2386753733975064,
      0.21813549420369602,
      0.16190344200300164,
      0.13122157948503277,
      0.16833874950697375,
      0.15179291529043848,
      0.23695193604367423,
      0.1315616012891436,
      0.18512779416964423,
      0.21159589630741088,
      0.1831450095961033,
      0.15589224964725826,
      0.17559551990072264,
      0.15290391593967248,
      0.17558825568344108,
      0.11226416897954197,
      0.20839797688815326,
      0.16839807814592628,
      0.17724824725979418
    ]
  },
  "Mean_MAE": 7.323983579531276,
  "Mean_MRE": 20.225081243884095,
  "Mean_MBRE": 0.227497800861569,
  "Mean_MIBRE": 0.16931673818379336,
  "Median_MAE": 6.987233426026614,
  "Median_MRE": 19.240735950550654,
  "Median_MBRE": 0.2152304471229771,
  "Median_MIBRE": 0.16353505671739232,
  "Runs": [
    {},
    {},
    {},
    {},
    {},
    {},
    {},
    {},
    {},
    {},
    {},
    {},
    {},
    {},
    {},
    {},
    {},
    {},
    {},
    {},
    {},
    {},
    {},
    {},
    {},
    {},
    {},
    {},
    {},
    {}
  ]
}