{
  "Metrics": {
    "MAE": [
      9.297371466893194,
      10.145447921739505,
      10.605955616666161,
      10.586564270734199,
      10.475319103681496,
      11.506355436902446,
      9.479213133261663,
      9.664568943544229,
      10.063224662911576,
      11.269004558610108,
      10.412248045944203,
      11.322984906644393,
      9.736605523132589,
      10.96272006515077,
      10.381401146144293,
      9.352499704170357,
      11.64868380383463,
      10.303120671216739,
      11.395885018988748,
      10.283922630265776,
      9.144494587403681,
      11.142187233706592,
      9.219916618683028,
      10.825039167958941,
      11.454636921343685,
      9.812445279967728,
      10.563021860087973,
      10.75061968110926,
      10.433095444529636,
      9.515526177539243
    ],
    "MRE": [
      25.3450032781209,
      28.744692461553413,
      30.484209384111903,
      30.486876962796615,
      29.232890746384594,
      33.2777741766442,
      26.288746041610228,
      27.373842537264736,
      28.367795641594206,
      32.78495216975744,
      29.121406690507364,
      33.12111181711862,
      27.544918813389824,
      30.930817012692707,
      28.77556443738435,
      26.32010316025105,
      34.2640039506709,
      28.739072744334337,
      33.42973496217468,
      29.279414678331,
      24.86209400452574,
      31.23517059853634,
      25.868900379693542,
      31.226480538900624,
      33.11706064674804,
      27.22992194316723,
      29.873145342483774,
      31.309790731044107,
      29.310227768751457,
      25.779302173156715
    ],
    "MBRE": [
      0.30214139858737976,
      0.3367988704160964,
      0.35586676445245513,
      0.35380214969554397,
      0.3506771903783805,
      0.39223187442057494,
      0.30915938106877766,
      0.31698378194246346,
      0.3338971469631023,
      0.3824667683088838,
      0.34695631013936695,
      0.38573352772878683,
      0.3198010460037993,
      0.3703456612956415,
      0.34668263060051485,
      0.30395160001384647,
      0.3985306073218265,
      0.3421190495555273,
      0.3885214354825705,
      0.34245047724732175,
      0.2959755472934386,
      0.3792588443579358,
      0.300017823111611,
      0.36495726104532,
      0.38985230382953784,
      0.3237722657322671,
      0.35272725940507915,
      0.36138579881973715,
      0.3486441011007968,
      0.31091794610959
    ],
    "MIBRE": [
      0.21080376891224675,
      0.2301837068409004,
      0.23954695279141536,
      0.23930972601084619,
      0.23560181052995974,
      0.25717630652279727,
      0.2159815194829282,
      0.22101606209671992,
      0.22775311480476967,
      0.25225080586608994,
      0.23477544173054693,
      0.25281353423924513,
      0.22237662578191078,
      0.24661318956587072,
      0.23322543985166946,
      0.21471983486686638,
      0.25910592187949333,
      0.23260042249251367,
      0.2543411844217112,
      0.2338239314249616,
      0.20741017253944943,
      0.24866860043478006,
      0.2109028882667735,
      0.24360827769519314,
      0.2562454708390414,
      0.22168073049653184,
      0.23801613149346137,
      0.2433896804741665,
      0.2347772248233728,
      0.21491504205876372
    ]
  },
  "Mean_MAE": 10.391802653425561,
  "Mean_MRE": 29.457500859790024,
  "Mean_MBRE": 0.34688756074760574,
  "Mean_MIBRE": 0.23445445064116655,
  "Median_MAE": 10.422671745236919,
  "Median_MRE": 29.256152712357796,
  "Median_MBRE": 0.34780020562008185,
  "Median_MIBRE": 0.23477633327695985,
  "Runs": [
    {},
    {},
    {},
    {},
    {},
    {},
    {},
    {},
    {},
    {},
    {},
    {},
    {},
    {},
    {},
    {},
    {},
    {},
    {},
    {},
    {},
    {},
    {},
    {},
    {},
    {},
    {},
    {},
    {},
    {}
  ]
}