{
  "Metrics": {
    "MAE": [
      7.941751768041221,
      4.777641391098466,
      4.953441664475693,
      5.483146815176428,
      5.91757568616439,
      5.863198352945891,
      5.6110826382279555,
      7.8618378477276964,
      9.102751503571715,
      5.213445418585733,
      5.077388734675715,
      10.673617808345883,
      10.720087782190552,
      9.194112467180915,
      5.672544741634814,
      5.655807834768974,
      6.288085778113903,
      10.031852026733656,
      5.866161562523982,
      9.241445062132525,
      9.105374158272713,
      10.57567273408693,
      5.41754313806836,
      10.438591986412863,
      5.26070885984541,
      5.449764748772885,
      5.987610094011875,
      10.76464057520777,
      9.386645342315983,
      8.456890190476043
    ],
    "MRE": [
      18.906600873761334,
      10.907261601945969,
      11.537907460739447,
      12.557653757838278,
      13.560387407039098,
      13.707362919736518,
      12.13285019537845,
      18.33662456687901,
      20.68024398264964,
      12.047917794123016,
      11.572154157580632,
      27.645056066039636,
      28.037901638263307,
      22.65270404363037,
      12.464492723030533,
      12.449284434525818,
      14.489922732539004,
      24.724100217316824,
      13.770721118251632,
      22.613883361784914,
      21.654429133561294,
      25.681008420610183,
      12.08063079896802,
      26.157861993551794,
      11.848265445681735,
      11.807787528074096,
      13.696464168652636,
      27.99676493651473,
      23.116252620766733,
      20.506971532453118
    ],
    "MBRE": [
      0.2620852079046423,
      0.136494285997855,
      0.14205830747171175,
      0.15804471997385403,
      0.17446538465775474,
      0.17400042246230152,
      0.15547480448207585,
      0.253072637906403,
      0.31118128693583935,
      0.14704325129022586,
      0.14026894604978415,
      0.37147313945595256,
      0.37746615162062275,
      0.3117034854639208,
      0.16387487842648307,
      0.16014415807857207,
      0.18533173111261797,
      0.3493552450261506,
      0.1729644139018677,
      0.3119210343916988,
      0.30281178337976755,
      0.3702686298732317,
      0.15353993564927376,
      0.36403166664251796,
      0.15032291717351826,
      0.15689087047241232,
      0.17544299809522707,
      0.3774094372363967,
      0.3193834210844462,
      0.2803816328275965
    ],
    "MIBRE": [
      0.1682778377742652,
      0.10290786949066695,
      0.10658832440101648,
      0.11724260078501395,
      0.1270799833833272,
      0.12544087396413492,
      0.11461523485760268,
      0.1682714362184363,
      0.1913887099479728,
      0.1118624604352387,
      0.10819665942643347,
      0.23120345661259414,
      0.23099153927186364,
      0.19851569069271172,
      0.11887284761198207,
      0.11734877114727922,
      0.13241012987184947,
      0.21667428764467636,
      0.1251598242734929,
      0.1972514779931283,
      0.19433499528019252,
      0.22742067465180069,
      0.11436679645162919,
      0.2244645619891867,
      0.11199669425055489,
      0.11316551456742882,
      0.1274126714036404,
      0.23002399098624657,
      0.199902110270155,
      0.1804453673002288
    ]
  },
  "Mean_MAE": 7.399680623726231,
  "Mean_MRE": 17.644715587729593,
  "Mean_MBRE": 0.23696355950149073,
  "Mean_MIBRE": 0.157794446431825,
  "Median_MAE": 6.137847936062888,
  "Median_MRE": 14.130321925395318,
  "Median_MBRE": 0.18038736460392252,
  "Median_MIBRE": 0.12991140063774492,
  "Runs": [
    {},
    {},
    {},
    {},
    {},
    {},
    {},
    {},
    {},
    {},
    {},
    {},
    {},
    {},
    {},
    {},
    {},
    {},
    {},
    {},
    {},
    {},
    {},
    {},
    {},
    {},
    {},
    {},
    {},
    {}
  ]
}