{
  "Metrics": {
    "MAE": [
      4.016910181133102,
      4.052342082048173,
      8.457043329588377,
      7.171746811056511,
      6.918330123956425,
      3.531811615228944,
      5.130723564225055,
      8.110609910030805,
      5.039700638598506,
      4.4150357325697005,
      6.047517377729398,
      5.446874466278736,
      2.666736419249451,
      4.342682851934527,
      6.181036962200146,
      4.901280633301175,
      5.356851468888,
      4.48029699106921,
      6.324629531369695,
      5.58911367221162,
      4.3128509982056995,
      6.533073684850522,
      6.625922161745007,
      6.036001567102167,
      4.487270364279191,
      4.743361977028293,
      2.829679858711858,
      9.557741650232916,
      7.826189155171883,
      7.238133732451457
    ],
    "MRE": [
      176.36582919234198,
      168.10029416689306,
      648.6657874026132,
      392.7329998855526,
      405.31738015520017,
      199.7318895799707,
      223.2523219586306,
      440.83241998616194,
      193.338772927833,
      244.53663084698883,
      417.79807871508467,
      208.03903708350364,
      51.2552983166905,
      104.88587265176452,
      312.6186317946693,
      111.80362456739601,
      254.2190686828405,
      234.2798146026241,
      314.7527586672934,
      342.3225770524819,
      256.5442683313178,
      301.05965907441976,
      299.03726829643074,
      338.93379411287907,
      164.25533955147736,
      166.12521332022104,
      183.97208162011998,
      779.6698871452897,
      434.6522371795585,
      430.25150473778507
    ],
    "MBRE": [
      1.1640198949911413,
      1.7441603142210966,
      11.838251999420264,
      1.2872086724574168,
      5.066727817336806,
      1.486589097673473,
      2.1054395444213814,
      4.729938971048005,
      2.304657683087605,
      2.477361078480689,
      4.329121744701355,
      2.3372711493613485,
      0.5270274993106038,
      1.3095428571100793,
      3.738538208878378,
      1.595528562303707,
      4.548001075253712,
      2.0896781719608692,
      3.8152692253876275,
      3.391635736329716,
      2.7061579075345175,
      2.4899823035694455,
      2.946256877881493,
      3.6324915191296703,
      1.794038503184957,
      1.8023086851300116,
      2.072282953224822,
      10.954832025435927,
      3.826587796158245,
      11.65245001289901
    ],
    "MIBRE": [
      0.8461186228355669,
      0.46258888610574106,
      0.7261665634814339,
      0.6544906719376723,
      0.6350150142415673,
      0.5520678496065201,
      0.631926876960844,
      0.7264097025706364,
      0.5115377257317218,
      0.46469918650311853,
      0.635085696415399,
      0.5356762441425851,
      0.3329772180514879,
      0.3815140067630868,
      0.5652906181247085,
      0.43658109474053874,
      0.5654750821885218,
      0.47495689387343365,
      0.613431837825238,
      0.6103597201019669,
      0.5141321341792541,
      0.6500144963086462,
      0.6106631710505084,
      0.5852843287540661,
      0.4692361480282054,
      0.4328212786297239,
      0.39914313166043663,
      0.6661397486365837,
      0.6670745865138121,
      0.7052381776691473
    ]
  },
  "Mean_MAE": 5.612383317081551,
  "Mean_MRE": 293.3116780535344,
  "Mean_MBRE": 3.5254452629294457,
  "Mean_MIBRE": 0.568737223787739,
  "Median_MAE": 5.401862967583368,
  "Median_MRE": 255.38166850707916,
  "Median_MBRE": 2.4836716910250676,
  "Median_MIBRE": 0.5753797054712939,
  "Runs": [
    {},
    {},
    {},
    {},
    {},
    {},
    {},
    {},
    {},
    {},
    {},
    {},
    {},
    {},
    {},
    {},
    {},
    {},
    {},
    {},
    {},
    {},
    {},
    {},
    {},
    {},
    {},
    {},
    {},
    {}
  ]
}