{
  "Metrics": {
    "MAE": [
      6.439780367835048,
      6.046749686272041,
      8.646544613478019,
      5.856118123556506,
      5.737612696443135,
      7.138483199711296,
      5.962246093181003,
      7.037029497474984,
      5.809738090348534,
      6.930219074336064,
      7.447247349391482,
      6.42685689088066,
      5.703571831025695,
      4.704300766602651,
      6.961493713335722,
      6.128048369333931,
      6.41916799186334,
      5.836324563837701,
      5.650027894567003,
      6.932484389678996,
      6.7026448852369604,
      6.541925045331901,
      4.615820716182363,
      6.601812956734865,
      6.963414004417914,
      7.30602091012464,
      5.871677857479368,
      6.35316106019334,
      8.026043804665038,
      6.674813598025988
    ],
    "MRE": [
      302.9901770126404,
      389.28819957873696,
      694.8352575346756,
      311.25327553476126,
      330.2398493933167,
      442.85144545812074,
      395.0350754745073,
      531.4487610045373,
      308.70972773798695,
      483.48251015157996,
      516.8786999460926,
      312.97273523580276,
      301.570595256602,
      295.7708004700289,
      345.95816477673867,
      408.09884696391487,
      292.26846274509995,
      344.08596140781833,
      300.82780268031405,
      445.56429192497615,
      458.5762190203335,
      358.37133324261606,
      224.84115532146043,
      335.3884045520465,
      398.7537842752944,
      433.96979266757614,
      266.8573955041013,
      497.70682265607144,
      490.7541034983148,
      368.9771905600705
    ],
    "MBRE": [
      3.412203696723423,
      3.554629001915401,
      8.540444836688305,
      2.817889183942277,
      2.75560369089307,
      4.190421650331968,
      3.149026185733313,
      4.817357692030069,
      -41.1265421070315,
      4.908881132576797,
      4.942286216579282,
      3.6733370449921905,
      3.0336048347139406,
      2.5184454591180536,
      3.3297481190075158,
      72.56072564459284,
      3.0074163553619253,
      2.5968225255651576,
      2.5866291094590412,
      2.6395177292149503,
      4.248864855950622,
      3.7620461674807872,
      1.2600684850955866,
      2.237281589287806,
      3.513878143449845,
      2.7835871336213,
      2.999666456973952,
      4.834582631889885,
      4.933254902278567,
      3.424452120295218
    ],
    "MIBRE": [
      0.9839127537579974,
      0.8989379759093653,
      0.8907369544083718,
      0.936814261773573,
      0.9550753672323904,
      0.9840855375691191,
      1.1587103386705548,
      1.0990436554497405,
      1.1249462086063358,
      0.6451661603769258,
      0.8555673245732643,
      0.6517222375905474,
      0.7463667240534219,
      0.8560233919067277,
      0.8875017958045727,
      0.761012327718322,
      0.8943285018543189,
      1.1917267251484485,
      0.9241779657092556,
      1.174908183114707,
      0.8338841622476583,
      1.048160793498873,
      0.9893354104024101,
      1.0464679446332978,
      1.1763243930051979,
      0.9481868856318174,
      0.7299748103563025,
      0.7070948590847996,
      1.3421889587175941,
      0.7685648989212267
    ]
  },
  "Mean_MAE": 6.449046001384874,
  "Mean_MRE": 386.2775613862046,
  "Mean_MBRE": 4.396871016291054,
  "Mean_MIBRE": 0.940364916924238,
  "Median_MAE": 6.433318629357854,
  "Median_MRE": 363.67426190134324,
  "Median_MBRE": 3.3709759078654695,
  "Median_MIBRE": 0.9304961137414143,
  "Runs": [
    {},
    {},
    {},
    {},
    {},
    {},
    {},
    {},
    {},
    {},
    {},
    {},
    {},
    {},
    {},
    {},
    {},
    {},
    {},
    {},
    {},
    {},
    {},
    {},
    {},
    {},
    {},
    {},
    {},
    {}
  ]
}