{
  "Metrics": {
    "MAE": [
      4.995335713422477,
      4.204235965465044,
      4.052192907589938,
      4.261740598750192,
      4.147806753875294,
      4.473234428974668,
      4.071005354589478,
      4.843851554170924,
      4.403112552018931,
      4.3513042798897645,
      4.367988006047272,
      4.879233799495511,
      4.378308268129967,
      4.3794292657484455,
      4.758359971890652,
      4.660729689876125,
      4.455952588432186,
      3.9022043189008606,
      4.402855811632944,
      4.060452089942481,
      4.44449799060203,
      4.52425382253574,
      4.596500092868747,
      4.8509200582242515,
      4.122044165710832,
      4.442919940554925,
      5.000016244458256,
      3.822195928986485,
      4.396053068909781,
      4.269135514651351
    ],
    "MRE": [
      239.96210358803188,
      240.79759878489412,
      279.39021584080604,
      235.17910948128042,
      247.21053454239993,
      312.570346858146,
      299.1857083678528,
      353.77706200585834,
      244.9959326653056,
      261.59066449789646,
      245.75986298114256,
      193.98058084250613,
      151.1475537867171,
      299.5357103583442,
      177.2110657042272,
      273.05585105755273,
      218.0025398692293,
      224.45222872933127,
      345.52533182680185,
      278.016431807242,
      297.29447989642864,
      203.64519520902894,
      270.8102778254772,
      229.77641475226397,
      216.83697379423452,
      257.9748368013804,
      209.6987127181542,
      242.79293178547516,
      242.6643818875699,
      241.60689083562625
    ],
    "MBRE": [
      1.676736467809453,
      2.310194611038301,
      1.4268902727654618,
      0.5695316026127741,
      1.6434573418473801,
      1.3424285020981004,
      1.4063320406984714,
      1.9967217211230308,
      -1.057152976543593,
      2.6921062234269546,
      1.9507129646849997,
      1.6399642261402385,
      1.3188361868577738,
      2.1187701444393143,
      1.1245175241522358,
      1.5165698888417645,
      1.8679718446298936,
      0.38829798034295565,
      1.641342818424162,
      0.0828888990782053,
      2.310556026249652,
      2.4015761526251076,
      0.922317529413717,
      1.4650453156424872,
      0.7946248523285702,
      0.9142267640993245,
      1.7428114507878136,
      0.8485633471222693,
      1.929118919567532,
      1.203284106019342
    ],
    "MIBRE": [
      1.07322876400336,
      1.375761601368922,
      1.4981625679938555,
      1.5776591190014448,
      0.8927279656813477,
      1.9006400404960782,
      1.7735847514871632,
      1.6767847265554985,
      1.7322975177652855,
      0.7199712777299649,
      0.847294597255691,
      0.7335746452193919,
      0.8388053134451586,
      1.0208212679836053,
      0.8747058068548331,
      1.3308956116896342,
      1.0437608711690916,
      1.644178400708659,
      2.51850933905718,
      1.838276991199669,
      0.9888782851251839,
      0.8555777341800272,
      1.817954188448475,
      1.0911761244907703,
      1.3463926853330161,
      1.7659674369967926,
      0.7562402878130474,
      0.9548203719520508,
      1.0299945577802032,
      1.5111135701017104
    ]
  },
  "Mean_MAE": 4.417262358211518,
  "Mean_MRE": 251.1482509700402,
  "Mean_MBRE": 1.4063080916107895,
  "Mean_MIBRE": 1.3009918806295708,
  "Median_MAE": 4.399454440271363,
  "Median_MRE": 243.89443222539037,
  "Median_MBRE": 1.4908076022421257,
  "Median_MIBRE": 1.2110358680902022,
  "Runs": [
    {},
    {},
    {},
    {},
    {},
    {},
    {},
    {},
    {},
    {},
    {},
    {},
    {},
    {},
    {},
    {},
    {},
    {},
    {},
    {},
    {},
    {},
    {},
    {},
    {},
    {},
    {},
    {},
    {},
    {}
  ]
}