{
  "Metrics": {
    "MAE": [
      6.1035856800155885,
      6.2197379490207805,
      7.788566478684277,
      5.803107284565825,
      5.18484029228916,
      6.117942682987264,
      5.942263230082949,
      5.989899696971672,
      5.2704339492256995,
      6.798341936702956,
      6.328017368202922,
      6.74844259328868,
      5.059695252217804,
      5.4777792337285796,
      6.662701967981634,
      6.501622937597827,
      6.447121750185575,
      6.038121224640401,
      6.680529397777043,
      6.549962441276289,
      7.6134283037470984,
      6.486263498664138,
      4.601819777058311,
      6.3201627222328804,
      7.023555745218964,
      7.332922322931034,
      5.997593760665957,
      5.731096896498038,
      7.072109327604491,
      6.809379625425866
    ],
    "MRE": [
      264.52957822951714,
      409.28551642719134,
      621.3877652828978,
      299.7120776924711,
      289.8944034630441,
      316.9529374249031,
      385.68670167734086,
      380.5876303607822,
      220.6076280201765,
      451.1265079123251,
      385.5134977159854,
      324.14574503715914,
      197.33070449576476,
      377.89341504239485,
      275.7868170617417,
      424.5057215953761,
      281.34790767369367,
      274.9631611771874,
      410.5134622198206,
      366.88704329155644,
      600.1958588495218,
      329.89085226227706,
      201.67385668452943,
      288.25825548761685,
      326.3446796018417,
      364.0662560183303,
      284.9881036605856,
      383.88934548398106,
      382.6634977832023,
      402.67639657204296
    ],
    "MBRE": [
      2.877645937721808,
      4.078423065905245,
      6.23387570543603,
      3.0459973035612826,
      3.0193175682678994,
      3.191828223204917,
      3.7605313059540686,
      3.8848302028265116,
      2.273945887770857,
      4.640741933610322,
      3.8796379114867925,
      3.594391689439113,
      2.14260790714823,
      3.8651055733178317,
      3.1949041286615745,
      4.443025311246223,
      3.0563887382854444,
      2.810638833060105,
      4.253218702947265,
      3.9557660437377575,
      6.076189841124666,
      -34.23874331983122,
      2.0989835588683046,
      3.220948570673881,
      3.6062178142236156,
      4.345389431488699,
      3.0471969723534533,
      3.9157532276157547,
      4.095024886454913,
      4.254040907790903
    ],
    "MIBRE": [
      0.5862916726925225,
      0.6066925522051231,
      0.6471937695899541,
      0.5882773007042087,
      0.5623474478544382,
      0.6165398012550405,
      0.6054147806254502,
      0.6008783887300257,
      0.5686480936279823,
      0.6126482678908882,
      0.6110920785006813,
      0.6252484307018407,
      0.5275647708466487,
      0.5716030071120659,
      0.6232378371695854,
      0.5892906804076938,
      0.6143415237396654,
      0.6414491673856872,
      0.6242882500368424,
      0.6445362414900649,
      0.6360282846326711,
      0.6186954309837951,
      0.5166523995864482,
      0.5993551074606864,
      0.6872872969038949,
      0.6906314708412222,
      0.5914618501582009,
      0.585449575439532,
      0.658171879119715,
      0.6170400065025059
    ]
  },
  "Mean_MAE": 6.290034844249657,
  "Mean_MRE": 350.7768441401753,
  "Mean_MBRE": 2.4207941288117416,
  "Mean_MIBRE": 0.6089452454731693,
  "Median_MAE": 6.324090045217901,
  "Median_MRE": 346.9785541403037,
  "Median_MBRE": 3.683374560088842,
  "Median_MIBRE": 0.6118701731957847,
  "Runs": [
    {},
    {},
    {},
    {},
    {},
    {},
    {},
    {},
    {},
    {},
    {},
    {},
    {},
    {},
    {},
    {},
    {},
    {},
    {},
    {},
    {},
    {},
    {},
    {},
    {},
    {},
    {},
    {},
    {},
    {}
  ]
}