{
  "Metrics": {
    "MAE": [
      8.011858976293992,
      6.778464680123497,
      6.425669736150449,
      3.5582810712491577,
      4.419299543904794,
      5.966615273842002,
      6.396164785094529,
      3.523466108781524,
      4.932273390765669,
      5.530448358939149,
      5.758855675755503,
      6.465635294164876,
      4.301713469867277,
      4.876467291811455,
      6.207938760318394,
      7.936182608651429,
      5.882749349374594,
      5.207115578030197,
      5.747817690159743,
      3.439898175520146,
      8.745490317210074,
      4.989409467375678,
      3.9880570906291832,
      6.884710555321444,
      6.263410306396304,
      7.172353105464698,
      6.01744459215766,
      6.068084054683306,
      6.492140048788504,
      6.523074574997901
    ],
    "MRE": [
      342.3643354058015,
      390.39368073241053,
      407.1813553589916,
      87.71446695218464,
      208.48095941661094,
      233.97424523279287,
      480.68624618828187,
      175.03063987347628,
      177.98689949900174,
      301.3648955563749,
      303.36221925869245,
      255.1281852320282,
      147.5465636770616,
      307.4537356295433,
      183.90448321318325,
      519.4854707863661,
      179.84314455515135,
      172.23043304461777,
      218.93494409465805,
      171.55183032442827,
      708.3257384313281,
      124.6480074976808,
      111.81984209876117,
      352.9698715071621,
      222.40571056515245,
      296.524756596911,
      234.5289201279532,
      387.32121590569244,
      252.7602829384602,
      385.4707271702147
    ],
    "MBRE": [
      7.524074505880097,
      4.3492202024916615,
      4.904188089546812,
      0.5084759844013802,
      2.201319346206655,
      2.709569093737107,
      5.069477494906849,
      2.1694916245784275,
      1.812467540114127,
      3.1292253418339135,
      3.0488243705611495,
      3.0206997101647124,
      1.6212734430963698,
      3.149446681303728,
      2.809679496917861,
      6.1002642611801425,
      2.236992477908365,
      2.0923454956269194,
      1.5363618181025371,
      2.126077545095079,
      7.568166855573703,
      1.453490668309575,
      1.1416421455607129,
      4.343492720428603,
      4.452328063435127,
      4.444161746510004,
      2.7006747369882103,
      4.485408072662736,
      3.167001953679952,
      4.707346268613635
    ],
    "MIBRE": [
      0.6394663043428296,
      0.6082203855911933,
      0.5678096275266231,
      0.46430334703685927,
      0.4563509978990141,
      0.5540379781940789,
      0.637115370510396,
      0.41082891360620627,
      0.5260706021235687,
      0.5234474272284902,
      0.5512943089152754,
      0.5500055771646419,
      0.4205612194176754,
      0.5084140340312473,
      0.5496961203531797,
      0.628907055590269,
      0.6586120526698211,
      0.49173767736675233,
      0.6848918793731474,
      0.4565332046516676,
      0.6316863114850357,
      0.4436841332900931,
      0.45643839353721,
      0.5607126882287262,
      0.6291285060945566,
      0.6292708779489187,
      0.5395930231602974,
      0.5749761598430659,
      0.6110448914577408,
      0.5611529487080975
    ]
  },
  "Mean_MAE": 5.817036331060772,
  "Mean_MRE": 278.04646022903245,
  "Mean_MBRE": 3.3527729251805383,
  "Mean_MIBRE": 0.5508664005782226,
  "Median_MAE": 5.992029932999831,
  "Median_MRE": 243.6446015332067,
  "Median_MBRE": 3.034762040362931,
  "Median_MIBRE": 0.5526661435546771,
  "Runs": [
    {},
    {},
    {},
    {},
    {},
    {},
    {},
    {},
    {},
    {},
    {},
    {},
    {},
    {},
    {},
    {},
    {},
    {},
    {},
    {},
    {},
    {},
    {},
    {},
    {},
    {},
    {},
    {},
    {},
    {}
  ]
}