{
  "Metrics": {
    "MAE": [
      54136.556392073435,
      55174.91247795106,
      56432.34667266681,
      52646.205204189704,
      51377.27157183359,
      49903.98300687664,
      50557.76094073577,
      48206.296000796574,
      49917.54101933717,
      54615.957653987854,
      51215.85180413823,
      59830.561852858955,
      58025.204760736815,
      51739.68932842124,
      50513.54763747476,
      57727.059400203834,
      50221.19630678989,
      49160.463161450694,
      47126.5317785026,
      57084.81280623565,
      49112.66271968358,
      56605.35221674645,
      47200.95653307324,
      50095.437853014824,
      49169.796977244696,
      48249.0752003332,
      52367.87327918206,
      47681.83101831427,
      51902.170635643764,
      49862.278847772504
    ],
    "MRE": [
      63.17312939175659,
      79.77335202265424,
      55.40680962203839,
      60.151704769716666,
      44.74086069088038,
      50.44437223765086,
      58.29891662589854,
      42.05657443931545,
      54.19249440048392,
      52.29959312686457,
      42.112123058469834,
      53.64837487208932,
      75.78884544639239,
      59.65045513494695,
      55.9888005073616,
      81.30238100443437,
      51.90740108434775,
      49.63315342821947,
      53.051317159772246,
      66.43648551228654,
      53.13020193023672,
      72.69789631626396,
      61.416795423547185,
      48.248222529154845,
      48.94380974470485,
      42.43754539275256,
      56.305471622621695,
      47.96497233317693,
      48.147863018455276,
      47.55384645457059
    ],
    "MBRE": [
      0.1741226823993511,
      0.31158713086643514,
      -3.2055078171657776,
      0.17271570578696943,
      -0.02586774250675444,
      10.119853612091621,
      0.3208831663675063,
      0.5465258872066849,
      -0.005604616286926173,
      0.6525447255952048,
      0.6150047817083507,
      -1.7200222243319214,
      5.7522171532313084,
      2.0966289917277323,
      0.44197045778400784,
      0.22349755756081185,
      4.786369339422212,
      0.875014764563303,
      -0.1063007159894388,
      -0.22279072834208666,
      1.6315865777633352,
      0.3958814141848564,
      7.952570533771382,
      -1.8321261477293527,
      0.4786936020803105,
      1.1099892961492421,
      0.41209137659319345,
      0.20283071551104082,
      0.08205544506497542,
      0.8249547300725175
    ],
    "MIBRE": [
      0.5874722988450467,
      0.7080662727466985,
      0.5084304954045168,
      0.5409900205888913,
      0.3945308934448432,
      0.4671038095408917,
      0.5473001818700463,
      0.3732750131979303,
      0.5038734877890706,
      0.47654132968080104,
      0.3827291666584003,
      0.49921542991854384,
      0.6893464844905882,
      0.5391126414992891,
      0.4993595816415987,
      0.7510168972739593,
      0.44946047452942,
      0.4643546598654503,
      0.4737420273318774,
      0.6059916402356917,
      0.47338702526010035,
      0.6720627065475386,
      0.5374160399933294,
      0.428914183706775,
      0.4665426938557224,
      0.3864605606984108,
      0.49306925528010265,
      0.4344829261695833,
      0.42578182557366023,
      0.4112597798884092
    ]
  },
  "Mean_MAE": 51928.706168608995,
  "Mean_MRE": 55.8967923100355,
  "Mean_MBRE": 1.1020456551716695,
  "Mean_MIBRE": 0.5063763267842395,
  "Median_MAE": 50886.806372437,
  "Median_MRE": 53.38928840116302,
  "Median_MBRE": 0.4039863953890249,
  "Median_MIBRE": 0.48480529248045184,
  "Runs": [
    {},
    {},
    {},
    {},
    {},
    {},
    {},
    {},
    {},
    {},
    {},
    {},
    {},
    {},
    {},
    {},
    {},
    {},
    {},
    {},
    {},
    {},
    {},
    {},
    {},
    {},
    {},
    {},
    {},
    {}
  ]
}