{
  "Metrics": {
    "MAE": [
      82133.05331488469,
      81675.35461960534,
      117030.97512765366,
      80149.3312116053,
      80409.73933491073,
      67949.30303681697,
      119843.75548904645,
      81722.23034841803,
      80214.37563834302,
      119326.9716988261,
      114262.39583408095,
      118498.80648163728,
      120538.38738668604,
      77522.78799107861,
      56576.26960892971,
      89433.09501094361,
      119443.45408592168,
      77567.90651958363,
      117185.66857422641,
      80801.00233533187,
      120620.11466597984,
      86688.93089925723,
      115102.03567827925,
      76640.33122765784,
      60366.62273566772,
      121443.23457275097,
      113304.14330274389,
      81310.21763759306,
      62324.97782645453,
      75461.01997143177
    ],
    "MRE": [
      57.4534010616075,
      47.020218575032956,
      73.1704983218128,
      58.59524889110913,
      35.18698429616912,
      56.03753502521284,
      56.443377242623306,
      40.770397971671116,
      62.31623446153497,
      78.957289511381,
      54.972418715081226,
      53.30099401576511,
      65.2650988174266,
      48.946539959152524,
      57.79084019225351,
      58.73244720340096,
      45.71255980818603,
      44.05494169065234,
      52.89247402342427,
      49.60949582657908,
      48.419152798365836,
      56.777748639781656,
      58.394063611540105,
      57.24437843945316,
      73.83484951504742,
      55.62596397507098,
      48.777843145307514,
      60.04756338848628,
      45.638378248527694,
      53.10720276576508
    ],
    "MBRE": [
      -21.7541552334174,
      -1.7582462224720758,
      6.625905252620963,
      4.231466745473829,
      1.4980777570293957,
      5.536167784631353,
      5.956290323797273,
      0.9675241923955955,
      3.0451069963287156,
      5.8084295926695,
      5.7140502187121704,
      6.3261606635414855,
      9.68881867388575,
      2.60487412662206,
      0.9068365024819433,
      4.682670387479471,
      4.435397497128822,
      0.8151256521988405,
      2.9558401821679254,
      59.363557069437555,
      5.745039272191768,
      -3.4726053990858716,
      5.396757129709358,
      -21.82536618526881,
      -40.417973231157745,
      5.141085201947438,
      3.239609644613224,
      4.947581294198724,
      3.4050009560497703,
      2.0394607530650406
    ],
    "MIBRE": [
      0.5150856174430145,
      0.40347735132713747,
      0.6301585606404915,
      0.5678312623558821,
      0.3451977524598146,
      0.5381981451230512,
      0.5365753745421522,
      0.39268625749803215,
      0.4805875797966269,
      0.7415912085947431,
      0.5330432894701884,
      0.505078602095394,
      0.6394908784762476,
      0.46783195173042535,
      0.5554109850811337,
      0.5621749678521086,
      0.44442607908334103,
      0.4110579489328513,
      0.5128849741534863,
      0.4786905930616857,
      0.4772348403448645,
      0.5516062132989061,
      0.5091764133982869,
      0.5074799228936987,
      0.7243395171570538,
      0.5537284197535249,
      0.4798961826507663,
      0.5944341072368999,
      0.43452227422254713,
      0.487449249243688
    ]
  },
  "Mean_MAE": 93184.88307221154,
  "Mean_MRE": 55.169871337914074,
  "Mean_MBRE": 2.394949586632536,
  "Mean_MIBRE": 0.5193782173306015,
  "Median_MAE": 81927.64183165136,
  "Median_MRE": 55.83174950014191,
  "Median_MBRE": 3.8182338507617994,
  "Median_MIBRE": 0.5110306937758866,
  "Runs": [
    {},
    {},
    {},
    {},
    {},
    {},
    {},
    {},
    {},
    {},
    {},
    {},
    {},
    {},
    {},
    {},
    {},
    {},
    {},
    {},
    {},
    {},
    {},
    {},
    {},
    {},
    {},
    {},
    {},
    {}
  ]
}