{
  "Metrics": {
    "MAE": [
      1076.1121863841356,
      1255.7707421688974,
      1191.6785982561798,
      1655.754764625695,
      1323.854918066239,
      1927.9940823843565,
      1645.1799103858423,
      1503.997118464838,
      1830.237116741491,
      1783.3119275421761,
      1665.920244073968,
      1992.3234102304878,
      1478.6393129455998,
      1657.2449533782087,
      1675.0183383846945,
      2025.652730286893,
      1934.3643577186408,
      1125.6267301187681,
      1293.3475221748974,
      1661.0676810756793,
      1476.2890380877043,
      1541.181497365445,
      1683.6934968485643,
      1803.3684692288589,
      1603.434929754609,
      1177.1436362711393,
      1762.3948059733723,
      1481.4272108694347,
      1670.386180115419,
      1608.0875914999829
    ],
    "MRE": [
      8.206950835031433,
      11.239958593106152,
      10.600996259192945,
      13.909678675243029,
      12.129560719403878,
      16.91332860656257,
      14.037871189616752,
      13.4542075677648,
      15.779748210371421,
      15.059236901106432,
      15.569692912869309,
      18.1778585724454,
      12.631659563975898,
      13.663784702617676,
      15.383805894241148,
      18.317488168802136,
      16.569068206949495,
      9.986547319763282,
      11.173801283017722,
      13.157734471859381,
      13.302634388438767,
      13.947777584949964,
      14.035157667216458,
      15.892333991245403,
      13.769731179564044,
      10.761289743948588,
      16.26970241112267,
      12.650564340783221,
      15.562628561321665,
      14.222600244016148
    ],
    "MBRE": [
      0.09832177520555858,
      0.12671766553412084,
      0.12071743086817542,
      0.17242489032603495,
      0.1341215142599345,
      0.20737471250936163,
      0.17208784848305447,
      0.15513944395560458,
      0.1920864388876773,
      0.18495519222645798,
      0.17849344623796198,
      0.21227357043363485,
      0.14776818138075742,
      0.16790203823430305,
      0.1781938174273806,
      0.21693728502907866,
      0.2009676980450068,
      0.11189872705965541,
      0.13077705410870497,
      0.16749540697255388,
      0.1535186115119513,
      0.16217542054284068,
      0.1708951209901521,
      0.1912902419437112,
      0.16631378482339482,
      0.12228994367831007,
      0.18852254976656638,
      0.15204253689719707,
      0.17866630663634298,
      0.16527468953135988
    ],
    "MIBRE": [
      0.07509180426448575,
      0.09796557869488004,
      0.09399948862796786,
      0.12133462717825194,
      0.10649419332048816,
      0.14143855544794298,
      0.12119447057507769,
      0.11652607835699735,
      0.13646109922328406,
      0.13074783845654525,
      0.13040607973161109,
      0.14992496219824172,
      0.1119798866433986,
      0.12096024878026775,
      0.13068280713912664,
      0.152715767302062,
      0.14389665262104698,
      0.0879324347720761,
      0.09749795680873609,
      0.11661848457927548,
      0.11516154949240688,
      0.11956695907872933,
      0.12350166330493546,
      0.135348020746404,
      0.12097991790484397,
      0.09335857312062423,
      0.13703542499556104,
      0.11247377865902795,
      0.13030668762565076,
      0.12350491063048906
    ]
  },
  "Mean_MAE": 1583.6834500474072,
  "Mean_MRE": 13.879246625551591,
  "Mean_MBRE": 0.1642547781168948,
  "Mean_MIBRE": 0.1198368833426812,
  "Median_MAE": 1650.4673375057687,
  "Median_MRE": 13.928728130096497,
  "Median_MBRE": 0.16769872260342847,
  "Median_MIBRE": 0.12108719423996084,
  "Runs": [
    {},
    {},
    {},
    {},
    {},
    {},
    {},
    {},
    {},
    {},
    {},
    {},
    {},
    {},
    {},
    {},
    {},
    {},
    {},
    {},
    {},
    {},
    {},
    {},
    {},
    {},
    {},
    {},
    {},
    {}
  ]
}