{
  "Metrics": {
    "MAE": [
      1793.9129018981566,
      2013.5128423074937,
      1799.5835903697434,
      1903.8144182410617,
      1818.8389769932435,
      1761.426183285635,
      1904.7051947560649,
      1618.6645387759238,
      1535.7449360888627,
      2020.6290573774374,
      1753.107858138818,
      1845.0277561988196,
      1972.2908756412264,
      1898.6424778307455,
      1755.5829621339901,
      1983.6368845113543,
      1671.2950922175696,
      1727.2310819003287,
      1863.006657037477,
      1952.60513842889,
      1767.4962304596784,
      1767.4152756397998,
      1902.4073519386973,
      1689.5541687349642,
      1345.3997324580992,
      1786.1959553956053,
      1722.011930578186,
      1609.2289984032682,
      1572.968220362128,
      1770.112508474194
    ],
    "MRE": [
      14.85085721908169,
      18.78210021030086,
      16.491563368962716,
      16.9755031523262,
      16.77618354168136,
      14.995132791302925,
      16.481532334450502,
      14.817905796258504,
      13.364370006518559,
      17.461131266425603,
      16.573781820069023,
      16.70149970824273,
      17.382791272376448,
      16.151689155819994,
      16.212570547174526,
      18.09806586927243,
      14.072544421797891,
      15.618041398046397,
      16.7180353108976,
      16.055829973384387,
      16.467465439078378,
      16.22062566850602,
      16.30750556933264,
      14.787854649844398,
      11.94355634331923,
      16.517087266046822,
      16.274871963778562,
      14.209475744148707,
      14.379526894201543,
      15.97892853510058
    ],
    "MBRE": [
      0.18725014461506853,
      0.21879978672714995,
      0.1918377384069054,
      0.2066853452049536,
      0.19505572948767153,
      0.18556408676564928,
      0.20522443379719005,
      0.17160296823071236,
      0.1614469726206374,
      0.2158130892550192,
      0.19336501981163315,
      0.1961307172847758,
      0.21182727784612176,
      0.1999751715288509,
      0.18579694682095868,
      0.21466950716265246,
      0.17149210509867807,
      0.18610772204269382,
      0.20020816330980223,
      0.20588142932135883,
      0.19166260557664916,
      0.19003756857315038,
      0.1987998179648483,
      0.17810070080655516,
      0.1353035524122567,
      0.1914027326653104,
      0.18576983426218777,
      0.1675863516184997,
      0.1665231130919047,
      0.18629852661272361
    ],
    "MIBRE": [
      0.12884749840962048,
      0.15347021636839545,
      0.1386316797907311,
      0.14053965809185023,
      0.14090383072035464,
      0.12868628939383447,
      0.13956778520818694,
      0.12526825507056355,
      0.11407549213956038,
      0.14802461197671957,
      0.1355687309586829,
      0.14059765877925828,
      0.1464334661181752,
      0.1389322676914627,
      0.1364498887661815,
      0.14947524218436992,
      0.12367944169643078,
      0.1322301031116455,
      0.13998413782584201,
      0.13872563946746963,
      0.13782264532173633,
      0.13630210365010884,
      0.13924777681787612,
      0.1257692672365725,
      0.10507498106361343,
      0.13897552488380868,
      0.13558709235688612,
      0.12352664795613069,
      0.12346686054928023,
      0.1365210668078743
    ]
  },
  "Mean_MAE": 1784.2016598859152,
  "Mean_MRE": 15.922267574591574,
  "Mean_MBRE": 0.18987397196408565,
  "Mean_MIBRE": 0.13474619534710744,
  "Median_MAE": 1778.1542319348996,
  "Median_MRE": 16.24774881614229,
  "Median_MBRE": 0.19153266912097977,
  "Median_MIBRE": 0.1371718560648053,
  "Runs": [
    {},
    {},
    {},
    {},
    {},
    {},
    {},
    {},
    {},
    {},
    {},
    {},
    {},
    {},
    {},
    {},
    {},
    {},
    {},
    {},
    {},
    {},
    {},
    {},
    {},
    {},
    {},
    {},
    {},
    {}
  ]
}