{
  "Metrics": {
    "MAE": [
      1618.0029240704278,
      1556.3827033587406,
      1761.746116625033,
      1647.6751836060557,
      1822.2153987707973,
      1810.930322083883,
      1884.9032513092814,
      1690.0337260144734,
      1831.5650453881983,
      1805.857805092616,
      1719.2165586236563,
      1704.3054062601807,
      1548.9632709864497,
      1660.981724446285,
      1725.784735527116,
      1914.14422844735,
      1894.66473227733,
      1497.6734172813283,
      1349.6088654708299,
      1750.225427746615,
      1602.3630530375983,
      1759.2675075907002,
      1942.705218193988,
      1599.154092202384,
      1780.4050731297207,
      1541.356807159614,
      1656.6936803830624,
      1627.7903695666812,
      1700.7286099131472,
      1451.1680821288944
    ],
    "MRE": [
      13.0209319775508,
      14.22100408727735,
      15.930199934691212,
      14.079718729950525,
      16.844008911238763,
      15.83662048826352,
      16.451161869986652,
      15.245891580335641,
      16.29639136984415,
      15.32764879451903,
      16.017579132419787,
      15.183889173899829,
      13.41312363171943,
      13.875490368474,
      16.117015482562174,
      17.350828404314726,
      16.25745125447268,
      13.43485780441859,
      11.848823893111742,
      14.032997466054187,
      14.713383007034036,
      16.141950688204687,
      16.564335672034602,
      13.943182996089194,
      15.626459826581963,
      14.426894322273643,
      15.510425238530544,
      14.34392258067477,
      15.876761596089214,
      12.923022000655553
    ],
    "MBRE": [
      0.16592031591507714,
      0.16337567591099916,
      0.18870463204840485,
      0.1754508634940767,
      0.19859720368737188,
      0.19305653090029415,
      0.20125092695306263,
      0.18120048745070874,
      0.1955653230139205,
      0.19021622416139602,
      0.18571512144139182,
      0.18176889559707923,
      0.15803694859536202,
      0.1718333338325913,
      0.18636579536899806,
      0.20699594558630421,
      0.1989573162276302,
      0.15621207921701685,
      0.13674347525684769,
      0.1811975174531597,
      0.17034342497644955,
      0.18912586903473722,
      0.20740095988474933,
      0.16755974622469222,
      0.1891013604015727,
      0.16723076284184624,
      0.17726240267887394,
      0.17223481812212393,
      0.1846989358268091,
      0.1486059638009877
    ],
    "MIBRE": [
      0.11465549432497756,
      0.12071287639665215,
      0.1351146876605671,
      0.12056665548976832,
      0.13950114046063067,
      0.13322248265184378,
      0.13920682601585635,
      0.12923879858416112,
      0.13676875640860592,
      0.13105799461428294,
      0.1345757527566047,
      0.1282408233798954,
      0.1167332226160399,
      0.12065752838951047,
      0.1343346099944219,
      0.14427569516636862,
      0.13979963836236614,
      0.11673518127077008,
      0.10294317111797495,
      0.12245158728066478,
      0.12474740642232537,
      0.13561492532020192,
      0.14098889611717247,
      0.11986899275858785,
      0.13397942159678813,
      0.1199661629537595,
      0.13097782131776733,
      0.1232453086805954,
      0.13194784075113206,
      0.11168245673581276
    ]
  },
  "Mean_MAE": 1695.2171112230815,
  "Mean_MRE": 15.028532409442436,
  "Mean_MBRE": 0.17969096186348446,
  "Mean_MIBRE": 0.12779373851987022,
  "Median_MAE": 1702.517008086664,
  "Median_MRE": 15.286770187427337,
  "Median_MBRE": 0.181484691523894,
  "Median_MIBRE": 0.13010830995096423,
  "Runs": [
    {},
    {},
    {},
    {},
    {},
    {},
    {},
    {},
    {},
    {},
    {},
    {},
    {},
    {},
    {},
    {},
    {},
    {},
    {},
    {},
    {},
    {},
    {},
    {},
    {},
    {},
    {},
    {},
    {},
    {}
  ]
}