{
  "Metrics": {
    "MAE": [
      1627.7931675655802,
      1646.6652284252343,
      1646.8820982125842,
      1600.2692243732276,
      1577.6837555854336,
      1512.5684096732837,
      1698.7594323190403,
      1486.0871771350694,
      1603.3870649666917,
      1689.6711219114216,
      1402.1513941155094,
      1589.503222260856,
      1576.9532413659851,
      1766.914291702366,
      1470.4600608535302,
      1667.8304679384598,
      1659.660150437412,
      1457.9295400089527,
      1530.5324959446357,
      1915.233660390907,
      1567.9788528181214,
      1512.409288537628,
      1560.399727541517,
      1451.561271900501,
      1630.7897042342981,
      1414.1746714765416,
      1494.6711041842805,
      1512.3886282090484,
      1400.1033781146828,
      1566.7210665254477
    ],
    "MRE": [
      12.890079176770453,
      14.358782331950865,
      14.28788720968196,
      13.267579771716479,
      13.81464853999762,
      12.246345505442894,
      14.04622247933256,
      12.946098056474389,
      13.541075337397146,
      13.741091367415779,
      12.264388590995509,
      13.63154821887641,
      13.195307214708544,
      14.475152501997602,
      12.919575766836166,
      14.31310606739323,
      13.55737125115276,
      12.518456287280355,
      12.97597139574128,
      15.499123907306235,
      14.084157547301107,
      13.112003881938028,
      12.396128001164682,
      12.107518189318652,
      13.809853089260853,
      12.591926244715456,
      13.313217624332143,
      12.87785408811876,
      12.284711952614707,
      13.57430624929617
    ],
    "MBRE": [
      0.16713218051232093,
      0.17606498924185965,
      0.17492715916742102,
      0.17022580602273205,
      0.16722846976191721,
      0.15821784393655208,
      0.180069227083087,
      0.15692105887807573,
      0.1692304093691916,
      0.1751469847997987,
      0.1480481015909022,
      0.16701204444571835,
      0.162285494460829,
      0.18647487865787493,
      0.15632066269379363,
      0.17551572741665458,
      0.17308858058002144,
      0.15367977759790233,
      0.16092093726497744,
      0.20026843908099615,
      0.16745874894373802,
      0.158190396556266,
      0.15824788268423853,
      0.15019387474499976,
      0.16912529800945247,
      0.15023610087302605,
      0.15977525301026863,
      0.15641359938769572,
      0.14610814202832265,
      0.16355530388753267
    ],
    "MIBRE": [
      0.11547513637517325,
      0.12420069893613563,
      0.1256279678254514,
      0.11610762697514192,
      0.12044082830688052,
      0.1079014578104693,
      0.12321604136928907,
      0.11295336058606809,
      0.11810545443291938,
      0.12173738818756656,
      0.10845544101952222,
      0.11895989836159492,
      0.11612513995362012,
      0.12704179302375876,
      0.11320849906927269,
      0.12557112932793263,
      0.12011927610924182,
      0.11058006184827097,
      0.1132998831995749,
      0.13610319511164734,
      0.12221992457807843,
      0.11617573572945271,
      0.1118082081792859,
      0.10665496122564425,
      0.12283665125805833,
      0.109700566484525,
      0.11609246153150958,
      0.11481171784459114,
      0.1084489274603293,
      0.1188471210058403
    ]
  },
  "Mean_MAE": 1574.604429957608,
  "Mean_MRE": 13.354716261550958,
  "Mean_MBRE": 0.16526944575627223,
  "Mean_MIBRE": 0.11742755177089491,
  "Median_MAE": 1572.4660470920533,
  "Median_MRE": 13.290398698024312,
  "Median_MBRE": 0.1652836741666255,
  "Median_MIBRE": 0.11615043784153642,
  "Runs": [
    {},
    {},
    {},
    {},
    {},
    {},
    {},
    {},
    {},
    {},
    {},
    {},
    {},
    {},
    {},
    {},
    {},
    {},
    {},
    {},
    {},
    {},
    {},
    {},
    {},
    {},
    {},
    {},
    {},
    {}
  ]
}