{
  "Metrics": {
    "MAE": [
      1597.6763251417615,
      1660.1844699981973,
      1616.139175284032,
      1648.4048937964644,
      1610.640879448012,
      1517.5325246712725,
      1711.916204790937,
      1521.2496193338477,
      1611.8498038418034,
      1710.7163762775076,
      1413.2003428826367,
      1618.1274687463756,
      1579.9150142924746,
      1832.347264839147,
      1410.4617867678926,
      1634.997907016133,
      1688.3154633835045,
      1401.0108200719262,
      1487.5106963016563,
      1905.8294701842328,
      1691.563451402234,
      1575.0938821413874,
      1647.0713455059865,
      1422.3556060780156,
      1567.0300331405306,
      1378.8322683353665,
      1549.6377038328399,
      1525.384748593129,
      1410.820817172772,
      1619.7694032097668
    ],
    "MRE": [
      12.516568425351023,
      14.628166507810148,
      13.937208940261389,
      13.648777099548315,
      14.194360741303907,
      12.336303426664069,
      14.166664314287768,
      13.284489115435536,
      13.616267621941477,
      13.915165494753868,
      12.356034769377239,
      13.870754610975602,
      13.230663833831773,
      15.070256786908578,
      12.332480240701168,
      13.911312508685109,
      13.93030041362667,
      12.021240132035262,
      12.526611587111583,
      15.394911467580716,
      15.222024040736521,
      13.774312920399565,
      13.257620502277453,
      11.78810322732901,
      13.193286242216704,
      12.241554938597503,
      13.926448168613788,
      13.09659728684078,
      12.425891839337641,
      13.971543031572885
    ],
    "MBRE": [
      0.1646428889357209,
      0.1762562711171937,
      0.17171007384628686,
      0.17877344172736737,
      0.17021077810421265,
      0.1578138639307493,
      0.18179770528471845,
      0.16145819936725306,
      0.17135666709657082,
      0.17724321204847215,
      0.1492344497757657,
      0.17101518315434772,
      0.16251752851947412,
      0.1955170321156278,
      0.14785268668546614,
      0.1724011815848012,
      0.17569758972999544,
      0.14587815941268228,
      0.15518745557981053,
      0.19874559398077257,
      0.18385177924182688,
      0.16641818488393614,
      0.17013473253842204,
      0.1453078935537876,
      0.1609892217784533,
      0.14551178546466378,
      0.16713660730682983,
      0.1572380637600741,
      0.14692420713886664,
      0.17040176827168427
    ],
    "MIBRE": [
      0.11226918472951176,
      0.1263122606057056,
      0.12288424809663558,
      0.1186531034197718,
      0.12381364003439119,
      0.10893485956275269,
      0.12422403087674729,
      0.11553648058007973,
      0.11817840859128126,
      0.12352236198351463,
      0.10939858656145941,
      0.12083850972240145,
      0.11632482461779102,
      0.13186433205154557,
      0.109092846093193,
      0.12225854248421425,
      0.12304179884924878,
      0.10670225026482677,
      0.11009003403520277,
      0.13545214502464303,
      0.13124046327059705,
      0.12091634875058577,
      0.1181092350905616,
      0.10506441438444668,
      0.11815449679824383,
      0.10710307727582487,
      0.12022612241195413,
      0.11664344255604082,
      0.10964680135447288,
      0.12249487544949052
    ]
  },
  "Mean_MAE": 1585.519525549395,
  "Mean_MRE": 13.4595306745371,
  "Mean_MBRE": 0.16664080686452776,
  "Mean_MIBRE": 0.11829972418423786,
  "Median_MAE": 1604.1586022948868,
  "Median_MRE": 13.632522360744897,
  "Median_MBRE": 0.16863566992262594,
  "Median_MIBRE": 0.11841575600552653,
  "Runs": [
    {},
    {},
    {},
    {},
    {},
    {},
    {},
    {},
    {},
    {},
    {},
    {},
    {},
    {},
    {},
    {},
    {},
    {},
    {},
    {},
    {},
    {},
    {},
    {},
    {},
    {},
    {},
    {},
    {},
    {}
  ]
}