{
  "Metrics": {
    "MAE": [
      1746.2653470096934,
      1834.0924406594872,
      1741.6002010010236,
      1505.440955759177,
      1601.0925415403917,
      1993.269039293851,
      1931.048810632694,
      1757.772735084027,
      1583.1733246768142,
      1962.0637673620631,
      1852.5353315305476,
      1717.8210532967323,
      1670.6135817086517,
      1818.4402323286238,
      1777.3503178530977,
      1873.7368273102686,
      1968.6922998399857,
      1637.0013527882872,
      1602.6240983584357,
      1620.0438135573754,
      1606.1105044939484,
      1617.1128647443888,
      2000.396937402322,
      1827.8973073342001,
      1680.2858238249705,
      1421.968526150773,
      1759.1872273730505,
      1754.782228091285,
      1838.2008857106866,
      1891.1366819900675
    ],
    "MRE": [
      13.992901333942442,
      16.313375575778117,
      15.247442871950781,
      12.120747887093025,
      14.416136354530993,
      17.127197780616164,
      16.454481019507895,
      15.658354034031149,
      13.102352451350443,
      16.49125249956871,
      16.92162838428854,
      14.489891023367296,
      14.474102305590739,
      14.99291131173728,
      16.117071083762607,
      16.285841260318175,
      16.64403196662962,
      13.858655131801456,
      13.988653481117275,
      12.715532407580085,
      14.01512114887378,
      14.593623821583812,
      16.686175766352825,
      15.803855348868442,
      14.70607816711413,
      12.344703620058711,
      15.89866029185285,
      15.347505368167075,
      16.804720330699148,
      16.539172454483268
    ],
    "MBRE": [
      0.18317897928961474,
      0.20155190312861668,
      0.18942597170523703,
      0.16414233153093347,
      0.16920382255949198,
      0.2194537044885261,
      0.20840301004458653,
      0.19216947323614517,
      0.17268111914189918,
      0.21317227475240183,
      0.20587074823674867,
      0.18348864621397368,
      0.17223129353516073,
      0.19478077375433778,
      0.19409562008779102,
      0.20541636441075978,
      0.21261404882500015,
      0.17660909475434847,
      0.16770950264537254,
      0.16199387134137977,
      0.17347223448796908,
      0.16963341121024444,
      0.21756191474412837,
      0.19986078969457,
      0.17453849121635695,
      0.15396099292418483,
      0.1942721784521518,
      0.19072854206662174,
      0.20434408862792966,
      0.20700959641568167
    ],
    "MIBRE": [
      0.12419405941224937,
      0.13810631592941205,
      0.13190347093912586,
      0.10545350494086826,
      0.12395240976324891,
      0.14570739599137852,
      0.14221059457889326,
      0.1334372161649622,
      0.11319864930816664,
      0.14151388431218206,
      0.14331125934662,
      0.1280120672498319,
      0.12604972596076278,
      0.1307083546092081,
      0.13781162553279083,
      0.13963363862217765,
      0.1440848556369648,
      0.12460506698252931,
      0.1206879156324556,
      0.11405586380707311,
      0.12405842692868513,
      0.12737257804881918,
      0.14466951329056857,
      0.13508030208123847,
      0.12878946089568363,
      0.10824541002436111,
      0.13629561617960964,
      0.13158269086446617,
      0.14105921944934371,
      0.14255057210635022
    ]
  },
  "Mean_MAE": 1753.0585686235638,
  "Mean_MRE": 15.138405882753894,
  "Mean_MBRE": 0.18911915978407212,
  "Mean_MIBRE": 0.13094472215300093,
  "Median_MAE": 1756.277481587656,
  "Median_MRE": 15.29747412005893,
  "Median_MBRE": 0.19144900765138345,
  "Median_MIBRE": 0.131743080901796,
  "Runs": [
    {},
    {},
    {},
    {},
    {},
    {},
    {},
    {},
    {},
    {},
    {},
    {},
    {},
    {},
    {},
    {},
    {},
    {},
    {},
    {},
    {},
    {},
    {},
    {},
    {},
    {},
    {},
    {},
    {},
    {}
  ]
}