{
  "Metrics": {
    "MAE": [
      44.520876360461294,
      82.2639047309355,
      140.07294478578547,
      110.25695097474383,
      93.43042046556172,
      85.30407671701202,
      90.71471951518203,
      114.30246123406063,
      111.70770577030159,
      51.39192674335365,
      91.56700690183122,
      112.64619018113322,
      102.63263317242365,
      89.09598733763586,
      110.6834185065958,
      111.2669710593083,
      139.58697400486943,
      57.53298838392499,
      69.74821552541096,
      78.71253993893603,
      105.92355570841163,
      77.73984392501812,
      144.40986974719058,
      114.84912064029592,
      117.06643799550945,
      143.77213962911424,
      101.01434774882702,
      97.22790870954083,
      137.59749175347358,
      74.32231141769623
    ],
    "MRE": [
      9.415541796395251,
      21.979389255981566,
      34.95584050153997,
      28.633734796293485,
      23.964287574331493,
      21.3123688856373,
      20.66443273331673,
      30.592959320749507,
      24.118800554325038,
      10.753850611281322,
      21.046226942187758,
      23.460311542026698,
      24.037621976009028,
      20.106765262638067,
      31.986105559992374,
      27.706040600042286,
      36.61077207644365,
      13.820368881945935,
      17.20485273338399,
      21.47437873115717,
      28.06439087724752,
      16.90790562742757,
      36.95069972921261,
      28.859398639295915,
      25.299131611078447,
      36.673836404441374,
      25.789749392807398,
      21.388306833814063,
      31.419681393028288,
      17.721715935166156
    ],
    "MBRE": [
      0.10047476722802479,
      0.22852037964884644,
      0.406626391654972,
      0.31177337947961276,
      0.25562795430643276,
      0.23082239553610798,
      0.2263896957324592,
      0.3269616234971925,
      0.29608466318740456,
      0.11490502331012993,
      0.23078132117402123,
      0.2986847260972958,
      0.27295199247180113,
      0.21976969040571154,
      0.33056993687260716,
      0.3051959094895776,
      0.4020153793969694,
      0.14497406742428626,
      0.1793799507330618,
      0.22022161946529129,
      0.2988212041505503,
      0.19141774270850923,
      0.4186663268966879,
      0.31404973486197085,
      0.31387644048519836,
      0.41450402463510416,
      0.28111031569975004,
      0.2516139902027681,
      0.3927987679308149,
      0.19178500776749163
    ],
    "MIBRE": [
      0.08728458772686196,
      0.16924585118540503,
      0.2535195108324196,
      0.2130750444665993,
      0.1842020108290701,
      0.1712847852685313,
      0.17404873919397124,
      0.21831178750206592,
      0.20892817943877126,
      0.09804052953841376,
      0.17735014997105178,
      0.20862769880106846,
      0.19691940901720179,
      0.16902078400556964,
      0.21060455285472893,
      0.2161190538532642,
      0.25545328848568216,
      0.12016911980297207,
      0.14316861050820956,
      0.16427730250063335,
      0.20389434969644996,
      0.15080058022835446,
      0.26234219034071254,
      0.21875961485276868,
      0.2191045814024258,
      0.2621325817606061,
      0.19614658605102844,
      0.18484881231955178,
      0.2528673056223952,
      0.15143631113765418
    ]
  },
  "Mean_MAE": 100.0453979861515,
  "Mean_MRE": 24.430648892639933,
  "Mean_MBRE": 0.27237914741502167,
  "Mean_MIBRE": 0.1913994636398146,
  "Median_MAE": 101.82349046062534,
  "Median_MRE": 24.00095477517026,
  "Median_MBRE": 0.2770311540857756,
  "Median_MIBRE": 0.19653299753411513,
  "Runs": [
    {},
    {},
    {},
    {},
    {},
    {},
    {},
    {},
    {},
    {},
    {},
    {},
    {},
    {},
    {},
    {},
    {},
    {},
    {},
    {},
    {},
    {},
    {},
    {},
    {},
    {},
    {},
    {},
    {},
    {}
  ]
}