{
  "Metrics": {
    "MAE": [
      44.84288330811495,
      54.38969552520577,
      66.27247982609026,
      46.61853379067581,
      40.5861605876356,
      69.32091270850069,
      40.25905910386807,
      42.848098246446746,
      35.67643647822791,
      65.08278051016939,
      60.95231815501981,
      30.061191288491774,
      145.05748118223786,
      69.1158265693789,
      31.321511506107996,
      47.67783795025778,
      38.44476374466567,
      45.84050381368071,
      41.552049079680465,
      65.13911861342373,
      55.96647963659253,
      31.783064760359046,
      36.92784896742835,
      51.39317240442965,
      36.229760256123875,
      67.4164820439671,
      65.51172423655267,
      136.10377837205692,
      38.94725456132155,
      63.8384578999906
    ],
    "MRE": [
      9.09351808291713,
      11.722582141728893,
      16.234922159335284,
      9.790900084257313,
      8.214849740214959,
      14.449958703186706,
      9.198598658064165,
      9.08041715653622,
      7.562423297913366,
      15.96373884370582,
      12.193384907594952,
      5.821135084183233,
      35.94862701864327,
      13.696398180716443,
      6.7688510742710655,
      9.487339220137764,
      8.4460986359011,
      9.020114577508378,
      9.23250892888269,
      13.78398625225098,
      11.984094599094476,
      6.550571676339163,
      8.031581119795922,
      10.535240060104757,
      7.535703437739122,
      17.341028472903517,
      15.838814959689634,
      30.501768630724303,
      7.905722800507058,
      13.188714695805897
    ],
    "MBRE": [
      0.0978672147757175,
      0.12548496564445696,
      0.17618064218622287,
      0.10379812705265852,
      0.08793921231591971,
      0.16400986110794252,
      0.09614668226675062,
      0.09645445648708723,
      0.08013921187461152,
      0.17115655857319467,
      0.13523300644724512,
      0.06144719228825174,
      0.4221410515998495,
      0.15800752832075138,
      0.0719548548607284,
      0.10652105556377907,
      0.08850424757058466,
      0.09997637923138326,
      0.09763945076259316,
      0.15081080351523724,
      0.13246009855534768,
      0.07300042285269161,
      0.08575414028794641,
      0.11551108146947962,
      0.0801438431791702,
      0.18388980648603948,
      0.17274244938466177,
      0.399163755256963,
      0.08182419531681531,
      0.14875490553821843
    ],
    "MIBRE": [
      0.08499329602016792,
      0.10350192143608287,
      0.13285014108163284,
      0.08960351913729948,
      0.07708648755386016,
      0.12796018485214775,
      0.08132647264686599,
      0.08393771715781634,
      0.07151654558498353,
      0.13338042353594837,
      0.1090340883922529,
      0.055965323792925,
      0.25388576872496327,
      0.12566916370592623,
      0.06443861648075669,
      0.08949488996260724,
      0.07776489048008359,
      0.08538646476882643,
      0.08372318387447229,
      0.12234058784239758,
      0.10712221864368787,
      0.06366958589855011,
      0.07505662706988142,
      0.09724056439035265,
      0.07111813153502954,
      0.14063186138683748,
      0.13572329081409973,
      0.2480472330000003,
      0.07202404441541693,
      0.11736304759121323
    ]
  },
  "Mean_MAE": 55.50592217089008,
  "Mean_MRE": 12.17078644002179,
  "Mean_MBRE": 0.13548857335907663,
  "Mean_MIBRE": 0.10606187639256952,
  "Median_MAE": 47.1481858704668,
  "Median_MRE": 9.63911965219754,
  "Median_MBRE": 0.1051595913082188,
  "Median_MIBRE": 0.08954920454995335,
  "Runs": [
    {},
    {},
    {},
    {},
    {},
    {},
    {},
    {},
    {},
    {},
    {},
    {},
    {},
    {},
    {},
    {},
    {},
    {},
    {},
    {},
    {},
    {},
    {},
    {},
    {},
    {},
    {},
    {},
    {},
    {}
  ]
}