{
  "Metrics": {
    "MAE": [
      272.37721590274464,
      251.6171256933948,
      345.1296533351694,
      328.939132492224,
      376.76828840431705,
      386.8436725344943,
      238.39219138036177,
      399.85628800612744,
      367.91731194814963,
      360.2922512810194,
      386.0725129206782,
      226.49074720146294,
      316.3660408025914,
      369.6141074880189,
      298.17793286223105,
      310.0392937052222,
      322.04705639689126,
      366.4532680956534,
      278.1680089595386,
      238.14528199856082,
      224.6525067581737,
      288.92020712472925,
      428.64233491460556,
      270.9893423306547,
      304.6446637870196,
      330.1395007090225,
      489.6734636667514,
      373.42784520836966,
      259.2433671921389,
      308.97578428582267
    ],
    "MRE": [
      295.6661749646327,
      263.3998124396664,
      342.3821935695532,
      448.35901172873616,
      401.05899210385775,
      517.9204206941483,
      290.60479567223024,
      401.3463756758939,
      449.7500118204468,
      556.7134117338387,
      613.2382229114546,
      239.7583782105261,
      340.4667199329917,
      481.41781685309786,
      270.56961811383405,
      334.8373766045813,
      464.0088016632393,
      524.6406335408918,
      278.71451114122226,
      227.2284244202559,
      216.8578861423209,
      261.167449058977,
      523.2055473773789,
      358.37179141336895,
      353.22828062142645,
      290.2526897586507,
      626.156676735072,
      430.76479760608254,
      258.62603521781944,
      323.97545809218593
    ],
    "MBRE": [
      3.1699793201287907,
      2.701071670208456,
      3.4094665842772955,
      4.587893721054404,
      3.9613085258110647,
      5.238047624402545,
      1.8479247752310917,
      4.211219933945155,
      4.561733499155148,
      5.535652012334057,
      6.241875951688269,
      3.2994478716018576,
      3.454764873766753,
      4.997480706221115,
      2.6384579537124906,
      3.711393216506919,
      4.716616230435803,
      5.367598689843018,
      2.8637666354021154,
      2.3415100401890614,
      2.2727643598174487,
      2.827170299731437,
      5.634775665355921,
      3.712271560848465,
      3.6295068049347003,
      2.5228556641178064,
      6.654758081261841,
      4.508773842940545,
      2.6622299191605405,
      3.3557023996780515
    ],
    "MIBRE": [
      0.5012462534401612,
      0.5010386431220143,
      0.5637305697808933,
      0.501913502914971,
      0.7244306463051242,
      0.5650889090494345,
      0.5067106519297397,
      0.623395654957323,
      0.6034179171560508,
      0.700285496003407,
      0.6071719095746007,
      0.5117689463186862,
      0.5164301799508406,
      0.565527799153211,
      0.5191061481060034,
      0.5497874017493323,
      0.528361064192297,
      0.5728001689684676,
      0.5327391035808632,
      0.43746214452772386,
      0.4685584425978893,
      0.5084009761618569,
      0.6313677717506807,
      0.5023749845367913,
      0.5130779996638247,
      0.5737800666058974,
      0.6548241163061833,
      0.5979770763486794,
      0.510721410723542,
      0.5124759313832052
    ]
  },
  "Mean_MAE": 323.96721324620466,
  "Mean_MRE": 379.48961052727935,
  "Mean_MBRE": 3.8879339477920722,
  "Mean_MIBRE": 0.5535323962286564,
  "Median_MAE": 319.2065485997413,
  "Median_MRE": 347.8052370954898,
  "Median_MBRE": 3.67045001072081,
  "Median_MIBRE": 0.5305500838865801,
  "Runs": [
    {},
    {},
    {},
    {},
    {},
    {},
    {},
    {},
    {},
    {},
    {},
    {},
    {},
    {},
    {},
    {},
    {},
    {},
    {},
    {},
    {},
    {},
    {},
    {},
    {},
    {},
    {},
    {},
    {},
    {}
  ]
}