{
  "Metrics": {
    "MAE": [
      513.492582381268,
      508.71333912861314,
      537.6401300531048,
      591.2390382235037,
      464.17934207751193,
      466.85135974102775,
      480.21166704504367,
      299.35226946378845,
      375.8419996124313,
      379.59743093316473,
      570.0616422516689,
      541.3483256771281,
      425.50153337682013,
      529.1010949375155,
      663.2070800030174,
      354.9600801292211,
      531.1312211680962,
      513.1658252731805,
      593.2241232409933,
      530.2793916773489,
      467.9049965804396,
      439.64292425809106,
      467.5215596755589,
      540.2912899435771,
      507.7988791135789,
      458.8108583464952,
      488.8355584372596,
      333.8901642346322,
      409.7580249660102,
      414.9754220271868
    ],
    "MRE": [
      670.2439312335345,
      693.0713907603626,
      586.3936240606175,
      1019.1928581845307,
      442.04671919417063,
      501.9581463676464,
      667.0309341190246,
      243.349940181584,
      486.30111526913674,
      421.74667608772535,
      854.0110782024899,
      814.8883194303935,
      369.59493244139196,
      720.98258454833,
      1071.2335984587824,
      305.87379342326557,
      777.5861595605687,
      841.4378769516879,
      893.5018314614026,
      712.6029749037594,
      486.89714454823445,
      421.8897751012945,
      599.5709305963127,
      672.9504120261935,
      707.391836152793,
      576.2014935160782,
      668.3711856966826,
      351.54626230922975,
      342.8026713644676,
      375.55491115303073
    ],
    "MBRE": [
      7.005756587377263,
      8.740630911401027,
      6.871455021734418,
      11.222025856414538,
      6.592658147191414,
      5.580049723555534,
      7.883762472800337,
      21.28541339469497,
      5.098418105500297,
      4.4772817711160995,
      9.359533636384201,
      8.981402733432345,
      4.552556123767348,
      8.087965515955625,
      11.387179757791163,
      3.4927080159312065,
      8.699043370710024,
      8.848254585823893,
      9.73622701901372,
      7.712108821544342,
      5.945439978928792,
      5.070517191470457,
      6.6390090318914945,
      8.818332673216164,
      8.149988475596365,
      6.186353626716166,
      7.200802567783465,
      3.757568011089101,
      4.194697235227616,
      4.7523570015023635
    ],
    "MIBRE": [
      0.713604307939572,
      0.6755958845051631,
      0.7058834486120208,
      0.7280281228803737,
      0.6505424322856705,
      0.5878686055740132,
      0.6426452574415679,
      0.5256030322494829,
      0.5630485830293943,
      0.5439515560052138,
      0.7361933278076003,
      0.6951890904233066,
      0.6344994215256523,
      0.7158413101144171,
      0.7673127215666268,
      0.5176725978833345,
      0.7574400862329315,
      0.6957142229579188,
      0.7303421254164439,
      0.6990419474609794,
      0.6292769558839445,
      0.6466366111632679,
      0.6359449003077268,
      0.6666042469390846,
      0.677572312468129,
      0.6432096688208123,
      0.6477749458441463,
      0.5647989355344168,
      0.641249721245925,
      0.6095790556090507
    ]
  },
  "Mean_MAE": 479.95097179924255,
  "Mean_MRE": 609.8741702434907,
  "Mean_MBRE": 7.544316578852057,
  "Mean_MIBRE": 0.6549555145242729,
  "Median_MAE": 484.5236127411516,
  "Median_MRE": 633.3009323576687,
  "Median_MBRE": 7.1032795775803645,
  "Median_MIBRE": 0.6491586890649084,
  "Runs": [
    {},
    {},
    {},
    {},
    {},
    {},
    {},
    {},
    {},
    {},
    {},
    {},
    {},
    {},
    {},
    {},
    {},
    {},
    {},
    {},
    {},
    {},
    {},
    {},
    {},
    {},
    {},
    {},
    {},
    {}
  ]
}