{
  "Metrics": {
    "MAE": [
      302.9782813408556,
      252.4301697439036,
      238.33856263716746,
      258.0858127578718,
      325.63863532118245,
      372.33606986269797,
      257.4069237866976,
      273.9038266587631,
      316.98457837583175,
      210.1322227479047,
      361.1003488179486,
      319.9354114970226,
      333.1027540913154,
      294.2870167675252,
      324.1594230607236,
      325.9105661397845,
      270.5475120408419,
      247.02273704633666,
      275.3301214777156,
      264.7304249996927,
      270.9538215187714,
      242.13060641383973,
      294.4777907293892,
      348.7912006451361,
      373.23591951824346,
      282.9567244371737,
      282.674006217866,
      354.55099175019353,
      297.5214482253159,
      272.4018485344788
    ],
    "MRE": [
      280.94100315940784,
      207.7696757905664,
      192.90577916244644,
      266.6353527748207,
      230.60551886318436,
      381.5036647347746,
      215.16877501420652,
      182.97920574249054,
      353.50583428702873,
      227.26987652826375,
      309.6049078548373,
      283.05212284020797,
      260.6901615799785,
      242.87033489765818,
      319.539089713301,
      283.5343504261536,
      262.35556687055475,
      259.5365200071086,
      341.42201820926687,
      224.48325042899643,
      188.48200857974945,
      181.10955971705926,
      282.6191844982679,
      318.54132472923277,
      384.5083820094048,
      241.52446758226986,
      280.21760434087344,
      288.6402980791925,
      184.67169292129267,
      217.3710600716392
    ],
    "MBRE": [
      2.555106880800737,
      1.8072452032175064,
      0.869893290681298,
      2.1915086061964697,
      2.8614842963124167,
      3.6462620080155523,
      1.6298415386969518,
      2.991150754734751,
      2.5433743084819875,
      1.3308815149079498,
      2.43717549663177,
      1.9559618858594021,
      2.507736770486394,
      1.827583437274692,
      2.989587603766189,
      2.436656803270155,
      2.2291081635681764,
      2.1123236418134934,
      2.701443043666109,
      1.8208475567821678,
      0.757185390394369,
      1.8797111377974598,
      3.330210869684023,
      3.485041390637007,
      3.6382108366677817,
      2.613698129702318,
      2.7185586238415014,
      3.140986572706468,
      1.6586145875074292,
      1.6401945545119099
    ],
    "MIBRE": [
      0.8344194654222867,
      1.1340422211445358,
      0.5646784259351734,
      0.7817787955904071,
      0.6758176487412197,
      0.8654549886052956,
      0.863502159891718,
      0.7829567729348017,
      1.2469588808247067,
      0.6191242105743786,
      0.9848917203737466,
      1.2710749872958655,
      0.6251464851197419,
      1.0133795545349837,
      0.6267335350448617,
      0.9635159644974697,
      0.9107838212075455,
      0.9943728310700064,
      1.0664839234257182,
      0.863152775927146,
      0.676664735853977,
      0.6223453566272669,
      0.9057298123033357,
      0.6931978825994777,
      0.8741147931968475,
      0.588183417573095,
      0.7735493049610199,
      0.6191140392228016,
      0.6393594275729433,
      0.5281411763345586
    ]
  },
  "Mean_MAE": 294.801858572073,
  "Mean_MRE": 263.1352863804745,
  "Mean_MBRE": 2.343586163287148,
  "Mean_MIBRE": 0.8202889704802311,
  "Median_MAE": 288.6218706023494,
  "Median_MRE": 261.52286422526663,
  "Median_MBRE": 2.4369161499509624,
  "Median_MIBRE": 0.8086881191785442,
  "Runs": [
    {},
    {},
    {},
    {},
    {},
    {},
    {},
    {},
    {},
    {},
    {},
    {},
    {},
    {},
    {},
    {},
    {},
    {},
    {},
    {},
    {},
    {},
    {},
    {},
    {},
    {},
    {},
    {},
    {},
    {}
  ]
}