{
  "Metrics": {
    "MAE": [
      324.42687247509673,
      281.33285077841776,
      317.37008215429967,
      290.58998292439685,
      325.09989406700237,
      300.76319389908326,
      284.93562548648026,
      306.2241966015214,
      290.13042163534385,
      313.04809837703715,
      302.60732665104314,
      310.1096085284379,
      321.4133148244716,
      317.13352759515595,
      300.6711613254162,
      312.5607570111513,
      286.32789088275257,
      288.3819872874418,
      302.3319073268586,
      301.1103709924802,
      311.9597117812311,
      299.21084482669494,
      295.20604313578593,
      326.00424004190916,
      311.0630837850962,
      288.61294156017567,
      305.7066290946722,
      316.0049207088665,
      310.88568258729987,
      298.36793063743096
    ],
    "MRE": [
      292.44306300340725,
      272.2712225068066,
      220.07921577559776,
      311.9988763782628,
      229.33914707763427,
      318.4374134925977,
      231.91512270143346,
      207.30535009642927,
      326.41428177811326,
      346.5575277076946,
      286.84267281265187,
      266.1804215772814,
      255.51837167248226,
      275.6979089200851,
      299.4571164064815,
      250.49804267350223,
      246.5831082593283,
      333.70095039881636,
      365.69479684342514,
      258.7125112504884,
      220.6429691231862,
      209.88305114089076,
      277.8425833827094,
      328.26658558506193,
      232.87716676466928,
      231.78818491624975,
      334.96638186642764,
      295.13092968219945,
      236.54843273851657,
      247.36568465024632
    ],
    "MBRE": [
      2.566854949035717,
      19.158762458682435,
      2.0304361034629066,
      2.2647624349021616,
      2.286638489010479,
      2.1155900393725213,
      -2.129327971548489,
      2.0631022666170744,
      1.914556024155696,
      3.2197970746705127,
      2.244871922847771,
      1.7896619801268359,
      2.3457069095799783,
      2.17910120961663,
      2.8617090919753236,
      2.316262513148904,
      1.159832350921764,
      2.7904295494769897,
      2.6480396229955363,
      2.385352486533551,
      1.5257873105984012,
      2.0081536094271994,
      1.759887850089675,
      3.965328349893668,
      2.4673584101272144,
      2.355081345438429,
      3.0203998725029098,
      2.1060503503255985,
      1.3701716842367282,
      2.686851116677452
    ],
    "MIBRE": [
      0.7477631279170212,
      1.1291243030620972,
      0.7164566085068413,
      1.0198600110013663,
      0.6435062750456061,
      1.0716400088494888,
      1.061606120629856,
      0.8838396265263229,
      1.780912196361681,
      0.6985549723999229,
      1.1326081021807701,
      1.213628491735022,
      0.7103958482632957,
      0.7382311619888697,
      0.7033756187683752,
      0.8116535816637617,
      0.9723515133596465,
      1.1498894269649191,
      1.1475249934032432,
      0.8258783980069386,
      0.9469085856038076,
      0.985484827295639,
      0.9404906100354844,
      0.6656836752205012,
      0.7245898048846888,
      0.6916623558197372,
      1.0344778720870877,
      0.8033519505784639,
      0.6986087554227229,
      0.6913223692107424
    ]
  },
  "Mean_MAE": 304.6530366327683,
  "Mean_MRE": 273.69863637275586,
  "Mean_MBRE": 2.715906980163386,
  "Mean_MIBRE": 0.9113793730931307,
  "Median_MAE": 304.1569778728577,
  "Median_MRE": 269.225822042044,
  "Median_MBRE": 2.2757004619563204,
  "Median_MIBRE": 0.8548590122666307,
  "Runs": [
    {},
    {},
    {},
    {},
    {},
    {},
    {},
    {},
    {},
    {},
    {},
    {},
    {},
    {},
    {},
    {},
    {},
    {},
    {},
    {},
    {},
    {},
    {},
    {},
    {},
    {},
    {},
    {},
    {},
    {}
  ]
}