{
  "Metrics": {
    "MAE": [
      435.1760133204703,
      351.39488134419173,
      391.75302750463885,
      425.049841947019,
      477.23048861297633,
      593.5274655509945,
      391.1698840909254,
      516.5717323300003,
      343.80392423700334,
      535.1172605688265,
      590.1664027057493,
      317.31244441139984,
      364.9571205261104,
      423.7655984177893,
      407.2269827864377,
      313.91098515282397,
      587.8330422297574,
      490.32031731085937,
      398.6391683597446,
      345.52714093441466,
      383.7316442114011,
      342.1541536523508,
      551.3825178310358,
      396.02373136072015,
      462.4801829152442,
      449.7007046811883,
      611.2946342169762,
      528.0228926195208,
      475.3835521102838,
      382.64004806504306
    ],
    "MRE": [
      699.8982639373145,
      497.4741964113007,
      513.2635647633168,
      747.9276577822055,
      643.0531315954954,
      870.7371373916482,
      539.9228114133747,
      624.4024147791422,
      482.38756919026554,
      873.9303270799926,
      948.5405914546113,
      412.1175270069584,
      407.01635956796724,
      646.1454949109965,
      471.3529772042283,
      439.214668038022,
      1056.2341477046461,
      717.088221601467,
      637.2959936815428,
      393.50511839534124,
      467.1874500749146,
      378.465843332573,
      839.4194800049512,
      553.9583557873407,
      699.9518593015135,
      582.2478566864522,
      945.6323563459765,
      782.520356221681,
      569.9360761432832,
      504.45604676295267
    ],
    "MBRE": [
      4.440983087235726,
      2.8478385618594126,
      4.392287883018274,
      4.03789918919837,
      4.949712130986268,
      5.428519643819061,
      4.71198007742981,
      5.663903086348807,
      3.500618626660978,
      6.890351319922494,
      7.75317915702117,
      3.168115181415492,
      2.617484285551702,
      4.978340327865586,
      3.404607494737955,
      2.9439419439789956,
      8.549449313495334,
      8.510402577356048,
      2.4003639223752713,
      1.8953952528398625,
      3.171287937318776,
      1.1625120244031175,
      5.315790810848456,
      3.181906321980107,
      4.687703976899512,
      5.26295361148266,
      5.689019908279357,
      7.781119960670695,
      4.132012515404717,
      3.3614448526208975
    ],
    "MIBRE": [
      2.544984486311513,
      2.7851620367978907,
      1.1862096357197074,
      3.3234904532649407,
      1.8228775368426329,
      3.0506959215519283,
      2.2132396248191655,
      1.5753659890888978,
      1.5634516602560176,
      2.3763965358888983,
      2.2447575653636465,
      1.553682783469356,
      1.6780075784155055,
      1.6376982761813945,
      1.582865170941183,
      1.7873131940885791,
      2.578932919514965,
      1.5349122630619467,
      3.3799881066839434,
      1.692007631843878,
      1.6781022044639091,
      2.0287339922421728,
      2.297510890222385,
      2.043342138050674,
      3.254639316515997,
      1.2422701834576069,
      2.8268447196234234,
      1.9677845090397004,
      1.9329869230006842,
      1.7655764324103997
    ]
  },
  "Mean_MAE": 442.77559280019653,
  "Mean_MRE": 631.5094618190492,
  "Mean_MBRE": 4.561037499434164,
  "Mean_MIBRE": 2.104994355971098,
  "Median_MAE": 424.40772018240415,
  "Median_MRE": 603.3251357327972,
  "Median_MBRE": 4.416635485127,
  "Median_MIBRE": 1.9503857160201923,
  "Runs": [
    {},
    {},
    {},
    {},
    {},
    {},
    {},
    {},
    {},
    {},
    {},
    {},
    {},
    {},
    {},
    {},
    {},
    {},
    {},
    {},
    {},
    {},
    {},
    {},
    {},
    {},
    {},
    {},
    {},
    {}
  ]
}