{
  "Metrics": {
    "MAE": [
      430.7251421207154,
      426.77536385955534,
      393.80177071502777,
      445.9807217714826,
      419.20324664363534,
      443.0108240636687,
      400.65310177183375,
      371.33200069604493,
      440.15090212859553,
      390.2794576265326,
      478.03929135929644,
      462.373768171392,
      428.2421431275297,
      423.1009715320305,
      483.792073357434,
      350.11788300868056,
      499.00597084617544,
      419.0229717097844,
      440.38834612370624,
      390.2562874857989,
      443.23255569699836,
      332.2038508322289,
      465.66096912387053,
      462.3047253857659,
      485.496567520045,
      370.8098058602681,
      438.9722942442766,
      397.61628700013085,
      412.3427633187539,
      367.759922100475
    ],
    "MRE": [
      510.9033517127522,
      416.96446507014537,
      307.2595418290118,
      615.281135359284,
      362.4591991968715,
      514.6655703935735,
      381.5562983885923,
      276.0054608637509,
      559.7280897972191,
      514.2353732055211,
      607.3570939413253,
      589.49718995909,
      409.6284314480698,
      498.01093631784886,
      658.3516244693043,
      258.93456949368317,
      793.2934223957237,
      529.0894137839688,
      577.7640034324459,
      423.6405026591263,
      445.67039937291895,
      227.21120555268755,
      624.950193597185,
      598.8978948186119,
      643.2497566938944,
      306.7781426266954,
      615.893957778458,
      434.5515793097238,
      346.7194416499194,
      247.00212741096297
    ],
    "MBRE": [
      5.3840896207041204,
      5.30851134959516,
      3.6681749337986185,
      6.523337494184972,
      4.719378882294164,
      5.506303005461803,
      4.4193703132919415,
      3.4761053364687955,
      5.775174061878389,
      5.3028008328906315,
      6.618385611967112,
      6.409146967970116,
      4.817536289684864,
      5.614158866118362,
      7.108865704967041,
      3.009134216061666,
      8.495244937296015,
      5.606344114015092,
      6.209275614436664,
      4.525569174027169,
      5.146777510482532,
      2.6048460706236978,
      6.930631302849959,
      6.679504690868006,
      7.182424479646303,
      3.4828081901648256,
      6.551244326878747,
      4.731912854523634,
      4.232879441237163,
      3.217607603501281
    ],
    "MIBRE": [
      0.6541740824921549,
      0.6108221486676447,
      0.6074668677834928,
      0.6216321940976758,
      0.5949737179821138,
      0.6438613602135544,
      0.601375804705422,
      0.563028600978857,
      0.6591090517331629,
      0.5654145786376131,
      0.6689160991821642,
      0.6774127024376602,
      0.6264541733913217,
      0.6114446213387585,
      0.7030115817945161,
      0.519625848976123,
      0.6924529294038694,
      0.6370788162055012,
      0.6346538962172441,
      0.5602818520244646,
      0.6333420034814864,
      0.5085783529627376,
      0.6528096333813562,
      0.661494148883795,
      0.6799470188985142,
      0.59234009941764,
      0.6094029457340164,
      0.5983338018641478,
      0.6178698417188583,
      0.5445145153631575
    ]
  },
  "Mean_MAE": 423.7550659733912,
  "Mean_MRE": 476.5183457509455,
  "Mean_MBRE": 5.308584793262963,
  "Mean_MIBRE": 0.618394109665634,
  "Median_MAE": 427.5087534935425,
  "Median_MRE": 504.4571440153005,
  "Median_MBRE": 5.346300485149641,
  "Median_MIBRE": 0.619751017908267,
  "Runs": [
    {},
    {},
    {},
    {},
    {},
    {},
    {},
    {},
    {},
    {},
    {},
    {},
    {},
    {},
    {},
    {},
    {},
    {},
    {},
    {},
    {},
    {},
    {},
    {},
    {},
    {},
    {},
    {},
    {},
    {}
  ]
}