{
  "Metrics": {
    "MAE": [
      499.8072647080324,
      380.923684311937,
      352.3808739231227,
      586.968042032859,
      500.7777585994435,
      611.8712619078252,
      587.6242858875651,
      490.44020942315274,
      555.0227384859321,
      493.4158846167395,
      605.9143395579763,
      447.7294773189292,
      389.2406083226436,
      585.3497199736588,
      487.28566721821255,
      427.27642387977613,
      401.12784470185653,
      580.0879930045028,
      503.61168071670295,
      434.9601196443727,
      534.1426057266303,
      523.093283394205,
      542.6736825943092,
      454.06164452680235,
      438.97388246283225,
      466.17829733403755,
      502.0636936904214,
      483.19715244486076,
      528.070351852496,
      369.39913034726584
    ],
    "MRE": [
      654.2916605893689,
      349.741301104526,
      235.94789244193555,
      1025.1235936339128,
      584.855949165841,
      1014.75308207882,
      777.7385472104229,
      620.9713659062414,
      716.7469382546639,
      774.7855363516742,
      925.0152638003793,
      536.1187623447938,
      384.87446324002303,
      924.6700182888386,
      585.8426431081293,
      454.3023653025962,
      507.3821649823922,
      897.1280319457659,
      858.5849665906755,
      459.29455785576863,
      688.7686107186418,
      654.8523977926266,
      717.7633600310032,
      642.3337500694091,
      537.0901042442558,
      661.6149999252937,
      640.7308680898309,
      606.460908552391,
      727.3705012287289,
      329.9375970533931
    ],
    "MBRE": [
      6.898583310686065,
      4.397105846432381,
      2.744993223852402,
      10.650291682551641,
      8.556616156300478,
      11.390433541490731,
      8.402851876949397,
      6.928548355697954,
      8.286903835066894,
      8.161625788933463,
      10.088028028026907,
      5.953093086822674,
      4.27293959235212,
      9.850416112108345,
      6.243203339067823,
      5.121903165097117,
      5.37794700850793,
      9.42166407670244,
      8.94669316553554,
      5.256785223425393,
      8.013538407751655,
      7.6683935641703265,
      8.033983337054282,
      6.962718215027503,
      5.797562640469977,
      8.251300513690344,
      7.27866932000023,
      6.85585387642429,
      8.104998249236473,
      3.79791764227335
    ],
    "MIBRE": [
      0.6708584449152324,
      0.5414221818729982,
      0.4966738587857431,
      0.7269557892483216,
      0.6632142073503792,
      0.7301176983000918,
      0.7402537830738838,
      0.6921271450909824,
      0.6765133767889219,
      0.6680776293631904,
      0.741044637820807,
      0.6409058758358854,
      0.571897532966563,
      0.7263278075158376,
      0.671981169431408,
      0.578699170284205,
      0.528548343099934,
      0.7514347234853574,
      0.6721818183097201,
      0.5972655573441147,
      0.7134355178593405,
      0.6766687280615331,
      0.7160402163748367,
      0.564623431731097,
      0.5962736117183747,
      0.6371928182361942,
      0.6773583170027798,
      0.6457095852728697,
      0.7229876992201427,
      0.5482379247606285
    ]
  },
  "Mean_MAE": 492.1223200869701,
  "Mean_MRE": 649.8364067300782,
  "Mean_MBRE": 7.2571854060568715,
  "Mean_MIBRE": 0.6528342867040458,
  "Median_MAE": 496.6115746623859,
  "Median_MRE": 648.312705329389,
  "Median_MBRE": 7.473531442085278,
  "Median_MIBRE": 0.6714198071733202,
  "Runs": [
    {},
    {},
    {},
    {},
    {},
    {},
    {},
    {},
    {},
    {},
    {},
    {},
    {},
    {},
    {},
    {},
    {},
    {},
    {},
    {},
    {},
    {},
    {},
    {},
    {},
    {},
    {},
    {},
    {},
    {}
  ]
}