{
  "Metrics": {
    "MAE": [
      289.7902561864438,
      247.56349180203296,
      331.29745816019926,
      321.7451129770255,
      370.5018012365945,
      409.15844992559994,
      219.49068406767313,
      393.8713798905645,
      363.51086111767887,
      381.5594590282181,
      356.1641515462023,
      246.1795019108302,
      294.21852831771355,
      326.12528708191047,
      311.4809144322448,
      340.05181330725816,
      323.3758082598907,
      353.35098998852874,
      257.8336562633662,
      280.2539479442233,
      227.02872604099394,
      297.0765554196,
      414.29458526039843,
      255.51866775979997,
      311.05746735428266,
      336.8734651223188,
      434.9901445132506,
      354.8223657290674,
      281.03922000010505,
      301.84844939270357
    ],
    "MRE": [
      360.50059235813234,
      256.41555834216496,
      299.87825180732506,
      467.20959541798715,
      427.90006327675553,
      568.2704841612959,
      236.94445181155538,
      432.50201667633394,
      452.24781352271384,
      574.8059589622021,
      552.5751838568635,
      300.863138610136,
      280.6951826548853,
      469.64881325336074,
      332.1420045472626,
      399.69967556473915,
      452.73568752968913,
      416.2787100913393,
      260.9297619372121,
      259.41880911122286,
      227.74103950914454,
      303.0738674645016,
      508.9849740424812,
      320.764219053782,
      361.16076883618234,
      253.84459208404868,
      498.12124184625173,
      357.2347801554949,
      301.0686658814267,
      343.0809464272406
    ],
    "MBRE": [
      3.6425311670278835,
      2.6939058925287607,
      3.2462150536054293,
      4.7359488908511524,
      4.588232384942886,
      5.773658131412955,
      2.4254462190532378,
      4.662496976605591,
      4.641947370455439,
      5.811578827523839,
      5.612884751378761,
      3.071537766745477,
      2.9259330785865854,
      4.7687364776705055,
      3.4214297392154545,
      4.072534675209852,
      4.637188528148706,
      4.290107405526125,
      2.681229269705128,
      2.6782439644307345,
      2.3385200531950168,
      3.146507649538165,
      5.264902510930903,
      3.3356667984992923,
      3.689712823432867,
      3.0889367754936448,
      5.215468880714933,
      3.691092951138958,
      3.1033040735517763,
      3.5578514357344506
    ],
    "MIBRE": [
      0.5109081810923015,
      0.4501117815364504,
      0.5280999674018887,
      0.5025541362300933,
      0.5562105616472712,
      0.5904248859047222,
      0.46244084895708176,
      0.5881935187026469,
      0.614584980944234,
      0.6158554477509509,
      0.5991317754856399,
      0.5009796378812347,
      0.5009345757219017,
      0.5606952035211931,
      0.49230084636725163,
      0.5517098965941662,
      0.549464378821718,
      0.5933580083725015,
      0.4678086191089972,
      0.44633711625654826,
      0.47474709500357376,
      0.5142712883902174,
      0.6192365336549887,
      0.4760464250549417,
      0.5098127021750302,
      0.5199899457729005,
      0.6241946084534685,
      0.543170412922574,
      0.5173536944012257,
      0.5082993261151841
    ]
  },
  "Mean_MAE": 321.06910666789065,
  "Mean_MRE": 375.89122829312436,
  "Mean_MBRE": 3.8937916840951505,
  "Mean_MIBRE": 0.5329742133414299,
  "Median_MAE": 322.5604606184581,
  "Median_MRE": 358.8676862568136,
  "Median_MBRE": 3.666121995230375,
  "Median_MIBRE": 0.518671820087063,
  "Runs": [
    {},
    {},
    {},
    {},
    {},
    {},
    {},
    {},
    {},
    {},
    {},
    {},
    {},
    {},
    {},
    {},
    {},
    {},
    {},
    {},
    {},
    {},
    {},
    {},
    {},
    {},
    {},
    {},
    {},
    {}
  ]
}