{
  "Metrics": {
    "MAE": [
      386.2637696978648,
      394.6388470748522,
      382.55274904059064,
      396.6075307384853,
      404.27834827110973,
      399.97009071079634,
      392.7117936297355,
      388.5262651735846,
      386.7753463470907,
      382.78520946130004,
      397.37274292306904,
      392.2938441314925,
      395.3841848977961,
      385.0138722890476,
      405.8629592501909,
      396.92114160477803,
      388.97971462810114,
      402.76220869524786,
      370.966259937084,
      386.233953913644,
      389.96353669465293,
      395.1438246459936,
      399.28444906508645,
      404.4783255890663,
      399.24797454156425,
      386.8541064143422,
      405.21759920626715,
      399.6952512741305,
      398.9772214685675,
      390.6766883098998
    ],
    "MRE": [
      175.18720786394613,
      100.95747721915227,
      123.16039046010178,
      120.37928667329953,
      156.21040222588428,
      150.18322559492015,
      121.22077972480652,
      107.28048884863924,
      191.52672306076363,
      236.36580883637578,
      137.06334892340155,
      131.0750220442708,
      139.3016779002197,
      172.87515396489172,
      185.25621432647438,
      150.97074628849475,
      218.77823668087325,
      183.09794409617783,
      133.99445336360142,
      106.96382691802356,
      108.69065008579301,
      118.6338938045556,
      159.27854422051408,
      212.4356849290753,
      151.2826202856405,
      147.4732116093762,
      146.73203004834434,
      144.99500011235915,
      131.90691017697344,
      110.13210763414496
    ],
    "MBRE": [
      2.753742572088157,
      2.8816095180336223,
      2.251928221839052,
      3.1979007305354745,
      3.306507837099192,
      3.15880911430708,
      2.6040962503446554,
      2.5152078478754265,
      2.881334737364911,
      2.9616436880908092,
      3.0209003720629597,
      2.7124214403673457,
      2.6307974221203723,
      2.750279664929075,
      3.7960916301275343,
      2.83886434476831,
      3.1044042062790145,
      3.1769209570574506,
      2.2287522249894374,
      2.37889655619394,
      2.5718189282932062,
      2.779525591328794,
      3.1474674532920712,
      3.4857655105057717,
      3.2008312673500545,
      2.6306097551758634,
      3.4849006682120227,
      2.833201127908678,
      2.888834374839793,
      2.4838483874637802
    ],
    "MIBRE": [
      0.5381359362155888,
      0.4764897903304489,
      0.497462439569072,
      0.5048785295884602,
      0.5282295772252761,
      0.5349878997915926,
      0.5217910508409136,
      0.4864393475404109,
      0.5510324591389293,
      0.5722295752211811,
      0.5196788767561329,
      0.5707936752625284,
      0.5180503013193107,
      0.5129441600196801,
      0.5450832126158761,
      0.5308226543366588,
      0.539082418640249,
      0.5729688293983183,
      0.5123508081144075,
      0.4796210340930404,
      0.48521114793913095,
      0.5060332050402381,
      0.5288819169197438,
      0.5574212361938532,
      0.5144773569874386,
      0.5106519369791621,
      0.5454026400026496,
      0.5399753680248739,
      0.5246932687388148,
      0.4913973745877815
    ]
  },
  "Mean_MAE": 393.5479936541811,
  "Mean_MRE": 149.11363559736984,
  "Mean_MBRE": 2.8885970800281284,
  "Mean_MIBRE": 0.5239072675810588,
  "Median_MAE": 394.89133586042294,
  "Median_MRE": 145.86351508035176,
  "Median_MBRE": 2.8600995410666106,
  "Median_MIBRE": 0.5232421597898642,
  "Runs": [
    {},
    {},
    {},
    {},
    {},
    {},
    {},
    {},
    {},
    {},
    {},
    {},
    {},
    {},
    {},
    {},
    {},
    {},
    {},
    {},
    {},
    {},
    {},
    {},
    {},
    {},
    {},
    {},
    {},
    {}
  ]
}