{
  "Metrics": {
    "MAE": [
      21.84475491635341,
      26.435312091275364,
      39.46779884370739,
      26.339678450256628,
      22.82533400818598,
      78.6213108496234,
      30.91727374989006,
      65.44585794168795,
      26.059527880311315,
      25.507394360085925,
      62.445077507162964,
      25.854434942452258,
      41.31092210927257,
      139.12628082732815,
      27.301277426517057,
      63.06247958632479,
      28.946570172193262,
      34.03093717312331,
      38.363124501452916,
      30.903412670251907,
      20.982326993348,
      24.79458943555134,
      45.07407110684357,
      63.319935470752064,
      23.55800583213348,
      18.761000689689443,
      17.574362859141207,
      23.816163994776762,
      25.25017195179482,
      28.69883297345363
    ],
    "MRE": [
      4.37931014776147,
      4.251106005122578,
      5.457012275563324,
      4.225607694604537,
      4.023702688866158,
      8.62658505051881,
      5.529585357544492,
      6.535752269474461,
      4.3908521886439065,
      4.158488332640698,
      7.630249890848282,
      4.191076580211573,
      5.361542300350694,
      14.642184992076713,
      4.2125432078884275,
      7.473830679675078,
      5.424258385726668,
      7.797463132870554,
      9.628173759838386,
      4.598203946735652,
      4.33819122598726,
      5.2443859636223475,
      5.848691065673557,
      6.992638538120271,
      5.529877808454142,
      4.174127427286883,
      3.7133173770757573,
      4.586177856422548,
      5.283780731383451,
      5.588355773310359
    ],
    "MBRE": [
      0.04497930645076136,
      0.043806397407823584,
      0.05598814378459681,
      0.04349017184353346,
      0.04133796394764169,
      0.08822478019033812,
      0.057162788704892,
      0.06881695116989364,
      0.04494030815587541,
      0.043213895807339066,
      0.07747325074695055,
      0.04286579579129894,
      0.054952923122463554,
      0.1475273292314855,
      0.04361357417400207,
      0.07702906712864802,
      0.05561395578748745,
      0.07852641046574912,
      0.0975464830861034,
      0.047091075053021854,
      0.04457653699536407,
      0.05325151325901287,
      0.06228494664647092,
      0.0714072788535482,
      0.05635745276903072,
      0.04258446223319402,
      0.03839018092083379,
      0.04671149866417614,
      0.05373112829577999,
      0.05636673145146786
    ],
    "MIBRE": [
      0.04149560440331417,
      0.03902416527381495,
      0.04686979740715633,
      0.03957697572678537,
      0.037942028564356814,
      0.06438559550415705,
      0.047219578378727395,
      0.05477050912211591,
      0.040109478491077745,
      0.03969326066244084,
      0.05980467978790047,
      0.03964635468920193,
      0.04816211460610143,
      0.08483681088768331,
      0.039605546349619866,
      0.06125823806099726,
      0.0477283717448289,
      0.05859591203530613,
      0.07274463318587619,
      0.04285642848474506,
      0.04064046195319269,
      0.04740912174030973,
      0.055413514171018335,
      0.05383142124696239,
      0.049165775978371073,
      0.0392790186250472,
      0.03597202928568618,
      0.04192125296009975,
      0.04835121044253697,
      0.045637077524881144
    ]
  },
  "Mean_MAE": 38.22127404383136,
  "Mean_MRE": 5.794569088476635,
  "Mean_MBRE": 0.059328743404626134,
  "Mean_MIBRE": 0.04879823224314375,
  "Median_MAE": 28.000055199985344,
  "Median_MRE": 5.322661515867072,
  "Median_MBRE": 0.05434202570912177,
  "Median_MIBRE": 0.04704468789294186,
  "Runs": [
    {},
    {},
    {},
    {},
    {},
    {},
    {},
    {},
    {},
    {},
    {},
    {},
    {},
    {},
    {},
    {},
    {},
    {},
    {},
    {},
    {},
    {},
    {},
    {},
    {},
    {},
    {},
    {},
    {},
    {}
  ]
}