{
  "Metrics": {
    "MAE": [
      296.03192839891113,
      350.5824077313074,
      235.95926847415794,
      261.341921072604,
      275.23861855976025,
      348.9622233630889,
      331.38452399579995,
      270.4356610041069,
      241.18870189475615,
      249.66773437992643,
      338.88702231397536,
      398.762445728016,
      329.57476663965576,
      324.2764251716786,
      338.1365013727746,
      411.41188842228814,
      329.5438423364196,
      339.04786731988344,
      221.67574430370252,
      303.0098445177353,
      382.02316835002244,
      274.7997274943646,
      177.15190661911407,
      473.2874921002672,
      260.9942242372356,
      380.47078574327634,
      294.3685867537456,
      335.02428616001595,
      303.0045228135262,
      266.3081765842192
    ],
    "MRE": [
      78.58352401128467,
      76.62146252054376,
      37.871030290232795,
      56.77651227098689,
      69.19965699254239,
      87.02081221128189,
      88.37363234758146,
      56.147167757278226,
      55.43355766917908,
      47.26967748048414,
      90.6691718861397,
      92.85181798212994,
      76.71401909449415,
      57.58651629790202,
      69.25758109346212,
      89.79552025643778,
      86.02219644943384,
      76.58230486191503,
      55.40112271752368,
      61.50832177710519,
      69.24090811985847,
      71.30415991775439,
      30.713156966973493,
      118.58998297935621,
      64.7364923175739,
      101.85246319254664,
      76.93913729678718,
      87.96683276264471,
      75.08219572403966,
      66.49925036026667
    ],
    "MBRE": [
      0.8100739397430787,
      0.8270757168111054,
      0.4363745832373917,
      0.6022335922457525,
      0.7214092572664165,
      0.9156880031811794,
      0.9103367042446504,
      0.6110393222879318,
      0.578419532864393,
      0.5237025784385353,
      0.9318377718451206,
      1.0303390626090279,
      0.8131992860318152,
      0.6589455432558133,
      0.7729691643232445,
      0.9821610141971082,
      0.8849093293465135,
      0.8188798625720195,
      0.5712280855422178,
      0.6720265098405668,
      0.9074550340561929,
      0.7271656295973284,
      0.33729693370447045,
      1.288034903418991,
      0.6623377190289639,
      1.0430703049802774,
      0.7939839459254213,
      0.9001238068511327,
      0.7765970542671113,
      0.6839782628153617
    ],
    "MIBRE": [
      0.3588517700143961,
      0.37214705379851204,
      0.25773427980804714,
      0.29671178252186947,
      0.34118123856490123,
      0.3882438135714553,
      0.37262508172831854,
      0.3103911301231025,
      0.3022509667272301,
      0.2709910793713168,
      0.3985277449542796,
      0.40544806190786303,
      0.3662482794124252,
      0.3187810099514347,
      0.3665811279398963,
      0.41109226140287386,
      0.35855321334802037,
      0.37883675483387247,
      0.29617314955504553,
      0.3326327085653841,
      0.38504877279222766,
      0.3316066885137344,
      0.21206526549894875,
      0.4658983003277086,
      0.32064686266971315,
      0.42396250282517856,
      0.36012221126776844,
      0.38537749813333944,
      0.3442251918471488,
      0.3282697346963976
    ]
  },
  "Mean_MAE": 311.4184071285445,
  "Mean_MRE": 72.42033952019135,
  "Mean_MBRE": 0.7730964151509713,
  "Mean_MIBRE": 0.34870751788908033,
  "Median_MAE": 313.643134844707,
  "Median_MRE": 73.19317782089703,
  "Median_MBRE": 0.7852905000962663,
  "Median_MIBRE": 0.35870249168120827,
  "Runs": [
    {},
    {},
    {},
    {},
    {},
    {},
    {},
    {},
    {},
    {},
    {},
    {},
    {},
    {},
    {},
    {},
    {},
    {},
    {},
    {},
    {},
    {},
    {},
    {},
    {},
    {},
    {},
    {},
    {},
    {}
  ]
}