{
  "Metrics": {
    "MAE": [
      445.35116782097623,
      384.04314059148066,
      276.6246316037995,
      399.26177846154184,
      357.31145313774687,
      327.14536865332076,
      553.8733449479749,
      297.9348829385011,
      401.58472995422585,
      347.07343000358514,
      418.767764296714,
      530.3087779168252,
      287.4597915927523,
      415.9802917756973,
      365.0065409737062,
      469.82268613437464,
      282.292485416996,
      406.74382694712654,
      345.89890196737485,
      468.14343317997987,
      385.20835787578187,
      549.6840932742443,
      406.2151705484357,
      434.2508270667637,
      565.5153742880046,
      490.43348271939334,
      507.45170028292324,
      437.44420324021837,
      366.07131335963066,
      521.8528094096854
    ],
    "MRE": [
      102.66859950457234,
      79.26674022362687,
      49.60941828925159,
      80.89809759326828,
      80.32660134736612,
      77.62327357253069,
      144.95364660755524,
      51.63047487000636,
      108.21963790983615,
      74.90412732257019,
      98.19742622640834,
      123.94896501619121,
      61.91432806846983,
      64.54012749927274,
      83.2703841157479,
      109.44821729735379,
      72.56458433177905,
      83.21210276836865,
      87.56056871533775,
      95.77054762162416,
      74.67251160496254,
      133.6739428623161,
      91.8454124298843,
      103.08129766342175,
      147.82711420401918,
      138.9755142575372,
      119.54849504858412,
      105.47313586371381,
      90.92194456482193,
      118.83813876051505
    ],
    "MBRE": [
      1.1709456383948766,
      0.9267856407594885,
      0.57078053064078,
      0.9369684775239551,
      0.8792826583832339,
      0.8251536317747763,
      1.6500022367107,
      0.618243736412966,
      1.127812395228152,
      0.8432256870307003,
      1.0775124583143783,
      1.4970448334926745,
      0.6889258826354834,
      1.0834032300133287,
      0.9321455663276702,
      1.2507944721797184,
      0.7517434669225411,
      1.0009268893986842,
      0.9213521990917535,
      1.3198204145432266,
      0.9354741762868813,
      1.5907422041613486,
      1.0591097964147487,
      1.1508552518035098,
      1.6569923321496787,
      1.4707136327875276,
      1.380386081057964,
      1.1647809293997848,
      0.9839065349913326,
      1.4421255239325887
    ],
    "MIBRE": [
      0.4811193305217926,
      0.4137309872301483,
      0.3087695733397242,
      0.4035460718103362,
      0.4033056171081136,
      0.3883113468110715,
      0.5482195769463125,
      0.3211846144646594,
      0.45959129931768194,
      0.3894981548915802,
      0.45647850412520763,
      0.49916682495050435,
      0.3379197971447899,
      0.3908786284103738,
      0.41610922212317975,
      0.42694195125737144,
      0.35917885311431347,
      0.4149418067163421,
      0.4157183352423583,
      0.47260870338053335,
      0.40734505805708937,
      0.5521824532971321,
      0.4340240227053011,
      0.4690853148033555,
      0.567270129370634,
      0.5185813226508694,
      0.5258958645577169,
      0.4764447284551535,
      0.4240105997301738,
      0.5291497646083296
    ]
  },
  "Mean_MAE": 414.8251920126594,
  "Mean_MRE": 95.17951253869711,
  "Mean_MBRE": 1.096931883625482,
  "Mean_MIBRE": 0.44037361523807156,
  "Median_MAE": 406.4794987477811,
  "Median_MRE": 91.38367849735312,
  "Median_MBRE": 1.0683111273645634,
  "Median_MIBRE": 0.42547627549377265,
  "Runs": [
    {},
    {},
    {},
    {},
    {},
    {},
    {},
    {},
    {},
    {},
    {},
    {},
    {},
    {},
    {},
    {},
    {},
    {},
    {},
    {},
    {},
    {},
    {},
    {},
    {},
    {},
    {},
    {},
    {},
    {}
  ]
}