{
  "Metrics": {
    "MAE": [
      412.91028662155634,
      416.9531903864312,
      267.35326096171343,
      293.9383760532944,
      370.7144832654584,
      434.1539968382337,
      271.2665755713033,
      321.6292524387442,
      537.3351487483853,
      284.0819467766907,
      422.16221279362674,
      480.42866647773616,
      397.7327033103543,
      394.94628469225603,
      279.63483300902567,
      399.02428833712645,
      374.05718931587694,
      445.233662400028,
      432.478695427502,
      368.7184432768457,
      441.16920414773756,
      270.79927081054274,
      275.74407904006944,
      489.00967633882766,
      350.3696721756121,
      505.75357006972814,
      530.1963513240044,
      456.95974902202755,
      385.20998754780544,
      322.72113369574214
    ],
    "MRE": [
      85.80210016502097,
      76.01114091067679,
      36.78838530529565,
      46.122108703342036,
      67.5644253183108,
      75.48570349609994,
      55.493428855959706,
      44.08772828665484,
      138.1449893562262,
      39.83509395196157,
      74.13662232024258,
      92.00987873982324,
      74.07027083225518,
      57.119847653192735,
      37.207173207785075,
      61.87570884277241,
      75.47230424622381,
      98.70993973085842,
      93.04407459263925,
      62.603356683249224,
      84.0074600810895,
      45.07384551995497,
      37.116338567162366,
      112.56950367394147,
      65.3962359983332,
      104.98532844860024,
      124.29011088584845,
      97.11749703401661,
      66.03448067373235,
      52.67585205848748
    ],
    "MBRE": [
      1.096496646673843,
      1.0847241538683026,
      0.49235833990235955,
      0.6048154465229943,
      0.8226967799948669,
      1.148545305125198,
      0.6214281912262059,
      0.6926326064142986,
      1.5782163162519867,
      0.5821558932479068,
      1.2050095957000513,
      1.403165634196102,
      0.9569669451755012,
      1.0951034104905397,
      0.5832855388357356,
      1.0524084065059587,
      0.9740714226693283,
      1.1847975439037726,
      1.1478911866158612,
      0.9410783967443616,
      1.2270194408056794,
      0.5332216551127157,
      0.5709718666077784,
      1.3506641022224113,
      0.8374167484271103,
      1.32241353174536,
      1.5094269757138206,
      1.097277387944239,
      0.911215592285852,
      0.7003522028045291
    ],
    "MIBRE": [
      0.4096168815895568,
      0.408340241142797,
      0.2726877130778408,
      0.2920381457486911,
      0.3444779851916609,
      0.3967349545627159,
      0.3100197850011263,
      0.30982427265857354,
      0.5371967043730032,
      0.285721627157856,
      0.38503296900813216,
      0.44336406044075094,
      0.3777238557166894,
      0.35977480094601366,
      0.27988358979664346,
      0.3670671618842617,
      0.3697702450598433,
      0.46709656148274525,
      0.42972315911078135,
      0.3660322273702386,
      0.4331447036378736,
      0.28614073128837464,
      0.2730152814633159,
      0.4705228911334806,
      0.3263746659815109,
      0.47340818576978944,
      0.5092475149298287,
      0.4385133126834995,
      0.36205217369437964,
      0.3248183900772403
    ]
  },
  "Mean_MAE": 387.7562063624762,
  "Mean_MRE": 72.69503113799192,
  "Mean_MBRE": 0.9775942421244891,
  "Mean_MIBRE": 0.3769788263993072,
  "Median_MAE": 396.3394940013052,
  "Median_MRE": 70.81734807528298,
  "Median_MBRE": 1.0132399145876434,
  "Median_MIBRE": 0.3684187034720525,
  "Runs": [
    {},
    {},
    {},
    {},
    {},
    {},
    {},
    {},
    {},
    {},
    {},
    {},
    {},
    {},
    {},
    {},
    {},
    {},
    {},
    {},
    {},
    {},
    {},
    {},
    {},
    {},
    {},
    {},
    {},
    {}
  ]
}