{
  "Metrics": {
    "MAE": [
      331.3563212406307,
      268.1300490751381,
      275.4843082555866,
      230.99466516051524,
      221.15982919209458,
      303.25895465832934,
      299.6590385509729,
      291.155189017077,
      214.45057725037978,
      275.42335404649526,
      334.8686316606656,
      345.60875557220834,
      371.7588575857889,
      317.42176770504796,
      296.86090430273117,
      308.7806675662797,
      296.94200253063974,
      295.6079020883509,
      308.28097959719696,
      309.5530687197451,
      328.1039039497819,
      269.05642218778917,
      163.92718998016142,
      426.68718059570784,
      289.35554574592373,
      382.94718299856254,
      369.911512708662,
      295.8807559862503,
      340.1629415438555,
      248.08648492276487
    ],
    "MRE": [
      87.0407249248618,
      59.02412246608285,
      41.30790306189937,
      47.25169827423337,
      52.308864843233025,
      76.08274456655873,
      78.40543169348406,
      58.62870003419805,
      47.752315111914115,
      52.538563380905416,
      83.80055115051813,
      80.314988454934,
      88.77612699116327,
      56.429005995961234,
      58.63977262172556,
      65.93541206974186,
      73.48465124331437,
      65.42761478927265,
      74.08932779144686,
      62.01483044981112,
      59.195975634544276,
      70.49620651291325,
      27.828258330232998,
      108.24484603378531,
      71.69772682611945,
      100.33804982777335,
      99.96677362572127,
      75.26724610600544,
      84.8303796921404,
      61.51698258232033
    ],
    "MBRE": [
      0.8985288323302811,
      0.6190520465373027,
      0.5004285632472423,
      0.4984159065173223,
      0.5439411377619846,
      0.7910487939598384,
      0.8037894368879226,
      0.6479813862931931,
      0.4969744998625678,
      0.5818432217404987,
      0.8694246440823825,
      0.8648314965348962,
      0.9550958571495635,
      0.645777161799408,
      0.6444368299172529,
      0.7022282482130685,
      0.7596765210432361,
      0.6969689828165898,
      0.7696035725965077,
      0.6886780489646397,
      0.7176215754727767,
      0.7198115270293036,
      0.3038928201451987,
      1.1485098822178195,
      0.732791495018828,
      1.0307905966580608,
      1.0306420268611478,
      0.7718911102708673,
      0.8759597555417575,
      0.6330659800233223
    ],
    "MIBRE": [
      0.39982436136654464,
      0.3174421366241035,
      0.2806010399826615,
      0.2717673162458078,
      0.2915802717861897,
      0.36487237128245253,
      0.3595642457942009,
      0.32582459462858615,
      0.2759183941144724,
      0.3054153694815765,
      0.39409064359934015,
      0.3818638823704192,
      0.4056615856224323,
      0.3274562414797206,
      0.3377169835575721,
      0.3470055752253972,
      0.34354578654693974,
      0.3511047524542583,
      0.36317851626324443,
      0.33448141395795483,
      0.347228475888342,
      0.3369262747099254,
      0.1965205620230111,
      0.4463029510523774,
      0.35890480870790076,
      0.4337889884223127,
      0.43321840063989175,
      0.3663427556602222,
      0.38143292007837043,
      0.31911566893631177
    ]
  },
  "Mean_MAE": 300.36249814651103,
  "Mean_MRE": 68.95452650289387,
  "Mean_MBRE": 0.7314567319164926,
  "Mean_MIBRE": 0.3466232429500847,
  "Median_MAE": 298.30052054080636,
  "Median_MRE": 68.21580929132756,
  "Median_MBRE": 0.7187165512510402,
  "Median_MIBRE": 0.34711702555686963,
  "Runs": [
    {},
    {},
    {},
    {},
    {},
    {},
    {},
    {},
    {},
    {},
    {},
    {},
    {},
    {},
    {},
    {},
    {},
    {},
    {},
    {},
    {},
    {},
    {},
    {},
    {},
    {},
    {},
    {},
    {},
    {}
  ]
}