{
  "Metrics": {
    "MAE": [
      446.0643678899083,
      181.95225952451418,
      192.0989000197297,
      342.3144028805367,
      270.7520873948336,
      386.91825441416876,
      457.0596524457785,
      165.08087217125382,
      464.4005082371511,
      157.95657380388673,
      420.4842584908187,
      185.93031059485057,
      206.19570540312012,
      189.74700492397017,
      235.3894138580025,
      174.8754036499951,
      153.49930127256584,
      358.287337696886,
      160.32391468876395,
      185.9085106906805,
      178.6692156604518,
      160.3409551663637,
      270.52510127256585,
      183.3954292887442,
      155.04279708000394,
      187.84942394692712,
      196.99005900355604,
      235.29636498563585,
      169.17915108020125,
      263.16540787708396
    ],
    "MRE": [
      94.29135630958964,
      30.294825116056945,
      22.384879716746177,
      46.2595656923287,
      41.339316819951534,
      84.33482119581384,
      95.3231833056501,
      23.78101433096486,
      113.92259792874373,
      23.649913081059676,
      86.9685928640278,
      31.886779167465157,
      35.672494341094165,
      34.256534908319644,
      39.65054733990209,
      28.807335990393284,
      27.867404153705376,
      55.48598842338867,
      26.19629928858466,
      31.64431124429232,
      28.322696263466728,
      27.218026575256093,
      37.65951805550073,
      32.637083651278694,
      26.29914760868995,
      32.491559325705225,
      36.12487531261696,
      42.77473430309778,
      28.65195409474954,
      37.583608279866596
    ],
    "MBRE": [
      1.2181973460646356,
      0.3537802384297433,
      0.30041778833035215,
      0.970249915102481,
      0.5375939751122855,
      0.9952092773337403,
      1.3096830774082597,
      0.2744403271321348,
      1.3727558907110367,
      0.28635782135693894,
      1.2750402919745734,
      0.3865902096250175,
      0.4084527210215739,
      0.39699221684385516,
      0.4764674503562554,
      0.3241791663977713,
      0.3065534877118747,
      0.8562014277117622,
      0.30464729595857243,
      0.34398143684561555,
      0.336670343347499,
      0.2976003281557389,
      0.5560163822140424,
      0.3727438187390962,
      0.29561532910624416,
      0.364380448017162,
      0.4022188509647137,
      0.47999091117246034,
      0.3233150028420808,
      0.6106244218769582
    ],
    "MIBRE": [
      0.38961352874896604,
      0.22231050256474724,
      0.19409606995188117,
      0.28754783322112537,
      0.25359811016438016,
      0.3542058165926654,
      0.3947525663426806,
      0.1840077292732685,
      0.3777695391909108,
      0.18922253022251315,
      0.35227754442499365,
      0.232481656725336,
      0.24080381018950608,
      0.24504067676180527,
      0.2662825306262532,
      0.20935689790164452,
      0.1992024028190703,
      0.31828344068156583,
      0.20485494662617276,
      0.21713094605500485,
      0.2143515961974342,
      0.19530540221036977,
      0.26640502212729444,
      0.23311083879554462,
      0.19790273700348673,
      0.2298603879522937,
      0.23946391811294196,
      0.2552392654356683,
      0.21026123139310543,
      0.2495216543827418
    ]
  },
  "Mean_MAE": 244.52309818043162,
  "Mean_MRE": 43.45936548961022,
  "Mean_MBRE": 0.5578989065954826,
  "Mean_MIBRE": 0.2541420377565124,
  "Median_MAE": 190.92295247184995,
  "Median_MRE": 33.44680927979917,
  "Median_MBRE": 0.39179121323443633,
  "Median_MIBRE": 0.2362873784542433,
  "Runs": [
    {},
    {},
    {},
    {},
    {},
    {},
    {},
    {},
    {},
    {},
    {},
    {},
    {},
    {},
    {},
    {},
    {},
    {},
    {},
    {},
    {},
    {},
    {},
    {},
    {},
    {},
    {},
    {},
    {},
    {}
  ]
}