{
  "Metrics": {
    "MAE": [
      270.7217975168329,
      258.7796575860423,
      315.93080944905466,
      289.4142352449317,
      386.098471467413,
      407.619874508393,
      311.94793154309616,
      442.0742885697914,
      246.34275660996568,
      432.90574327426026,
      419.84704558228464,
      210.63183525096667,
      298.13035142963577,
      269.1268209779346,
      351.47532616991947,
      221.44878786458182,
      430.484314196437,
      384.13208853309425,
      279.0829397387526,
      249.64650199167218,
      268.2280833249457,
      248.62500278869138,
      454.22274448058226,
      275.4511542383425,
      335.12931423373817,
      378.5954461116026,
      387.12183315119745,
      357.55727485961404,
      352.1143751981904,
      276.393160306903
    ],
    "MRE": [
      297.6327111642396,
      265.40048643105496,
      314.3371779468752,
      471.40135616879445,
      484.22322311685207,
      530.9196244179672,
      354.86436019772316,
      507.89245364999863,
      307.60798669591145,
      645.89578788932,
      609.5778001717911,
      201.1052792336623,
      274.17486722273196,
      300.97317836609295,
      305.1859511418383,
      248.29346865481784,
      572.8690773658174,
      416.35481428788205,
      274.20874880816746,
      236.5164442780038,
      294.8013021471907,
      178.44058637237254,
      504.42446827514704,
      267.157338375418,
      386.5529247698881,
      342.9791566929438,
      436.5289638234903,
      396.8852631223653,
      369.1888337383298,
      300.0647228542855
    ],
    "MBRE": [
      2.943109108724193,
      2.4675375848223937,
      3.747083363434034,
      5.038587680427708,
      5.087426108696489,
      -67.49489360914467,
      3.616194696947359,
      5.51878423678635,
      2.969875072602315,
      5.741215041859935,
      7.522198476614862,
      2.0742536112773453,
      3.100540957059833,
      2.6670152111088026,
      2.9840651639828897,
      2.6509921931136353,
      -6.101334126991465,
      4.775398700391297,
      1.9432724174948368,
      1.6125430154366835,
      3.4352642086005485,
      2.2376573577679713,
      5.4074101439406315,
      2.6791577155239605,
      3.756565297434,
      4.880587614519213,
      4.649908602230695,
      4.675671376240256,
      3.3804529146229227,
      10.047640553548566
    ],
    "MIBRE": [
      0.5170616055118218,
      0.6058357228499962,
      0.533131289684435,
      0.5678560722360697,
      0.6781688483381244,
      0.6935348202694355,
      0.6047698930879913,
      0.7419398152451685,
      0.5476915937665823,
      0.8268830330018415,
      0.6661568016360596,
      0.41409749068688967,
      0.4846492414172726,
      0.4823317225201618,
      0.5469382278432171,
      0.39577341017356865,
      0.6177970910464039,
      0.6407853547982278,
      0.461981322841195,
      0.4491695161746827,
      0.5396285355204522,
      0.47384879821190756,
      0.7761188423125036,
      0.4727702233264688,
      0.5979684118193767,
      0.6034364591750169,
      0.6139620933839003,
      0.6489683698117092,
      0.6641641781796371,
      0.5067781559850839
    ]
  },
  "Mean_MAE": 326.97599887329557,
  "Mean_MRE": 369.88194524603244,
  "Mean_MBRE": 1.2671393563024531,
  "Mean_MIBRE": 0.5791398980285067,
  "Median_MAE": 313.9393704960754,
  "Median_MRE": 328.65816731990947,
  "Median_MBRE": 3.407858561611736,
  "Median_MIBRE": 0.5829122420277232,
  "Runs": [
    {},
    {},
    {},
    {},
    {},
    {},
    {},
    {},
    {},
    {},
    {},
    {},
    {},
    {},
    {},
    {},
    {},
    {},
    {},
    {},
    {},
    {},
    {},
    {},
    {},
    {},
    {},
    {},
    {},
    {}
  ]
}