{
  "Metrics": {
    "MAE": [
      514.3125927838691,
      430.4695876036915,
      382.4666023258343,
      573.0115668738983,
      545.7802074020623,
      674.9311553333738,
      614.2801050024409,
      481.6683587907834,
      605.9956692896196,
      495.58548564056906,
      579.3612572328851,
      465.8905128245074,
      424.2879953777823,
      554.4061898645407,
      443.1031999948433,
      399.89872253077374,
      444.71704559951604,
      564.032152067145,
      496.17643103311974,
      432.86932880751675,
      593.284777323647,
      560.0779563757853,
      535.9092737465219,
      482.43415442123705,
      458.5541692405404,
      498.37961591960084,
      527.2294204224937,
      461.0445613174459,
      529.908780472139,
      411.90054341014627
    ],
    "MRE": [
      775.9988561574794,
      624.0625836809676,
      430.3623518069494,
      1091.6821761591837,
      787.119079113724,
      1269.3566513146354,
      938.9400345352464,
      699.6644148465689,
      863.769261569935,
      766.0916630957221,
      901.2391203909899,
      728.116430124455,
      569.9619807799043,
      819.2890341684865,
      626.2245480845644,
      551.6227406082407,
      708.7279344597291,
      835.64910399217,
      854.8684986999127,
      584.7301065248878,
      978.3652358306512,
      750.6547774883963,
      741.2777691338823,
      798.9405060136594,
      625.2898049787742,
      794.062607363935,
      729.7695836948175,
      671.2671652442752,
      725.2936406127374,
      559.6366382966
    ],
    "MBRE": [
      8.054126396905945,
      6.444897095500461,
      4.411241720940532,
      11.181969028618846,
      8.57364210416993,
      13.219088228893705,
      9.813256209741722,
      7.320263453374859,
      9.35596396568915,
      7.874612990177101,
      11.403581217484614,
      7.639211800491287,
      5.964066654594938,
      8.824071723732496,
      6.490460101014671,
      5.694679012339049,
      7.2729190920511995,
      8.75122526044541,
      8.757239374183625,
      6.082607823197896,
      10.39884470660271,
      8.272252286422061,
      7.946382624105984,
      8.451600566761782,
      6.580372239371324,
      8.358162872490517,
      7.842186084135913,
      7.065806182324075,
      7.981492583201136,
      5.833053471080924
    ],
    "MIBRE": [
      0.7067994668585266,
      0.6137582846894052,
      0.5901637920640802,
      0.7260066916077617,
      0.7353707580184762,
      0.7596428844653483,
      0.7517781321341908,
      0.6952179905455951,
      0.7359904788991642,
      0.701484720033977,
      0.7409447891213409,
      0.6612364970547543,
      0.6369112075387228,
      0.7374318518375115,
      0.672228652067882,
      0.6340273907996887,
      0.6574319246830644,
      0.7472869069970632,
      0.6936570581410706,
      0.6618617621589149,
      0.7492046583817583,
      0.7047829087892508,
      0.7364421403531641,
      0.6448359205006562,
      0.6504973463594115,
      0.6635699809155055,
      0.7027790575894267,
      0.6658536754989448,
      0.7208662585388117,
      0.6026451038881309
    ]
  },
  "Mean_MAE": 506.0655806342776,
  "Mean_MRE": 760.0678099590496,
  "Mean_MBRE": 8.061975895668128,
  "Mean_MIBRE": 0.6900236096843867,
  "Median_MAE": 497.2780234763603,
  "Median_MRE": 745.9662733111393,
  "Median_MBRE": 7.96393760365356,
  "Median_MIBRE": 0.698351355289786,
  "Runs": [
    {},
    {},
    {},
    {},
    {},
    {},
    {},
    {},
    {},
    {},
    {},
    {},
    {},
    {},
    {},
    {},
    {},
    {},
    {},
    {},
    {},
    {},
    {},
    {},
    {},
    {},
    {},
    {},
    {},
    {}
  ]
}