{
  "Metrics": {
    "MAE": [
      402.44542115922485,
      451.98153363720496,
      500.53589046677814,
      537.6295876316418,
      486.9528517028454,
      496.0302773949435,
      455.9962262879242,
      551.1667236415565,
      524.2006029912679,
      492.32292908030536,
      553.1041409162365,
      482.3907462924872,
      445.77668122733303,
      414.4118163373492,
      497.50433645778594,
      442.4749489256251,
      503.45265036446625,
      507.7359472988216,
      350.01582031599975,
      488.4894638316148,
      431.28096535909907,
      501.3154215412517,
      522.8203367054782,
      493.7712370786703,
      528.9487982840207,
      418.1972588436088,
      404.82889883663177,
      552.6430586400793,
      497.1744208518038,
      469.2378053974089
    ],
    "MRE": [
      546.7508912978625,
      700.5191795730967,
      690.7135871641126,
      760.796878704332,
      683.1793769402608,
      802.1002885322887,
      741.3970293703661,
      819.5599980008103,
      787.0813292255481,
      899.4275905245297,
      818.4690152657067,
      683.1844970187426,
      582.7591778728246,
      550.16566467076,
      776.7205083231187,
      562.974643051935,
      778.4394084589165,
      779.4224715918882,
      529.6620806409793,
      704.6314744813532,
      542.6977919632351,
      680.1536807481034,
      760.512842230095,
      826.5975719831545,
      805.4995596685696,
      605.9098299159677,
      622.171525296537,
      963.9857153549816,
      608.76750613355,
      564.3549279723993
    ],
    "MBRE": [
      5.555436154401053,
      7.135062665950913,
      7.181133247281888,
      7.82360586203897,
      7.0706436834381154,
      8.141498904215243,
      7.449420666504264,
      8.599434543294176,
      8.02720976760169,
      9.149253965142629,
      8.412400278472505,
      7.0850001205293145,
      6.097325594574412,
      5.618434217348886,
      7.969542248723308,
      5.78510192160316,
      8.001226402389058,
      8.050134880327652,
      5.364278355667753,
      7.1451543912501245,
      5.381795670833468,
      7.117056152431032,
      8.095056252390368,
      8.531556126939384,
      8.634084725359058,
      6.213011491634208,
      6.297306270247314,
      9.852609520169139,
      6.709902413008431,
      6.087225196385918
    ],
    "MIBRE": [
      0.6377624809056002,
      0.6910105715967128,
      0.7159070470272931,
      0.739955238150863,
      0.7133184321240558,
      0.7304533369040519,
      0.7231345221297961,
      0.8741589926857986,
      0.7644336847999489,
      0.7069222144182867,
      0.7330042767668417,
      0.7192359945727138,
      0.7258559342155358,
      0.6479055002769402,
      0.8025796698600816,
      0.766180431371177,
      0.7159057547137783,
      0.7092156340568363,
      0.5868727208270266,
      0.7146777468474592,
      0.6516898394577424,
      0.7685715248398447,
      0.7217804369231232,
      0.6884946117640953,
      0.736402868723168,
      0.6540344724788115,
      0.6565767768082998,
      0.7409341608806952,
      0.7056417891101586,
      0.722520678355211
    ]
  },
  "Mean_MAE": 480.1612265833155,
  "Mean_MRE": 705.9535347325342,
  "Mean_MBRE": 7.286030056338448,
  "Mean_MIBRE": 0.7155045781197317,
  "Median_MAE": 493.04708307948783,
  "Median_MRE": 702.575327027225,
  "Median_MBRE": 7.163143819266006,
  "Median_MIBRE": 0.7175715208000035,
  "Runs": [
    {},
    {},
    {},
    {},
    {},
    {},
    {},
    {},
    {},
    {},
    {},
    {},
    {},
    {},
    {},
    {},
    {},
    {},
    {},
    {},
    {},
    {},
    {},
    {},
    {},
    {},
    {},
    {},
    {},
    {}
  ]
}