{
  "Metrics": {
    "MAE": [
      499.94403536687423,
      415.6601464296805,
      396.52412129082273,
      553.5814560160584,
      546.0162493700582,
      590.7730982303422,
      529.8374109666278,
      459.9024563733603,
      560.0868098817979,
      524.7780273862368,
      569.7231115595034,
      426.3456892211626,
      422.52380948220963,
      526.8466525530914,
      455.7037084610753,
      468.07730139126494,
      399.62094467065083,
      575.4307750585341,
      506.41598507854195,
      479.19463352745504,
      482.2926046609854,
      549.0656392682079,
      542.7770961998085,
      482.5953341544856,
      497.09780419253553,
      514.6328809554877,
      556.0011382432233,
      455.49927330752064,
      413.1358110044941,
      447.3681274877654
    ],
    "MRE": [
      777.9004206546962,
      575.7553007591034,
      488.35598693498616,
      1034.480302303856,
      800.7269145221017,
      1060.627958989652,
      819.5735905934592,
      710.4875573747842,
      722.5153996017675,
      791.8426138692198,
      902.641892771701,
      693.4885868053597,
      587.6851351580998,
      790.3547987864413,
      644.5650115496503,
      662.1162437697708,
      670.279580572462,
      918.7128826709663,
      925.7567487280877,
      699.0378518675719,
      726.1594044315857,
      748.2587577859517,
      764.1741880461053,
      766.4969473179708,
      675.5814704017257,
      742.8699097175818,
      855.7901243925769,
      645.6333246631824,
      531.3402633254581,
      649.4266374713759
    ],
    "MBRE": [
      7.987318067011528,
      3.9448248193488133,
      5.154445700283223,
      10.546253030971203,
      8.368877229080887,
      10.85943536803952,
      8.413765972373168,
      7.255768771190054,
      7.591219333113136,
      8.083659213514881,
      9.544017792565143,
      6.84675181283988,
      6.134643954081481,
      8.305472265648188,
      6.662514285269386,
      6.840392311161162,
      6.819757568648122,
      9.550796658168295,
      9.39080256403841,
      7.252764482148396,
      7.478240107398418,
      7.296746849819686,
      8.142901485103538,
      8.035810657938638,
      7.13508446950304,
      7.839788020833945,
      8.965449296897836,
      6.55354199342367,
      5.545235774562473,
      6.628360955066163
    ],
    "MIBRE": [
      0.7086860925213472,
      0.6602813336446484,
      0.6412545785384381,
      0.7346120021926671,
      0.7850413747514151,
      0.7547271295191464,
      0.7416864733020726,
      0.7031667909639779,
      0.7662353980590655,
      0.78228873885632,
      0.7564246780288228,
      0.6883664759104478,
      0.6513117095291298,
      0.7230171137188557,
      0.6897363984915625,
      0.69933866286632,
      0.6683765193162547,
      0.8211067229425145,
      0.7019860220446699,
      0.704956358317739,
      0.6950701332375907,
      0.9801323014469141,
      0.7401841523079709,
      0.6978991796943991,
      0.7470724389763335,
      0.8585326027405656,
      0.7333842141572902,
      0.7359151018672689,
      0.6699096555667826,
      0.7497513291915537
    ]
  },
  "Mean_MAE": 494.9150710596621,
  "Mean_MRE": 746.0878601945751,
  "Mean_MBRE": 7.639154693668076,
  "Mean_MIBRE": 0.7330150560900696,
  "Median_MAE": 498.52091977970485,
  "Median_MRE": 734.5146570745837,
  "Median_MBRE": 7.534729720255777,
  "Median_MIBRE": 0.7282006639380729,
  "Runs": [
    {},
    {},
    {},
    {},
    {},
    {},
    {},
    {},
    {},
    {},
    {},
    {},
    {},
    {},
    {},
    {},
    {},
    {},
    {},
    {},
    {},
    {},
    {},
    {},
    {},
    {},
    {},
    {},
    {},
    {}
  ]
}