{
  "Metrics": {
    "MAE": [
      221.05107804671147,
      205.8555169250286,
      208.838389489155,
      231.27249474767166,
      259.9961155079056,
      198.44410726662338,
      190.2805722330518,
      240.31951957826664,
      238.28673727528698,
      232.76073136235647,
      173.3416565735326,
      178.6384135044401,
      274.4260106214611,
      286.87571195426835,
      249.74923842476562,
      201.88324065874562,
      234.78843850985487,
      216.51092751168045,
      155.06738274853802,
      204.02005019493177,
      203.48877226708748,
      221.55597760450507,
      322.22393563674433,
      187.4913284476624,
      279.5829204925895,
      221.09778337201027,
      357.9373219877697,
      247.5755847303444,
      258.7393704662892,
      209.61458381138033
    ],
    "MRE": [
      159.52913076949807,
      125.21011258055057,
      103.38859076919435,
      217.84313250440874,
      180.97216459896728,
      144.60537435607225,
      108.10171657611617,
      124.39723929226312,
      150.85038373377165,
      211.62689477298403,
      173.64928251187587,
      108.30109742118424,
      198.35839961917875,
      204.32246721848935,
      148.0492240620264,
      125.27184916167423,
      203.88912998864237,
      168.36918166429925,
      123.18566940254097,
      127.21186355830373,
      128.14816009016025,
      106.98691664779143,
      178.8502544343873,
      128.60208198279423,
      204.29835328954152,
      106.01523292836947,
      242.15461527861234,
      129.4274298549206,
      116.70033057795159,
      163.70880947409248
    ],
    "MBRE": [
      1.7892895457532993,
      1.65809839490909,
      1.6280179277851876,
      2.492167778218363,
      2.033389975017292,
      1.663975753980605,
      1.3056427558066386,
      1.711382108529962,
      2.0388705510859726,
      2.2643928746981876,
      1.95809553493771,
      1.2852112782325604,
      2.3941616335101297,
      2.372223600994805,
      1.9081863888657944,
      1.5899813145544064,
      2.4967099896778193,
      1.973146226295994,
      1.4318663784963388,
      1.4936350859965362,
      1.558015253357511,
      1.4108065092869713,
      2.40648486801986,
      1.5462855996905898,
      2.3395097087280745,
      1.5819339881826868,
      3.320119399115799,
      1.604029299270361,
      1.7448436417666497,
      1.8341596505274718
    ],
    "MIBRE": [
      0.36366522376852056,
      0.3682292058011416,
      0.37769799897854367,
      0.3724644612085363,
      0.393824270913778,
      0.3323077801794759,
      0.36191597760200966,
      0.3927250150925075,
      0.41075808828355365,
      0.4086105710984391,
      0.3903616597218964,
      0.34371437789298337,
      0.38692294829652657,
      0.4085353132386491,
      0.3985084607258848,
      0.35786931624514406,
      0.406136311898944,
      0.3736890841734102,
      0.33052779729443915,
      0.35238487943674385,
      0.3851531856155481,
      0.3736897357879092,
      0.46454331268750987,
      0.3838504953747463,
      0.4147060673677008,
      0.3626660198033832,
      0.5077598878049363,
      0.38557173836022557,
      0.4016108922749922,
      0.36282104167420715
    ]
  },
  "Mean_MAE": 230.3904637316886,
  "Mean_MRE": 153.73416963735542,
  "Mean_MBRE": 1.894487767176422,
  "Mean_MIBRE": 0.3857740372867429,
  "Median_MAE": 221.32688048825767,
  "Median_MRE": 146.32729920904933,
  "Median_MBRE": 1.7670665937599745,
  "Median_MIBRE": 0.38450184049514724,
  "Runs": [
    {},
    {},
    {},
    {},
    {},
    {},
    {},
    {},
    {},
    {},
    {},
    {},
    {},
    {},
    {},
    {},
    {},
    {},
    {},
    {},
    {},
    {},
    {},
    {},
    {},
    {},
    {},
    {},
    {},
    {}
  ]
}