{
  "Metrics": {
    "MAE": [
      366.78888533190104,
      447.52646129202435,
      416.3622397897083,
      521.2115070972469,
      468.5189718143104,
      388.4084107149448,
      337.8834412197604,
      482.90362492703247,
      404.67611260275413,
      389.5421758322702,
      483.7725632845593,
      399.6392353289881,
      388.9948218767191,
      337.28885670655234,
      397.5008518099815,
      468.5143181368546,
      430.65638781821224,
      518.9978627350589,
      325.59647249690124,
      378.5318634321177,
      373.88702261643715,
      465.86786186453236,
      496.9705390904924,
      498.1103316604662,
      485.446072856512,
      320.0315897833403,
      322.70787730791477,
      439.0722576316693,
      439.045686299924,
      418.5960960143424
    ],
    "MRE": [
      337.9087352294825,
      631.3028467409476,
      456.1292709109182,
      655.5945227438788,
      496.61765748200503,
      433.7831110301645,
      301.8014936097588,
      522.5870916710358,
      485.2330561862785,
      492.73401748752246,
      704.3985204994027,
      418.9998720928142,
      347.19721507120215,
      299.6058949770854,
      454.5027236587989,
      518.9971922302748,
      496.65428279184044,
      693.0135404153906,
      319.3317736307534,
      333.60568685862404,
      313.43736135139517,
      479.0421385589414,
      674.7247159167174,
      798.3173834294982,
      625.3444895932455,
      262.00674167160514,
      321.5082346163894,
      630.8350400014501,
      449.06908424676664,
      334.0379692706353
    ],
    "MBRE": [
      3.676623084060063,
      6.823439359566666,
      5.158239677005927,
      7.141966374231305,
      6.14494150582802,
      4.642121400931076,
      3.3762379171772103,
      6.381024200034714,
      5.108269991546584,
      5.278490280910282,
      7.511379333517265,
      4.687728796305118,
      3.992460095835142,
      3.3639801344064097,
      4.829287562914455,
      5.874465000387149,
      5.619533196825299,
      7.7156796666365715,
      3.4116168880173916,
      3.7457152775699356,
      3.6763604068126132,
      5.41977308670091,
      7.388054714094187,
      8.659182845344047,
      7.005965582610939,
      3.0792828509184305,
      3.3695419337802983,
      6.890504694916397,
      5.294275021215466,
      4.321595286910306
    ],
    "MIBRE": [
      0.5202686238170159,
      0.6092288852326938,
      0.6447245117868146,
      0.7232502786532128,
      0.6524729740411787,
      0.5732989195489698,
      0.5381202259616475,
      0.6797481330207024,
      0.5789966928470167,
      0.609394721222071,
      0.6810609344554721,
      0.6122496596901131,
      0.5725287498852181,
      0.5182048639481376,
      0.5837456769919535,
      0.682598021044004,
      0.63448692375864,
      0.6873080372719709,
      0.49080158753564973,
      0.5529785602054951,
      0.5341233355780951,
      0.6594802439520566,
      0.6804173953240634,
      0.6632881790690679,
      0.6683525228896848,
      0.48657213119554643,
      0.49835600836990834,
      0.599422847887109,
      0.6384381877293086,
      0.5916540470527146
    ]
  },
  "Mean_MAE": 420.43501331245096,
  "Mean_MRE": 476.27738879916075,
  "Mean_MBRE": 5.319591205567006,
  "Mean_MIBRE": 0.6055190626655177,
  "Median_MAE": 417.4791679020253,
  "Median_MRE": 467.5857047349298,
  "Median_MBRE": 5.218364978958105,
  "Median_MIBRE": 0.6093118032273823,
  "Runs": [
    {},
    {},
    {},
    {},
    {},
    {},
    {},
    {},
    {},
    {},
    {},
    {},
    {},
    {},
    {},
    {},
    {},
    {},
    {},
    {},
    {},
    {},
    {},
    {},
    {},
    {},
    {},
    {},
    {},
    {}
  ]
}