{
  "Metrics": {
    "MAE": [
      461.6319132893382,
      453.04906715937864,
      494.34469431175404,
      504.9173236272001,
      467.35006301845766,
      494.6574041442627,
      451.53807701705136,
      531.7682356182943,
      527.2730569050495,
      502.6678210617876,
      489.343696035662,
      462.3042122466419,
      453.0495985310757,
      411.023355830334,
      449.0590986316157,
      457.82734290618345,
      493.4384253974432,
      539.2370228126201,
      402.24433485207203,
      446.1387257520491,
      454.8202444929767,
      414.9918975745896,
      537.264346091529,
      518.6573567270701,
      527.4293936580077,
      421.0873671543131,
      408.7239789362465,
      506.8161491816783,
      481.7952511937286,
      487.97997878064047
    ],
    "MRE": [
      704.3142445106105,
      678.0099547287317,
      669.1930818482729,
      811.7767901241743,
      696.1967130214339,
      775.0504916778024,
      716.5282781207405,
      797.5579160363068,
      845.6733082336864,
      892.9174651814817,
      739.3955860241458,
      690.4387654339203,
      663.0461287717982,
      553.1051538089412,
      664.9353472158368,
      617.4529142514837,
      763.0143844803032,
      858.448285835253,
      662.0617749908017,
      631.3974106640507,
      654.5913602265895,
      572.8812788439475,
      860.0630640273854,
      915.2853099909041,
      798.3240939271276,
      591.9265280310248,
      629.3997117867373,
      907.1012275814717,
      675.1376158153658,
      625.5574967157395
    ],
    "MBRE": [
      7.19570459859529,
      6.939703163385397,
      6.884312545732483,
      8.231211232046252,
      7.15566812952359,
      7.905056824012722,
      7.313147318586953,
      8.416398376435057,
      8.59607082510744,
      9.086286812466103,
      7.648521526212665,
      7.09838156618479,
      6.8703523691856425,
      5.739066686355724,
      6.808041282490706,
      6.442637076944654,
      7.805345114358143,
      8.86677621947177,
      6.694274114007976,
      6.454811542636475,
      6.7115789788848526,
      5.864922893557531,
      9.1043811746768,
      9.409287355904377,
      8.5461680505365,
      6.113448659153706,
      6.353499384048862,
      9.24193229330415,
      7.133340864521741,
      6.6276839256818265
    ],
    "MIBRE": [
      0.6994767048733564,
      0.67377025158118,
      0.7219190436229961,
      0.719111471982591,
      0.6978094204370074,
      0.7057592943193848,
      0.6868830747859368,
      0.734598671576271,
      0.7386372624907608,
      0.7183047818598002,
      0.7038910197127725,
      0.7042389560311295,
      0.6636772108176631,
      0.6324388425168208,
      0.6843891893402793,
      0.681629712384379,
      0.7173756870114444,
      0.7328032033647885,
      0.6365727358265492,
      0.675157324363051,
      0.6762117122645835,
      0.66324105163764,
      0.7265578004136974,
      0.7015790574187825,
      0.7246777236073129,
      0.6539909505782768,
      0.6326398133645127,
      0.7042421343280628,
      0.695789306836139,
      0.7141508422509636
    ]
  },
  "Mean_MAE": 475.0809810979684,
  "Mean_MRE": 722.0260560635357,
  "Mean_MBRE": 7.441933696800338,
  "Mean_MIBRE": 0.6940508083866044,
  "Median_MAE": 474.5726571060931,
  "Median_MRE": 693.3177392276771,
  "Median_MBRE": 7.144504497022666,
  "Median_MIBRE": 0.7005278811460695,
  "Runs": [
    {},
    {},
    {},
    {},
    {},
    {},
    {},
    {},
    {},
    {},
    {},
    {},
    {},
    {},
    {},
    {},
    {},
    {},
    {},
    {},
    {},
    {},
    {},
    {},
    {},
    {},
    {},
    {},
    {},
    {}
  ]
}