{
  "Metrics": {
    "MAE": [
      228.98802568406617,
      409.84997478160415,
      222.44488550285175,
      480.03597484297165,
      395.7828286263498,
      314.2250053209155,
      164.77779260806338,
      255.64694548459624,
      193.2822011425168,
      354.2669619522056,
      188.53770636416144,
      440.538603974958,
      356.5728533481338,
      190.5508264029415,
      401.4828726967532,
      306.5549019029054,
      340.1759001985416,
      237.2217632352486,
      428.6222262544221,
      282.7462470922677,
      391.91863726445746,
      269.6531930402137,
      396.3487840436138,
      441.5467565972544,
      502.2206134665367,
      290.80591396289077,
      255.67921716121577,
      405.80563752797633,
      366.55078254157337,
      280.7807658101483
    ],
    "MRE": [
      175.4048695359872,
      595.8716593844402,
      200.0942971533416,
      710.6445696191248,
      412.13269570250793,
      327.5395314578417,
      126.57263187268815,
      235.42692325220588,
      179.06338308987216,
      353.19287337296515,
      229.02405029102485,
      582.6943310532489,
      367.706884961152,
      225.49909100188418,
      443.40258610125215,
      329.57481220680137,
      398.8465630323284,
      285.41273768878654,
      598.3093635326677,
      232.82097906453956,
      345.3949910741347,
      278.4725898121186,
      440.2048677995677,
      614.8861660952024,
      813.3726981701409,
      251.6235690771601,
      255.97072428831714,
      465.8875050847998,
      292.0422752520265,
      312.4200368861456
    ],
    "MBRE": [
      1.8240523216004076,
      6.367586157047001,
      2.3509248587524443,
      7.313743795297062,
      5.1224621952023375,
      3.5805983172020173,
      1.5159823575880733,
      2.4908807330480243,
      2.0039454924056095,
      3.688980633215779,
      2.4519411491631744,
      6.121309491928279,
      3.9591686293387944,
      2.4019614176900816,
      4.778063672501311,
      3.448035198063323,
      4.125281450065009,
      2.9772324248486277,
      6.170313376712367,
      2.5247950859044055,
      3.69412145535416,
      2.978451663645029,
      4.569047621395198,
      6.50890573884984,
      8.90739381670276,
      2.8005439587331753,
      2.688304858375883,
      4.795640027883574,
      3.482752466913076,
      3.3496245377500102
    ],
    "MIBRE": [
      0.36351272526449085,
      0.5680621597989297,
      0.4292901349408419,
      0.6358525051645859,
      0.5713438663301588,
      0.44145197029890626,
      0.37429203280707024,
      0.41670244137162893,
      0.41856685601704313,
      0.5306406360999504,
      0.42121926957322253,
      0.5761172156704955,
      0.5116413140312971,
      0.4035897584226601,
      0.5268123779841535,
      0.4851241622379021,
      0.5474992206089708,
      0.42434185632132326,
      0.5449128191437397,
      0.4372055124544665,
      0.4903291349587098,
      0.508192901809604,
      0.5174944017588197,
      0.5720707363768295,
      0.5908175544363685,
      0.4582452053492151,
      0.4661448881019931,
      0.5340639677573598,
      0.5208346294835429,
      0.42293601358326804
    ]
  },
  "Mean_MAE": 326.4538266277452,
  "Mean_MRE": 369.31700856380917,
  "Mean_MBRE": 3.966401496772561,
  "Mean_MIBRE": 0.4903102756052516,
  "Median_MAE": 327.2004527597286,
  "Median_MRE": 328.5571718323215,
  "Median_MBRE": 3.5316753920575463,
  "Median_MIBRE": 0.4992610183841569,
  "Runs": [
    {},
    {},
    {},
    {},
    {},
    {},
    {},
    {},
    {},
    {},
    {},
    {},
    {},
    {},
    {},
    {},
    {},
    {},
    {},
    {},
    {},
    {},
    {},
    {},
    {},
    {},
    {},
    {},
    {},
    {}
  ]
}