{
  "Metrics": {
    "MAE": [
      404.7903322132343,
      412.0300066381588,
      406.066808747603,
      391.2152983845079,
      418.6404538382838,
      414.90793525249484,
      413.07398079402725,
      419.8771424305695,
      407.334719500888,
      409.8572583831516,
      421.79659593885594,
      418.3789808886636,
      413.9340231437622,
      423.57730302263036,
      394.97076266951956,
      407.9143596756043,
      394.35685737802305,
      417.102280812356,
      408.4243997880161,
      412.1105384012993,
      411.4944221481468,
      413.7586135358921,
      421.640181370924,
      417.551755707573,
      414.6198384756573,
      417.38858419051417,
      411.6041089247188,
      374.27864976189943,
      411.3505853496229,
      413.62826904959576
    ],
    "MRE": [
      132.14718440409794,
      96.47646689515454,
      101.68188730427876,
      126.02064994728681,
      134.2184234380671,
      113.92921692402747,
      114.704557926547,
      133.5826855125775,
      105.26240633883353,
      160.26186527256164,
      169.67420248389374,
      126.88804815851154,
      111.83374534755761,
      147.41347987286443,
      115.4486768845564,
      117.694496278716,
      138.5808481709592,
      134.0507275462653,
      123.45292364695138,
      112.3209730967599,
      115.28849714616062,
      130.50775919943075,
      167.84165440747893,
      152.24663331914493,
      115.01696326735006,
      104.9704816288919,
      144.12014274265667,
      141.47310441814844,
      86.0618475259871,
      102.82150382155312
    ],
    "MBRE": [
      4.201881168467244,
      4.2972845237892905,
      4.0176736497139665,
      2.842384013812033,
      5.099493583746745,
      5.47053353322442,
      4.884261058767645,
      4.802188740792499,
      4.5248719863155715,
      3.893496572990269,
      4.972796912033449,
      5.164523657109889,
      4.472148199168006,
      5.351938865962438,
      2.9910081352982623,
      3.75076145230157,
      3.40499555944324,
      4.7507068203959575,
      4.21269338180757,
      4.578766963401569,
      4.316332645237119,
      4.587766453126909,
      4.987450973528489,
      4.805005355733039,
      4.69001016802417,
      4.749486937774006,
      4.0542976297179765,
      2.3751549600966193,
      3.9862668922009172,
      4.607157796495873
    ],
    "MIBRE": [
      0.5353885014073324,
      0.5192411683284652,
      0.502622129498455,
      0.5156666473991827,
      0.5434699544529923,
      0.5294905193401329,
      0.5315812256168566,
      0.5595456006384767,
      0.5156717182965339,
      0.5616765058038935,
      0.5661938248527281,
      0.5453382718831563,
      0.523680825619377,
      0.562830527964761,
      0.5120909978348349,
      0.510916210355721,
      0.5205672246098394,
      0.5541438439252717,
      0.5291457235243303,
      0.5273074878812312,
      0.5201051677110833,
      0.5287710210262532,
      0.5649650638902779,
      0.5489423195157497,
      0.5296325904503356,
      0.5232306338050836,
      0.5611871750764961,
      0.5157543237489302,
      0.49554661152415813,
      0.5199276955050987
    ]
  },
  "Mean_MAE": 410.58916821387317,
  "Mean_MRE": 125.86640176424234,
  "Mean_MBRE": 4.361444619682559,
  "Mean_MIBRE": 0.532487717049568,
  "Median_MAE": 412.5922595976633,
  "Median_MRE": 124.7367867971191,
  "Median_MBRE": 4.55181947485857,
  "Median_MIBRE": 0.5289583722752917,
  "Runs": [
    {},
    {},
    {},
    {},
    {},
    {},
    {},
    {},
    {},
    {},
    {},
    {},
    {},
    {},
    {},
    {},
    {},
    {},
    {},
    {},
    {},
    {},
    {},
    {},
    {},
    {},
    {},
    {},
    {},
    {}
  ]
}