{
  "Metrics": {
    "MAE": [
      375.90515783292824,
      381.71816282259607,
      381.6628036283882,
      368.93868745073434,
      378.81935215886324,
      371.44885017254705,
      383.0915859387177,
      381.0110766571336,
      365.9552366567183,
      374.655928018151,
      380.47249128044814,
      375.1838056578018,
      382.35898536451305,
      382.97808703425255,
      375.99006450757923,
      385.62436187918286,
      377.579337238932,
      378.88744975524264,
      373.5698604415444,
      376.8373165688988,
      377.39586633296676,
      379.36891495189036,
      382.18652071353205,
      389.08472727470365,
      381.96890036342575,
      377.8238584765382,
      374.2222282709746,
      381.6522150761864,
      386.450687007689,
      383.1928481622663
    ],
    "MRE": [
      173.04350592443268,
      119.26031726170174,
      128.77256901212448,
      140.94893872882562,
      143.8739775997445,
      134.34081415580732,
      126.67267716321487,
      120.55878894645093,
      119.19896638906798,
      179.0257479819737,
      151.15955220055375,
      122.00197114326458,
      128.35059288230565,
      145.3192352425086,
      156.14657658590332,
      140.4699715010558,
      155.80444317746858,
      126.32933666342521,
      126.87377379081319,
      94.03686400435161,
      105.83543132224284,
      114.00480606589261,
      136.23190015755077,
      204.9481924311359,
      136.4621338646202,
      124.35686761082232,
      123.86802050362253,
      171.79965437245963,
      143.71765094737037,
      103.42859502657362
    ],
    "MBRE": [
      2.372966701689248,
      2.1615324047896647,
      2.1260586468702556,
      2.208370899664936,
      2.4529684177228517,
      2.1271111354276537,
      2.251043411729533,
      2.268966656407442,
      -0.04948677022953674,
      2.4439489423056098,
      1.9609867812677684,
      1.9463422435103488,
      2.2075975920415125,
      2.4973820675741183,
      2.2337893403328164,
      2.338273491813901,
      2.425477310531012,
      2.147165122890269,
      1.9634769813708637,
      1.8021864585534946,
      2.1407046151557148,
      2.087730366847241,
      2.414160627111933,
      2.9278124002405193,
      2.324303129715673,
      1.8828351158228125,
      2.142271061610878,
      2.3971543147116114,
      2.432393603954303,
      1.943024860895741
    ],
    "MIBRE": [
      0.548413458477819,
      0.542029261748912,
      0.5877346459447055,
      0.49628667438495816,
      0.5007759033783193,
      0.5955427880392193,
      0.5197931350860922,
      0.5310222699350259,
      0.5329688383242008,
      0.5475793847539088,
      0.5354687502369094,
      0.5705780903912513,
      0.4967733414244247,
      0.5017029240936586,
      0.5119326085924059,
      0.5397134149939996,
      0.5171339670212504,
      0.5645465730083127,
      0.5921935082129264,
      0.5028838834835591,
      0.6066757477953698,
      0.5382298970085628,
      0.49126116035258105,
      0.551977831412226,
      0.507476623375587,
      0.5433120816554896,
      0.5506968948626266,
      0.5798352545119934,
      0.5125140271100904,
      0.4885451101337024
    ]
  },
  "Mean_MAE": 378.8678455898449,
  "Mean_MRE": 136.56139575524284,
  "Mean_MBRE": 2.1526182644110063,
  "Mean_MIBRE": 0.5368532683250028,
  "Median_MAE": 379.1281823535665,
  "Median_MRE": 131.55669158396591,
  "Median_MBRE": 2.207984245853224,
  "Median_MIBRE": 0.5368493236227361,
  "Runs": [
    {},
    {},
    {},
    {},
    {},
    {},
    {},
    {},
    {},
    {},
    {},
    {},
    {},
    {},
    {},
    {},
    {},
    {},
    {},
    {},
    {},
    {},
    {},
    {},
    {},
    {},
    {},
    {},
    {},
    {}
  ]
}