{
  "Metrics": {
    "MAE": [
      162833.19721075936,
      122070.84559989691,
      146287.66218941123,
      170891.3176778581,
      98204.32495201136,
      125474.93536717031,
      115407.17825608331,
      114559.95471898759,
      119525.60482650809,
      150413.12783317902,
      118489.54993108893,
      126693.42206294209,
      114644.94766654905,
      167108.5623006899,
      113953.033021402,
      165890.11093176043,
      143398.56680779427,
      113076.06827324719,
      175118.46312131503,
      110320.324149522,
      132840.85286288182,
      95827.32439542073,
      133574.6384001274,
      144017.4236920642,
      144795.31063536604,
      132418.2579499828,
      158922.22154169573,
      146203.80881497602,
      148533.87890871792,
      131534.67495374824
    ],
    "MRE": [
      489.1438116107873,
      312.55070344837435,
      366.61160098752885,
      528.4531535790135,
      185.00574521873622,
      306.97162509003846,
      302.68680520257317,
      284.63985382460334,
      328.4395421985324,
      392.4833702191822,
      281.0279927438345,
      302.50494151010196,
      309.0482113472824,
      456.76385370624064,
      281.66098762185754,
      500.2729250417325,
      369.957838484463,
      299.033917973248,
      503.6546067174344,
      278.9006640329225,
      366.8421510228753,
      206.35989330124738,
      396.92788024997714,
      388.6035310810635,
      390.0105649281259,
      315.5649849780675,
      456.86443323693646,
      344.52505138035247,
      421.40445694485607,
      315.1284367085339
    ],
    "MBRE": [
      5.1672622134701305,
      3.231752831962541,
      3.9337716282611317,
      5.616398180096343,
      1.9463105994464216,
      3.2750798104990353,
      3.1388628864878907,
      2.953631200520087,
      3.385285079151341,
      4.1861362772433965,
      2.9183018411743933,
      3.229233100075073,
      3.1744959620344955,
      4.984955655894908,
      2.926849394466243,
      5.3412331648051925,
      3.9513986286767713,
      3.13112803986151,
      5.3380399207264935,
      2.8813336403009147,
      3.815241104506581,
      2.135360638493325,
      4.05372447191492,
      4.0669722880011845,
      4.138929669541428,
      3.3913461088467898,
      4.849127966321261,
      3.7777857023832,
      4.37248566027004,
      3.3681632038601914
    ],
    "MIBRE": [
      0.7264538296986138,
      0.6751227108769942,
      0.7073244257105679,
      0.7395053437154232,
      0.5655193924249822,
      0.6274872335820605,
      0.6439804907684822,
      0.6368798729504349,
      0.6593883280026944,
      0.7172663413411999,
      0.6286075933022043,
      0.6673203017245466,
      0.6345436908166415,
      0.742364275876758,
      0.6325536694339219,
      0.7061357521052974,
      0.6997168302208735,
      0.6208434723966991,
      0.7524831711713378,
      0.640853717211535,
      0.6731299661547799,
      0.5710236644933564,
      0.6832242310360253,
      0.695788344397819,
      0.695208584618718,
      0.6737828972897101,
      0.7270913796089223,
      0.7006009340506633,
      0.7214180211105207,
      0.6709688572091647
    ]
  },
  "Mean_MAE": 134767.65296843855,
  "Mean_MRE": 356.06811781301747,
  "Mean_MBRE": 3.756019895643108,
  "Mean_MIBRE": 0.6745529107766981,
  "Median_MAE": 132629.5554064323,
  "Median_MRE": 336.48229678944244,
  "Median_MBRE": 3.584565905614995,
  "Median_MIBRE": 0.6744528040833522,
  "Runs": [
    {},
    {},
    {},
    {},
    {},
    {},
    {},
    {},
    {},
    {},
    {},
    {},
    {},
    {},
    {},
    {},
    {},
    {},
    {},
    {},
    {},
    {},
    {},
    {},
    {},
    {},
    {},
    {},
    {},
    {}
  ]
}