{
  "Metrics": {
    "MAE": [
      148546.75418746987,
      120863.2600491753,
      137658.2098121264,
      158168.27174636358,
      111874.31698059684,
      123484.71727854994,
      117796.71998746225,
      113442.48225838326,
      128390.23913397681,
      155453.3479924806,
      123007.906135354,
      125196.1470695901,
      129808.78774738056,
      151875.3830991618,
      118904.84588674399,
      149844.30758303602,
      145162.38284190468,
      104767.25602835807,
      174126.35362351235,
      114584.40215293961,
      125774.24071446602,
      113683.91625006615,
      130291.6737909441,
      135629.03427794183,
      150461.04932934017,
      138574.12461402954,
      157825.62331290595,
      147914.81791470404,
      146103.82854285958,
      128687.19002297336
    ],
    "MRE": [
      449.37265674219555,
      318.48829781402924,
      326.3621721864168,
      486.1453667111551,
      251.54397565305072,
      290.6020467839113,
      297.58406303870225,
      301.3779712501875,
      372.65216667612935,
      425.6221054294165,
      329.78833625858044,
      306.31816131308034,
      377.63213052126866,
      408.0363034863459,
      298.24706475087515,
      432.5268800160583,
      351.4090007960723,
      243.237313631858,
      512.0593164800395,
      275.0754616184055,
      356.74440634585795,
      282.918389296274,
      389.9775606312164,
      360.96699456904304,
      415.43579403334076,
      338.01939708199,
      471.04021715438256,
      378.213702042281,
      428.4762356073154,
      307.33658876463437
    ],
    "MBRE": [
      4.679655909989599,
      3.2857003322702654,
      3.481638530834758,
      5.09787215912543,
      2.6510539403825963,
      3.0919397991533204,
      3.0902336174216467,
      3.1143886591042236,
      3.8515466998247607,
      4.528510441226322,
      3.4207650285356417,
      3.238082902259204,
      3.8917897759274878,
      4.339083577857439,
      3.1098582047917613,
      4.542702455517733,
      3.780789750713012,
      2.5520584641207154,
      5.421430763964992,
      2.856865483685135,
      3.6823105989956546,
      2.922541368550822,
      3.979616803841881,
      3.7467788280384546,
      4.429313473997777,
      3.6554762593467363,
      4.977604943659876,
      4.118612441020999,
      4.44392125118821,
      3.270316445859443
    ],
    "MIBRE": [
      0.6985809774553892,
      0.6583953496339309,
      0.6888723299377665,
      0.7176997618249553,
      0.6177942745087827,
      0.6388913308306022,
      0.6572426029000316,
      0.6326455052581068,
      0.6647106425356568,
      0.7244929785547866,
      0.6303767255015037,
      0.6613260898837899,
      0.6746925920124947,
      0.7147819871577848,
      0.6436444298673969,
      0.6913610220244291,
      0.7094643045632224,
      0.6035548937111329,
      0.7512345536014827,
      0.6521435887797411,
      0.6643503306272455,
      0.6496553888107371,
      0.6841667031350249,
      0.6921009720140533,
      0.7105951345528555,
      0.6861775958325912,
      0.7193553015000496,
      0.7017197698884188,
      0.7166857718697112,
      0.6665646087904501
    ]
  },
  "Mean_MAE": 134263.38634549323,
  "Mean_MRE": 359.4403358894705,
  "Mean_MBRE": 3.7750819637068633,
  "Mean_MIBRE": 0.6774425839188041,
  "Median_MAE": 130050.23076916233,
  "Median_MRE": 354.07670357096515,
  "Median_MBRE": 3.7145447135170544,
  "Median_MIBRE": 0.6794296475737598,
  "Runs": [
    {},
    {},
    {},
    {},
    {},
    {},
    {},
    {},
    {},
    {},
    {},
    {},
    {},
    {},
    {},
    {},
    {},
    {},
    {},
    {},
    {},
    {},
    {},
    {},
    {},
    {},
    {},
    {},
    {},
    {}
  ]
}