{
  "Metrics": {
    "MAE": [
      127008.41917107766,
      117495.8736388255,
      120968.06898638805,
      104298.17831042384,
      97256.12448685056,
      122005.25806205183,
      124199.58179973754,
      126963.56089192275,
      112955.0417950521,
      116723.05414661417,
      119475.20343753693,
      128206.0443793194,
      113932.30254128284,
      132713.8371050089,
      105252.48276733789,
      106215.40558636714,
      108862.80382657897,
      109384.15576025988,
      116452.90734487896,
      119972.53858338203,
      118226.64040164476,
      108663.10351183036,
      109348.91311150361,
      118282.80942558413,
      94935.30793561031,
      113031.73231308292,
      126740.42735202146,
      122854.60852473167,
      113706.1001420883,
      131009.56841004537
    ],
    "MRE": [
      65.31869842717765,
      83.34761403768532,
      70.41084066235362,
      77.16316054267412,
      72.20230168070658,
      73.15700247428033,
      82.04312379129665,
      74.9257299400012,
      83.02570141855486,
      67.64750612513905,
      74.29324785845058,
      67.86518438651193,
      76.92788736817883,
      78.56802922950563,
      81.09094174784546,
      78.45204032084416,
      68.09922759709306,
      81.93465566673603,
      75.14901203174847,
      70.67101051098692,
      65.904012722982,
      76.60533778172739,
      83.48645864723105,
      73.75027602995797,
      67.23152855836258,
      78.25829401085784,
      68.557984215741,
      71.4844041844446,
      63.29959145994577,
      78.6328645477823
    ],
    "MBRE": [
      29.70642859167808,
      0.23949075807452588,
      33.26176322896599,
      3.3691347551267565,
      -5.158016495074796,
      3.7410151720393303,
      2.8066785239144334,
      60.05195811831807,
      -5.018127221726986,
      -3.1312428117713287,
      2.6637873335917823,
      24.553482208061915,
      4.605921341575227,
      28.927908878002796,
      1.544957876636335,
      -0.06030884182638351,
      1.9182567370030565,
      5.751558916970228,
      5.274276274474788,
      6.404240628259434,
      2.852981222231466,
      -15.511628331356007,
      3.6890396466314885,
      3.3951135391627405,
      6.773631447019912,
      3.2151051563872413,
      31.47498120770095,
      115.22827150109634,
      -23.276783989106054,
      14.619506952861727
    ],
    "MIBRE": [
      0.6435586571136742,
      0.8176799362432993,
      0.6917983945666302,
      0.7638042087337948,
      0.7087186251749433,
      0.7246907759511605,
      0.818006392453776,
      0.7167882973308706,
      0.8271572389266534,
      0.6736011072124248,
      0.7390484807872477,
      0.6753987785924184,
      0.7688414067770871,
      0.7782786430859018,
      0.7907797801283939,
      0.7688106317108725,
      0.6704614892482793,
      0.8098457009187404,
      0.7479367631314299,
      0.7062561086821192,
      0.6570340604450264,
      0.7555024809753145,
      0.8230877995292946,
      0.7331879433964001,
      0.656110235408593,
      0.7663796247483864,
      0.6807098141473107,
      0.7052957671078637,
      0.6292268860081874,
      0.7468527937864198
    ]
  },
  "Mean_MAE": 116238.00179163467,
  "Mean_MRE": 74.31678893256012,
  "Mean_MBRE": 11.46377941083077,
  "Mean_MIBRE": 0.7331616274107504,
  "Median_MAE": 117109.46389271984,
  "Median_MRE": 74.6094888992259,
  "Median_MBRE": 3.5420765928971143,
  "Median_MIBRE": 0.7361182120918239,
  "Runs": [
    {},
    {},
    {},
    {},
    {},
    {},
    {},
    {},
    {},
    {},
    {},
    {},
    {},
    {},
    {},
    {},
    {},
    {},
    {},
    {},
    {},
    {},
    {},
    {},
    {},
    {},
    {},
    {},
    {},
    {}
  ]
}