{
  "Metrics": {
    "MAE": [
      115834.07821905692,
      121029.85368784174,
      118200.27785354937,
      120915.47471582897,
      118834.07531344205,
      117347.78102185509,
      63985.821867332124,
      125231.63079963179,
      82024.65493784037,
      119140.22287113211,
      72722.15464659694,
      113661.96362548608,
      76564.89306087911,
      119368.17157652833,
      88184.66024235051,
      118587.48174199872,
      70598.12724801959,
      117812.35139439716,
      121222.9816936293,
      108545.60604090046,
      121853.97716583927,
      67708.00824044326,
      60284.394308769646,
      74543.85250442463,
      84303.71940098888,
      76279.13594035947,
      118115.24797900938,
      122059.1579307424,
      121065.49439891303,
      89021.10543062512
    ],
    "MRE": [
      68.67646404425331,
      113.23260781455016,
      59.92090537379992,
      70.82445325674497,
      87.74957719202,
      79.0450298324936,
      50.18080703098601,
      98.8432346607995,
      87.5579269008956,
      44.34788033935682,
      57.48631439762455,
      44.0326470399048,
      115.96542855296626,
      98.23610913326634,
      54.41527364356323,
      69.72999052427645,
      83.95228470366078,
      71.080426270077,
      118.30494647530601,
      60.81558468827342,
      64.64588079006165,
      53.94663831423577,
      55.04635297215634,
      52.13283213091601,
      65.52783358460206,
      80.33377828669673,
      57.939858198186,
      49.85818772474764,
      75.2249983180459,
      60.639424261547525
    ],
    "MBRE": [
      2.724282140213849,
      4.708680831986505,
      5.7809696648793905,
      4.550236891431499,
      10.136381392605884,
      5.518652388857055,
      2.9024920356165596,
      12.871665815687425,
      -21.114691907788327,
      4.529136099097509,
      15.746486409050851,
      4.08344325624632,
      -0.013619543536887772,
      -0.29754926730724046,
      2.722441407165664,
      5.80315111013109,
      -2.87910857120181,
      4.404699184512477,
      5.599148146543236,
      4.212264206250933,
      4.627468915274999,
      8.045910650570121,
      7.675919298244561,
      1.0224869873078657,
      7.170970766494682,
      3.3265839664888373,
      10.856285235336271,
      6.619460134260553,
      5.495243209819299,
      4.408841920340262
    ],
    "MIBRE": [
      0.5649880163855582,
      0.7315217566876429,
      0.5850717373869677,
      0.5521631142881939,
      0.6604825969853043,
      0.6149376751027641,
      0.4739081641195976,
      0.8053513537449783,
      0.6864497467654138,
      0.41565792352534375,
      0.41720810956033105,
      0.41216581521911855,
      1.1129796779733194,
      0.8019104592363145,
      0.4248423616357325,
      0.6655195937382589,
      0.7581452395924563,
      0.6589592433777115,
      0.8164922110895747,
      0.5764514249836012,
      0.5698974218068777,
      0.49530342399007443,
      0.49066838183323924,
      0.46976690128501225,
      0.5829694811289711,
      0.7036898542140899,
      0.44178945993178725,
      0.4895412043261139,
      0.558209412178968,
      0.5209025590094903
    ]
  },
  "Mean_MAE": 101501.54519528039,
  "Mean_MRE": 71.65645588186716,
  "Mean_MBRE": 4.3746110924859805,
  "Mean_MIBRE": 0.6019314773700934,
  "Median_MAE": 116590.92962045601,
  "Median_MRE": 67.1021488144277,
  "Median_MBRE": 4.588852903353249,
  "Median_MIBRE": 0.5731744233952395,
  "Runs": [
    {},
    {},
    {},
    {},
    {},
    {},
    {},
    {},
    {},
    {},
    {},
    {},
    {},
    {},
    {},
    {},
    {},
    {},
    {},
    {},
    {},
    {},
    {},
    {},
    {},
    {},
    {},
    {},
    {},
    {}
  ]
}