{
  "Metrics": {
    "MAE": [
      93140.90844566294,
      80272.55890118257,
      103034.22742968991,
      117594.07043687976,
      82544.83521007335,
      82117.2243963256,
      79011.32211925276,
      102923.21436858743,
      90055.56123071756,
      107593.79707413449,
      88182.49477793765,
      100672.99550212277,
      89537.56280782825,
      106775.16642296068,
      75170.73064235991,
      118189.88436781323,
      96809.33983418254,
      80047.37346773103,
      107351.25974637538,
      87323.4984282231,
      80414.19721308422,
      90153.51979343526,
      83114.77304962593,
      78186.13942528468,
      83979.6599928317,
      89688.88328716393,
      123343.54264839245,
      96462.50813473904,
      106532.90589850533,
      103510.302584395
    ],
    "MRE": [
      243.78925206613755,
      178.43007951432327,
      200.00113368831327,
      310.8593784872078,
      162.5947851744411,
      182.15235768639224,
      118.81991680765285,
      249.51122309413483,
      235.66552777748404,
      241.39077181549987,
      199.5990846853202,
      182.5250434303997,
      236.39588622154682,
      255.02439474627622,
      114.80043160522493,
      304.0219818613112,
      229.68908902639384,
      153.97438867111285,
      279.03144933872477,
      191.55696214589278,
      156.89706341967593,
      221.9217478388094,
      197.39324163854167,
      147.39813544181135,
      138.1754091323333,
      194.77271820577494,
      316.3819204641126,
      230.88138633496106,
      305.17057257814974,
      211.00308416840255
    ],
    "MBRE": [
      2.489350261176123,
      1.822996795503525,
      2.0757340991587245,
      3.20651017049098,
      1.6908989318436798,
      1.875843982984751,
      1.2541478928831808,
      2.562249176021025,
      2.407258456820647,
      2.488960775843273,
      2.047731364339171,
      1.919679411215479,
      2.405858176123474,
      2.629527363849506,
      1.1979145415534904,
      3.1488935467787007,
      2.3686390293196506,
      1.5955596193937385,
      2.8518295662699917,
      1.9633627276104786,
      1.6002298600062221,
      2.267067008873336,
      1.9998111198703357,
      1.4989458467533958,
      1.4421330215110317,
      2.0139413973520757,
      3.282884776751968,
      2.3787402633314914,
      3.1161000821579794,
      2.2056115401618053
    ],
    "MIBRE": [
      0.5500179554410921,
      0.5044719981445825,
      0.5554599885497327,
      0.6106293676054705,
      0.5013335796173333,
      0.5012510836177702,
      0.470938807692685,
      0.5806450178870363,
      0.5553512322429845,
      0.6199588548312236,
      0.5117756630957545,
      0.5429820798767349,
      0.5538861265984307,
      0.6017672350742134,
      0.4243945394248401,
      0.5978261125203248,
      0.5345561951043125,
      0.5192223182417686,
      0.5582820989686158,
      0.5267360810372214,
      0.5093686861200322,
      0.5190421670632384,
      0.5671515562591898,
      0.45051405943846307,
      0.4642661047717398,
      0.5298151202688973,
      0.6230357569506288,
      0.5394577221313682,
      0.6081821826880633,
      0.5682807239960047
    ]
  },
  "Mean_MAE": 94124.48192124994,
  "Mean_MRE": 212.9942805688788,
  "Mean_MBRE": 2.193613693531641,
  "Mean_MIBRE": 0.5400200138419918,
  "Median_MAE": 90104.5405120764,
  "Median_MRE": 205.50210892835793,
  "Median_MBRE": 2.140672819660265,
  "Median_MIBRE": 0.5412199010040515,
  "Runs": [
    {},
    {},
    {},
    {},
    {},
    {},
    {},
    {},
    {},
    {},
    {},
    {},
    {},
    {},
    {},
    {},
    {},
    {},
    {},
    {},
    {},
    {},
    {},
    {},
    {},
    {},
    {},
    {},
    {},
    {}
  ]
}