{
  "Metrics": {
    "MAE": [
      165875.47353274853,
      177808.83683666156,
      144204.50246159153,
      109501.88190743109,
      99534.99268133589,
      162946.0364872735,
      158748.84624854775,
      154979.98806427338,
      125633.53573874792,
      163912.20880394004,
      139922.9465959062,
      161829.87223837772,
      152561.68404086458,
      163599.78087054228,
      133844.4841441451,
      109724.33883074147,
      132993.73485018173,
      136020.625730779,
      158487.8988211985,
      158733.7247990803,
      150859.59044735238,
      129208.72277794071,
      131545.7092356972,
      136567.07991748763,
      124271.44767613334,
      120977.83853919862,
      158713.55259533515,
      127266.56733424583,
      138789.15414348402,
      161239.92381987988
    ],
    "MRE": [
      482.74795545433733,
      575.0953585534903,
      356.34040512728143,
      240.05928333556358,
      222.41424862250727,
      442.12045973983504,
      437.55970563484607,
      424.5774718120466,
      359.31344088865825,
      480.5162872317723,
      386.16597306430344,
      438.3656664984787,
      444.362475734098,
      472.4528077945819,
      385.1579423853988,
      268.2436390391037,
      360.54768730653444,
      370.2604564351895,
      527.8305694139059,
      431.5315013052338,
      424.0964457954391,
      303.1194074117092,
      349.33614762106635,
      372.78674279989133,
      255.6571186698691,
      263.8948630861024,
      431.88189794338746,
      291.38510811829286,
      437.00597896047736,
      444.4150960681016
    ],
    "MBRE": [
      5.16008056871301,
      6.0609011097349965,
      3.8377209820427045,
      2.4890669317445724,
      2.306312920018445,
      4.904051692432267,
      4.770082123890781,
      4.637442127103904,
      3.7518309165921315,
      5.139617418747314,
      4.046647595814877,
      4.7784624229373645,
      4.65175692477709,
      5.045955373202097,
      4.0287063220406205,
      2.7792463497082465,
      3.8012555958989678,
      3.9380604373567354,
      5.438266589887807,
      4.652500104839714,
      4.488063344866776,
      3.15883330129236,
      3.596314062432989,
      3.861541025500573,
      2.6822236895670364,
      2.8039333809943745,
      4.6094990826726585,
      3.1175279339350337,
      4.514171012077654,
      4.858318766280095
    ],
    "MIBRE": [
      0.7270858368506609,
      0.7279876971970809,
      0.6969834471544673,
      0.6320856898449472,
      0.5918741621819986,
      0.7225588221213717,
      0.7174075211660743,
      0.7039158285795737,
      0.6637441941374768,
      0.7211452970376682,
      0.6986785749383392,
      0.7315064268188166,
      0.7196680206190398,
      0.7327254483474755,
      0.6551634697222584,
      0.5717374342683061,
      0.659562249290239,
      0.6748149723497946,
      0.6876786368368711,
      0.7270806039636509,
      0.709774049559773,
      0.6622540179300448,
      0.688982195922453,
      0.6813697597923524,
      0.6579257608206346,
      0.6246437005874608,
      0.7347307476234685,
      0.6479808916646242,
      0.6443950858704479,
      0.7244544470474246
    ]
  },
  "Mean_MAE": 143010.1660057041,
  "Mean_MRE": 389.30807139505015,
  "Mean_MBRE": 4.1302796702367734,
  "Mean_MIBRE": 0.6846638330081597,
  "Median_MAE": 142063.72452874886,
  "Median_MRE": 405.13120942987126,
  "Median_MBRE": 4.267355470340826,
  "Median_MIBRE": 0.6929828215384601,
  "Runs": [
    {},
    {},
    {},
    {},
    {},
    {},
    {},
    {},
    {},
    {},
    {},
    {},
    {},
    {},
    {},
    {},
    {},
    {},
    {},
    {},
    {},
    {},
    {},
    {},
    {},
    {},
    {},
    {},
    {},
    {}
  ]
}