{
  "Metrics": {
    "MAE": [
      126718.12463575171,
      162935.45750685318,
      115066.7924938464,
      159100.2767762681,
      103369.07602434166,
      106756.92151217442,
      55233.818592600575,
      125601.12996939606,
      71785.68955223473,
      141763.15441354376,
      77224.17390096953,
      114796.58661949722,
      86677.17057088482,
      119843.58286352856,
      89335.7858114266,
      98259.38249732589,
      89091.96059176658,
      106339.99104195442,
      128607.17927685201,
      102015.92116251736,
      102402.34635404444,
      73700.05758321597,
      74848.02208067496,
      93789.30415037737,
      98174.7994860429,
      87475.0552540721,
      98755.16989941172,
      88082.35987416795,
      116621.18123247928,
      106632.0388125743
    ],
    "MRE": [
      410.44941450128675,
      491.99422967965995,
      242.1273431885385,
      396.0919305061973,
      226.988183692414,
      247.9917204404469,
      66.60889873474352,
      300.40979305010035,
      61.71049926081196,
      335.00211434030035,
      93.14419898417067,
      241.68443817682092,
      159.275366100105,
      327.5310261788674,
      87.19181124423727,
      211.83795064412402,
      222.04194945361925,
      240.45959259636837,
      381.46771507079217,
      251.00963869827888,
      280.9366610006355,
      184.33074976613705,
      163.5148379134803,
      168.8000684735434,
      170.42703636735737,
      175.30958899745693,
      196.7813664181615,
      158.4438095685844,
      322.59806418872705,
      189.5906298047078
    ],
    "MBRE": [
      4.247923726764267,
      5.528369355649492,
      2.52253560612879,
      4.83107466680694,
      2.406571665088767,
      2.5446618079465777,
      0.7369470593962648,
      3.3090276868284367,
      0.6853356138530622,
      3.561481886920443,
      0.9852157813792829,
      2.570690479016793,
      1.712059348012094,
      3.4654227722589095,
      0.9640487342009837,
      2.235161151296724,
      2.350288396248852,
      2.6738665671387345,
      4.1178911603618324,
      2.610601370184802,
      2.9326886413568842,
      1.9251025691062869,
      1.684291565124687,
      1.7663078633825426,
      1.9152487280472779,
      1.8031866244765604,
      2.0697296965837326,
      1.707219669472119,
      2.880448618633955,
      2.114255019480187
    ],
    "MIBRE": [
      0.5537405561802278,
      0.612201359061489,
      0.49278251499840064,
      0.647501056311961,
      0.45496485291206495,
      0.4713355546803788,
      0.33957670308261545,
      0.5430673826364323,
      0.30418910746478584,
      0.6739324662041924,
      0.3096034821358509,
      0.5094488246431711,
      0.4198120172489806,
      0.48363211347168694,
      0.351853522045217,
      0.4827952375962073,
      0.429552180005884,
      0.49833620110639976,
      0.5233725330578883,
      0.41971198022294587,
      0.49577859934922913,
      0.4354818293708189,
      0.40859609745940983,
      0.4277941962728482,
      0.46915998206944276,
      0.45078788047142376,
      0.43905204297629796,
      0.44005973004679855,
      0.5392602755871001,
      0.5171964314904843
    ]
  },
  "Mean_MAE": 104033.41701802649,
  "Mean_MRE": 233.52502090135584,
  "Mean_MBRE": 2.495255127704876,
  "Mean_MIBRE": 0.4714858903386877,
  "Median_MAE": 102209.13375828089,
  "Median_MRE": 224.5150665730166,
  "Median_MBRE": 2.3784300306688095,
  "Median_MIBRE": 0.4702477683749108,
  "Runs": [
    {},
    {},
    {},
    {},
    {},
    {},
    {},
    {},
    {},
    {},
    {},
    {},
    {},
    {},
    {},
    {},
    {},
    {},
    {},
    {},
    {},
    {},
    {},
    {},
    {},
    {},
    {},
    {},
    {},
    {}
  ]
}