{
  "Metrics": {
    "MAE": [
      169384.96558830445,
      138003.59906816555,
      136851.71657582425,
      163325.72246191354,
      77788.89073717562,
      150449.0399400694,
      120474.68177786448,
      118812.5207425261,
      126652.06620703243,
      160190.84875420804,
      119415.50852495372,
      110721.98879959408,
      113505.33970920731,
      162648.52009416142,
      126351.32835432998,
      160638.6204574449,
      160559.79542617986,
      124981.96519840712,
      176920.74894562067,
      71348.45861814078,
      140272.07756747495,
      77936.83911606621,
      132851.1849481533,
      158281.0336732313,
      157500.64853713868,
      108319.31540976501,
      154163.5909078049,
      144648.6452633698,
      150032.567695753,
      124247.606643088
    ],
    "MRE": [
      540.927767598408,
      313.7728203095562,
      321.3714413042404,
      460.7527169346827,
      111.20930199752894,
      351.7820015103174,
      253.46291893559032,
      225.82682434915301,
      307.9870858614126,
      385.23665197927477,
      185.26882213709314,
      150.43727121837628,
      214.72718148249274,
      449.64383664860463,
      284.44235451837886,
      415.9165875181819,
      395.2459258284232,
      203.43433020469192,
      524.08778816296,
      92.94897666414731,
      400.96348735117067,
      109.44163946832968,
      259.9662038981551,
      388.1159912023463,
      405.74455560669094,
      153.69430146127516,
      479.30249829901703,
      315.53434393683983,
      366.7345151805653,
      224.31122153535185
    ],
    "MBRE": [
      5.769332699914447,
      3.39383952721533,
      3.476977285158865,
      5.105045434419773,
      1.2637908464809213,
      4.281882892786937,
      2.797502163642763,
      2.547174825099309,
      3.315038413030336,
      4.256596941788239,
      2.3039875256478237,
      1.926842609370373,
      2.393412788847348,
      4.980280770127966,
      3.1375657081205306,
      5.2404814882377515,
      4.56803303479098,
      2.6773218719434144,
      5.655101495378533,
      1.065774933520145,
      4.356472137785301,
      1.2428992676903803,
      2.838991669900865,
      4.3179512754906435,
      4.481615719582862,
      1.8899548981768994,
      5.039473729860994,
      3.5424420749115706,
      3.984233059767092,
      2.651126014316194
    ],
    "MIBRE": [
      0.6662154256741393,
      0.6250002505371651,
      0.6555235875188024,
      0.7096101555564278,
      0.465096781987082,
      0.6535452922346979,
      0.5630414957579473,
      0.569536975838589,
      0.638451699652237,
      0.629644443069324,
      0.4731467332092028,
      0.5433095181184907,
      0.5772243502118712,
      0.6792192946238687,
      0.5501806176326804,
      0.6469099315233272,
      0.7283070717734786,
      0.5584121312635643,
      0.7342539224340365,
      0.43999142029157134,
      0.5926108232449013,
      0.4136142237364444,
      0.5179820480121048,
      0.6950935995109545,
      0.6915421754604607,
      0.5503261143301784,
      0.6532265031720553,
      0.5787767070542263,
      0.6146579822547493,
      0.48612054803897
    ]
  },
  "Mean_MAE": 134575.99452476564,
  "Mean_MRE": 309.7430454367752,
  "Mean_MBRE": 3.483371436766819,
  "Mean_MIBRE": 0.5966857274574516,
  "Median_MAE": 137427.65782199492,
  "Median_MRE": 314.653582123198,
  "Median_MBRE": 3.4354084061870975,
  "Median_MIBRE": 0.6036344027498253,
  "Runs": [
    {},
    {},
    {},
    {},
    {},
    {},
    {},
    {},
    {},
    {},
    {},
    {},
    {},
    {},
    {},
    {},
    {},
    {},
    {},
    {},
    {},
    {},
    {},
    {},
    {},
    {},
    {},
    {},
    {},
    {}
  ]
}