{
  "Metrics": {
    "MAE": [
      161848.6653853827,
      174805.68741945224,
      167978.86228537292,
      167571.6422186358,
      108310.03025630304,
      154771.73893626407,
      116240.1402396129,
      119662.26267924161,
      135712.80903060918,
      166997.0877890143,
      144011.2251690823,
      133463.07187852697,
      98393.06199849998,
      170446.79576309738,
      154518.38477971024,
      168409.13324318716,
      158735.0950105923,
      161196.62066755432,
      181557.09758304746,
      115970.95756242075,
      166567.36980229674,
      93431.54169368705,
      115280.16095432443,
      161828.23551738,
      170373.48547756724,
      126605.12473796614,
      167419.55638412875,
      146066.29376473685,
      124097.45898576177,
      126157.19149606978
    ],
    "MRE": [
      547.6142845375537,
      506.0260558912056,
      490.3610531684163,
      467.9348279358594,
      224.82551621102226,
      393.3830304638981,
      342.5577550896288,
      302.7536421997944,
      423.9769419082064,
      447.61451787311256,
      308.81427399814913,
      353.5230094492047,
      221.10957624069707,
      491.9649769548106,
      449.2252111130413,
      513.5458334534082,
      391.337117127381,
      372.465769491227,
      536.9865008451366,
      350.94407138679,
      518.0412274902756,
      222.88495347949615,
      312.02572261680285,
      416.0045934117829,
      505.3991225109562,
      293.9338999918665,
      575.5784310816466,
      337.62818088803795,
      354.4487423511282,
      281.78074006075457
    ],
    "MBRE": [
      5.698375066041366,
      5.351402181876157,
      5.251702655986632,
      5.2034836079474145,
      2.3895781719798754,
      4.623995005851512,
      3.513685682255791,
      3.1836536688315085,
      4.3674951291738,
      4.862888253369121,
      3.639934201073453,
      3.7975587164770603,
      2.2863521461275496,
      5.380040076814191,
      4.809168083694874,
      5.533508552408133,
      4.493516009875358,
      4.722841407259824,
      5.776418214261967,
      3.6014459139352564,
      5.529173357092804,
      2.314729076804837,
      3.179021689383173,
      4.5612453611892905,
      5.5186769430090745,
      3.1954289658465664,
      6.016489811413382,
      3.7744003161904747,
      3.648918734248084,
      3.076325648730118
    ],
    "MIBRE": [
      0.702070739560914,
      0.7454039443011503,
      0.7154118779293835,
      0.7261176866100982,
      0.541976080257986,
      0.6766894307648877,
      0.6399342292728866,
      0.5889934988640106,
      0.6648026203339755,
      0.7459654997873356,
      0.6177981366857288,
      0.6565203525056778,
      0.5653257919921074,
      0.6794644848724297,
      0.6972726554644239,
      0.6798406914391838,
      0.724810885192302,
      0.6620837386877364,
      0.7524811422596506,
      0.6262925695410888,
      0.7216871962342072,
      0.5199730154073161,
      0.6408133167114549,
      0.7302247664728162,
      0.7123802150946286,
      0.6364927605926487,
      0.6935302897491766,
      0.6722641824722185,
      0.6666848862123573,
      0.6100639652413473
    ]
  },
  "Mean_MAE": 145280.89295698423,
  "Mean_MRE": 398.4896526407097,
  "Mean_MBRE": 4.310048421638288,
  "Mean_MIBRE": 0.6671123550170377,
  "Median_MAE": 154645.06185798714,
  "Median_MRE": 392.36007379563955,
  "Median_MBRE": 4.527380685532324,
  "Median_MIBRE": 0.6744768066185531,
  "Runs": [
    {},
    {},
    {},
    {},
    {},
    {},
    {},
    {},
    {},
    {},
    {},
    {},
    {},
    {},
    {},
    {},
    {},
    {},
    {},
    {},
    {},
    {},
    {},
    {},
    {},
    {},
    {},
    {},
    {},
    {}
  ]
}