{
  "Metrics": {
    "MAE": [
      164706.56922229347,
      104115.62684746714,
      155130.86405659706,
      169062.71288370213,
      78856.90829646768,
      130466.37841499898,
      110965.40220162322,
      123103.56747119533,
      117513.76983946041,
      158464.53844375937,
      116997.52655446046,
      110947.14326704975,
      100973.0955727893,
      171551.43011008413,
      103644.46010993748,
      159207.79599363665,
      158425.90589523865,
      123035.14292555266,
      165859.40004330326,
      94866.34211780073,
      127526.31865872174,
      79899.10665165914,
      128893.71914642167,
      149340.62498512628,
      146968.623999389,
      129005.24194448236,
      162983.96997723466,
      139260.29284326828,
      158596.61433844443,
      126708.0589065018
    ],
    "MRE": [
      516.1448084172139,
      190.29882205467982,
      399.5520869966545,
      481.0800914458639,
      103.20581766133172,
      284.11722386458035,
      214.41995333885563,
      238.82475577325616,
      258.6508504251904,
      392.3026760151255,
      174.0228826627874,
      153.69964383520346,
      180.17793005652376,
      485.6737091925292,
      129.66007829135054,
      446.65390879734315,
      397.9485112912118,
      229.50893783619145,
      431.99412973692154,
      100.32371416729984,
      312.33921752164525,
      134.21760200282432,
      279.4272063560082,
      368.4957237991287,
      372.0734692392579,
      254.203906967517,
      486.1696454476492,
      281.60641037542104,
      395.9421899261717,
      220.04950103933288
    ],
    "MBRE": [
      5.4614536005278325,
      2.0934526496268235,
      4.315226103953388,
      5.271578616260847,
      1.1337316793300147,
      3.219991024403956,
      2.3941484121453955,
      2.6771801506127266,
      2.785802512335197,
      4.317995898492882,
      2.1156663915120855,
      1.9520871860579085,
      1.9663538543420658,
      5.275812957712144,
      1.5660405607529078,
      4.857912686506645,
      4.495562608421018,
      2.7039527519132798,
      4.6582943873137515,
      1.262947565830677,
      3.4391857602393965,
      1.4751067436496927,
      3.040175512194882,
      4.033942544626445,
      4.102459462249522,
      2.9461161274276098,
      5.1341039851411185,
      3.1744395178272153,
      4.306639688332592,
      2.6485973003522596
    ],
    "MIBRE": [
      0.6737436967540249,
      0.5685475380793066,
      0.7160746533991181,
      0.7377504512119806,
      0.4610698641872849,
      0.6144133803796339,
      0.5294917983933062,
      0.6290140813617027,
      0.6152445083217155,
      0.7247290150999206,
      0.5360564830293965,
      0.5440861843694754,
      0.5636010155207486,
      0.7408891174561293,
      0.5004447075299205,
      0.699140482454571,
      0.7249137542792268,
      0.6040578165502573,
      0.6598846628813495,
      0.47910462967709244,
      0.582115412223472,
      0.4437538538716592,
      0.617791914578281,
      0.6889164751128177,
      0.6576230035495227,
      0.6286556015316647,
      0.712433566134345,
      0.574990653797645,
      0.642201910748139,
      0.6096603749514525
    ]
  },
  "Mean_MAE": 132235.9050572889,
  "Mean_MRE": 297.0928468178357,
  "Mean_MBRE": 3.294198608003077,
  "Mean_MIBRE": 0.6160133535811719,
  "Median_MAE": 128949.48054545201,
  "Median_MRE": 280.5168083657146,
  "Median_MBRE": 3.1073075150110485,
  "Median_MIBRE": 0.6165182114499983,
  "Runs": [
    {},
    {},
    {},
    {},
    {},
    {},
    {},
    {},
    {},
    {},
    {},
    {},
    {},
    {},
    {},
    {},
    {},
    {},
    {},
    {},
    {},
    {},
    {},
    {},
    {},
    {},
    {},
    {},
    {},
    {}
  ]
}