{
  "Metrics": {
    "MAE": [
      152265.78737091098,
      122649.10018514002,
      141174.38915956795,
      153674.42304790884,
      113060.10855686311,
      123856.56604410477,
      120097.64371489294,
      112963.2769238337,
      132989.00765679718,
      158464.86246392186,
      115566.81885314525,
      123509.04127616562,
      132329.01281266252,
      151642.21750829928,
      120588.45023221768,
      149952.6162350408,
      143582.00176243248,
      99815.74920243052,
      173467.65564488157,
      115524.54246928047,
      130043.89719527127,
      115897.50087509786,
      131482.0907354616,
      134414.635645642,
      151468.4308582704,
      136121.8037845597,
      161973.29686248113,
      146019.00484497138,
      144523.1706181312,
      125059.78795728336
    ],
    "MRE": [
      478.60537726722055,
      341.2877858112335,
      359.66436101684076,
      424.7060361470916,
      248.16900066645792,
      301.5153539651297,
      310.5988086354384,
      298.4379860821859,
      408.66986184819893,
      443.3055251824139,
      256.3987865079612,
      288.48693588199944,
      390.8765368235362,
      416.26418023863596,
      308.9003875644996,
      429.3195233843834,
      326.85655132450944,
      218.18578864694067,
      508.6919513654378,
      278.28192969241434,
      383.10186519186396,
      299.79436904017547,
      381.4325579307461,
      337.1719821927127,
      429.53761226355294,
      330.8471249891808,
      507.5079573672835,
      364.5418687450429,
      409.1106044746373,
      278.883238746371
    ],
    "MBRE": [
      4.959487135345878,
      3.487171865641896,
      3.7823676903662915,
      4.556817774706796,
      2.6375627298435207,
      3.187953905076544,
      3.216303037520503,
      3.0844347363910036,
      4.194046647747871,
      4.6979354755710165,
      2.738447463758466,
      3.0828857310570394,
      4.016313642532517,
      4.397645845913793,
      3.2114290847781923,
      4.5056954262736175,
      3.6011598623873797,
      2.297571318860362,
      5.40454381923923,
      2.8966979186927353,
      3.9499933694487908,
      3.085247976881966,
      3.908734211809781,
      3.5420991966500543,
      4.539360781877502,
      3.5693994325522347,
      5.311970897628467,
      3.9880112121246243,
      4.279092182485183,
      3.01067564029532
    ],
    "MIBRE": [
      0.7068041679554092,
      0.6646533349014669,
      0.6981038973659713,
      0.7169356441162412,
      0.6212191867387168,
      0.6464859382304717,
      0.6641145551488279,
      0.6309633105847043,
      0.6790491189278541,
      0.731023275417738,
      0.6059058213141242,
      0.6527372030105406,
      0.6789056244438788,
      0.7150167009843478,
      0.6520144575971659,
      0.6978228489898531,
      0.7050574891243361,
      0.5910420822664046,
      0.7452347336892928,
      0.6511789954891565,
      0.6676163856661673,
      0.6578460891036855,
      0.6837117121765419,
      0.6903658345577127,
      0.7129326609316317,
      0.6833786803653965,
      0.7254135317725159,
      0.6982916144654495,
      0.7107036140921856,
      0.6520706393322013
    ]
  },
  "Mean_MAE": 134472.56301658892,
  "Mean_MRE": 358.6383949664699,
  "Mean_MBRE": 3.7713685337819522,
  "Mean_MIBRE": 0.6778866382919998,
  "Median_MAE": 132659.01023472985,
  "Median_MRE": 350.47607341403716,
  "Median_MBRE": 3.6917637763768356,
  "Median_MIBRE": 0.6812138996466253,
  "Runs": [
    {},
    {},
    {},
    {},
    {},
    {},
    {},
    {},
    {},
    {},
    {},
    {},
    {},
    {},
    {},
    {},
    {},
    {},
    {},
    {},
    {},
    {},
    {},
    {},
    {},
    {},
    {},
    {},
    {},
    {}
  ]
}