{
  "Metrics": {
    "MAE": [
      92090.8525325461,
      95690.56356510358,
      109364.12079898205,
      113356.58491712308,
      81314.12955765963,
      88304.33100470154,
      72896.68218377013,
      97418.49504408143,
      72100.34061574616,
      116551.15477154484,
      79760.88198777946,
      108802.72090751167,
      81132.06518245228,
      130815.82489783794,
      81602.92543861001,
      123053.90114693262,
      87315.83267471849,
      82375.47040456643,
      108617.3022132368,
      85604.4815513338,
      98997.21319696783,
      73960.19469334734,
      81466.79106434458,
      87677.10265707824,
      87666.68034007499,
      86712.49436042306,
      120681.16563989814,
      90592.5280964255,
      110856.70253625885,
      100425.89975645313
    ],
    "MRE": [
      251.85783862579632,
      250.84627724914097,
      212.87083849740128,
      259.85835102938927,
      148.75203962029832,
      215.61353938857124,
      77.07127264202796,
      193.28177861675638,
      156.20768464952474,
      227.82315488530008,
      116.1427554334678,
      184.63348439132875,
      178.57953948068624,
      330.2995381238899,
      85.30543163565345,
      317.9312625720317,
      191.4412560784629,
      173.65498684621613,
      251.53222687493985,
      219.49856275410386,
      215.14650169021792,
      164.68214576166383,
      180.73119890940467,
      169.2063192704979,
      180.24810976836966,
      189.62424871051957,
      289.74600900918506,
      191.75296894644114,
      277.2380023857218,
      175.47781166977208
    ],
    "MBRE": [
      2.580508336485328,
      2.550682178909329,
      2.4645677927167626,
      2.716582670986635,
      1.5533716258393946,
      2.2058331055402802,
      0.8680285742322905,
      2.0136467958373654,
      1.5927197180771877,
      2.3915459395726426,
      1.2346155314548377,
      2.0330030401979506,
      1.8337251942360866,
      3.4443795880224046,
      0.9344655232579917,
      3.3067598843000754,
      1.7672128164426486,
      1.8133946343051541,
      2.5184548830515037,
      2.243361956459982,
      2.203006571651796,
      1.7368263967301598,
      1.8469312158605666,
      1.8874500506279073,
      1.8438607406699166,
      1.969425976383019,
      2.995674752298581,
      1.9822844877014096,
      2.8578737751423944,
      1.8593849030682439
    ],
    "MIBRE": [
      0.5280964694987824,
      0.5721872388742371,
      0.5682344582586448,
      0.6127846666546656,
      0.49047723925498,
      0.5055036328635771,
      0.3873262543806929,
      0.5534701814814565,
      0.5031102662506917,
      0.6253688107302869,
      0.4600348208695581,
      0.5354897358237861,
      0.5166502698534241,
      0.6612518678443811,
      0.3733618752119041,
      0.6223259524571159,
      0.49131140904618076,
      0.5331472620860307,
      0.5797653007534489,
      0.535609040073186,
      0.5596644315699203,
      0.46096535029144176,
      0.5538246360940773,
      0.5215029245136381,
      0.5024559683336294,
      0.5041863712633653,
      0.6263548933462166,
      0.5179017929179538,
      0.6236492236687522,
      0.5607057427334395
    ]
  },
  "Mean_MAE": 94906.84779125031,
  "Mean_MRE": 202.568504517226,
  "Mean_MBRE": 2.1083192886686617,
  "Mean_MIBRE": 0.5362239362333153,
  "Median_MAE": 89448.42955056352,
  "Median_MRE": 191.59711251245204,
  "Median_MBRE": 1.9979656417693876,
  "Median_MIBRE": 0.5343184989549083,
  "Runs": [
    {},
    {},
    {},
    {},
    {},
    {},
    {},
    {},
    {},
    {},
    {},
    {},
    {},
    {},
    {},
    {},
    {},
    {},
    {},
    {},
    {},
    {},
    {},
    {},
    {},
    {},
    {},
    {},
    {},
    {}
  ]
}