{
  "Metrics": {
    "MAE": [
      132682.62192983026,
      92133.46476110311,
      142944.0293028233,
      143755.28516596288,
      127162.65604971474,
      103547.1399742536,
      158700.03939488775,
      113212.1895747494,
      105301.26323777117,
      97357.45926437828,
      125381.52101000566,
      124003.89770457559,
      148730.4189568149,
      113908.34852917006,
      141143.32459691982,
      130011.72197193865,
      146213.0561921419,
      115434.1808782863,
      121876.17985585517,
      144232.86380292298,
      134368.86612126348,
      126470.563998926,
      132258.02729414933,
      86610.83319010094,
      120574.31359563259,
      139266.00421385618,
      96803.86297508595,
      132458.43310785663,
      122854.44481480597,
      127953.29754257505
    ],
    "MRE": [
      340.2770619911226,
      158.2668701522619,
      314.3109607758432,
      332.8454037973233,
      217.86607092276608,
      123.51337179711183,
      440.0528706093919,
      183.53099699399732,
      226.07309465942222,
      168.8081532406976,
      190.3228027880584,
      245.40155149260966,
      376.90511695407804,
      199.41140735012345,
      347.83208735820676,
      263.8476627915642,
      340.1747950384868,
      184.15795291047198,
      200.58965033649338,
      328.0847644912964,
      289.3235834297299,
      248.25690588672816,
      355.4831342079323,
      124.74997953808011,
      218.06174002266366,
      289.3436402889147,
      161.02022692670454,
      274.9016693621282,
      257.56554911123084,
      267.7142020594342
    ],
    "MBRE": [
      3.6821254450760112,
      1.6977014030812034,
      3.486343081231743,
      3.743369431403369,
      2.6200003710717135,
      1.494595317272887,
      4.831259507262984,
      2.1725537332206835,
      2.421008225468842,
      1.84335258624764,
      2.515145404431581,
      2.7908570286510104,
      4.0485347919658965,
      2.2245961519078605,
      3.832501007570021,
      3.030129296585139,
      3.89571648195555,
      2.2285902065521905,
      2.2042886314041703,
      3.6659038911944273,
      3.188986115769653,
      2.741612727446821,
      3.7978854976053236,
      1.430876586207674,
      2.50764099688136,
      3.355771734952386,
      1.8024685712690498,
      3.2229991336377695,
      2.864412748322845,
      3.0864786394341004
    ],
    "MIBRE": [
      0.6069385118465842,
      0.5162960841192855,
      0.6985394786023034,
      0.6771206804384244,
      0.6066968321268721,
      0.5078925757155379,
      0.7070140045582455,
      0.551286781037813,
      0.6118428805796439,
      0.5252799890974313,
      0.6013217382979434,
      0.6138103964207579,
      0.6996712983971662,
      0.5737176624530101,
      0.670808353041303,
      0.6298301857838905,
      0.6881718436966938,
      0.5769453411417124,
      0.5575586087577615,
      0.6710534212259474,
      0.6417576144581142,
      0.6490511367781757,
      0.6195062615410433,
      0.5054857442375214,
      0.5327420373828146,
      0.6703098912848909,
      0.5157125018046441,
      0.6257468598020899,
      0.6179944446916498,
      0.5816387061958387
    ]
  },
  "Mean_MAE": 124911.67696694523,
  "Mean_MRE": 255.62310924282912,
  "Mean_MBRE": 2.88092349150273,
  "Mean_MIBRE": 0.6083913955171703,
  "Median_MAE": 126816.61002432037,
  "Median_MRE": 252.91122749897949,
  "Median_MBRE": 2.827634888486928,
  "Median_MIBRE": 0.6128266385002008,
  "Runs": [
    {},
    {},
    {},
    {},
    {},
    {},
    {},
    {},
    {},
    {},
    {},
    {},
    {},
    {},
    {},
    {},
    {},
    {},
    {},
    {},
    {},
    {},
    {},
    {},
    {},
    {},
    {},
    {},
    {},
    {}
  ]
}