{
  "Metrics": {
    "MAE": [
      95814.42773260165,
      97349.58308049211,
      110455.98576318428,
      115049.57111504293,
      81963.51858976936,
      88895.14579185782,
      70892.70138126773,
      98547.173228772,
      68852.88274105087,
      116554.41794570987,
      78373.93515469316,
      106512.59723337386,
      78994.24859407617,
      131633.9997786539,
      81411.2524741769,
      130691.77851333158,
      88842.68794200373,
      85230.61678661633,
      109693.98321323306,
      88781.03169045874,
      99013.41603036468,
      75120.77935995845,
      78835.7158631923,
      83736.69733712285,
      88435.44125228458,
      86444.50708596139,
      119855.83883288868,
      92815.74044057823,
      109909.71201295013,
      101359.35622202593
    ],
    "MRE": [
      273.029937421356,
      271.3922298601751,
      220.05833950339073,
      262.422512780411,
      158.1907952447833,
      229.22339343080674,
      74.5162675475297,
      202.51867494761967,
      154.15907201652405,
      227.23948433572198,
      118.98256409935455,
      171.4444599488155,
      177.94840094654808,
      330.59776240641366,
      81.50167421224363,
      336.77360909288205,
      224.26351770944746,
      183.6157555176905,
      253.9824997994807,
      225.03212914463813,
      217.58298980017096,
      176.62362491113123,
      176.14527693487233,
      160.2161762528802,
      167.18544191643417,
      186.7731711154936,
      290.16089862188545,
      198.58335338286264,
      274.0864809712598,
      181.5181494436507
    ],
    "MBRE": [
      2.798342729229886,
      2.74990151936421,
      2.283389605808846,
      2.765746896729984,
      1.6428004286609832,
      2.3530610337023323,
      0.8389568295545514,
      2.1043543929310315,
      1.5718761451813776,
      2.389076908968046,
      1.2453425440841708,
      1.8613678550481394,
      1.816962271842317,
      3.465608036548615,
      0.9005605511499316,
      3.5389832273364403,
      2.3036248977322744,
      1.919032089730751,
      2.6213339899113923,
      2.298190546760405,
      2.2268907635968955,
      1.8051591711984207,
      1.7982541580064968,
      1.6414094521399853,
      1.7410177540519292,
      1.9437308308337138,
      3.0009252158952573,
      2.0537778677319514,
      2.8319895339012056,
      1.9207106608727056
    ],
    "MIBRE": [
      0.5132706550955313,
      0.5425451987893658,
      0.5412956776707797,
      0.5840468964814812,
      0.46359314880381775,
      0.488681708055598,
      0.3821496146710713,
      0.5249296332475419,
      0.48249377218519884,
      0.6168969099004767,
      0.43825110396418687,
      0.48141953038077717,
      0.4845136290934077,
      0.641975569947394,
      0.3602226245748323,
      0.599850035257335,
      0.4596540263046498,
      0.5239627976091239,
      0.5236006867838058,
      0.5274560737451275,
      0.5366718520445417,
      0.43505307541838145,
      0.5385274496000492,
      0.4540459911810147,
      0.4767959015643703,
      0.4858889072963591,
      0.5892887817510156,
      0.5021658986909476,
      0.5959042162838833,
      0.5328840930172516
    ]
  },
  "Mean_MAE": 95335.62477292311,
  "Mean_MRE": 206.8589547772158,
  "Mean_MBRE": 2.147745930283475,
  "Mean_MIBRE": 0.510934515313644,
  "Median_MAE": 90855.44311621803,
  "Median_MRE": 200.55101416524116,
  "Median_MBRE": 2.0790661303314915,
  "Median_MIBRE": 0.5184356709396685,
  "Runs": [
    {},
    {},
    {},
    {},
    {},
    {},
    {},
    {},
    {},
    {},
    {},
    {},
    {},
    {},
    {},
    {},
    {},
    {},
    {},
    {},
    {},
    {},
    {},
    {},
    {},
    {},
    {},
    {},
    {},
    {}
  ]
}