{
  "Metrics": {
    "MAE": [
      163210.04270622175,
      122384.9569409362,
      128461.22276426476,
      171536.3524511965,
      161944.92793737506,
      86177.74905656936,
      180976.29933463995,
      129386.06768699964,
      78557.0208493355,
      76789.4391352053,
      130956.52578548557,
      157912.9612381524,
      180555.25657532125,
      143032.24203720526,
      144670.21548368098,
      134830.99331543763,
      159471.2223618308,
      146356.6305987493,
      126690.70123303632,
      156545.92575511153,
      162962.16913935143,
      162209.1379466934,
      130272.14816105356,
      89822.43097667366,
      119282.79641241785,
      121407.69897705574,
      122835.89879171667,
      151695.73371658297,
      76475.11341296282,
      125437.82727909138
    ],
    "MRE": [
      479.51851639901105,
      171.9047559592003,
      218.92120490197783,
      480.438022311675,
      405.9061661083089,
      146.34745859994294,
      566.7542911091914,
      221.44855247471153,
      123.044684224277,
      109.75984379783552,
      210.8965723115601,
      463.03479567694137,
      510.285306073015,
      344.2986992564725,
      388.89499926005817,
      288.6092151854399,
      438.4253672858901,
      317.53019478267595,
      224.2456058270425,
      355.2886587096849,
      441.860893412115,
      480.7199120585997,
      335.68375644169174,
      125.97502352312982,
      221.25715306846746,
      196.53090690671493,
      247.44370476074434,
      393.8362290951112,
      161.0474264413641,
      247.66837290941103
    ],
    "MBRE": [
      5.323349661934828,
      1.9213514004174188,
      2.765461704149796,
      5.298358568124213,
      4.631699454629542,
      1.643837025036563,
      6.259362141569591,
      2.766784253789154,
      1.3757521045356274,
      1.2339084137201397,
      2.977821618866591,
      5.049484041695108,
      5.314233182872189,
      3.8280988944369967,
      4.236434995227298,
      3.2828422566672586,
      4.977570311865343,
      4.004909325690575,
      2.5131297108762767,
      4.518338060212776,
      4.870698835793758,
      5.132365469638764,
      3.639270725523378,
      1.6036752089159316,
      2.656048998014472,
      2.542261048316299,
      2.9223477921470864,
      4.510500489685143,
      1.8561018418488968,
      2.857281859979888
    ],
    "MIBRE": [
      0.6787229765617664,
      0.4260666713665643,
      0.5608872755283949,
      0.7505869437803843,
      0.7036399921055482,
      0.48783400216724393,
      0.7221840507864076,
      0.545857586586457,
      0.4722191039174834,
      0.42523149286920636,
      0.5672881334894763,
      0.6349908631958426,
      0.6269701345083911,
      0.6175764604461884,
      0.6396038582398919,
      0.5960049677292655,
      0.6882644900884745,
      0.6117786475788904,
      0.5297145213875132,
      0.6526953774110414,
      0.6668758627549629,
      0.6653310998519796,
      0.5978022521131261,
      0.5017776419300007,
      0.5261926652985046,
      0.544423658432844,
      0.5624521237075728,
      0.6545319337213669,
      0.49964944306256887,
      0.5575578180328022
    ]
  },
  "Mean_MAE": 134761.59026867847,
  "Mean_MRE": 310.5858762957421,
  "Mean_MBRE": 3.5504426465393637,
  "Mean_MIBRE": 0.590490401621672,
  "Median_MAE": 132893.7595504616,
  "Median_MRE": 303.0697049840579,
  "Median_MBRE": 3.4610564910953183,
  "Median_MIBRE": 0.5969036099211957,
  "Runs": [
    {},
    {},
    {},
    {},
    {},
    {},
    {},
    {},
    {},
    {},
    {},
    {},
    {},
    {},
    {},
    {},
    {},
    {},
    {},
    {},
    {},
    {},
    {},
    {},
    {},
    {},
    {},
    {},
    {},
    {}
  ]
}