{
  "Metrics": {
    "MAE": [
      122886.14733177471,
      122334.25646018001,
      123119.04132891052,
      124338.54489093677,
      125299.20587426887,
      125316.38508542693,
      123721.85353411261,
      124488.0387490254,
      122420.27360459953,
      123728.5983386406,
      125894.95421532079,
      124251.88228822274,
      122938.05456642043,
      124237.01607885215,
      123799.53782135979,
      123802.37513253454,
      125361.0264439496,
      124996.16391648962,
      122711.58720907313,
      123573.77916539498,
      123044.07122639036,
      121987.62676962429,
      121784.50734987274,
      124602.52333656012,
      123840.620241142,
      124596.28882424893,
      122611.08278633571,
      124753.45644217847,
      123712.72553644238,
      125512.15371147853
    ],
    "MRE": [
      62.98168905783449,
      67.22293734235055,
      54.74566705362118,
      64.11260047178686,
      61.21200089623057,
      66.3449478184423,
      60.81370667111875,
      64.88182331425195,
      67.26339558389319,
      63.463838257122205,
      62.32336185873832,
      59.981272675520614,
      65.70960782966486,
      64.18073508757601,
      59.617963863359776,
      65.00553074021454,
      65.95603320164913,
      64.08920096546753,
      68.22162513331466,
      61.59451722196505,
      62.60750239699249,
      62.98327710806113,
      63.136992549097634,
      63.65427153963601,
      60.36267220019247,
      57.66154341239945,
      64.94430389039307,
      58.75384203459365,
      69.39916654095893,
      55.897133226086424
    ],
    "MBRE": [
      5.139797744218289,
      4.636974861056057,
      5.231165783993429,
      5.189607277257305,
      4.8664257496354075,
      5.195568090823424,
      5.069890462147196,
      4.819766952459682,
      4.574751677019861,
      5.047065967139487,
      5.203692879430594,
      4.89018899045537,
      4.770569166793941,
      5.172711108294701,
      5.1488275597482165,
      5.208889001660639,
      5.09475870719887,
      4.992662218841324,
      4.754002782931579,
      4.715854018918917,
      4.828784891876787,
      4.347623782539278,
      4.5117221845751105,
      5.134565685911413,
      5.270960839087183,
      5.150001045795081,
      4.803655196043746,
      5.2881603864596745,
      4.623578284267363,
      5.627401351829161
    ],
    "MIBRE": [
      0.47853858454430753,
      0.48535834624837193,
      0.4570002043908415,
      0.48097915497914934,
      0.4745852589239628,
      0.48879598567030613,
      0.47654074501552857,
      0.48393148950693793,
      0.4831068124971262,
      0.47889322399692386,
      0.4783527222559362,
      0.46812616297461446,
      0.4860962739593713,
      0.4816186127902937,
      0.4732181053758836,
      0.48462614771573054,
      0.48621662099027185,
      0.48413174858156627,
      0.4856776368542153,
      0.47483365712465747,
      0.4750863599007059,
      0.4725493569158225,
      0.47235754352842857,
      0.4827210488477114,
      0.4747426673040807,
      0.4667766064579105,
      0.4815594751206458,
      0.469547864243764,
      0.49143576016087437,
      0.46519125427915464
    ]
  },
  "Mean_MAE": 123855.45927532557,
  "Mean_MRE": 62.97077199808446,
  "Mean_MBRE": 4.976987488280302,
  "Mean_MIBRE": 0.4780865143718364,
  "Median_MAE": 123800.95647694716,
  "Median_MRE": 63.30041540310992,
  "Median_MBRE": 5.058478214643341,
  "Median_MIBRE": 0.4787159042706157,
  "Runs": [
    {},
    {},
    {},
    {},
    {},
    {},
    {},
    {},
    {},
    {},
    {},
    {},
    {},
    {},
    {},
    {},
    {},
    {},
    {},
    {},
    {},
    {},
    {},
    {},
    {},
    {},
    {},
    {},
    {},
    {}
  ]
}