{
  "Metrics": {
    "MAE": [
      6.086567823023926,
      7.804791264240924,
      8.659551619806532,
      7.058952929734543,
      6.152105234406784,
      7.588447431137295,
      8.102155511077457,
      9.725006977167336,
      9.163552038517462,
      7.661419098427626,
      9.017948147578727,
      6.077798576339374,
      5.87841621929441,
      4.733762243650173,
      7.076160468124218,
      5.402594269893449,
      6.561147153125071,
      7.630882632882046,
      8.97986070672963,
      6.674207591717457,
      5.973355404595491,
      5.6023158382121645,
      11.705859693912192,
      7.765442221820035,
      7.438800447698841,
      10.289664237842121,
      6.975384912845067,
      6.913313120526239,
      6.911438500984726,
      11.475154423296297
    ],
    "MRE": [
      188.93415784840462,
      412.4360015943054,
      690.0454317462215,
      229.2958376566879,
      371.41256005713893,
      464.2370124122234,
      481.5542750131316,
      715.8511012414361,
      573.7124355785646,
      384.63345214242867,
      616.2810317386298,
      232.51763077684174,
      119.85034604126182,
      128.24493963193328,
      144.0665918208659,
      195.02009267630186,
      135.11998423356246,
      201.7216982539729,
      365.96186273739477,
      225.0541421589173,
      235.58280866741748,
      290.22676387810026,
      940.5581508954248,
      487.8107636066619,
      64.91635752715905,
      638.7970965209893,
      289.0341430627522,
      176.75717209969218,
      152.2939725448525,
      942.6234536227673
    ],
    "MBRE": [
      3.0601624458821375,
      4.730881204594985,
      7.046019339451417,
      4.209322683040037,
      3.850900754709688,
      5.560543870946473,
      5.187119676464131,
      8.35543204214441,
      7.270043019333176,
      4.953235609543097,
      8.237809152821292,
      3.8370775357255873,
      2.064252535846198,
      1.409163024200809,
      3.903572453912476,
      2.371826459001032,
      1.60377124908746,
      5.197516950094173,
      8.100885848841694,
      2.7374214763315177,
      2.456940161022253,
      3.0221287232398293,
      10.221287084317373,
      5.134481097953694,
      7.490335674548389,
      10.642786781301535,
      5.866738250682197,
      3.596985170362191,
      3.804957485177804,
      10.167263120392684
    ],
    "MIBRE": [
      0.505409625375383,
      0.673446686261551,
      0.6595984108761435,
      0.5624155685553492,
      0.4808530514479752,
      0.5954497917657937,
      0.6447010158260259,
      0.6696099210207331,
      0.6559343895519371,
      0.6460780843579267,
      0.6320441651228064,
      0.5199360664173069,
      0.46017768111934076,
      0.44439280705356604,
      0.6022503438316011,
      0.4662197587328415,
      0.4198750475898502,
      0.5621434463957491,
      0.6579864835625191,
      0.5494256819106762,
      0.46600788293066425,
      0.5247046876956849,
      0.6865130070779772,
      0.587105778767807,
      0.5598469021136591,
      0.6730241214024603,
      0.5402591431583478,
      0.5452952303996693,
      0.6066625760260508,
      0.7124347516934902
    ]
  },
  "Mean_MAE": 7.569535224620253,
  "Mean_MRE": 369.81837559286816,
  "Mean_MBRE": 5.203028696032324,
  "Mean_MIBRE": 0.5769934036013628,
  "Median_MAE": 7.25748045791153,
  "Median_MRE": 289.63045347042623,
  "Median_MBRE": 4.842058407069041,
  "Median_MIBRE": 0.5747606736615781,
  "Runs": [
    {},
    {},
    {},
    {},
    {},
    {},
    {},
    {},
    {},
    {},
    {},
    {},
    {},
    {},
    {},
    {},
    {},
    {},
    {},
    {},
    {},
    {},
    {},
    {},
    {},
    {},
    {},
    {},
    {},
    {}
  ]
}