{
  "Metrics": {
    "MAE": [
      6.1505349750253515,
      7.297682308256122,
      7.732725564132104,
      7.767651097343923,
      7.813617408757025,
      6.941039478309401,
      8.269890149164995,
      8.100143314960134,
      8.754711803698848,
      7.8227762748327505,
      8.302705748544643,
      6.3853205262293535,
      6.402984246344129,
      8.022491535113577,
      7.525289388814441,
      6.996256885916464,
      6.80422518665824,
      9.189017631560967,
      7.7591554027768685,
      6.78594848365024,
      7.226647542756313,
      6.301158719608187,
      11.289787677436747,
      8.866424617394369,
      7.134638607144521,
      8.864504140683062,
      7.4851676185625475,
      8.832352960464524,
      7.582268493886312,
      10.870936692108051
    ],
    "MRE": [
      281.2323970739723,
      363.1246718887598,
      548.6486958490013,
      391.88035499442316,
      566.8032314370495,
      468.2996091779648,
      644.1359836211661,
      635.1437279498274,
      624.9067269775825,
      526.9604265891096,
      583.228296318048,
      307.47477599061045,
      171.55700785873896,
      637.3606987459366,
      345.9182507039576,
      413.9647793689476,
      326.6139578184988,
      644.6169924602985,
      374.3206102511123,
      286.4611816119267,
      471.0604295556117,
      343.3362456149755,
      980.0447995639236,
      677.0480776993754,
      95.80275525434686,
      624.6189950773194,
      419.19667064376904,
      614.5425753645877,
      345.67696925643787,
      919.223933244686
    ],
    "MBRE": [
      2.9279461703173886,
      4.049207368962934,
      5.638019233814766,
      4.8100588088533724,
      5.708681244400882,
      4.872607246547506,
      6.511231315138489,
      6.639713707963276,
      6.7054748643133655,
      5.478949223043581,
      6.155661409249607,
      3.479520800563987,
      2.486744421849792,
      6.428179102875823,
      4.268078450192557,
      4.305271447935682,
      3.3305427145220534,
      6.928093490234259,
      4.6906013405739575,
      3.366166113019163,
      4.685369937320894,
      3.5546373285543087,
      9.94404648317323,
      6.96832874998688,
      3.669987670706848,
      6.461945687965135,
      4.909820139924685,
      6.502287841872275,
      4.227851011718355,
      9.310228732772558
    ],
    "MIBRE": [
      0.5591232893312265,
      0.669931555923851,
      0.6548360725077141,
      0.637849893895201,
      0.6486004397246845,
      0.6176222237646093,
      0.6574560941046838,
      0.6580397119785236,
      0.6761485343421069,
      0.6512459875849869,
      0.6598680415098098,
      0.5798649431283383,
      0.5607069376295942,
      0.6607748322606605,
      0.6665436177727411,
      0.62551885806532,
      0.5825772508080623,
      0.6676994139618299,
      0.6181882462036172,
      0.6381516486771247,
      0.6398352132775017,
      0.6221437486790801,
      0.6871831514965698,
      0.6705923995456688,
      0.5708357820877776,
      0.6670358161567085,
      0.6405396849949508,
      0.67288519561676,
      0.6678504473303531,
      0.7053479324550749
    ]
  },
  "Mean_MAE": 7.842601816004474,
  "Mean_MRE": 487.77346093206546,
  "Mean_MBRE": 5.300508401945587,
  "Mean_MIBRE": 0.6411665654938378,
  "Median_MAE": 7.745940483454486,
  "Median_MRE": 469.6800193667882,
  "Median_MBRE": 4.891213693236096,
  "Median_MIBRE": 0.6530410300463505,
  "Runs": [
    {},
    {},
    {},
    {},
    {},
    {},
    {},
    {},
    {},
    {},
    {},
    {},
    {},
    {},
    {},
    {},
    {},
    {},
    {},
    {},
    {},
    {},
    {},
    {},
    {},
    {},
    {},
    {},
    {},
    {}
  ]
}