{
  "Metrics": {
    "MAE": [
      5.446705360053522,
      6.634616921809326,
      8.728593189708644,
      8.937200234029117,
      7.629234381543042,
      4.384148817652294,
      6.832413597949625,
      8.09875214001869,
      6.071016759106495,
      5.957813385094105,
      6.565112584051086,
      4.978443584034259,
      6.696076343781722,
      5.714189027193905,
      9.480431118823358,
      6.666844065027453,
      3.0022999587397856,
      7.206017668717337,
      6.674707251460514,
      5.8097578920162585,
      5.553840132282581,
      6.281260705445802,
      9.760341198023951,
      5.019884943878711,
      6.581435605733306,
      6.6308317794278855,
      5.093139112893948,
      10.015638030748315,
      7.088922462554846,
      7.978626603105987
    ],
    "MRE": [
      234.17474738654752,
      357.08903822883264,
      826.8501385815291,
      545.3349636644522,
      552.5310951058066,
      236.03554715855455,
      500.3562078237884,
      516.6721881065373,
      368.6431670576261,
      414.80509613126816,
      465.6618451500159,
      208.42411955056613,
      261.1652765077556,
      314.27682775749975,
      645.0528166288453,
      380.77660356349014,
      165.09154302903553,
      466.52163178770303,
      255.35165529367504,
      291.5750907760863,
      376.02826073588045,
      395.8093675885414,
      785.8427910617195,
      336.0163477411097,
      78.09631087792852,
      317.22952211615575,
      373.1390239625602,
      831.8956099742921,
      375.17728093288997,
      456.9625119789636
    ],
    "MBRE": [
      2.4397811022929052,
      4.030536597016681,
      8.319895721867598,
      6.297370454944962,
      5.578419809689409,
      2.3951706369754864,
      5.037817720378649,
      5.392658359317229,
      3.7253622100710344,
      4.216431164393986,
      4.798968440348935,
      2.225531560932752,
      3.3501772264296967,
      3.1549482930399066,
      7.024615172159624,
      3.921331169665709,
      1.6847869700585927,
      4.728697265147409,
      3.1173603057226407,
      3.035009431348721,
      3.8412328121371777,
      4.138536524945787,
      7.946912143094692,
      3.440829370233553,
      2.596539277155202,
      3.285295939423437,
      3.7604391365770886,
      8.574813363642031,
      4.203140357296013,
      4.626404177530774
    ],
    "MIBRE": [
      0.5313295069624347,
      0.6091155724345205,
      0.6285156563057877,
      0.6330975415392871,
      0.6328611414250379,
      0.5113624227969719,
      0.5935655468874622,
      0.6302811250591571,
      0.5825581268342418,
      0.577490422107908,
      0.6015253242347598,
      0.5286470273455217,
      0.5800179320714295,
      0.5220289702842577,
      0.6453049626153105,
      0.6227344134103662,
      0.3831505360831504,
      0.6172003428396878,
      0.578539955602535,
      0.5586058413542391,
      0.5450092112337754,
      0.5937333573616224,
      0.6510212618877114,
      0.5518448027703852,
      0.4804502509131565,
      0.565612695045997,
      0.5261960213392084,
      0.6520605735863577,
      0.6220391132572362,
      0.6615253594433003
    ]
  },
  "Mean_MAE": 6.717276495163529,
  "Mean_MRE": 411.0862208753219,
  "Mean_MBRE": 4.3629670904612565,
  "Mean_MIBRE": 0.5805808338344273,
  "Median_MAE": 6.632724350618606,
  "Median_MRE": 375.6027708343852,
  "Median_MBRE": 3.9759338833411952,
  "Median_MIBRE": 0.588061836860852,
  "Runs": [
    {},
    {},
    {},
    {},
    {},
    {},
    {},
    {},
    {},
    {},
    {},
    {},
    {},
    {},
    {},
    {},
    {},
    {},
    {},
    {},
    {},
    {},
    {},
    {},
    {},
    {},
    {},
    {},
    {},
    {}
  ]
}