{
  "Metrics": {
    "MAE": [
      7.186936457485846,
      6.156374301162844,
      6.843760507032905,
      8.082383291457152,
      8.496802390075352,
      7.691660580875078,
      7.712233510049945,
      10.185484679426143,
      6.243589462453701,
      7.406127605553134,
      10.808219488334677,
      5.146656525994879,
      6.6795898474076445,
      5.277567017526366,
      7.645827528797679,
      6.606531753876038,
      5.100111721999043,
      7.3599000431971024,
      7.8273722059578485,
      4.426599591886264,
      7.783885375309836,
      6.039466952712434,
      11.238507665503315,
      6.149803439646093,
      7.441330120299891,
      8.53527748660154,
      7.646161034732413,
      6.019050806830193,
      6.2651888645281115,
      8.822165425722321
    ],
    "MRE": [
      406.9194370635298,
      204.86005188056905,
      474.8631580741251,
      418.0016762594396,
      674.8730274961135,
      539.2413870274825,
      576.8551794641328,
      636.7093662990795,
      384.875026173045,
      428.7989640776421,
      860.7735138195674,
      125.70772570135287,
      163.0266209849639,
      269.28600298391166,
      232.58174719970404,
      326.2438678727273,
      202.20862301742187,
      407.11591410158485,
      312.6303385301819,
      119.45720625863265,
      517.2453186962069,
      230.49325988436235,
      895.8353697422947,
      357.97230624552384,
      66.07017911598159,
      485.22974038392744,
      406.0461039047229,
      197.31515430525667,
      172.09058776333254,
      535.2493428894747
    ],
    "MBRE": [
      4.82873350044908,
      4.030140890572217,
      4.487137031658649,
      4.374018611976144,
      6.4368711944788854,
      4.631984647508807,
      5.637836581848675,
      6.504531025097043,
      3.5032606696977817,
      4.572844581231971,
      9.50769401755218,
      1.2768038918541993,
      3.185669485078834,
      2.2183574967199995,
      -15.977104469297261,
      2.4761996963839263,
      1.8699990822914898,
      3.325035879880933,
      2.3517980988164444,
      0.42994384505017,
      4.65792960265514,
      -5.6411287449862595,
      8.717529352936861,
      3.6025922527871534,
      6.674077093119316,
      5.160007952505063,
      4.24709631897647,
      2.33370097653718,
      -0.028294077314438414,
      4.56511211637418
    ],
    "MIBRE": [
      0.6717972300641626,
      1.121860591952911,
      0.8300935152911603,
      0.7890427385997426,
      0.8605600173936333,
      1.6920727542301222,
      0.7778634843708343,
      1.0615503344027228,
      0.7858125210078847,
      0.6372593344694848,
      0.7314678608858631,
      0.622039059689639,
      0.5483135551762072,
      0.8575304174400525,
      0.7309311812761858,
      1.3053847587667466,
      0.5506414699039393,
      1.2202024917765146,
      0.9927459936282765,
      0.4432913795233712,
      1.122268366527192,
      1.3527570513626106,
      0.7440305832850866,
      0.6755093348497573,
      0.5658586251407693,
      0.6252481828466347,
      1.1369308659302544,
      0.6607446960478818,
      0.6852576232795413,
      1.6112523779914067
    ]
  },
  "Mean_MAE": 7.294152189414526,
  "Mean_MRE": 387.6192065738763,
  "Mean_MBRE": 3.1320126200813614,
  "Mean_MIBRE": 0.8803439465703528,
  "Median_MAE": 7.383013824375118,
  "Median_MRE": 395.46056503888394,
  "Median_MBRE": 4.138618604774344,
  "Median_MIBRE": 0.7818380026893594,
  "Runs": [
    {},
    {},
    {},
    {},
    {},
    {},
    {},
    {},
    {},
    {},
    {},
    {},
    {},
    {},
    {},
    {},
    {},
    {},
    {},
    {},
    {},
    {},
    {},
    {},
    {},
    {},
    {},
    {},
    {},
    {}
  ]
}