{
  "Metrics": {
    "MAE": [
      4.916431163821464,
      7.454462669511692,
      7.167036237885317,
      7.074357461490559,
      6.209396225965762,
      6.706116787843398,
      7.217985976886019,
      6.124550895608882,
      8.376216543150832,
      8.026654328941499,
      7.335048116181696,
      5.847859684901368,
      6.465005389428481,
      5.9397061584104724,
      7.20025516636638,
      6.284806118002061,
      4.614299934189952,
      8.39370338693878,
      7.820749653627168,
      7.0274394204905875,
      5.003588789406567,
      4.492558432326171,
      9.968525934032701,
      8.122507071962943,
      7.564280327580861,
      7.8901758630611925,
      6.730518702107972,
      7.568541793587555,
      7.0693682687539425,
      9.955136873658617
    ],
    "MRE": [
      151.60395593369307,
      365.82657212446003,
      382.21730245494865,
      175.10413993918291,
      317.36461632694267,
      359.3473085102301,
      514.1778826408087,
      311.1812047242918,
      394.34347810882724,
      482.22756127884867,
      410.98601463020213,
      121.45824206003466,
      99.3817136959654,
      341.2325865738896,
      214.07160068700713,
      264.4707423022638,
      94.6370658179857,
      382.1506118940151,
      219.39792757773958,
      162.42500328763748,
      119.03920134300579,
      87.31531558700087,
      693.8154742954194,
      508.49521267712623,
      70.86856138132222,
      340.213771763825,
      247.62596723302005,
      331.30708799480334,
      161.46604396518129,
      739.7541095633823
    ],
    "MBRE": [
      2.3019867801345484,
      4.184090876975281,
      4.600401592413752,
      4.1171063623656305,
      3.3148968341612655,
      4.377147974537039,
      5.381294752551248,
      3.898650236978711,
      6.872367134688478,
      5.851041309055836,
      5.482410270932142,
      3.2990294797584814,
      2.6564839198913743,
      3.5228603057621726,
      4.2801356691940535,
      3.0483607253030343,
      1.1352777397259088,
      6.494323889431826,
      6.1578085429022344,
      4.248306001576779,
      1.3658111974418312,
      1.042454338759625,
      8.342019489159657,
      5.984853639016316,
      9.649005521147753,
      5.843423151975717,
      4.3223137706830626,
      5.4522895735572074,
      3.6663825119066775,
      7.738844258328166
    ],
    "MIBRE": [
      0.41205087952005287,
      0.6614681864599176,
      0.6501655509928695,
      0.6061511878109502,
      0.48245801333984617,
      0.529622708766437,
      0.5624894942932007,
      0.5664880809256719,
      0.7269779049707491,
      0.6626352074751899,
      0.5619075026799596,
      0.4415928107709533,
      0.4966339512280943,
      0.5042344460217406,
      0.6166289571658412,
      0.51471732044459,
      0.39016593528198135,
      0.922904145022942,
      0.6106216072468673,
      0.5746591327977296,
      0.4198604029525973,
      0.41524127634172275,
      0.7211662974636005,
      0.6246009002987016,
      0.5857880385211051,
      0.6115890546765229,
      0.5285306064840002,
      0.5675351475862133,
      0.6089897731707904,
      0.6838367306095716
    ]
  },
  "Mean_MAE": 7.018909445870696,
  "Mean_MRE": 302.116875879102,
  "Mean_MBRE": 4.62104592834386,
  "Mean_MIBRE": 0.5753903750440137,
  "Median_MAE": 7.120696849687938,
  "Median_MRE": 314.27291052561725,
  "Median_MBRE": 4.301224719938558,
  "Median_MIBRE": 0.5710971401919714,
  "Runs": [
    {},
    {},
    {},
    {},
    {},
    {},
    {},
    {},
    {},
    {},
    {},
    {},
    {},
    {},
    {},
    {},
    {},
    {},
    {},
    {},
    {},
    {},
    {},
    {},
    {},
    {},
    {},
    {},
    {},
    {}
  ]
}