{
  "Metrics": {
    "MAE": [
      6.79582427046144,
      6.553986152347495,
      7.271866553510654,
      7.315365373614809,
      9.178228492368428,
      8.077375129840075,
      8.260966744807885,
      9.860186497106687,
      7.611981756718232,
      7.164815753160515,
      11.245546076828193,
      4.993831521961468,
      6.992347337625891,
      5.540361200692587,
      7.796310800322347,
      6.906490167738148,
      5.150382427144966,
      7.855506647155926,
      7.5647360870647935,
      5.660670329170064,
      7.744611131771432,
      6.658540938823401,
      11.124555563154802,
      8.334706366242076,
      7.327674667403078,
      9.80735792936947,
      7.652331694741365,
      7.170215551702776,
      6.492576212965363,
      8.853857314827284
    ],
    "MRE": [
      369.0068550731943,
      251.05277594007381,
      507.5801464417184,
      339.69009668162386,
      771.774894848352,
      554.0890658795894,
      663.4447906578185,
      756.8456588395441,
      540.6567645191777,
      434.9756115875233,
      891.7345752374752,
      136.57705961533304,
      231.09203014890753,
      309.5758409054325,
      308.29028934927646,
      360.32835527700934,
      204.24694175800684,
      512.1785224450741,
      338.4243847627214,
      243.9132817923941,
      569.4317974534924,
      352.6884133070155,
      909.7986369334468,
      605.231892178833,
      71.29022021698385,
      708.9217025094365,
      433.5034217787874,
      376.732626965985,
      199.14813791400667,
      558.5758358687
    ],
    "MBRE": [
      3.759477189865036,
      2.150029222492198,
      4.6384146133082425,
      3.750695068029646,
      7.6279753452889345,
      4.751935775808175,
      3.857111194087557,
      7.32370057361351,
      4.979834527952976,
      4.5982455348410864,
      8.511582340012732,
      1.026830690106918,
      3.752118902399008,
      2.8228098567005206,
      3.2750235003799473,
      -1.2557898865590666,
      1.5943072280235147,
      4.5324242190623645,
      5.425828462895318,
      2.2313660309221293,
      5.08970613555633,
      1.915117719163566,
      9.17861555975138,
      6.076335064805729,
      5.67511432601218,
      7.154881855551678,
      4.044216284147319,
      3.981619236589771,
      2.098638368299597,
      4.879088923990234
    ],
    "MIBRE": [
      0.6672751070549372,
      1.4578884270931793,
      0.8911647752847248,
      0.7553127613904621,
      0.8138336389584573,
      1.3355931950692783,
      0.808353691604941,
      1.0230587207701973,
      0.9780627236445075,
      0.6208223592698576,
      0.8539657881212859,
      0.6422241634036988,
      0.6129094407656901,
      0.8292197600980965,
      0.9201237902939176,
      1.4907535256993767,
      0.6835240597997791,
      1.1733833280821044,
      0.8900598392102842,
      0.7480619333129968,
      1.1309319725024254,
      1.2623441016461008,
      0.7243590656494922,
      0.9896378148435602,
      0.5827221025136134,
      0.743610858284585,
      1.084696406834458,
      0.9014660125091853,
      0.7691046705704883,
      1.7628402998947734
    ]
  },
  "Mean_MAE": 7.632106889688055,
  "Mean_MRE": 450.360020896231,
  "Mean_MBRE": 4.3149084621032845,
  "Mean_MIBRE": 0.9382434778058818,
  "Median_MAE": 7.446205377233936,
  "Median_MRE": 405.11802437238623,
  "Median_MBRE": 4.2883202516048415,
  "Median_MIBRE": 0.872012813665785,
  "Runs": [
    {},
    {},
    {},
    {},
    {},
    {},
    {},
    {},
    {},
    {},
    {},
    {},
    {},
    {},
    {},
    {},
    {},
    {},
    {},
    {},
    {},
    {},
    {},
    {},
    {},
    {},
    {},
    {},
    {},
    {}
  ]
}