{
  "Metrics": {
    "MAE": [
      6.68073030613587,
      7.621200571825381,
      7.628791383908865,
      7.172834048172409,
      6.920862041328599,
      7.868075589216605,
      6.7936523713098325,
      8.959254669159304,
      7.7076974470646356,
      7.590072867997009,
      8.494511878859704,
      6.888611186251022,
      6.3209389843310015,
      4.636174612007338,
      7.176465966067755,
      6.473429440644637,
      5.719502919609269,
      6.701927924661165,
      7.910458547853311,
      6.108315442591291,
      7.732455955167097,
      5.762552207811929,
      9.14736399333703,
      6.871218615741305,
      7.715458956319629,
      8.482691272082874,
      7.150993595971425,
      6.6723814354512445,
      7.122888438088797,
      9.238594669034976
    ],
    "MRE": [
      242.7235265068506,
      223.40191945344944,
      431.1502160899855,
      216.19855281491957,
      458.138820792999,
      528.0187237425101,
      324.3048254011875,
      631.7655936994548,
      247.42078215025546,
      367.211426842702,
      586.1135838790774,
      249.65241537730088,
      108.10730672444188,
      231.14265376654672,
      127.11005831428386,
      372.3856379888359,
      113.75584982772793,
      236.3791763942246,
      227.042535745863,
      94.6515781724619,
      493.0195510638991,
      132.5542337423505,
      618.8423490382456,
      300.79357360314066,
      66.4256241609744,
      421.5032322391412,
      378.09430560662804,
      214.30642800909814,
      138.5344836550415,
      649.7766679056971
    ],
    "MBRE": [
      3.323486036344558,
      6.042815190627467,
      5.0383560766948765,
      4.956625542064828,
      4.740998123820286,
      5.772648675027231,
      3.9649297860215884,
      7.785870184388018,
      6.58737394676119,
      5.072554619487742,
      7.591894829757751,
      4.4010647967046275,
      2.30888558314943,
      2.428791469136175,
      3.949407925844702,
      3.936077017348991,
      1.725048289624949,
      3.20812098791811,
      6.9999153723648595,
      3.3541825957003946,
      4.98953810905564,
      2.0912153779092315,
      7.732127627663539,
      3.561958273878283,
      11.444837889969117,
      9.528532085481528,
      5.301435572699637,
      4.199548496522986,
      5.060900649172246,
      7.34811962159222
    ],
    "MIBRE": [
      0.5580721207540247,
      0.6291038152675328,
      0.6313346518008784,
      0.5926313550568559,
      0.5297216432608445,
      0.6348149449819069,
      0.555222988384955,
      0.6632688561424913,
      0.63523934018059,
      0.6302879006113695,
      0.6065284097875964,
      0.5409031433342946,
      0.47750844495478284,
      0.4393585708599773,
      0.6148800053415026,
      0.5593201558939123,
      0.46056444356587195,
      0.5486887076495288,
      0.6426301439958888,
      0.49883913285374254,
      0.6276351259122165,
      0.48186020696191056,
      0.6619446555491221,
      0.5864303996095046,
      0.6009270485945659,
      0.6212766646315141,
      0.532880641444784,
      0.5554947117433171,
      0.5968420419608572,
      0.6881306243947478
    ]
  },
  "Mean_MAE": 7.242336911266709,
  "Mean_MRE": 314.3508544236431,
  "Mean_MBRE": 5.148242025091074,
  "Mean_MIBRE": 0.5800780298493696,
  "Median_MAE": 7.1619138220719165,
  "Median_MRE": 248.53659876377816,
  "Median_MBRE": 4.973081825560234,
  "Median_MIBRE": 0.5947366985088566,
  "Runs": [
    {},
    {},
    {},
    {},
    {},
    {},
    {},
    {},
    {},
    {},
    {},
    {},
    {},
    {},
    {},
    {},
    {},
    {},
    {},
    {},
    {},
    {},
    {},
    {},
    {},
    {},
    {},
    {},
    {},
    {}
  ]
}