{
  "Metrics": {
    "MAE": [
      6.013213874249911,
      7.2130869998348555,
      7.267046691936889,
      7.220621050459947,
      6.796319671533213,
      7.329921711764412,
      7.34985270308288,
      7.072061020341911,
      7.554569386419462,
      7.514389472859942,
      7.435063795451542,
      6.329285982905566,
      6.520739704440765,
      6.1923874944264385,
      7.230684340808044,
      5.9502314544883745,
      5.098579951594753,
      7.191235262166351,
      7.389231460736153,
      7.087996562183265,
      6.644073506969623,
      5.461002043270155,
      8.168477991871768,
      7.267671684250592,
      7.692694302406087,
      6.5908387731600735,
      6.893844924585639,
      7.645737629501199,
      7.150408983712328,
      9.487329668377411
    ],
    "MRE": [
      177.0722845402622,
      198.55370010623108,
      352.01313900469523,
      160.52956194931397,
      410.31330523935424,
      439.683091925659,
      523.1607775693358,
      476.0176572615759,
      169.90117958625285,
      398.73969552943385,
      422.2861418969163,
      171.99167045426978,
      85.66687049591985,
      263.6914002617312,
      132.49939837340324,
      292.1287929093813,
      78.19207903535059,
      246.71024452016033,
      172.21297448537572,
      85.79525783155474,
      410.27109164708344,
      104.81775166701459,
      527.3858599825321,
      311.6987885688149,
      68.74431356326507,
      194.97024554873076,
      342.73181961783075,
      403.26310758573874,
      162.0790175511232,
      760.1866278534607
    ],
    "MBRE": [
      2.607532484387857,
      3.9905752974963082,
      5.199661943550516,
      4.42613186971905,
      4.197981087554672,
      4.786259535692462,
      5.543619500562841,
      5.142408744305062,
      6.118793647486806,
      4.982918410357067,
      5.40945237721541,
      3.4216082531059455,
      2.5506434609566497,
      3.237161015973375,
      4.704591011408776,
      3.2107411284911964,
      1.3360014674411647,
      4.219380051152837,
      5.5362861904820235,
      4.833240674628705,
      4.163048496596049,
      1.6152692160934927,
      6.15736797007445,
      4.393832496333248,
      10.946193254305951,
      5.605322897767847,
      4.378468350229516,
      5.720386084099661,
      4.113854221511803,
      7.837925895953631
    ],
    "MIBRE": [
      0.4971811240631187,
      0.6170640759054766,
      0.6093812150026291,
      0.6132668954777044,
      0.5562347242045443,
      0.6044082122808248,
      0.5727799606089543,
      0.6099624903734148,
      0.6351844561888829,
      0.6265268963851037,
      0.5735538332004226,
      0.4927263463836094,
      0.48350400697540874,
      0.5241411479983604,
      0.604035171717159,
      0.5458384404640253,
      0.40232743631066087,
      0.5946005825877079,
      0.620545286766841,
      0.5579078347095916,
      0.5814305069349817,
      0.460376003599251,
      0.6315568172297072,
      0.6132394184792328,
      0.6038777903971784,
      0.5660123934453327,
      0.5693683762378935,
      0.5975004948598812,
      0.6057908043397752,
      0.6728371875181162
    ]
  },
  "Mean_MAE": 7.025286603326319,
  "Mean_MRE": 284.7769282187257,
  "Mean_MBRE": 4.679555234497812,
  "Mean_MIBRE": 0.574771997688193,
  "Median_MAE": 7.202161131000603,
  "Median_MRE": 255.20082239094575,
  "Median_MBRE": 4.565361440563914,
  "Median_MIBRE": 0.5960505387237945,
  "Runs": [
    {},
    {},
    {},
    {},
    {},
    {},
    {},
    {},
    {},
    {},
    {},
    {},
    {},
    {},
    {},
    {},
    {},
    {},
    {},
    {},
    {},
    {},
    {},
    {},
    {},
    {},
    {},
    {},
    {},
    {}
  ]
}