{
  "Metrics": {
    "MAE": [
      97.633611060445,
      122.9185644853485,
      84.16355192006532,
      104.55069806736047,
      79.21359457396028,
      104.39080783871881,
      117.99308660373603,
      105.90919545479571,
      118.98357008355235,
      116.14924543837611,
      118.63970132798266,
      63.31350362249728,
      113.6503664912518,
      108.18062152086877,
      126.34076946019506,
      94.73755059169501,
      91.31116618517767,
      78.54786604886559,
      114.88369473958333,
      101.78149450197868,
      131.30670378226682,
      92.15566480587121,
      119.20609044405745,
      83.79868019709967,
      104.26935770113442,
      93.65703375021928,
      65.15878636850003,
      121.56806192637471,
      122.69736409651362,
      120.54298407242064
    ],
    "MRE": [
      20.66965905433254,
      36.48326732244269,
      17.221744184805463,
      24.463327797167704,
      20.006307114398005,
      25.579891037982556,
      32.441320309191966,
      28.409247392438132,
      24.882021164098436,
      29.78921869034177,
      32.24864535330961,
      11.786681300106626,
      31.41390614948312,
      24.070773851999842,
      33.99620040701235,
      21.41981786334717,
      24.13071404391505,
      16.810118969608602,
      30.863544183442865,
      26.88082544649637,
      30.937328510163432,
      21.225530801553155,
      32.17223395124911,
      21.226662129370283,
      26.017030048396535,
      26.54920453691695,
      15.15209830742273,
      23.66158304585317,
      24.192303435597914,
      30.94500032438175
    ],
    "MBRE": [
      0.2477438990735036,
      0.3747778260246889,
      0.20372917274587735,
      0.28088645707021787,
      0.21331735683825592,
      0.286603116092607,
      0.3427197951104955,
      0.2973811011867052,
      0.32895142133173116,
      0.32713370874878833,
      0.3414180448930901,
      0.14091576762983496,
      0.3281943868973264,
      0.2856043748497256,
      0.3621410601954447,
      0.2492736175431376,
      0.25556602317992094,
      0.19288501767627972,
      0.33071842869646495,
      0.2788863811019335,
      0.36552034075527134,
      0.2402396732259368,
      0.3443933017491576,
      0.22667275275713122,
      0.28696825972475454,
      0.2740275973726149,
      0.16659164792096762,
      0.33312705188939135,
      0.3362350729202869,
      0.3405207909001999
    ],
    "MIBRE": [
      0.1822291763851888,
      0.22556626416928774,
      0.1595433645523022,
      0.19835294704559522,
      0.15902811787272966,
      0.20547231654898174,
      0.2226425854893406,
      0.2069560373822601,
      0.22106768571599467,
      0.22066049015270292,
      0.22460819760740294,
      0.11392371068672831,
      0.21591432405295452,
      0.2047792585043101,
      0.23507741128421838,
      0.18649016843836158,
      0.1831820648617639,
      0.1514573643191179,
      0.2158814613355948,
      0.19728835583734755,
      0.24659369373300943,
      0.17593247934530665,
      0.2241101927331414,
      0.1659663227889165,
      0.19977557024908635,
      0.18485807210121372,
      0.13510837373799822,
      0.21929879365487326,
      0.22213674010297788,
      0.22657183841254314
    ]
  },
  "Mean_MAE": 103.9217795720304,
  "Mean_MRE": 25.521540224227532,
  "Mean_MBRE": 0.28610478153672475,
  "Mean_MIBRE": 0.1976824459700417,
  "Median_MAE": 105.22994676107808,
  "Median_MRE": 25.230956101040498,
  "Median_MBRE": 0.28678568790868075,
  "Median_MIBRE": 0.20512578752664593,
  "Runs": [
    {},
    {},
    {},
    {},
    {},
    {},
    {},
    {},
    {},
    {},
    {},
    {},
    {},
    {},
    {},
    {},
    {},
    {},
    {},
    {},
    {},
    {},
    {},
    {},
    {},
    {},
    {},
    {},
    {},
    {}
  ]
}