{
  "Metrics": {
    "MAE": [
      79.36850337890888,
      100.32830001185305,
      91.94942902700075,
      97.10673386952321,
      79.20089860808716,
      78.85585494319162,
      104.06875264661315,
      81.03666267518042,
      107.22143346311321,
      93.52681976779839,
      96.57412203744087,
      99.99338543873414,
      101.10345295588715,
      100.81806320198507,
      100.87412208922744,
      96.35427143818399,
      90.78538365095494,
      71.61831597026138,
      75.11863067072139,
      97.56193146687457,
      110.68497321826752,
      81.55409581175968,
      108.74122574053784,
      95.8419111268538,
      73.33406100456538,
      101.45730895734134,
      84.48929093295433,
      97.2595917891529,
      108.5935858195224,
      94.27500966403012
    ],
    "MRE": [
      15.976156801590733,
      29.52896065374783,
      17.384182820148386,
      21.5497226753803,
      20.664374723219165,
      18.807815008392378,
      28.03447815423009,
      21.375528865111256,
      20.92369870353319,
      23.323119484469785,
      26.40204969740897,
      18.47996362383323,
      28.40996397827032,
      21.877875519735888,
      26.09171311529583,
      21.357025206074184,
      22.114741708119332,
      15.282448537842692,
      20.010415072387467,
      26.1742520281099,
      25.05225947474223,
      18.214431162017338,
      29.287077671321093,
      24.561024736246377,
      16.692391764531305,
      29.46070362415427,
      21.1268043475894,
      19.531926970432142,
      21.199638025975524,
      23.685999989445488
    ],
    "MBRE": [
      0.1904647784470018,
      0.30104534158309937,
      0.22378607456639546,
      0.2504164534083049,
      0.21742770244886614,
      0.20492686778291574,
      0.2954687967096173,
      0.22328838946448207,
      0.2761158048541872,
      0.25128815345148753,
      0.27489234725913764,
      0.2486832194839043,
      0.2936164912452499,
      0.2605875749883616,
      0.2786885206179174,
      0.24943152303588292,
      0.24240580261712544,
      0.17345102379201496,
      0.20906684941982467,
      0.27314820122790834,
      0.2953194633628002,
      0.2061354510243716,
      0.3082324078271243,
      0.26248269799941015,
      0.183090075649578,
      0.3018456550933742,
      0.22882257863993882,
      0.24304964368339682,
      0.2766279394768022,
      0.25558297660974577
    ],
    "MIBRE": [
      0.14899782441002024,
      0.19800281869867367,
      0.16573214485908985,
      0.18633085936314364,
      0.1623249423324586,
      0.15807198187057944,
      0.2040743441041563,
      0.16619740659775667,
      0.19493658928878524,
      0.18593720223723328,
      0.19239189530100817,
      0.17765024917199454,
      0.19906837493311158,
      0.19159887171066617,
      0.19884689605568048,
      0.1840570548193483,
      0.18038695086075818,
      0.13857853402594678,
      0.15617940993302654,
      0.19378188730162854,
      0.210661026181917,
      0.15914394453577962,
      0.21027027547995444,
      0.18940143870264378,
      0.14614432249395196,
      0.198472554165192,
      0.17082035987080627,
      0.1806552507044315,
      0.19946704353193226,
      0.1855124316263354
    ]
  },
  "Mean_MAE": 93.32320404588421,
  "Mean_MRE": 22.41935813811187,
  "Mean_MBRE": 0.24997962685900754,
  "Mean_MIBRE": 0.18112316283893368,
  "Median_MAE": 96.46419673781243,
  "Median_MRE": 21.46262577024578,
  "Median_MBRE": 0.2508523034298962,
  "Median_MIBRE": 0.18572481693178433,
  "Runs": [
    {},
    {},
    {},
    {},
    {},
    {},
    {},
    {},
    {},
    {},
    {},
    {},
    {},
    {},
    {},
    {},
    {},
    {},
    {},
    {},
    {},
    {},
    {},
    {},
    {},
    {},
    {},
    {},
    {},
    {}
  ]
}