{
  "Metrics": {
    "MAE": [
      90.50408676182673,
      89.74924554650612,
      98.91640559606526,
      93.33843753693648,
      78.22768014186127,
      82.50850559543521,
      93.08678645781451,
      88.33781262049101,
      94.06853441165114,
      90.54368188358133,
      91.75116167742756,
      99.89338541204516,
      102.8961849107497,
      86.6779345379225,
      90.11654448349076,
      79.90476921696863,
      82.23004097624843,
      75.06129681808943,
      73.20283248719133,
      88.81134416987099,
      91.0072968305219,
      80.79166125122585,
      87.7572195867047,
      89.08847115832239,
      78.23351375789225,
      87.68248229218192,
      91.26253775029862,
      91.73964198824622,
      100.7104552572418,
      93.76029484353634
    ],
    "MRE": [
      19.41825927081734,
      25.45859022272082,
      18.4224395898182,
      20.67890211945674,
      21.570064067454613,
      18.233303141429207,
      25.754074709460184,
      23.716240405804704,
      18.719942962860898,
      22.959506533379976,
      24.267488080525816,
      19.19870944731756,
      28.024465990567865,
      19.196738730714426,
      24.18398267271515,
      17.93599273975247,
      21.32308767474916,
      16.904915380929854,
      19.012778513887223,
      24.704548320833634,
      22.566267356400505,
      18.00377074948792,
      21.784187771841506,
      22.901228441738745,
      15.452433877731753,
      24.422617033885224,
      24.20388383554363,
      17.19932318708722,
      18.58635878782544,
      22.470808029814464
    ],
    "MBRE": [
      0.22856368203159871,
      0.26227043534703404,
      0.24859029077793146,
      0.23958730955321852,
      0.22394049663837481,
      0.20786766568023904,
      0.2666554547783069,
      0.247476194972001,
      0.23464261491695565,
      0.2458668311015682,
      0.2555188132779601,
      0.25022136479455304,
      0.29390559765999696,
      0.2203814763060963,
      0.2545114557996447,
      0.2029916851671524,
      0.22603681768085498,
      0.18846654157172082,
      0.19953522588576694,
      0.2551401433999632,
      0.2457181732430384,
      0.20438616696471243,
      0.23573206213195586,
      0.24373969800509596,
      0.18693224725539598,
      0.2513195985978647,
      0.25442174805087264,
      0.2221121326239536,
      0.25045244596320465,
      0.2497703549823752
    ],
    "MIBRE": [
      0.17270839823004494,
      0.18092603942831578,
      0.17583343172042273,
      0.178928569519964,
      0.16151441829893887,
      0.1596303868918259,
      0.1867193450588235,
      0.17824880594066894,
      0.17354942518368688,
      0.18015642007321497,
      0.18381820356124154,
      0.1804563931986676,
      0.2016762796102368,
      0.16658159358090502,
      0.1810592270915535,
      0.155541660291596,
      0.1670262080341269,
      0.1480959803779259,
      0.15137729147504306,
      0.17997045515043422,
      0.1807345584037241,
      0.15750008612718422,
      0.1746809746769873,
      0.17736959117881956,
      0.14396844889657748,
      0.1789121409796547,
      0.18208639476476698,
      0.16547938917008,
      0.17900338794472848,
      0.1819620702822639
    ]
  },
  "Mean_MAE": 88.72867486527818,
  "Mean_MRE": 21.24249698821841,
  "Mean_MBRE": 0.23655849083864686,
  "Mean_MIBRE": 0.17285051917141414,
  "Median_MAE": 89.93289501499844,
  "Median_MRE": 21.446575871101885,
  "Median_MBRE": 0.24472893562406717,
  "Median_MIBRE": 0.17780919855974425,
  "Runs": [
    {},
    {},
    {},
    {},
    {},
    {},
    {},
    {},
    {},
    {},
    {},
    {},
    {},
    {},
    {},
    {},
    {},
    {},
    {},
    {},
    {},
    {},
    {},
    {},
    {},
    {},
    {},
    {},
    {},
    {}
  ]
}