{
  "Metrics": {
    "MAE": [
      1805.4563407374608,
      1396.2399576595678,
      1915.8505222265903,
      1745.153696589874,
      1765.3101913775047,
      1881.1323089802584,
      1916.8157138386555,
      1615.0925969455425,
      1756.7569547456524,
      1887.097549084694,
      1690.570213097259,
      1673.3876099961526,
      1826.255305813418,
      1881.1411992827566,
      1619.6218025230457,
      1881.6594570814575,
      1640.4397818719485,
      1838.6566429877978,
      1327.2029737821088,
      1550.279563349355,
      1968.0043523432723,
      1645.5553124264115,
      1629.8255420241503,
      1531.1778183304612,
      1805.9063206506437,
      1515.0182923801788,
      1566.5114852592835,
      1768.45217563152,
      2029.2769082734656,
      2033.1725871646763
    ],
    "MRE": [
      15.23804552577264,
      11.980326716832353,
      17.165024917801645,
      15.728479884711696,
      16.519280525234723,
      15.977172848374686,
      17.101693474374844,
      14.294723037596638,
      15.699161553336438,
      16.47154501765743,
      15.38221284232083,
      14.69559313385131,
      15.620328394849833,
      16.49133971420847,
      14.769930996071981,
      16.99241736857767,
      13.686210320336842,
      16.49498825706409,
      12.35947940527433,
      13.804729969075982,
      18.630310190681808,
      14.448926320418739,
      13.54127784228033,
      13.762524006686808,
      16.461883713574867,
      13.868936337689112,
      14.79023170700019,
      15.804820906001835,
      19.084862352829756,
      18.56473802633953
    ],
    "MBRE": [
      0.18493663080963768,
      0.13870889639395131,
      0.2052644823772994,
      0.1882708752427701,
      0.19088129787315647,
      0.19575034498964827,
      0.20741685022953368,
      0.1659197055486441,
      0.18550832314706536,
      0.19984552445979487,
      0.17125903966191988,
      0.17628410889538573,
      0.19338205201226943,
      0.2005396717439523,
      0.16707512800018573,
      0.20026074515935197,
      0.17038508470936747,
      0.19623069957271194,
      0.13363107882608496,
      0.1536025943698322,
      0.21496308491435012,
      0.1701998496158617,
      0.1700625793428355,
      0.16312876551580163,
      0.19605121162033695,
      0.15782380815947689,
      0.1634658811157646,
      0.18715335086361717,
      0.21966482314229385,
      0.21863508884608956
    ],
    "MIBRE": [
      0.13406705830116067,
      0.10657794870136696,
      0.1434057826067835,
      0.13263873157754036,
      0.13797398542845726,
      0.13703027347881672,
      0.1429558215285377,
      0.12504878651469933,
      0.13462011261064874,
      0.14077272994027426,
      0.13134942225249774,
      0.1259789509095437,
      0.13336692056593238,
      0.14052394016562825,
      0.12872738842951056,
      0.14313976538130105,
      0.11992703879963514,
      0.13953887239610158,
      0.10614982508826963,
      0.12038198993790905,
      0.1526543521623778,
      0.12620868196975177,
      0.12060472152951932,
      0.11716151099185902,
      0.1376545228321889,
      0.11863248252414657,
      0.12666548643332046,
      0.1360756391720057,
      0.15576415523295262,
      0.15398547539824195
    ]
  },
  "Mean_MAE": 1736.9007058818388,
  "Mean_MRE": 15.514373176894248,
  "Mean_MBRE": 0.18287671923863302,
  "Mean_MIBRE": 0.1323194124286993,
  "Median_MAE": 1761.0335730615784,
  "Median_MRE": 15.659744974093137,
  "Median_MBRE": 0.18633083700534125,
  "Median_MIBRE": 0.13371698943354654,
  "Runs": [
    {},
    {},
    {},
    {},
    {},
    {},
    {},
    {},
    {},
    {},
    {},
    {},
    {},
    {},
    {},
    {},
    {},
    {},
    {},
    {},
    {},
    {},
    {},
    {},
    {},
    {},
    {},
    {},
    {},
    {}
  ]
}