{
  "Metrics": {
    "MAE": [
      1618.7081392234286,
      1342.4786488547945,
      1921.0533789196081,
      1731.3043880739858,
      1639.4856857196585,
      1844.0013991235612,
      1882.782518527187,
      1546.708208326105,
      1679.342807456264,
      1742.4154812948882,
      1623.695898257121,
      1567.0191232185516,
      1624.4396437897442,
      1658.1674912909555,
      1616.3726327873626,
      1760.2727876201757,
      1580.8469305281633,
      1620.1271892569494,
      1276.6917683994805,
      1565.8883661742464,
      1997.5953130121368,
      1492.6441012390487,
      1429.208799389146,
      1436.780268926636,
      1593.6219076628859,
      1469.1416601316892,
      1532.523352719483,
      1664.3752006213751,
      1931.1999840608746,
      1936.1995835685839
    ],
    "MRE": [
      13.836684781091801,
      12.119175546264236,
      17.363700102298935,
      15.727092011999865,
      15.586834988881806,
      15.709969532889135,
      16.862311286923873,
      14.159221823847092,
      15.43839896711812,
      15.532140814357632,
      15.102682568974998,
      14.046429962997376,
      13.807606162888245,
      15.027282441749417,
      15.113571905658748,
      15.984808477811011,
      13.439308608950917,
      15.116128388168077,
      11.79289251599404,
      13.648185233911764,
      19.14240013188692,
      13.330733370808371,
      12.13199174014076,
      13.328694782336905,
      15.13541324071822,
      13.439448814196457,
      14.548140386399439,
      15.225032631408705,
      18.138020172279187,
      17.57830406577378
    ],
    "MBRE": [
      0.16449098197690531,
      0.13455076309247288,
      0.2054258423396309,
      0.1863445305601629,
      0.1757962497731815,
      0.19120334161415575,
      0.20363101761210076,
      0.15725154908517042,
      0.17694404939460992,
      0.18196760478313895,
      0.16899970442865564,
      0.16472136609885427,
      0.16776689179913323,
      0.16967767612774526,
      0.16856196041020796,
      0.18557449064088682,
      0.1624093272365729,
      0.16643125082994206,
      0.12872948487918354,
      0.1544369887360793,
      0.2180195326335999,
      0.15299209462743382,
      0.14543203533834698,
      0.15217746293649864,
      0.16601137472222352,
      0.15193328057300887,
      0.16098924158217023,
      0.17357328086752724,
      0.2080973655791224,
      0.20833658438773783
    ],
    "MIBRE": [
      0.12076915857316448,
      0.10552508377817232,
      0.14393469358156713,
      0.13160255840774954,
      0.12930130657011973,
      0.13427541138798646,
      0.14009491516800313,
      0.12178303722706398,
      0.12922815432622348,
      0.13200761767079117,
      0.12830266469125812,
      0.11791772887146115,
      0.11904381833936754,
      0.1284074294163028,
      0.1288254439907376,
      0.1346890156622379,
      0.11616679001283202,
      0.12801319882280537,
      0.10225689558125359,
      0.12001472040345057,
      0.1550207611721646,
      0.1153584970891456,
      0.10597690011696051,
      0.11144543581170117,
      0.12712979112735015,
      0.11522555427653519,
      0.12332759330443019,
      0.1297016774529001,
      0.14850571510083388,
      0.1459681638729987
    ]
  },
  "Mean_MAE": 1644.1697552724695,
  "Mean_MRE": 14.91375351529086,
  "Mean_MBRE": 0.17174924415554868,
  "Mean_MIBRE": 0.1263273243935856,
  "Median_MAE": 1621.9115437570351,
  "Median_MRE": 15.108127237316873,
  "Median_MBRE": 0.16816442610467058,
  "Median_MIBRE": 0.12815793175703175,
  "Runs": [
    {},
    {},
    {},
    {},
    {},
    {},
    {},
    {},
    {},
    {},
    {},
    {},
    {},
    {},
    {},
    {},
    {},
    {},
    {},
    {},
    {},
    {},
    {},
    {},
    {},
    {},
    {},
    {},
    {},
    {}
  ]
}