{
  "Metrics": {
    "MAE": [
      1623.6625432852613,
      1725.5188082415143,
      1754.9598477739096,
      1506.9120183444327,
      1635.462317708555,
      1812.4994169384595,
      1872.6906631031643,
      1651.7682508952705,
      1684.3960190020798,
      1806.6542125651602,
      1681.854469985874,
      1684.0423355591006,
      1647.0025344334726,
      1680.9707829279296,
      1615.7103859821254,
      1798.0685218288288,
      1778.4004899255665,
      1642.441070769394,
      1525.1583215622113,
      1704.4532699715696,
      1635.9424798142782,
      1767.7266859105634,
      1866.5237302867392,
      1568.6694648177981,
      1811.4020283736284,
      1532.103706602735,
      1618.768380773359,
      1619.1668003250716,
      1726.6624317467413,
      1722.0639541228645
    ],
    "MRE": [
      13.082692923151878,
      15.013208603780761,
      14.94185242144315,
      12.873019373199524,
      14.677949172477767,
      14.914266268962157,
      16.342295532368066,
      13.907937577884812,
      14.391038810925611,
      15.25821064082041,
      14.623566585389124,
      14.28655392810874,
      13.643570915914601,
      14.062487213070337,
      14.097390094053155,
      15.64501961803271,
      14.726453844950527,
      14.048601972492513,
      12.976300629509577,
      13.515745583269739,
      14.442070131093732,
      15.478509729173975,
      15.756127352883734,
      13.837422654977358,
      16.110069354422148,
      13.176853986949826,
      14.342378825643564,
      13.799082869492569,
      15.57187277536276,
      14.885026967411658
    ],
    "MBRE": [
      0.1705717423434195,
      0.18260401015705705,
      0.18823242296914064,
      0.16282452155721744,
      0.17704134860517245,
      0.19289366214499953,
      0.20101096023309997,
      0.17757267940547158,
      0.18365753149701644,
      0.19462555049341326,
      0.1821458441016144,
      0.18197923960025675,
      0.17058699451761825,
      0.1781585232015132,
      0.1725096934956757,
      0.19456767076985723,
      0.18960346742264722,
      0.17258107465127628,
      0.15893788587849467,
      0.17632538487475954,
      0.17927095252706185,
      0.18932769856868376,
      0.20299408617999082,
      0.16845979533185176,
      0.1955948348832416,
      0.16372993826346816,
      0.17382338845250328,
      0.17253943335277674,
      0.18919773079066857,
      0.18428686794549107
    ],
    "MIBRE": [
      0.11649381996598178,
      0.12969171127783174,
      0.13041252892820587,
      0.11227078337400935,
      0.12619718561711157,
      0.12896001790268294,
      0.14058977862432517,
      0.12091388129556904,
      0.12429305956679976,
      0.131957859857688,
      0.1269740708092391,
      0.12383695656160777,
      0.12006215098311988,
      0.12320835724169879,
      0.12370384302207946,
      0.13457505149340745,
      0.12877667450109276,
      0.12357522245531007,
      0.11492447598454181,
      0.12032430049303305,
      0.12468764311604204,
      0.13431854317875927,
      0.13716981172520423,
      0.11935445010123788,
      0.13842304633981348,
      0.11486018410674023,
      0.12550991320599483,
      0.1212360100558287,
      0.13258817105782597,
      0.12914213450835837
    ]
  },
  "Mean_MAE": 1690.0551981192555,
  "Mean_MRE": 14.480919211907214,
  "Mean_MBRE": 0.18092183114051527,
  "Mean_MIBRE": 0.125967721245038,
  "Median_MAE": 1682.9484027724873,
  "Median_MRE": 14.416554471009672,
  "Median_MBRE": 0.18062509606365929,
  "Median_MIBRE": 0.12509877816101844,
  "Runs": [
    {},
    {},
    {},
    {},
    {},
    {},
    {},
    {},
    {},
    {},
    {},
    {},
    {},
    {},
    {},
    {},
    {},
    {},
    {},
    {},
    {},
    {},
    {},
    {},
    {},
    {},
    {},
    {},
    {},
    {}
  ]
}