{
  "Metrics": {
    "MAE": [
      1433.7046858712556,
      1609.293388439221,
      1653.70393648346,
      1403.8922353626774,
      1513.8335212093164,
      1689.9242503886646,
      1655.5481231409208,
      1499.0121961500724,
      1534.127507568658,
      1822.9370816897379,
      1658.4291527696466,
      1778.1321820042288,
      1651.2015210004392,
      1608.2575493912157,
      1583.599512764576,
      1890.7484687444849,
      1786.6970830837506,
      1549.5048168879134,
      1411.1708941859933,
      1663.4191009144947,
      1512.8741402240878,
      1691.1005096350493,
      1733.4760796738153,
      1572.1018801573375,
      1693.5894017006508,
      1367.9566383914187,
      1513.8330146092571,
      1498.612207385316,
      1718.8023714989636,
      1683.7314918729273
    ],
    "MRE": [
      11.225947009381423,
      13.744158620749152,
      13.899780124748878,
      11.76360494546087,
      13.664467080065002,
      13.472848388168055,
      14.176416604159813,
      12.28266273554534,
      12.836004228168395,
      15.49757718034872,
      14.449051722469147,
      15.33450146840622,
      13.785667774236579,
      13.145177910472395,
      13.819701244897306,
      16.4961636543512,
      14.84032627496901,
      13.249069736363678,
      11.91278099619894,
      13.321748711543616,
      13.180464238386778,
      14.508180514464483,
      14.349164725225409,
      13.728708899620301,
      14.831843485134454,
      11.572320700728184,
      13.170210632317666,
      12.323799225874142,
      15.405749439667263,
      14.39861562338171
    ],
    "MBRE": [
      0.14684487006386562,
      0.1680433146704836,
      0.17489107345772906,
      0.1515190466810893,
      0.15947139076047304,
      0.18012374346586743,
      0.1727504664233274,
      0.16114590775950965,
      0.16478840316899143,
      0.19505926962854817,
      0.17860609634443536,
      0.19376277587373897,
      0.16990859118022175,
      0.17146894917348982,
      0.171204455464617,
      0.20688757374398428,
      0.19016208937752002,
      0.16073679307866692,
      0.14789226087789953,
      0.16956774545087666,
      0.16363648344629653,
      0.1823323839823638,
      0.1846931624697346,
      0.1700949690442661,
      0.1827321248812913,
      0.1434714236260166,
      0.1637112324344906,
      0.16057249173513022,
      0.18702496357564127,
      0.18046543402760162
    ],
    "MIBRE": [
      0.1012461398640119,
      0.12018604853345345,
      0.12266718503264191,
      0.10297694654335354,
      0.11812373316569809,
      0.11738239973248026,
      0.12357215313174838,
      0.10717725638898308,
      0.1119303924648203,
      0.13416796753111207,
      0.12560360204334667,
      0.13140879509211947,
      0.12061742726505623,
      0.1156360609876459,
      0.11993827299028932,
      0.14128591856890826,
      0.12987572215227097,
      0.11679349593593762,
      0.10406111847535375,
      0.1181137245232998,
      0.11486552933161404,
      0.1266747561000916,
      0.1270202407758253,
      0.11882945829698591,
      0.12810211772001023,
      0.10162675385721669,
      0.1154136058295764,
      0.10991146556351114,
      0.13222014572076882,
      0.12555669948721704
    ]
  },
  "Mean_MAE": 1612.773831439985,
  "Mean_MRE": 13.679557129850139,
  "Mean_MBRE": 0.17178564952893893,
  "Mean_MIBRE": 0.1194328377701783,
  "Median_MAE": 1630.24745471983,
  "Median_MRE": 13.736433760184728,
  "Median_MBRE": 0.17064971225444153,
  "Median_MIBRE": 0.11938386564363762,
  "Runs": [
    {},
    {},
    {},
    {},
    {},
    {},
    {},
    {},
    {},
    {},
    {},
    {},
    {},
    {},
    {},
    {},
    {},
    {},
    {},
    {},
    {},
    {},
    {},
    {},
    {},
    {},
    {},
    {},
    {},
    {}
  ]
}