{
  "Metrics": {
    "MAE": [
      1498.2118502113615,
      1580.8642976347585,
      1616.064036222423,
      1463.2392651856053,
      1519.501886761533,
      1665.61877384494,
      1658.1779377538085,
      1485.9032637871553,
      1581.848608515396,
      1622.0209640034986,
      1565.6194417455881,
      1634.4405433673896,
      1681.0210671993973,
      1592.9308893904272,
      1544.8395731514515,
      1789.9427602636354,
      1743.550281829136,
      1577.026579651733,
      1431.7449927568414,
      1731.259837516342,
      1512.4810003471007,
      1638.6179294124734,
      1635.0601339754678,
      1470.6268464092007,
      1563.5377157086655,
      1450.4343604049218,
      1485.169480328081,
      1510.2029620144788,
      1617.105717419531,
      1581.3787452329047
    ],
    "MRE": [
      11.821503166132254,
      13.324083071760887,
      13.492527587743531,
      12.420914368314309,
      13.54565378281262,
      13.324499512028373,
      14.039106877276511,
      12.210876527525368,
      13.398856617173541,
      13.476020975836054,
      13.493425526160681,
      13.924360584959175,
      13.906217258200668,
      13.115890768418199,
      13.460955532277225,
      15.584230707339936,
      14.348130567559803,
      13.358875038165843,
      12.0088578694326,
      13.72345899207632,
      13.28811452773915,
      14.002085695836492,
      13.421570590838591,
      12.818328711982453,
      13.516806829170317,
      12.402494323457194,
      12.988941728917643,
      12.506926056406368,
      14.443023121313425,
      13.453072796232446
    ],
    "MBRE": [
      0.15270924184262735,
      0.16577818075643924,
      0.1711504492360896,
      0.15728465249427173,
      0.16092136785204875,
      0.1751213995781163,
      0.17483102417368898,
      0.15662658722111228,
      0.1693643889143222,
      0.16852605514472618,
      0.16684215809657973,
      0.1740210335240775,
      0.17463093068330912,
      0.16693659884383769,
      0.1653229323602337,
      0.1923901888999536,
      0.18535133555272795,
      0.164927760621322,
      0.14878007177999714,
      0.18003986875020808,
      0.1624863382938817,
      0.1745063606027072,
      0.1716479240767451,
      0.15563371514973517,
      0.16588478941969795,
      0.15221270362112296,
      0.15765387656294252,
      0.1596399328736385,
      0.17368687971149802,
      0.1658277731481591
    ],
    "MIBRE": [
      0.10754733571490857,
      0.1170058582234886,
      0.1190997400672565,
      0.10880325573611767,
      0.11807386439448762,
      0.11678238112199836,
      0.12318567039068581,
      0.1078132802636743,
      0.11683382702749745,
      0.11908233683887215,
      0.1182283992156367,
      0.12095372509478712,
      0.12227379501554266,
      0.11604077523026998,
      0.11739441946119634,
      0.1345463541738373,
      0.12599530300574663,
      0.11810139582783476,
      0.10659651186694175,
      0.1220229068915105,
      0.11580655898829494,
      0.12303692190502968,
      0.11973547874153018,
      0.11179479363765953,
      0.1181499573482785,
      0.10925473875325899,
      0.11464297025706388,
      0.11190177483784532,
      0.12485078772173953,
      0.11835309667246387
    ]
  },
  "Mean_MAE": 1581.6147247348417,
  "Mean_MRE": 13.360660323769599,
  "Mean_MBRE": 0.16702455065952726,
  "Mean_MIBRE": 0.11746360714751519,
  "Median_MAE": 1581.1215214338317,
  "Median_MRE": 13.43732169353552,
  "Median_MBRE": 0.16636347375813884,
  "Median_MIBRE": 0.11808763011116119,
  "Runs": [
    {},
    {},
    {},
    {},
    {},
    {},
    {},
    {},
    {},
    {},
    {},
    {},
    {},
    {},
    {},
    {},
    {},
    {},
    {},
    {},
    {},
    {},
    {},
    {},
    {},
    {},
    {},
    {},
    {},
    {}
  ]
}