{
  "Metrics": {
    "MAE": [
      1709.7410968627257,
      1619.3113921321685,
      1756.062759608874,
      1655.6368324711357,
      1783.512100655715,
      1816.0045778607903,
      1699.489549302509,
      1704.280976743284,
      1746.8913055329563,
      1913.4895108677665,
      1727.94177238826,
      1721.8809959135497,
      1816.770919745366,
      1765.4994898577388,
      1624.2404564442306,
      1764.0711861510795,
      1761.0052608810886,
      1705.6942617775553,
      1524.9963757627731,
      1850.6946090436777,
      1778.1036682441688,
      1566.2898386493955,
      1694.2094648131497,
      1678.7694314242121,
      1635.577986066821,
      1618.5042507627984,
      1576.4277906578745,
      1810.625307534492,
      1694.767632328123,
      1704.7354764462086
    ],
    "MRE": [
      13.923456324923833,
      13.749172171403423,
      15.00515874228346,
      14.45479282140482,
      16.330641026150232,
      14.995329121617162,
      14.576984425859235,
      14.547428487872649,
      15.374823826464986,
      16.364222863755597,
      15.341613946483859,
      14.803074771284141,
      15.08330011484062,
      15.143698804748482,
      14.653587445482053,
      15.255693669339676,
      14.671166616828483,
      14.674238260612036,
      12.993532200134178,
      15.230882590158165,
      15.952339023042947,
      13.431292327417149,
      14.109227730089938,
      14.992714567730772,
      14.229712532172215,
      14.179964605335421,
      14.07467063297252,
      15.889078955010833,
      15.060654884711305,
      14.702418313840035
    ],
    "MBRE": [
      0.1763788140688401,
      0.17137879168907785,
      0.18817529226883603,
      0.1786208946042057,
      0.19465295944138644,
      0.191978715932787,
      0.18264761754061173,
      0.180448754322546,
      0.18578461277606345,
      0.20594952397864544,
      0.18491827737640426,
      0.18358825421900798,
      0.19359213166727263,
      0.18559091759049398,
      0.1705374581287212,
      0.18930235204562512,
      0.18448455310629158,
      0.18005166061908556,
      0.15862806413890948,
      0.19185945201393015,
      0.195430469152894,
      0.1646979187839546,
      0.18096884279253542,
      0.18175196414598677,
      0.17612699413861652,
      0.17277111338396683,
      0.16732446874832896,
      0.19482012380969763,
      0.18667525371475965,
      0.18083523011533553
    ],
    "MIBRE": [
      0.12619741597859407,
      0.11965335212592017,
      0.1306154573090587,
      0.1257432149587633,
      0.13836285769274534,
      0.1299191542787856,
      0.12524404199513797,
      0.1271574692814566,
      0.13274640899715748,
      0.14162044256962233,
      0.13272274864962935,
      0.12867591047544716,
      0.13195135234659466,
      0.13199951638803079,
      0.12783803903832539,
      0.13244811922426156,
      0.12901155927872013,
      0.12871183604901412,
      0.11533606622896714,
      0.13356833449398683,
      0.13698690987966639,
      0.11819876792104761,
      0.12378426412336173,
      0.1282798255522706,
      0.12311465258481177,
      0.12288359899465515,
      0.12319629693849773,
      0.13750318788005303,
      0.12915261680950368,
      0.12830280687597104
    ]
  },
  "Mean_MAE": 1714.174209231016,
  "Mean_MRE": 14.793162393465675,
  "Mean_MBRE": 0.18266571587716063,
  "Mean_MIBRE": 0.1286975408306686,
  "Median_MAE": 1707.7176793201406,
  "Median_MRE": 14.752746542562088,
  "Median_MBRE": 0.18311793587980985,
  "Median_MIBRE": 0.12869387326223064,
  "Runs": [
    {},
    {},
    {},
    {},
    {},
    {},
    {},
    {},
    {},
    {},
    {},
    {},
    {},
    {},
    {},
    {},
    {},
    {},
    {},
    {},
    {},
    {},
    {},
    {},
    {},
    {},
    {},
    {},
    {},
    {}
  ]
}