{
  "Metrics": {
    "MAE": [
      2.489026935597129,
      5.838195031412844,
      6.490441255122574,
      6.221972468352074,
      5.408994433847508,
      1.1396845889876377,
      3.312262954919241,
      4.935246511653812,
      5.593244154238909,
      3.519536313435617,
      3.6063685018673306,
      3.5930179710519226,
      2.579684069829092,
      1.3958453552949304,
      5.195653217805995,
      3.7236328648498014,
      0.3744202783461029,
      4.260792184674418,
      4.595710411548678,
      3.5507688673858153,
      2.1640810663053345,
      6.044575300550867,
      4.572962327247808,
      3.830653447540177,
      5.279145546625507,
      4.48687779571665,
      2.7337399571164664,
      6.713381969640095,
      5.13621947137347,
      4.089677503341396
    ],
    "MRE": [
      48.17423605331207,
      293.18326986327827,
      419.7074551028993,
      177.15868985962726,
      245.83087917625397,
      45.17550820905403,
      76.50422735842717,
      95.58058022835648,
      112.24186274242021,
      112.66039444121496,
      215.792356554566,
      65.78511885165051,
      40.10176027405111,
      48.329225900132656,
      235.33191560196886,
      81.40462450389782,
      19.154661180271855,
      110.97339065080772,
      110.82773655896419,
      115.58556836431173,
      38.83997569442638,
      267.5760637974639,
      129.5137604703102,
      145.25247646616205,
      53.580267441395875,
      64.38907938728043,
      49.25990356996163,
      443.98852583316216,
      162.8147949918294,
      107.06085030006665
    ],
    "MBRE": [
      0.6399079104815883,
      3.9021526910611386,
      4.932300608919341,
      3.1086248644848262,
      3.0639112517998086,
      0.47253593832674895,
      0.9206188169076085,
      1.4174932644949045,
      2.6309564246422554,
      1.3184869990329529,
      2.342218092375545,
      0.9035278781468278,
      0.5459781158411463,
      0.5222130607711287,
      2.996636287637337,
      1.062917977805111,
      0.2154208820396357,
      1.2435565463153198,
      2.22839726375234,
      1.6556353136526456,
      0.5003558057572576,
      3.271192613035633,
      1.9200295763047428,
      1.8111423369883073,
      1.5389479062782994,
      0.8853273337180538,
      0.7859756928543875,
      4.892661505493356,
      2.352130745964257,
      1.2769034069516902
    ],
    "MIBRE": [
      0.3109696333903092,
      0.4954680598443914,
      0.563989608100845,
      0.5489978935353328,
      0.5021863875279597,
      0.23972375710306865,
      0.36543303071101846,
      0.4290487519142165,
      0.5108625097290368,
      0.3966887005513489,
      0.3805132882374028,
      0.35675023307917864,
      0.2787284213874865,
      0.24085236369153293,
      0.5309852739041898,
      0.3830638802100348,
      0.15292128012917575,
      0.3989096895616563,
      0.4418340613799741,
      0.3920432844194845,
      0.24716261835291287,
      0.5475383153155227,
      0.453129349180213,
      0.4303076944383099,
      0.37505968151499314,
      0.3833907812876941,
      0.3277329464759931,
      0.5673300891552182,
      0.47766745226727475,
      0.4200208457042106
    ]
  },
  "Mean_MAE": 4.095860425189307,
  "Mean_MRE": 137.7259719809175,
  "Mean_MBRE": 1.8452719037278065,
  "Mean_MIBRE": 0.40497699606999954,
  "Median_MAE": 4.175234844007907,
  "Median_MRE": 110.90056360488595,
  "Median_MBRE": 1.478220585386602,
  "Median_MIBRE": 0.39779919505650263,
  "Runs": [
    {},
    {},
    {},
    {},
    {},
    {},
    {},
    {},
    {},
    {},
    {},
    {},
    {},
    {},
    {},
    {},
    {},
    {},
    {},
    {},
    {},
    {},
    {},
    {},
    {},
    {},
    {},
    {},
    {},
    {}
  ]
}