{
  "Metrics": {
    "MAE": [
      3.761812863404241,
      5.1954528463229686,
      5.748641105671075,
      5.088864553883442,
      3.725979924519039,
      1.696791197802146,
      3.236133428767974,
      4.522658609005096,
      4.796669655902965,
      4.269893221324405,
      5.068264483149066,
      3.4957749320063995,
      4.835428146742643,
      0.9902436726235253,
      6.007294338256175,
      3.250826251212776,
      1.9566527652345516,
      3.8257014443542667,
      3.9711763765922194,
      2.6032985161810864,
      2.347301132278148,
      5.903863522831599,
      4.319580973231363,
      5.240355425775733,
      6.247075642555396,
      4.3807963560661785,
      1.8635303593435146,
      6.351355134253941,
      4.652833130420716,
      4.209952680416892
    ],
    "MRE": [
      83.07824434249137,
      214.53022461226067,
      351.043276020211,
      116.94916919474059,
      144.07224897944442,
      55.15439712015685,
      155.40153872551844,
      125.3083348220469,
      77.64142218922747,
      151.778810926992,
      359.96622534374285,
      52.15129472868249,
      107.02935572270684,
      32.16837678729432,
      277.65669263708793,
      71.28807931011633,
      79.55923595278641,
      118.38644327459956,
      73.14637073571586,
      73.69604698660595,
      39.41521866108323,
      284.83842989373085,
      102.3674847886702,
      218.44075869937507,
      121.8743397495392,
      73.00041877491962,
      38.69147236849646,
      397.8153778512883,
      95.36171436510314,
      143.02182313942353
    ],
    "MBRE": [
      1.1516614717242672,
      2.6852473776625563,
      4.022783422688337,
      1.9194530097397136,
      1.6590248255478308,
      0.5789530103656779,
      1.6633705459742008,
      1.6148342108576794,
      1.7439774347564498,
      1.7589412816669865,
      3.8620842210264845,
      0.7081334585177298,
      1.7834368062917323,
      0.34516082372566237,
      3.3538525307258933,
      0.835466011777778,
      0.8498190515968694,
      1.3246723680959969,
      1.2253721862217426,
      0.9329621622996066,
      0.4856863991465322,
      3.3596076539563113,
      1.4325933810751963,
      2.7794312827948118,
      2.5112381771018106,
      1.051369011358172,
      0.460791587306612,
      4.348849603362006,
      1.4890209453174785,
      1.622263805994957
    ],
    "MIBRE": [
      0.4174651509243678,
      0.47447923037367024,
      0.5386937373745476,
      0.48928907068669186,
      0.4139243152130372,
      0.2769936808439124,
      0.40057569855403335,
      0.44544063529059325,
      0.45712965992770166,
      0.44700964573150337,
      0.494235404262835,
      0.32854472753198927,
      0.4602044145829936,
      0.1992591362992662,
      0.5852367577179448,
      0.35593772577041477,
      0.29667002763993067,
      0.41107096667454507,
      0.40239761995230644,
      0.3455988137650221,
      0.25981777281427043,
      0.546474777858944,
      0.42660919609665815,
      0.5084463054474053,
      0.5400220004007155,
      0.41095935030918923,
      0.2655465261566055,
      0.561625787212341,
      0.4323287855196961,
      0.4536434164365919
    ]
  },
  "Mean_MAE": 4.118806756337651,
  "Mean_MRE": 141.1610942234686,
  "Mean_MBRE": 1.785335268622569,
  "Mean_MIBRE": 0.4215210112456574,
  "Median_MAE": 4.294737097277884,
  "Median_MRE": 111.98926245872372,
  "Median_MBRE": 1.618549008426318,
  "Median_MIBRE": 0.42946899080817713,
  "Runs": [
    {},
    {},
    {},
    {},
    {},
    {},
    {},
    {},
    {},
    {},
    {},
    {},
    {},
    {},
    {},
    {},
    {},
    {},
    {},
    {},
    {},
    {},
    {},
    {},
    {},
    {},
    {},
    {},
    {},
    {}
  ]
}