{
  "Metrics": {
    "MAE": [
      5.6293373960725726,
      4.874436551347134,
      4.572894791487663,
      5.014499978131039,
      5.520818004744294,
      5.269845557053872,
      5.2376315628610834,
      5.539974238057814,
      4.993051325821239,
      5.086688325216481,
      5.150707925652216,
      5.396683928640995,
      5.497015712012057,
      5.455952756514404,
      5.5258214686613165,
      5.248234666644628,
      5.0671503375008715,
      4.921762707748019,
      5.624927411090779,
      4.321365657167829,
      5.15037723827241,
      5.334885141797885,
      4.735439881227974,
      6.3205188111397,
      5.029091561072272,
      5.158412672392127,
      5.580102489616275,
      5.204353231909842,
      5.692870598721749,
      5.014762801853938
    ],
    "MRE": [
      200.54270467539232,
      270.7776125015356,
      271.2398827064065,
      264.38929777476955,
      360.2337966148224,
      342.25242660736615,
      386.67148213577735,
      368.65902876894137,
      256.0500790142106,
      331.0215117078444,
      311.05740530580937,
      210.6683334845429,
      188.19934676910233,
      383.8443830932855,
      245.6109871752228,
      338.83647042959865,
      259.48316965730226,
      232.56446105556518,
      329.50958810240974,
      264.5523910581218,
      311.3663407290973,
      291.6731579383075,
      294.6525060698072,
      287.79086244233054,
      141.2185130816604,
      184.41706159048042,
      245.6057219997977,
      321.74729838488594,
      246.13143929288358,
      286.97672132661705
    ],
    "MBRE": [
      1.6499089202903616,
      2.6250603307411784,
      2.86266459087063,
      1.5106198239823434,
      3.5156877426313837,
      1.7422090823817988,
      2.778226732082174,
      2.7437492554899396,
      1.632033378464753,
      3.042608435547504,
      2.6877028386291917,
      2.0610665357453306,
      1.9882205046756307,
      2.8204466503396155,
      2.308743724861945,
      2.56374051435905,
      3.0071768204138856,
      1.7796626628842354,
      1.9841687022543797,
      1.0137082636482653,
      2.795165527980851,
      2.582445871544409,
      1.7879295024321316,
      2.5774188067475285,
      0.8440787470420927,
      1.2448985944941617,
      2.535023269605214,
      3.030733993675847,
      2.2084557461018655,
      1.7960539021828141
    ],
    "MIBRE": [
      0.80746999545776,
      1.2635607360905967,
      0.8544800444753121,
      1.4119899336878028,
      0.6200241715828974,
      1.9578031407593082,
      1.3536473949823875,
      1.3612493004892818,
      1.482067963595915,
      0.712572623122508,
      0.6752781981951769,
      0.6118145950560707,
      0.6505335088561147,
      1.3678961287401523,
      0.7460064508017024,
      1.2755129118907922,
      0.9199173956931951,
      1.2783930014480245,
      1.5731534784994388,
      1.724494642661961,
      0.7717440550988502,
      0.7915284832697329,
      1.6842088428695197,
      0.8411464430257465,
      0.9216630650135461,
      1.0738599025782252,
      0.7831718428472095,
      0.731606590814771,
      0.9079568820280116,
      1.2371865057948885
    ]
  },
  "Mean_MAE": 5.238987157681016,
  "Mean_MRE": 280.92479938312977,
  "Mean_MBRE": 2.2573203157366835,
  "Mean_MIBRE": 1.07973127431423,
  "Median_MAE": 5.220992397385462,
  "Median_MRE": 279.10830201651174,
  "Median_MBRE": 2.4218834972335794,
  "Median_MIBRE": 0.9207902303533706,
  "Runs": [
    {},
    {},
    {},
    {},
    {},
    {},
    {},
    {},
    {},
    {},
    {},
    {},
    {},
    {},
    {},
    {},
    {},
    {},
    {},
    {},
    {},
    {},
    {},
    {},
    {},
    {},
    {},
    {},
    {},
    {}
  ]
}