{
  "Metrics": {
    "MAE": [
      4.097950496795053,
      6.333714541815305,
      7.0663772782236975,
      6.746124712197618,
      6.238409521884533,
      3.7076897421343693,
      4.875646085454069,
      6.3188827653229955,
      5.149287322280733,
      5.172746701168591,
      6.653940502067855,
      4.589168156938218,
      5.838135099736056,
      3.570290166891533,
      6.345099638826677,
      5.033469236934218,
      2.338681527185055,
      6.0163200893368955,
      5.8380263346284265,
      5.7087209032062285,
      4.143106438438646,
      6.415705464602863,
      5.663863171633929,
      5.105511389958052,
      6.100246848728981,
      5.0223723972780805,
      4.544471117120506,
      8.48454502142212,
      6.232847580266359,
      5.141182199926874
    ],
    "MRE": [
      152.23325135022498,
      424.8592613012864,
      551.2117388727645,
      331.72090869228896,
      427.5316126024907,
      224.94802945852675,
      315.5671876224529,
      317.74388036775537,
      235.58214900938813,
      293.6768248234024,
      462.81661009471264,
      230.25254128358608,
      227.13074678534343,
      154.18092760631922,
      371.7128930457885,
      216.00348264381267,
      128.11126588919436,
      338.32710196841424,
      343.3318375716794,
      357.1478102695656,
      221.31936831856257,
      377.277446109792,
      338.42374680887195,
      299.5781800832643,
      160.13633485308048,
      205.83722485640425,
      248.9743646229005,
      656.9746270803107,
      350.5341463954159,
      265.0067918883489
    ],
    "MBRE": [
      1.5801332273464186,
      4.368700262562619,
      5.652457555712923,
      3.570103127842758,
      4.345174633228842,
      2.2626704698996956,
      3.1802606930639317,
      3.391543588561698,
      2.4862901702919786,
      2.995672394415284,
      4.697765778962492,
      2.372187777555539,
      2.532273888785811,
      1.5473063640665117,
      4.003245184049765,
      2.2667152769616434,
      1.310456335044337,
      3.436087465215044,
      3.537543957466379,
      3.6379377755268334,
      2.2516355177547314,
      3.9965974174709538,
      3.476349511678742,
      3.0878977464551123,
      2.1404880987861787,
      2.151051348745038,
      2.573716702092073,
      6.701888210280208,
      3.7802561407980932,
      2.7194796227463165
    ],
    "MIBRE": [
      0.4658655106245805,
      0.6015685667675257,
      0.6113977600225601,
      0.6369088649319423,
      0.5794084821520408,
      0.49804733048275224,
      0.5358137744751537,
      0.5816113656605844,
      0.5311780517495944,
      0.5549391553254662,
      0.5741447458143275,
      0.5109264605308926,
      0.5468758298895995,
      0.4236862034843238,
      0.6227205663954437,
      0.5499011442066335,
      0.35948487600705575,
      0.5823715332682344,
      0.5721827076901881,
      0.5909271384109661,
      0.5047862916899364,
      0.6023356059678221,
      0.5644628520928823,
      0.5655575285922387,
      0.5356491472737002,
      0.5064704346204449,
      0.5163166403668147,
      0.639600074266967,
      0.6072210710293606,
      0.5427322787033587
    ]
  },
  "Mean_MAE": 5.483084415080151,
  "Mean_MRE": 307.60507640919826,
  "Mean_MBRE": 3.2017962081122646,
  "Mean_MIBRE": 0.5505030664164464,
  "Median_MAE": 5.686292037420079,
  "Median_MRE": 307.5726838528586,
  "Median_MBRE": 3.134079219759522,
  "Median_MIBRE": 0.5597010037091743,
  "Runs": [
    {},
    {},
    {},
    {},
    {},
    {},
    {},
    {},
    {},
    {},
    {},
    {},
    {},
    {},
    {},
    {},
    {},
    {},
    {},
    {},
    {},
    {},
    {},
    {},
    {},
    {},
    {},
    {},
    {},
    {}
  ]
}