{
  "Metrics": {
    "MAE": [
      4.263836486508798,
      5.261661423465736,
      7.079593538205989,
      6.7289495537562605,
      6.3834282088170395,
      3.8133173046284767,
      4.8161235407108896,
      6.440239374767363,
      4.512173968973534,
      4.923701430124656,
      6.117167830512554,
      4.547324410037222,
      5.30237785209505,
      3.8895573743949847,
      5.519706161135526,
      5.401302353344751,
      3.1636528715031087,
      6.009028674426392,
      5.184816668411592,
      4.8113723205936605,
      5.374148002838127,
      7.096568199762816,
      6.120781347995717,
      5.2189069137714155,
      6.0767159084058795,
      5.759961486020584,
      3.041903562290719,
      8.402246417537883,
      6.485612540410713,
      5.145048076313396
    ],
    "MRE": [
      184.84185607108137,
      318.9873643661865,
      560.0659688533142,
      342.2282152932741,
      439.5483066575298,
      261.90851913895006,
      251.50009253457827,
      308.56115762656583,
      176.13937582449205,
      285.17780709088345,
      390.6289261409661,
      207.69215975839535,
      139.68053262825563,
      176.6987997378537,
      314.807320649968,
      181.16029337490878,
      176.9104861134572,
      339.38718105112815,
      306.86510952440244,
      276.765458772143,
      296.0090492985796,
      406.4640415214509,
      358.6994040505181,
      315.234137761879,
      150.43417549025844,
      271.8101740867193,
      118.80081487267913,
      650.2896496832708,
      359.4928428982262,
      259.00813854508857
    ],
    "MBRE": [
      1.9128763020255797,
      3.278823963280579,
      5.741258067766861,
      3.660907003741167,
      4.463129501688221,
      2.647877485259135,
      2.5555435434288762,
      3.3079169885335413,
      1.860037402091248,
      2.9246382852822963,
      3.953177684660094,
      2.1537056174195133,
      1.59621447565549,
      1.778068505406753,
      3.3859115724724798,
      2.0320556234763054,
      1.826617146473654,
      3.447733686950451,
      3.1740241955724326,
      2.8052322565453833,
      3.0576001345979895,
      4.369036766056359,
      3.735463784127257,
      3.2448731204975085,
      2.1065797391471017,
      2.8824941992971373,
      1.2380004446992798,
      6.612545677634911,
      3.8697604708915487,
      2.6703498807679464
    ],
    "MIBRE": [
      0.48656247162653116,
      0.5214394562223521,
      0.6150870585039087,
      0.6262202332824126,
      0.578088242001329,
      0.5154358461389588,
      0.5023499174716213,
      0.5713661401311294,
      0.4882135949665049,
      0.5265698009389103,
      0.5142347485405471,
      0.4848638357195151,
      0.45665678552229994,
      0.4511726735217512,
      0.580310659866248,
      0.5137881192458112,
      0.413150947142766,
      0.5705809025171723,
      0.5364349402424528,
      0.5493303620729173,
      0.5456379917583586,
      0.6252658653069062,
      0.5717454694783429,
      0.5549437575868368,
      0.5207500711866334,
      0.5518747614244051,
      0.38824712264755507,
      0.6163167728847577,
      0.5941128739529569,
      0.5415698473095008
    ]
  },
  "Mean_MAE": 5.429707460058694,
  "Mean_MRE": 294.1932453139001,
  "Mean_MBRE": 3.076415117514904,
  "Mean_MIBRE": 0.5337440423070465,
  "Median_MAE": 5.338262927466589,
  "Median_MRE": 290.59342819473153,
  "Median_MBRE": 2.991119209940143,
  "Median_MIBRE": 0.5390023937759767,
  "Runs": [
    {},
    {},
    {},
    {},
    {},
    {},
    {},
    {},
    {},
    {},
    {},
    {},
    {},
    {},
    {},
    {},
    {},
    {},
    {},
    {},
    {},
    {},
    {},
    {},
    {},
    {},
    {},
    {},
    {},
    {}
  ]
}