{
  "Metrics": {
    "MAE": [
      7.653509487572691,
      8.755129201442978,
      6.092213175359358,
      7.025441607640644,
      5.310027174603547,
      8.154091453887865,
      7.842884840470203,
      5.057582584236079,
      5.354998671277041,
      8.40549879127948,
      7.226760937340999,
      6.740333146876325,
      5.419785158889119,
      6.347210090232829,
      5.0284759379967054,
      8.685845857387632,
      7.2647362485664235,
      7.864430995971145,
      5.725974349285913,
      6.572075862375805,
      8.579113244038842,
      6.741029365904766,
      6.099327285122458,
      7.880019884402096,
      6.850665904076236,
      8.017733178422711,
      6.0929719280677626,
      7.937801655208586,
      5.160498763284635,
      8.30005111280435
    ],
    "MRE": [
      206.57273689746614,
      518.8943141100223,
      308.9540285169499,
      201.53253351640203,
      78.65736098945702,
      457.0823759787605,
      562.7201227416712,
      115.65156061186393,
      80.95898495853763,
      411.0768663588252,
      436.7125851711739,
      265.5734089512173,
      96.99259926580868,
      167.60782046627244,
      95.76528088344477,
      532.7324963122088,
      134.93392768513817,
      373.2737478863842,
      90.26906036482433,
      311.04737470253275,
      531.0347834199177,
      130.24922392061367,
      164.30317746082915,
      360.4632267630894,
      56.52929376241994,
      293.9574754422251,
      121.56198434044121,
      371.8315302671363,
      83.64479288993346,
      557.3412409799785
    ],
    "MBRE": [
      6.4871520305522985,
      8.356592010728574,
      3.676178294689842,
      4.107255424920912,
      1.492518716697925,
      6.142088333042645,
      7.018705176955854,
      1.3518201952732891,
      4.158332927342201,
      8.348718343063846,
      4.735417856449461,
      3.5617202769564074,
      1.779612996447899,
      3.380840959354677,
      3.6371288516344733,
      6.984235930296099,
      6.573128411345564,
      6.6246071770175785,
      2.0242047687281746,
      4.055363765747476,
      7.727505524468457,
      5.929178907598468,
      3.1697308102957313,
      5.744431672460289,
      5.315070432415059,
      6.547445007693963,
      4.020924226874335,
      6.379484508792202,
      1.3332793651994777,
      6.273823604625529
    ],
    "MIBRE": [
      0.6054881138020126,
      0.6317635756821496,
      0.5354886503637114,
      0.6065177116303765,
      0.39693920629653606,
      0.6538055289129308,
      0.5880734156296833,
      0.414475889097752,
      0.4840345372072131,
      0.6639195385608758,
      0.5308205063032074,
      0.5848199632914907,
      0.45607282960431195,
      0.49715686677305504,
      0.4842865664515176,
      0.6472534198075557,
      0.5863782163577099,
      0.6239953232055298,
      0.45198771770878743,
      0.5571644268190767,
      0.6328221687197425,
      0.5393173413039458,
      0.5170714854718297,
      0.6389682093455711,
      0.4910308544962186,
      0.6530482541228545,
      0.47557781560231577,
      0.6410783370100596,
      0.40131663934439854,
      0.6125120794015922
    ]
  },
  "Mean_MAE": 6.9395405964675065,
  "Mean_MRE": 270.59753052051815,
  "Mean_MBRE": 4.89788321692229,
  "Mean_MIBRE": 0.5534395062774671,
  "Median_MAE": 6.938053755858441,
  "Median_MRE": 236.07307292434172,
  "Median_MBRE": 5.02524414443226,
  "Median_MIBRE": 0.5709921950552836,
  "Runs": [
    {},
    {},
    {},
    {},
    {},
    {},
    {},
    {},
    {},
    {},
    {},
    {},
    {},
    {},
    {},
    {},
    {},
    {},
    {},
    {},
    {},
    {},
    {},
    {},
    {},
    {},
    {},
    {},
    {},
    {}
  ]
}