{
  "Metrics": {
    "MAE": [
      6.469161571152789,
      7.725862197908614,
      7.901513854520872,
      6.070498425723528,
      6.3977828206846015,
      7.537976948825729,
      7.0663504418094885,
      6.3645066982153615,
      5.465843136655817,
      7.015283099772447,
      7.847564527575867,
      6.042523572892606,
      5.9701221005358285,
      6.442853198022077,
      6.511994514665522,
      6.104358715775923,
      6.642390626320954,
      5.918025272977711,
      6.207107974206557,
      6.255914235122845,
      7.697137911568762,
      6.495624678512329,
      5.57635766399934,
      7.660834611415777,
      6.237651691988089,
      5.72397573260009,
      6.723399687813134,
      7.596713209489717,
      6.1593072603468535,
      7.383255541968359
    ],
    "MRE": [
      308.96258978786534,
      545.2276148711103,
      618.6285368449476,
      314.81161731351204,
      415.742510660234,
      551.8397090157112,
      548.4213905091367,
      416.52846805905045,
      226.0779114009605,
      421.97242220080636,
      639.5495229861635,
      319.1020140696709,
      240.60891544706266,
      400.9488979039654,
      341.6687610384796,
      362.4760906724359,
      396.4210879772944,
      323.29734864010027,
      309.6938797303487,
      404.00119658656376,
      568.4000811669627,
      313.2632851208858,
      329.0796249411869,
      440.8558455613985,
      202.99716320607516,
      266.9589214199763,
      372.10076137821306,
      523.394984029928,
      281.4761818618993,
      527.7356646020631
    ],
    "MBRE": [
      3.418225888780132,
      5.66279115033793,
      6.271966889648789,
      3.2700403257680097,
      4.253338647577088,
      5.6482362086909825,
      5.536863802127735,
      4.253876586598627,
      2.299674505738749,
      4.422096673209104,
      6.48170179332429,
      3.3442577066325403,
      2.661371818903243,
      4.0440824138828235,
      3.684144030325893,
      3.7923444117999443,
      3.9438448729561184,
      3.3606246300373477,
      3.3766547382683854,
      4.132691608789183,
      5.790401656730376,
      3.440763379730478,
      3.442408156639677,
      4.905580373562285,
      2.4733777266270325,
      2.843772114445655,
      3.9373089376397035,
      5.379652816105801,
      3.05857224931669,
      5.310447743177174
    ],
    "MIBRE": [
      0.6200495112368806,
      0.6507307304786986,
      0.6535348817011384,
      0.5962648883304548,
      0.61651490100523,
      0.6422302333363227,
      0.6274970363524756,
      0.6119256139489373,
      0.6113184417344701,
      0.6383297304732465,
      0.6439827204706089,
      0.5919476093682298,
      0.5852060195821709,
      0.6355089239944502,
      0.6191673813288966,
      0.592588212780286,
      0.6213143017817188,
      0.595156036913207,
      0.6115071657475403,
      0.6224794485629942,
      0.6546728413164834,
      0.6179602815114665,
      0.5793394905804343,
      0.6644366769058027,
      0.5950280082932792,
      0.5834989633121952,
      0.6073800492593181,
      0.6409108651454561,
      0.6081601533179587,
      0.6466159020401565
    ]
  },
  "Mean_MAE": 6.640396397435585,
  "Mean_MRE": 397.7414333001336,
  "Mean_MBRE": 4.14803712857906,
  "Mean_MIBRE": 0.6195085673603503,
  "Median_MAE": 6.4560073845874335,
  "Median_MRE": 384.26092467775374,
  "Median_MBRE": 3.940576905297911,
  "Median_MIBRE": 0.6185638314201816,
  "Runs": [
    {},
    {},
    {},
    {},
    {},
    {},
    {},
    {},
    {},
    {},
    {},
    {},
    {},
    {},
    {},
    {},
    {},
    {},
    {},
    {},
    {},
    {},
    {},
    {},
    {},
    {},
    {},
    {},
    {},
    {}
  ]
}