{
  "MAEp0": 651.6924112444119,
  "Sp0": 13.637409611209089,
  "Q5p0": 629.3493938612195,
  "SA_5": 0.03428460573988923
}