{
  "Metrics": {
    "MAE": [
      322.5059090724482,
      251.23462825436903,
      336.4304793828815,
      314.2662831394542,
      48.83722411599221,
      345.6033186481656,
      158.56846403485142,
      328.2315843078199,
      416.4464247698908,
      309.3283310147088,
      180.76018200882766,
      262.01900354650985,
      210.52637274260618,
      196.09539850376845,
      231.91781222785565,
      164.0058708368148,
      127.93248823345066,
      302.87488447700815,
      463.3687300682083,
      479.58958715749395,
      444.0903915788684,
      165.61074933566758,
      175.88529043926317,
      293.7285963274702,
      172.25778084229344,
      315.6444661057166,
      186.67497475912026,
      284.2392621453129,
      183.459466872725,
      118.03750072880159
    ],
    "MRE": [
      53.58998058470369,
      36.444293507963586,
      40.565769353773476,
      53.96256764499535,
      13.535656238719593,
      63.418806805977766,
      30.173721898361066,
      55.208582937308634,
      73.20233534255837,
      62.59467757080696,
      27.19542016727881,
      34.67524498467125,
      36.27533437212329,
      31.442481611185475,
      32.23546213337007,
      26.47025124970494,
      22.679663568925267,
      43.87669019439799,
      79.80571012379559,
      94.35382045309943,
      66.94854319020438,
      28.916488265542757,
      32.30702563948636,
      41.623497571406446,
      27.909674568529937,
      52.88280885900466,
      34.24683641388857,
      38.02854570053939,
      29.525023552573366,
      16.755466394496363
    ],
    "MBRE": [
      0.8600465641207299,
      0.47818024575251994,
      0.7633621792239751,
      0.7080241794622526,
      0.1427902897560396,
      0.8920306831293386,
      0.33187687264178173,
      0.7614478177567207,
      1.0477216231292419,
      0.7457212849487949,
      0.34077305436997185,
      0.5327991155068487,
      0.4143662200627756,
      0.3897701785409698,
      0.4900442722856386,
      0.30091594786285203,
      0.2553262457961223,
      0.6538701975746309,
      1.3185902750502354,
      1.441672218463456,
      1.1944851621353205,
      0.3182236361583369,
      0.357728788320619,
      0.7016061705887943,
      0.30737218899787616,
      0.7232066286609834,
      0.3812046470365629,
      0.7535237388471963,
      0.3554867498452894,
      0.19827511428456365
    ],
    "MIBRE": [
      0.29134343329696194,
      0.2636592277390981,
      0.2800547904706245,
      0.304776362312057,
      0.11441343823812829,
      0.32383525844837974,
      0.21227699153413973,
      0.30606471751133607,
      0.35702521798410175,
      0.30096837219754496,
      0.21575636041511367,
      0.26247461677483985,
      0.24352269429090564,
      0.22870353884152927,
      0.24425919461978954,
      0.20106756701262407,
      0.17425900075119025,
      0.27907063629346723,
      0.34246912152472886,
      0.39945430375131324,
      0.3280845383906057,
      0.20544933798413612,
      0.2255885298880599,
      0.263805970856454,
      0.19811038301315176,
      0.30189876323169956,
      0.23384064432835605,
      0.2585759787620441,
      0.2187018995143896,
      0.14108278108673142
    ]
  },
  "Mean_MAE": 259.67238185594545,
  "Mean_MRE": 42.69501269664643,
  "Mean_MBRE": 0.6053480763436813,
  "Mean_MIBRE": 0.2573531223687834,
  "Median_MAE": 256.62681590043945,
  "Median_MRE": 36.35981394004344,
  "Median_MBRE": 0.5114216938962437,
  "Median_MIBRE": 0.26052529776844197,
  "Runs": [
    {},
    {},
    {},
    {},
    {},
    {},
    {},
    {},
    {},
    {},
    {},
    {},
    {},
    {},
    {},
    {},
    {},
    {},
    {},
    {},
    {},
    {},
    {},
    {},
    {},
    {},
    {},
    {},
    {},
    {}
  ]
}