{
  "Metrics": {
    "MAE": [
      421.2753376432955,
      435.37768830792885,
      182.54912929646002,
      516.0165113836314,
      475.1865059969077,
      466.20434175107243,
      501.11315785883517,
      171.10498563470273,
      526.9833814524958,
      423.690768804216,
      504.9644002759631,
      469.38957434622426,
      202.27224022429627,
      498.4255411306058,
      570.2512380406539,
      406.55261831224385,
      195.98139106196945,
      493.68329309854016,
      421.9948554450323,
      507.16490708122336,
      357.05278348561177,
      543.4867962550874,
      364.0333947175452,
      412.5754579673096,
      533.3015367922721,
      386.73106343063955,
      538.4502816155326,
      548.09253790843,
      199.58667678809448,
      527.8129676363393
    ],
    "MRE": [
      79.85892928369216,
      97.07557471894533,
      31.18164133780395,
      111.89357297354465,
      100.21620998519154,
      99.17276475154392,
      107.86849152193483,
      30.725510635309934,
      121.77310158584606,
      79.58619011116711,
      103.16344039361746,
      97.77672667262568,
      36.534778075356904,
      101.31359281381603,
      145.77661621298782,
      67.38242089248942,
      36.840301915603284,
      102.06967555583128,
      84.61333184718374,
      122.0994691715812,
      69.19832178112082,
      131.16774415088938,
      64.90418766760723,
      81.03112288588976,
      123.56807907653237,
      74.9545111702051,
      129.43558764742446,
      132.90046232002052,
      38.474828590597454,
      120.4403662716598
    ],
    "MBRE": [
      1.008221889459578,
      1.1403517381617267,
      0.3589366109251478,
      1.3743323718723115,
      1.2567844335765763,
      1.2673365400418561,
      1.3832391174496153,
      0.33817428579666436,
      1.432646121152933,
      1.037699340144065,
      1.3146328639997373,
      1.231521371526301,
      0.40354848478005695,
      1.310545619240072,
      1.6518723495018357,
      0.8796937118507003,
      0.40512115530044435,
      1.3890282407894503,
      1.037100227582198,
      1.455579512051543,
      0.830342519626409,
      1.591142841038855,
      0.8451176993431329,
      1.059771017167604,
      1.4690446636683177,
      0.9288009951061861,
      1.541792430792307,
      1.6437693756059193,
      0.42092570869527385,
      1.4892743475066486
    ],
    "MIBRE": [
      0.41072474001042886,
      0.4440818361932058,
      0.2325772710264952,
      0.4950443140292223,
      0.4666553156377007,
      0.45596760795552793,
      0.4881004101286958,
      0.21796917130739404,
      0.5062510655441997,
      0.41814253358907605,
      0.4802463358691586,
      0.4525138743792853,
      0.23758420136397443,
      0.48483115357874135,
      0.5347838617489904,
      0.36501334541085767,
      0.23762021586550033,
      0.46658798378420685,
      0.42523487299343543,
      0.4841879521235377,
      0.363105256908893,
      0.5443057865890975,
      0.35681046681972567,
      0.41736753441708535,
      0.5305860933732421,
      0.37938653041274173,
      0.5174456129924417,
      0.5424534450865005,
      0.24522280864456372,
      0.5286600436916836
    ]
  },
  "Mean_MAE": 426.71017879143864,
  "Mean_MRE": 90.7665850672673,
  "Mean_MBRE": 1.116544919458449,
  "Mean_MIBRE": 0.42431538804918695,
  "Median_MAE": 467.7969580486483,
  "Median_MRE": 98.4747457120848,
  "Median_MBRE": 1.2441529025514386,
  "Median_MIBRE": 0.45424074116740665,
  "Runs": [
    {},
    {},
    {},
    {},
    {},
    {},
    {},
    {},
    {},
    {},
    {},
    {},
    {},
    {},
    {},
    {},
    {},
    {},
    {},
    {},
    {},
    {},
    {},
    {},
    {},
    {},
    {},
    {},
    {},
    {}
  ]
}