{
  "Metrics": {
    "MAE": [
      305.5480941739073,
      233.8149127695308,
      210.4512580057608,
      210.06696936410614,
      201.3483156466028,
      294.93385147196165,
      252.5500464993726,
      126.02080308287354,
      254.3841881855266,
      167.13293889532704,
      273.9926412384637,
      225.03348190479406,
      251.7927196885333,
      237.29044058548604,
      206.68929140892587,
      285.013519736928,
      268.75776303700974,
      270.78036326569986,
      207.98375508691984,
      186.58383560874532,
      211.81607584720427,
      322.8946199098721,
      205.62743403774462,
      232.31997888526772,
      249.58309916088078,
      211.5081693485566,
      301.6946562389648,
      194.09485908329302,
      274.94511358013784,
      245.99556177185943
    ],
    "MRE": [
      70.13638522995255,
      55.581211931054895,
      41.77041487598341,
      45.59914661575499,
      42.30173445469994,
      65.58406118426986,
      55.67510335824082,
      25.64952286550184,
      58.00120649151167,
      34.41371664577299,
      64.04356861565857,
      43.416358845110864,
      49.08179377939635,
      53.09402276160117,
      46.93807241512853,
      58.3306007429663,
      65.45781338675178,
      50.177834352357664,
      43.16303994676489,
      37.05795821423969,
      45.48383289452529,
      72.53608193596402,
      42.44457762063797,
      50.65883393016758,
      56.91285128772997,
      45.01087163569309,
      66.45109338454898,
      40.18610800314291,
      61.09454919273545,
      51.79769417790231
    ],
    "MBRE": [
      0.7433326167423093,
      0.5710757906151328,
      0.44148899282446136,
      0.4728631340090881,
      0.43908975856770865,
      0.7030641058273392,
      0.5833503061388279,
      0.262259404302267,
      0.6066257804472859,
      0.3614640005068441,
      0.673952702649387,
      0.46571722267363613,
      0.5282119835127159,
      0.5577895204312503,
      0.48311412307520457,
      0.6198624397835876,
      0.677917630446029,
      0.5529957320899871,
      0.45066025980422797,
      0.38581194719635176,
      0.47477060664193943,
      0.7705316443823541,
      0.44427096445367953,
      0.5358097097328977,
      0.5938398784580617,
      0.46595673117651654,
      0.7090659429765719,
      0.4166694399713142,
      0.6457555270247762,
      0.5462723720335289
    ],
    "MIBRE": [
      0.3846593407191581,
      0.32098659819013825,
      0.27138538641061555,
      0.29598690929896415,
      0.27158427952550207,
      0.36539855849144826,
      0.3347173353720068,
      0.18890674535634297,
      0.320045200455323,
      0.22862499702694147,
      0.348017442098634,
      0.28620447303127294,
      0.3113125580526536,
      0.3027377662349254,
      0.28959566848589113,
      0.35330535161093524,
      0.35285166396270123,
      0.3202821795454303,
      0.2790389437607896,
      0.24834890631659737,
      0.2809863031017252,
      0.39478907215081244,
      0.2810715165189525,
      0.30022203503592376,
      0.3365580304243367,
      0.2849083779901971,
      0.3651249022406661,
      0.26430333067909756,
      0.35051300399353497,
      0.32037871656474304
    ]
  },
  "Mean_MAE": 237.35495858400859,
  "Mean_MRE": 51.26833535919221,
  "Mean_MBRE": 0.5394530089498428,
  "Mean_MIBRE": 0.3084281864215421,
  "Median_MAE": 235.55267667750843,
  "Median_MRE": 50.41833414126262,
  "Median_MBRE": 0.5410410408832133,
  "Median_MIBRE": 0.3070251621437895,
  "Runs": [
    {},
    {},
    {},
    {},
    {},
    {},
    {},
    {},
    {},
    {},
    {},
    {},
    {},
    {},
    {},
    {},
    {},
    {},
    {},
    {},
    {},
    {},
    {},
    {},
    {},
    {},
    {},
    {},
    {},
    {}
  ]
}