{
  "Metrics": {
    "MAE": [
      143.72299433601873,
      118.16812235157049,
      166.38337005614406,
      142.2093320035461,
      129.9416105398593,
      145.59848640401788,
      147.53416578179664,
      136.38052526750414,
      130.53811651878195,
      150.08553651335947,
      128.73693875580668,
      163.4219815871165,
      155.7020208591919,
      134.08030939044616,
      123.46869621106482,
      138.96123338149695,
      126.70715075014736,
      161.2710528849211,
      147.82289455250717,
      136.4932086082544,
      135.44563450274217,
      137.4564278166873,
      132.73273351931527,
      146.25907668483467,
      134.55302193997687,
      133.26655734777998,
      128.78328328521607,
      143.0534362334312,
      145.84081962540088,
      146.57341908126548
    ],
    "MRE": [
      8.587118493484454,
      8.450037587360635,
      9.842846908833934,
      9.32371997474853,
      8.87897158467159,
      9.54346905150193,
      9.49159160290951,
      8.899622552524104,
      8.672677379968158,
      8.812012208874243,
      8.7902105524038,
      9.00758835818458,
      9.452626109477109,
      8.974338710646995,
      8.876799632573906,
      9.318049526457523,
      8.58591233032271,
      9.705722391328694,
      8.960809383504957,
      8.745383600287179,
      8.375469594296646,
      8.727385618742117,
      8.521127213049517,
      8.940718344442237,
      9.343029066948557,
      8.991044988483676,
      8.801020695106814,
      9.29036051336052,
      9.080620870394117,
      9.087956546018756
    ],
    "MBRE": [
      0.11931783473983808,
      0.10274464638020005,
      0.14609837387365263,
      0.12439911432952182,
      0.11312905862351796,
      0.12813929886680037,
      0.1297745304952202,
      0.11691392530510737,
      0.11081942066947899,
      0.12567214871729865,
      0.11170481577711026,
      0.13765821064460101,
      0.13376370052303488,
      0.115174465959132,
      0.10873474575548225,
      0.12119718805016949,
      0.10899738236935254,
      0.14051096370244362,
      0.12633559178920586,
      0.11588404508997259,
      0.11180933960211213,
      0.11656352519226243,
      0.11076670425270774,
      0.12365975251649158,
      0.1183372196652485,
      0.11508041166273053,
      0.1111855638972683,
      0.12342710249641987,
      0.12426885758942434,
      0.12429959287960113
    ],
    "MIBRE": [
      0.07771698425673453,
      0.0719730755023913,
      0.09074811291943093,
      0.08246773312490509,
      0.07746722923663708,
      0.0854846397353715,
      0.0857124125114771,
      0.07900872942677893,
      0.07614064210408625,
      0.08093598145703405,
      0.07803148622209181,
      0.0860459068623537,
      0.08490758565978213,
      0.07811015605187353,
      0.07595576838970701,
      0.08149117423892804,
      0.07544639634622363,
      0.08664907575452158,
      0.08205593738601802,
      0.07861640278936081,
      0.07663810988088902,
      0.07944000645012146,
      0.07507147913262364,
      0.08114375503496339,
      0.07874391243930769,
      0.07806637457175224,
      0.0765045328392776,
      0.08292102993733354,
      0.08152274784747815,
      0.08126479780189817
    ]
  },
  "Mean_MAE": 140.3730718930067,
  "Mean_MRE": 9.002608046363584,
  "Mean_MBRE": 0.12054558438051356,
  "Mean_MIBRE": 0.08020940586371174,
  "Median_MAE": 138.20883059909212,
  "Median_MRE": 8.950763863973597,
  "Median_MBRE": 0.11882752720254329,
  "Median_MIBRE": 0.0792243679384502,
  "Runs": [
    {},
    {},
    {},
    {},
    {},
    {},
    {},
    {},
    {},
    {},
    {},
    {},
    {},
    {},
    {},
    {},
    {},
    {},
    {},
    {},
    {},
    {},
    {},
    {},
    {},
    {},
    {},
    {},
    {},
    {}
  ]
}