{
  "Metrics": {
    "MAE": [
      348.2227485493466,
      193.14726664261528,
      208.82079941357608,
      175.63546259816954,
      167.28310120307646,
      363.68547049537347,
      260.8582453819926,
      163.06608738632085,
      238.39794248274256,
      191.93239230155004,
      338.1064616289204,
      266.7847671864145,
      270.08963398824795,
      264.8579336647089,
      180.49777373110518,
      334.960976639248,
      259.6011753100835,
      348.8253120052959,
      197.091429527553,
      175.0246720437883,
      202.68349493615162,
      336.8692095042484,
      176.7482588580524,
      196.5510071510796,
      249.6529308858796,
      181.6774092608836,
      320.92416194673655,
      176.6541778749107,
      329.7496137029798,
      250.42128505631118
    ],
    "MRE": [
      30.81747684540191,
      20.527516789147192,
      24.835651314319122,
      21.373111921908368,
      20.618633321728293,
      35.42074346618536,
      24.972007786186616,
      20.607082473261787,
      27.283387694586885,
      24.727082178358927,
      32.37201222620962,
      26.56103626654318,
      26.53287959849176,
      28.92120581928481,
      25.428382374744313,
      25.87548014650272,
      26.77102844236971,
      29.31056499035937,
      23.576170571116638,
      22.661286446714897,
      26.790274744315372,
      29.116821744759335,
      23.135317910933175,
      25.431602319318564,
      25.084692671107106,
      26.823942082119313,
      30.72620724374053,
      18.832685825957295,
      28.502704121250616,
      27.6417561530559
    ],
    "MBRE": [
      0.9491485772743319,
      0.26824156727430964,
      0.3141829545812023,
      0.2535979242968584,
      0.24544111995042273,
      1.0153842933950552,
      0.3989602129870356,
      0.239056244443253,
      0.3720336892076635,
      0.29973722660011537,
      0.8425724884609022,
      0.4200153679468394,
      0.4239412854921916,
      0.4326304796975499,
      0.2931268708689114,
      0.8355283308528797,
      0.412222453847201,
      0.8520955668925739,
      0.2930808273090016,
      0.26294742437232854,
      0.3246626049999681,
      0.8616527173474161,
      0.27491357944247313,
      0.3067296310689177,
      0.3782980130913014,
      0.30486778498254213,
      0.6938030457260549,
      0.23648357982855592,
      0.7582407583350314,
      0.3954701709954462
    ],
    "MIBRE": [
      0.26363741580574285,
      0.17032169178267442,
      0.1994748592507044,
      0.17142334221686842,
      0.16879235695153608,
      0.28972636914359856,
      0.2087574745052199,
      0.1645319282445263,
      0.21369488633194858,
      0.19713993626851192,
      0.2686355784120326,
      0.22221774675539585,
      0.2198266987327966,
      0.2348452586197165,
      0.1902191405451441,
      0.23381993911667384,
      0.2221312563629473,
      0.25703138221342464,
      0.19083663465121833,
      0.1725688963833382,
      0.20965725063314886,
      0.24967350672435348,
      0.18456771857645457,
      0.1992880540329958,
      0.2100045781258626,
      0.1970602625964708,
      0.25351448065067933,
      0.1599944513331832,
      0.2456205638969493,
      0.2254762220408907
    ]
  },
  "Mean_MAE": 245.62737337857877,
  "Mean_MRE": 26.042624849665955,
  "Mean_MBRE": 0.46530222638561114,
  "Mean_MIBRE": 0.21314966269683358,
  "Median_MAE": 244.0254366843111,
  "Median_MRE": 26.204179872497242,
  "Median_MBRE": 0.3751658511494824,
  "Median_MIBRE": 0.20983091437950574,
  "Runs": [
    {},
    {},
    {},
    {},
    {},
    {},
    {},
    {},
    {},
    {},
    {},
    {},
    {},
    {},
    {},
    {},
    {},
    {},
    {},
    {},
    {},
    {},
    {},
    {},
    {},
    {},
    {},
    {},
    {},
    {}
  ]
}