{
  "Metrics": {
    "MAE": [
      145.34508506679572,
      117.13531525202579,
      167.1973434773292,
      141.97441840354236,
      130.01299559189286,
      143.52301839616658,
      146.74325393944804,
      133.12607300949375,
      127.78809136897348,
      150.1856247136759,
      122.42666508744367,
      166.48300551901954,
      156.7905904948869,
      134.14763601114998,
      123.25192676801878,
      138.24743510713893,
      126.72879592893268,
      160.16966932544545,
      147.37624051962356,
      135.96517798647636,
      135.82527087659028,
      132.43917885535876,
      131.7503119514614,
      146.41826078292442,
      131.48670715326898,
      133.662930842891,
      126.55757972346767,
      142.1264319728954,
      149.82253363325273,
      143.23084963690852
    ],
    "MRE": [
      8.66916591936749,
      8.474126624632827,
      9.897543705614286,
      9.471485533679425,
      8.894466244856106,
      9.509590961262305,
      9.485482541871182,
      8.769851545036044,
      8.596407435055742,
      8.824201646676393,
      8.682373898007677,
      9.089296095287558,
      9.516190619611303,
      9.095184372525079,
      8.852249963770365,
      9.270712546448571,
      8.668121124047182,
      9.691343976501802,
      8.870117795741761,
      8.713721062294137,
      8.484310845669418,
      8.646713882025924,
      8.65519598057023,
      9.019808581375607,
      9.283786398289607,
      9.121679538360134,
      8.639337406000942,
      9.315229383582484,
      9.15313563460436,
      8.933694601979221
    ],
    "MBRE": [
      0.12119744635363623,
      0.10245399063030465,
      0.14732468021465722,
      0.1255145072899896,
      0.11329278656352959,
      0.12669856941644714,
      0.1291590950091058,
      0.1136939863595119,
      0.10838046899637101,
      0.1257266653910619,
      0.107367201104283,
      0.1412886194691356,
      0.13527560941539862,
      0.11613593296514248,
      0.10852926798270725,
      0.12043947104447217,
      0.10975143787037826,
      0.1395149962438336,
      0.12523632299397688,
      0.11518325712783133,
      0.11303546257861502,
      0.1125929445471296,
      0.11112888188448312,
      0.12450866559512852,
      0.11578016516284607,
      0.11638324205828963,
      0.10856028508639444,
      0.123046212752886,
      0.1280248389209201,
      0.1206869399445177
    ],
    "MIBRE": [
      0.07868444340023947,
      0.07213604109647254,
      0.09119478904228122,
      0.08315398946866698,
      0.07774015651211731,
      0.08499676265728788,
      0.08564441937575273,
      0.07741293817192814,
      0.07482002248225961,
      0.0811344523899749,
      0.0764241890479314,
      0.08702994377099653,
      0.0855535031283363,
      0.07875649850793823,
      0.07606521916835418,
      0.08115042572674576,
      0.07584795338781787,
      0.08700215221918987,
      0.081757056172765,
      0.07834363248598065,
      0.07752473605474562,
      0.07806476923478163,
      0.07565169277842099,
      0.08194676673625104,
      0.07767886861531174,
      0.07883369363060858,
      0.07512984660277076,
      0.08291488924079427,
      0.0828031359557933,
      0.07957600052156989
    ]
  },
  "Mean_MAE": 139.59794724654998,
  "Mean_MRE": 9.009817528824838,
  "Mean_MBRE": 0.12019706503243283,
  "Mean_MIBRE": 0.08016576625280279,
  "Median_MAE": 137.10630654680764,
  "Median_MRE": 8.914080423417664,
  "Median_MBRE": 0.11841135655138091,
  "Median_MIBRE": 0.0787950960692734,
  "Runs": [
    {},
    {},
    {},
    {},
    {},
    {},
    {},
    {},
    {},
    {},
    {},
    {},
    {},
    {},
    {},
    {},
    {},
    {},
    {},
    {},
    {},
    {},
    {},
    {},
    {},
    {},
    {},
    {},
    {},
    {}
  ]
}