{
  "Metrics": {
    "MAE": [
      282.72270593486866,
      145.65524365737147,
      148.32698409810035,
      248.36970967457728,
      226.4755699425057,
      213.06358209709907,
      204.2369741368025,
      127.61790210234841,
      165.71701209788137,
      214.72184873478193,
      155.83875003931442,
      295.0932383745185,
      199.49231744192514,
      128.46665145762316,
      263.50191753638893,
      248.97878282067282,
      188.58676492636337,
      193.42492464010664,
      215.9300302282816,
      245.81567612586093,
      315.94937849603474,
      150.12876526901263,
      324.8366106147584,
      146.64756511329077,
      189.04437251954036,
      163.48201016542174,
      324.7585180543532,
      263.58638861817275,
      133.6842816335505,
      312.3291997022592
    ],
    "MRE": [
      18.800939509538427,
      10.150946858805291,
      10.045938627545947,
      15.653384089209235,
      16.1148285979395,
      14.095078787021666,
      12.915645634201473,
      9.327543112432469,
      11.598756825856293,
      14.718667171140742,
      11.046613055066109,
      20.444595460741738,
      13.786870878715934,
      9.709346506591803,
      20.644694333531614,
      19.2177068659285,
      12.564536029877251,
      13.158231029896307,
      14.66762121028625,
      16.606554624063126,
      21.48151626070936,
      11.460782115268689,
      22.49182233727773,
      10.45157464195816,
      12.047437744412118,
      11.054821072916381,
      20.46920607456269,
      18.31677608193385,
      9.395576474140805,
      20.94092894222236
    ],
    "MBRE": [
      0.22383887392143323,
      0.10839840693980268,
      0.11242776386969079,
      0.19353440040186212,
      0.1765353263240716,
      0.15849532350483722,
      0.15111145643379423,
      0.10151479787804125,
      0.12622604615075855,
      0.1687425909042575,
      0.12032881584246395,
      0.23242207109493207,
      0.1492287618037436,
      0.1006834466226757,
      0.21702765142480762,
      0.20234802668236937,
      0.14060954376784704,
      0.1451831425300382,
      0.16574181218227116,
      0.1927765004372673,
      0.2516755191969214,
      0.12176961324210005,
      0.2625934597686503,
      0.11184793899103679,
      0.13734319303499598,
      0.12063575000036947,
      0.2602230890089502,
      0.20413077611869138,
      0.1018849601369354,
      0.24939222595013946
    ],
    "MIBRE": [
      0.16696009827361422,
      0.0932141014466966,
      0.09526685458728253,
      0.14570308748141447,
      0.14135831526877693,
      0.12887453635094026,
      0.1225425553852421,
      0.08788577781594686,
      0.10579823537578961,
      0.13342205061372658,
      0.1010894524117328,
      0.1744406671086525,
      0.11945485039055723,
      0.08683848082927165,
      0.1651820384680205,
      0.1550736560194605,
      0.11565189305324411,
      0.11961992312035612,
      0.1335257830669462,
      0.14924050503508485,
      0.1847399262334159,
      0.1032105317579419,
      0.19197542543735524,
      0.09539426293520101,
      0.11413695890846981,
      0.10175917280914046,
      0.18541977541206786,
      0.15720479562167003,
      0.08813521856959136,
      0.18109805577277313
    ]
  },
  "Mean_MAE": 214.54945587512614,
  "Mean_MRE": 14.779298031793056,
  "Mean_MBRE": 0.16695570947219188,
  "Mean_MIBRE": 0.1314738995186794,
  "Median_MAE": 208.6502781169508,
  "Median_MRE": 13.9409748328688,
  "Median_MBRE": 0.15480338996931572,
  "Median_MIBRE": 0.1257085458680912,
  "Runs": [
    {},
    {},
    {},
    {},
    {},
    {},
    {},
    {},
    {},
    {},
    {},
    {},
    {},
    {},
    {},
    {},
    {},
    {},
    {},
    {},
    {},
    {},
    {},
    {},
    {},
    {},
    {},
    {},
    {},
    {}
  ]
}