{
  "Metrics": {
    "MAE": [
      111.53387273563554,
      99.52464900322818,
      91.16619779074576,
      114.76747088428431,
      111.24809113238615,
      90.55017005332512,
      108.49334392500138,
      94.84834459142766,
      85.87147031826461,
      92.20848632659701,
      111.11479877547977,
      119.65458323226991,
      136.90775936181342,
      126.3416232976281,
      83.70915878289038,
      124.80635706729346,
      80.81272680427135,
      108.55680885491796,
      115.06529421598457,
      110.19957523647865,
      81.613123532818,
      135.6431420101504,
      106.10774023283471,
      118.57595985505066,
      112.9347771687773,
      99.29187879650301,
      130.412761847619,
      116.90210775987327,
      104.3916925449577,
      112.71341441956965
    ],
    "MRE": [
      8.357346529369252,
      7.936543698470996,
      6.56491826766066,
      8.406889125592896,
      8.409288362559316,
      7.034382511800974,
      7.9287351682245655,
      7.606157632703436,
      6.887440687771693,
      7.415156824419911,
      8.2671284709047,
      9.456624579045636,
      10.10093328703402,
      10.293862852081034,
      6.717973734760417,
      10.30881551036667,
      6.381840957594864,
      8.964419102557489,
      8.787374511929528,
      8.098551547156694,
      6.268138228240179,
      11.59452597368682,
      8.730822281872562,
      9.993251390756926,
      7.909657128703773,
      7.964868243806779,
      9.249719041189195,
      8.719840463799304,
      8.43830893603477,
      9.307891541903263
    ],
    "MBRE": [
      0.08717276448071601,
      0.08410573467190675,
      0.0704125183859831,
      0.08955764761167477,
      0.09225688743183977,
      0.07520638682340698,
      0.08222086454118556,
      0.07861481559176334,
      0.07400346163061255,
      0.07825930867575362,
      0.08763180237927692,
      0.0998607395232444,
      0.10828657416126203,
      0.10573608000602473,
      0.07257771790312968,
      0.10431367203857078,
      0.06656398450647319,
      0.10264758661929574,
      0.09673741882059439,
      0.08496977225537086,
      0.06553366407929762,
      0.13654018585153258,
      0.10331759860575707,
      0.1044181851922801,
      0.08535420762744411,
      0.08828320705189875,
      0.10145411265088934,
      0.09150278438785617,
      0.08844446779056939,
      0.10132207124161396
    ],
    "MIBRE": [
      0.07620548927224903,
      0.07237225710855608,
      0.06275176223499118,
      0.07722035291228373,
      0.07982600377456915,
      0.06603201057637513,
      0.07263750319082968,
      0.06666903240676947,
      0.06471649395089288,
      0.06815621981412653,
      0.07532739969881132,
      0.08560129123570578,
      0.0897481131965613,
      0.08729962012158375,
      0.06277884279033569,
      0.08551369323016675,
      0.058676788048767144,
      0.08318604479911712,
      0.08314416956022588,
      0.07321877577638407,
      0.05820449208028074,
      0.10662878252623074,
      0.08308107308568209,
      0.08640799796079562,
      0.07463452414462858,
      0.075535559055968,
      0.08714050424760074,
      0.0798347742649913,
      0.07561679168408861,
      0.0815298192652826
    ]
  },
  "Mean_MAE": 107.86557935193589,
  "Mean_MRE": 8.403380219733277,
  "Mean_MBRE": 0.09024354075124082,
  "Mean_MIBRE": 0.07665653940049502,
  "Median_MAE": 110.65718700597921,
  "Median_MRE": 8.382117827481075,
  "Median_MBRE": 0.08836383742123408,
  "Median_MIBRE": 0.07591114047816883,
  "Runs": [
    {},
    {},
    {},
    {},
    {},
    {},
    {},
    {},
    {},
    {},
    {},
    {},
    {},
    {},
    {},
    {},
    {},
    {},
    {},
    {},
    {},
    {},
    {},
    {},
    {},
    {},
    {},
    {},
    {},
    {}
  ]
}