{
  "Metrics": {
    "MAE": [
      347.47722687712275,
      316.7763630121645,
      346.801849725944,
      311.2910512074723,
      239.60462576691913,
      292.65230844750886,
      289.36095409585516,
      292.8298415462433,
      340.69978950651074,
      329.36756066782647,
      351.02601923465284,
      343.4971900260142,
      361.01755801811,
      354.114387092461,
      373.53143819124193,
      292.9579711735149,
      373.78784959072703,
      266.5679505442129,
      326.4085439405977,
      337.81663812338246,
      375.72116198146546,
      221.43441539672014,
      334.553362567101,
      289.18883658961704,
      310.07478863417015,
      227.64619477485667,
      374.2651581078337,
      294.59269211016556,
      272.7090671469672,
      369.81076738727506
    ],
    "MRE": [
      24.936225668888657,
      23.771623411794884,
      23.714453885910807,
      21.491675828616266,
      17.179220250235925,
      21.012329031612325,
      18.954712136273344,
      22.818833162772005,
      25.629470465937615,
      23.745958181866005,
      26.776580596571222,
      24.252694854548693,
      26.73418646049634,
      26.732339156231877,
      30.29829634602122,
      22.94038238893369,
      26.261274625864527,
      19.01843947570942,
      21.665246532177363,
      23.322567529999628,
      26.74551588062987,
      17.59442251439645,
      24.44769452847913,
      22.42485746196477,
      21.074083423103257,
      15.738313132229841,
      24.959021956959486,
      20.56121443776631,
      21.829748387804067,
      25.76620862652201
    ],
    "MBRE": [
      0.28185915555773455,
      0.2567230994257553,
      0.27573705614777005,
      0.2453078970060094,
      0.1865486769811348,
      0.2306882415429795,
      0.2191603044822507,
      0.23916901016854858,
      0.2790519503747998,
      0.2640768119821273,
      0.29008747955562436,
      0.2739516380516798,
      0.29468749378439185,
      0.29079050161988573,
      0.31747543281355134,
      0.23964356570349762,
      0.3034015113238173,
      0.20831730829585002,
      0.2569553831727544,
      0.2685113771812059,
      0.3073831550226504,
      0.18281318217291298,
      0.2703098138074903,
      0.2367846649303411,
      0.243191296282187,
      0.17159358583464251,
      0.3047763027860045,
      0.2296962763837063,
      0.22593329442601373,
      0.30104922986262167
    ],
    "MIBRE": [
      0.20902833745052896,
      0.19483281904323282,
      0.20651205303748357,
      0.18573840892500795,
      0.1487840037641536,
      0.1775955521328454,
      0.1692062192931779,
      0.18430423953281713,
      0.20714463322517593,
      0.20032203333047552,
      0.2125449891816524,
      0.20384026702921185,
      0.2189073573980224,
      0.21557548109573857,
      0.22906365461871667,
      0.1855224194777267,
      0.22013895648321247,
      0.16443806301760996,
      0.19231011495580896,
      0.20154379977394732,
      0.22340587845418097,
      0.1451702351857934,
      0.20379544024201451,
      0.1823845539077987,
      0.18400016381714923,
      0.139166368171312,
      0.2176714118477575,
      0.1760454292966416,
      0.17334797247200232,
      0.21804856066399012
    ]
  },
  "Mean_MAE": 318.5861187161551,
  "Mean_MRE": 23.07991967801057,
  "Mean_MBRE": 0.2565224898893313,
  "Mean_MIBRE": 0.19301298056083957,
  "Median_MAE": 327.8880523042121,
  "Median_MRE": 23.518510707955215,
  "Median_MBRE": 0.2605160975774409,
  "Median_MIBRE": 0.19757742618685417,
  "Runs": [
    {},
    {},
    {},
    {},
    {},
    {},
    {},
    {},
    {},
    {},
    {},
    {},
    {},
    {},
    {},
    {},
    {},
    {},
    {},
    {},
    {},
    {},
    {},
    {},
    {},
    {},
    {},
    {},
    {},
    {}
  ]
}