{
  "Metrics": {
    "MAE": [
      129.24024753910683,
      101.84851144376128,
      112.08115627793613,
      125.84882156781846,
      110.05762261296971,
      125.34351817086751,
      117.47980885013402,
      95.95405304287173,
      98.48757250548014,
      107.0483357210439,
      115.70795649375573,
      122.39905996174178,
      115.9861857007434,
      162.96978393198427,
      93.34593505431106,
      141.95804889164103,
      86.48894487172646,
      116.31854864341666,
      164.5767224469906,
      135.9579406525829,
      101.92167968829655,
      140.45007186841102,
      131.34762460748388,
      126.28270775447314,
      131.01735807164883,
      125.03333663150904,
      125.39021585876928,
      133.13648717609502,
      124.6617599499539,
      123.99771857149662
    ],
    "MRE": [
      9.410656120436037,
      8.118501369745033,
      8.121206815936349,
      9.477850792660782,
      8.222324645196585,
      9.65831557721857,
      8.264754470697373,
      7.640632820168525,
      7.730376077622481,
      8.905110647308382,
      8.656111862981493,
      9.593990621091377,
      8.331272093417775,
      13.799902125851125,
      7.448618695190581,
      11.63331318312844,
      6.816880200897406,
      9.746006985210746,
      11.250841994858959,
      9.968936383053647,
      7.884304815950182,
      12.023502251738384,
      11.109810954844763,
      10.345207152988598,
      8.993075224055156,
      10.135111740142918,
      9.396006686990651,
      9.686470879864679,
      10.340896399924981,
      10.206800054119118
    ],
    "MBRE": [
      0.09880258085300016,
      0.08473627808456512,
      0.09063229325958207,
      0.1002215504508695,
      0.08820687109743507,
      0.10392870939349724,
      0.08725358164533167,
      0.08191091704962314,
      0.08434298497774646,
      0.09448580201252517,
      0.09600170175614733,
      0.09970653318932206,
      0.08850794726373488,
      0.1421550201266168,
      0.07868128394836962,
      0.1174716840974526,
      0.07012813417272952,
      0.11854411095859847,
      0.12780313138231672,
      0.10679437235951553,
      0.08391965957416997,
      0.14744097124184707,
      0.144491910930781,
      0.107075506099636,
      0.0986041306797799,
      0.11781433702095824,
      0.10344566926173195,
      0.10203577406743371,
      0.11357653138425738,
      0.11094040887694563
    ],
    "MIBRE": [
      0.08533752588163172,
      0.07217772330483262,
      0.07808476472336051,
      0.08537023020470741,
      0.07709053199304695,
      0.08802568350835575,
      0.07622306654006628,
      0.0701043429234291,
      0.07186140942906169,
      0.07955173075849414,
      0.0813625003288577,
      0.08623722403600904,
      0.07629960825100177,
      0.11315804033467741,
      0.06693835042000068,
      0.093430107214608,
      0.061538438714057786,
      0.09267865499295658,
      0.10763637969382907,
      0.09013130453974456,
      0.07317718194723,
      0.11041263203628693,
      0.1059992958252545,
      0.08989550551767447,
      0.08482357877546963,
      0.09579040969662259,
      0.08812166856245952,
      0.08818209533098965,
      0.09370348044341761,
      0.08964326193478304
    ]
  },
  "Mean_MAE": 121.41125781863404,
  "Mean_MRE": 9.43055965477637,
  "Mean_MBRE": 0.102988679573884,
  "Mean_MIBRE": 0.08576622426209721,
  "Median_MAE": 124.32973926072526,
  "Median_MRE": 9.44425345654841,
  "Median_MBRE": 0.09996404182009577,
  "Median_MIBRE": 0.08580372712035822,
  "Runs": [
    {},
    {},
    {},
    {},
    {},
    {},
    {},
    {},
    {},
    {},
    {},
    {},
    {},
    {},
    {},
    {},
    {},
    {},
    {},
    {},
    {},
    {},
    {},
    {},
    {},
    {},
    {},
    {},
    {},
    {}
  ]
}