{
  "Metrics": {
    "MAE": [
      331.18060433209365,
      436.63739732865804,
      308.1475419039792,
      395.3046754183411,
      386.3288773157598,
      377.3534059036052,
      343.58010865108037,
      290.44124012447236,
      385.17631371554955,
      265.1060597593354,
      268.344682609049,
      364.95612385162565,
      284.5945027176979,
      340.51069995244353,
      244.7404726004238,
      364.3987599625465,
      307.6126259661427,
      329.6780720502944,
      353.105340549087,
      318.30396620106535,
      347.9917714801189,
      324.1590034731142,
      349.0551039890173,
      314.13069930481726,
      274.37785603285465,
      198.14172102102663,
      388.4304255350419,
      327.7531695509493,
      325.2701659548739,
      269.74925803578844
    ],
    "MRE": [
      23.293856514618938,
      33.06872263686188,
      20.64432786885461,
      26.008382622710023,
      26.925944355031174,
      26.236048762224705,
      23.256862979386888,
      21.91819480083926,
      28.65674334215293,
      19.798962038209737,
      19.26224814341165,
      25.512754594924917,
      19.771178413964886,
      24.528436218266897,
      18.54693523405377,
      28.92902186361157,
      21.190393752589213,
      22.58758436952293,
      22.549456196692326,
      20.726967311740626,
      23.577707320776085,
      25.018755978004858,
      26.189280504031675,
      24.041683259464932,
      18.379980318126336,
      13.892374663594302,
      25.138615952698938,
      22.107884665880672,
      25.848840045969773,
      18.722334732973383
    ],
    "MBRE": [
      0.26704971475461153,
      0.36084966819954284,
      0.24116580755785427,
      0.32829628455396015,
      0.3217527469719504,
      0.30581253468527647,
      0.2707866272220505,
      0.2360866355352957,
      0.3208352886590666,
      0.21341314262544814,
      0.21445728221248694,
      0.29569815541309835,
      0.22355810927892006,
      0.2752634028320987,
      0.19812274371337796,
      0.304422346936922,
      0.24249381784014876,
      0.26003638654602373,
      0.28327566576627106,
      0.25183178720053717,
      0.28254964654548276,
      0.26767703505286167,
      0.2848823844076824,
      0.25583212907457153,
      0.21116748084613643,
      0.1510469258937364,
      0.32352217442218545,
      0.25790241189699803,
      0.2714897822514405,
      0.21022192731734815
    ],
    "MIBRE": [
      0.19774697393021629,
      0.2577043945466419,
      0.18228562866150888,
      0.22833098159837542,
      0.22415336855222656,
      0.223364825768147,
      0.19920539358189132,
      0.18045384790822117,
      0.2279737001302842,
      0.1622431330945542,
      0.16397348266833606,
      0.21389375261829446,
      0.17444597524158734,
      0.20343494845698026,
      0.1566021457843714,
      0.22251704470356132,
      0.18362249904984124,
      0.1962858336419006,
      0.20398075541759972,
      0.18699583674890982,
      0.2059215656532429,
      0.1983362090068059,
      0.2118502209424226,
      0.1960605918575426,
      0.16341758716687374,
      0.12315527302102859,
      0.22242794172127442,
      0.19461620313098607,
      0.20166747861605835,
      0.1626960842066858
    ]
  },
  "Mean_MAE": 327.1520215096952,
  "Mean_MRE": 23.21101598203966,
  "Mean_MBRE": 0.2643833348737795,
  "Mean_MIBRE": 0.19564545591421234,
  "Median_MAE": 328.7156208006219,
  "Median_MRE": 23.275359747002913,
  "Median_MBRE": 0.26736337490373663,
  "Median_MIBRE": 0.19804159146851108,
  "Runs": [
    {},
    {},
    {},
    {},
    {},
    {},
    {},
    {},
    {},
    {},
    {},
    {},
    {},
    {},
    {},
    {},
    {},
    {},
    {},
    {},
    {},
    {},
    {},
    {},
    {},
    {},
    {},
    {},
    {},
    {}
  ]
}