{
  "Metrics": {
    "MAE": [
      324.81584062196305,
      154.8620019436346,
      159.15451895043734,
      236.7891156462585,
      162.8639455782313,
      163.7925170068027,
      159.2497570456754,
      299.9096209912537,
      136.0184645286686,
      189.63070942662782,
      148.49125364431487,
      398.74149659863946,
      204.19387755102042,
      300.32750242954324,
      158.75850340136054,
      170.89844509232265,
      311.1569484936832,
      143.93415937803692,
      197.75048590864915,
      334.2473275024296,
      302.2322643343051,
      119.14965986394557,
      318.55587949465496,
      245.0320699708455,
      149.01214771622935,
      203.1326530612245,
      334.7478134110787,
      120.83673469387755,
      280.61856171039847,
      347.3202137998057
    ],
    "MRE": [
      22.67765537358077,
      10.484675639608136,
      10.366827400456573,
      15.326678051426532,
      11.401453029970487,
      10.905849242772105,
      10.317314114907994,
      23.13506125189978,
      9.783752705090711,
      12.861799859037232,
      11.063427726215473,
      27.589181138960562,
      14.993426857641145,
      22.547408367913977,
      11.814332142900339,
      12.42678100412039,
      22.051340094078245,
      9.947376431958155,
      13.193873266838574,
      22.954976535181004,
      20.435361204021373,
      9.259875582303236,
      22.487203460677517,
      17.907850859489248,
      10.213746345418263,
      13.189120059163765,
      21.774769138887446,
      7.78775136834494,
      21.349021087762747,
      24.289006698123806
    ],
    "MBRE": [
      0.25936581596913494,
      0.11426365885459197,
      0.11747664854291608,
      0.18646344904124376,
      0.12517205760342084,
      0.11933772234782404,
      0.11562673858316526,
      0.25002722692242696,
      0.10486764796180868,
      0.14691020409394556,
      0.11896187240713191,
      0.32986407020988934,
      0.1570555955662528,
      0.24509183941163168,
      0.12704349506568552,
      0.13258243208731846,
      0.24960863082257603,
      0.10732568116891072,
      0.15315378918229983,
      0.26899585197772885,
      0.2390518972392688,
      0.0975292165663703,
      0.25693231815501066,
      0.1927463936638815,
      0.1138434607144069,
      0.1495354816736935,
      0.2657663233228313,
      0.08497785303132487,
      0.22776261860331667,
      0.2840241495243275
    ],
    "MIBRE": [
      0.1937280824729704,
      0.09762807736206316,
      0.09803136782430841,
      0.14337286586658263,
      0.10477203060073623,
      0.09841088133122891,
      0.0989082599395537,
      0.18064695886002893,
      0.09033623684886596,
      0.11785098203732058,
      0.09823262082526606,
      0.22859672074110537,
      0.12197839314146616,
      0.18169380246240524,
      0.10766737166055862,
      0.10953432230076143,
      0.18309969768165443,
      0.09214443415156268,
      0.12369259914783615,
      0.1974839944833318,
      0.1774913994937435,
      0.08517255324129812,
      0.18988694965551248,
      0.1472000093817022,
      0.09659333258130605,
      0.12105138888633575,
      0.19336434519398224,
      0.07489183909832275,
      0.1689326703251605,
      0.20196348819686755
    ]
  },
  "Mean_MAE": 225.87414965986395,
  "Mean_MRE": 15.817896534625017,
  "Mean_MBRE": 0.17804547134381116,
  "Mean_MIBRE": 0.13747858919312791,
  "Median_MAE": 200.44156948493682,
  "Median_MRE": 13.19149666300117,
  "Median_MBRE": 0.15134463542799664,
  "Median_MIBRE": 0.12151489101390095,
  "Runs": [
    {},
    {},
    {},
    {},
    {},
    {},
    {},
    {},
    {},
    {},
    {},
    {},
    {},
    {},
    {},
    {},
    {},
    {},
    {},
    {},
    {},
    {},
    {},
    {},
    {},
    {},
    {},
    {},
    {},
    {}
  ]
}