{
  "Metrics": {
    "MAE": [
      279.374095670014,
      324.1683673469388,
      349.58422416585677,
      346.6942014901199,
      294.4391534391535,
      277.14436885865456,
      314.26959831551665,
      160.72513767411726,
      272.39050858438617,
      159.7987528344671,
      324.2926789763525,
      372.58406219630706,
      190.24943310657596,
      372.0037792894936,
      290.996436669906,
      186.89455782312925,
      316.17719468739875,
      243.9684159378037,
      152.90638160025918,
      315.7784754927613,
      190.22878198898607,
      318.67614188532553,
      228.27421444768382,
      147.49376417233557,
      162.5331448596755,
      124.9034661483641,
      431.3356818918043,
      186.5881114350502,
      282.3665984431291,
      177.23663751214772
    ],
    "MRE": [
      19.228346349943624,
      24.46573129083304,
      24.142514823637672,
      23.769781498094993,
      21.502458561945208,
      19.43304465784162,
      21.186094329331613,
      12.23534759868338,
      21.61986349595538,
      12.146028535984998,
      22.748690443271,
      27.414027024535674,
      14.214786440391968,
      29.795497409116546,
      22.548261882979485,
      15.250228752192202,
      22.455502144538887,
      18.293576144066627,
      12.012853575680982,
      21.392528583756473,
      13.754161274574518,
      25.623439799764864,
      17.212392563156932,
      10.888932381380435,
      11.93177327829155,
      9.154968328145733,
      27.8211961275398,
      13.641707207878056,
      21.32644144418989,
      12.439129193942419
    ],
    "MBRE": [
      0.22003158541144321,
      0.26557762923138895,
      0.2880303969140018,
      0.2811609974678246,
      0.2374195984127257,
      0.21595547478396396,
      0.24820189996662445,
      0.12944395792295435,
      0.22896643593439006,
      0.12725805222159117,
      0.2623033018570276,
      0.30826182503636695,
      0.14658981882721364,
      0.31730432009074905,
      0.23688451884562592,
      0.15603940292774543,
      0.2544345242187582,
      0.19434228810183204,
      0.12330810310368746,
      0.2500816900854152,
      0.1476815108431922,
      0.26773820192172515,
      0.18001360685478776,
      0.11368488043912911,
      0.12898278652254555,
      0.09781721652561869,
      0.3734754716567346,
      0.1477695077175879,
      0.2306791737246678,
      0.13439791541595203
    ],
    "MIBRE": [
      0.16818296293660878,
      0.19558887535249245,
      0.20278761968483508,
      0.20078721701484853,
      0.17991484594308124,
      0.16585488554787675,
      0.18141448938515192,
      0.10729169677040744,
      0.16776985091328125,
      0.10721827220924013,
      0.19327184365492983,
      0.21174756524240754,
      0.11196828625325729,
      0.2115850352124783,
      0.17788689697925616,
      0.12447221406738843,
      0.18440162368856583,
      0.15243697990813376,
      0.09958452930973113,
      0.18566116074764277,
      0.1203706233077347,
      0.19562483407255266,
      0.13811462480721262,
      0.09671995781732888,
      0.10757743668264112,
      0.08650107961280412,
      0.24449796221415734,
      0.12051025145008756,
      0.17062487429757003,
      0.11294539414473397
    ]
  },
  "Mean_MAE": 259.8025455647905,
  "Mean_MRE": 18.98831017138819,
  "Mean_MBRE": 0.21046120309944236,
  "Mean_MIBRE": 0.1574437963076146,
  "Median_MAE": 278.2592322643343,
  "Median_MRE": 20.309569493586615,
  "Median_MBRE": 0.22449901067291664,
  "Median_MIBRE": 0.16797640692494503,
  "Runs": [
    {},
    {},
    {},
    {},
    {},
    {},
    {},
    {},
    {},
    {},
    {},
    {},
    {},
    {},
    {},
    {},
    {},
    {},
    {},
    {},
    {},
    {},
    {},
    {},
    {},
    {},
    {},
    {},
    {},
    {}
  ]
}