{
  "Metrics": {
    "MAE": [
      331.46479381850133,
      396.4173453713839,
      353.70944958619583,
      331.6140736696812,
      328.0502401406948,
      392.0803810621683,
      265.1692322576657,
      286.3721944775719,
      217.13497823366944,
      342.27224306265515,
      318.98482168637787,
      371.46935574691264,
      419.10639910543193,
      306.8842040497141,
      279.01632735209586,
      448.7296307801436,
      379.29970479393614,
      397.2513866115075,
      190.4789721971521,
      316.2763476859157,
      312.5305610353557,
      312.9207348396572,
      321.79852239520125,
      317.5301693318746,
      320.8695325146501,
      283.0634501629915,
      334.55852273488654,
      271.6486178844785,
      313.9215852003067,
      322.1697093855876
    ],
    "MRE": [
      23.6424846387481,
      31.565995596028092,
      25.342448811928325,
      21.208573046510793,
      23.50489840686965,
      29.8439534011074,
      17.88457444933255,
      20.976960312368824,
      17.291510616689116,
      24.5431708774126,
      22.80831534444362,
      27.915559952863568,
      32.12252388269919,
      22.296068476207573,
      21.6163453429711,
      37.45280596394094,
      26.281283226344204,
      29.96295326391623,
      12.656436016173538,
      20.490455519108256,
      21.45819618692094,
      23.79666397692722,
      22.652624954660382,
      21.905379994078007,
      21.520589501354777,
      19.979042153035063,
      22.601741820698898,
      17.478829242336957,
      25.63098860682504,
      22.23685103095426
    ],
    "MBRE": [
      0.26625396203087337,
      0.32976876983731257,
      0.28563047707119227,
      0.26560329627700013,
      0.26485719209426406,
      0.3209147328713367,
      0.20552666702455655,
      0.23093334116167114,
      0.17952677849733795,
      0.28266947000199477,
      0.25508664722247176,
      0.3060782983734144,
      0.3514119796939907,
      0.24608626361033403,
      0.22762262756898438,
      0.38763905526960524,
      0.3104728347617693,
      0.3246980432285789,
      0.14267062323858726,
      0.24839340586394362,
      0.24944249305367158,
      0.25906742405031213,
      0.25688529311582886,
      0.25797424219339166,
      0.2567238631337706,
      0.22189694423532444,
      0.26670698209720406,
      0.20912021177454476,
      0.2649129057370638,
      0.2602935573275498
    ],
    "MIBRE": [
      0.19693351842492474,
      0.23524038354467494,
      0.20621273132154647,
      0.19256171145528958,
      0.19461683644451833,
      0.23533567601210884,
      0.15978163167100484,
      0.17628730726098035,
      0.13946668973894547,
      0.20306482577926888,
      0.1879363931977074,
      0.21887689360339935,
      0.24897881758498172,
      0.1868646899270645,
      0.17291545715430964,
      0.259423915080874,
      0.222557447075214,
      0.23909432181735907,
      0.11880792587256805,
      0.18503206284116652,
      0.1812141988906225,
      0.19196905814506085,
      0.1916943315382137,
      0.18920722672509838,
      0.1882203647016343,
      0.17090332893147234,
      0.19504035380216464,
      0.1587505325291112,
      0.18813177526026717,
      0.1925072562538829
    ]
  },
  "Mean_MAE": 326.09311623914556,
  "Mean_MRE": 23.622274153781838,
  "Mean_MBRE": 0.26449561274726274,
  "Mean_MIBRE": 0.1942542554195145,
  "Median_MAE": 321.33402745492566,
  "Median_MRE": 22.62718338767964,
  "Median_MBRE": 0.25968049068893095,
  "Median_MIBRE": 0.19183169484163726,
  "Runs": [
    {},
    {},
    {},
    {},
    {},
    {},
    {},
    {},
    {},
    {},
    {},
    {},
    {},
    {},
    {},
    {},
    {},
    {},
    {},
    {},
    {},
    {},
    {},
    {},
    {},
    {},
    {},
    {},
    {},
    {}
  ]
}