{
  "Metrics": {
    "MAE": [
      141.73882135495376,
      142.87177667633688,
      136.91519685433852,
      159.84425695251855,
      121.714342622696,
      132.4367082751731,
      188.75254152234288,
      120.99625984944555,
      122.32312461791771,
      124.96791203068562,
      140.32897597640715,
      141.18220125980477,
      138.08478434977414,
      136.41396724857194,
      106.74408761913527,
      151.020416383244,
      92.93778741975763,
      134.74479556421895,
      145.44498471150771,
      153.8227886719538,
      115.48314054524654,
      139.5183538253717,
      156.01529961355445,
      157.20974834209534,
      139.59619324026147,
      130.2770556553489,
      167.80182236074876,
      147.67591539384026,
      135.52133078202743,
      151.33265295409424
    ],
    "MRE": [
      10.527275360336457,
      11.665243117393942,
      9.689203173443211,
      11.40362055829853,
      9.444553732490684,
      10.265764828132106,
      13.455347960230288,
      9.273357879121289,
      9.839997106059108,
      9.844602810270914,
      9.935743370732329,
      10.859099691196846,
      10.214934892752638,
      10.944206529254078,
      8.344819825209353,
      12.639397869328858,
      7.035938880585629,
      10.67947979810517,
      10.007240309788,
      10.466931623274885,
      7.8911329027980095,
      11.503176969264043,
      12.289385958332264,
      11.439300664073809,
      9.36586860656706,
      10.21168547098816,
      11.730369436793936,
      10.764736062853434,
      11.321256666738213,
      12.109378252182438
    ],
    "MBRE": [
      0.11236373255421146,
      0.12771692197932513,
      0.10936650541553888,
      0.12488751308156755,
      0.10501875002628719,
      0.10701734787989718,
      0.14511309544986187,
      0.10178712790426456,
      0.10329073022237874,
      0.10638625496547235,
      0.10949840789835259,
      0.11460136174729185,
      0.1083663446659876,
      0.11113282776870936,
      0.08659952978655845,
      0.12755538811168896,
      0.07297190736394807,
      0.12674941773945528,
      0.11089075208220453,
      0.11382390731975511,
      0.08463710482163579,
      0.13099994983029242,
      0.14274766040539313,
      0.1229630692946219,
      0.10440668005184965,
      0.1162977250572137,
      0.13306728475515564,
      0.11468589800083845,
      0.1288422830077438,
      0.1299259187066424
    ],
    "MIBRE": [
      0.09611801305945657,
      0.10385109535011015,
      0.09263034076991945,
      0.10531735706893092,
      0.08918350142286477,
      0.08904305874998733,
      0.12017210799245809,
      0.08520722156658354,
      0.08675354180063305,
      0.09078566820813719,
      0.09300329807688922,
      0.09786519510891824,
      0.0914953377364186,
      0.09043615356305483,
      0.07528675615190462,
      0.10307945720553736,
      0.06398931551179805,
      0.10132962413288411,
      0.09629115816301273,
      0.09671240996069178,
      0.07427589076646711,
      0.10591730180980477,
      0.1136774546959894,
      0.10378208829502857,
      0.08986517510991304,
      0.09690345333878667,
      0.11181787010895693,
      0.0976621033243082,
      0.10231019708993999,
      0.10370931401343103
    ]
  },
  "Mean_MAE": 139.1239080891124,
  "Mean_MRE": 10.505435010219855,
  "Mean_MBRE": 0.11445704659647143,
  "Mean_MIBRE": 0.0956157153384272,
  "Median_MAE": 139.55727353281657,
  "Median_MRE": 10.497103491805671,
  "Median_MBRE": 0.11309381993698328,
  "Median_MIBRE": 0.09650178406185225,
  "Runs": [
    {},
    {},
    {},
    {},
    {},
    {},
    {},
    {},
    {},
    {},
    {},
    {},
    {},
    {},
    {},
    {},
    {},
    {},
    {},
    {},
    {},
    {},
    {},
    {},
    {},
    {},
    {},
    {},
    {},
    {}
  ]
}