{
  "Metrics": {
    "MAE": [
      305.3069076127349,
      312.1148260761148,
      174.96721860575371,
      264.56890010671356,
      260.7907162418541,
      266.6686764536903,
      167.2985246442497,
      180.52365264153252,
      239.93693875263517,
      356.77536475209473,
      201.3847448982967,
      313.3901168579857,
      392.87555748912007,
      159.92966427501196,
      208.22312880128337,
      248.98858757211994,
      227.6241562501408,
      187.0261587645763,
      157.16082527918311,
      186.3503454208183,
      214.25321172153912,
      238.95047752415906,
      259.7798499965515,
      189.6474841872039,
      208.1078307624811,
      191.03310464599576,
      315.6134488126024,
      181.73518256809658,
      170.97283858753357,
      221.09861330974562
    ],
    "MRE": [
      21.227431358907282,
      24.56315483482514,
      12.650337557841201,
      17.716087983359436,
      17.650979356545726,
      19.5949102437202,
      10.904428718451953,
      13.5516557191959,
      19.071223969778043,
      25.436030426644717,
      14.009073265602728,
      24.025274904982545,
      28.165068518258856,
      11.327383401932916,
      16.141449951615293,
      20.381158408011807,
      15.954154634615294,
      12.008552055235722,
      11.187326864222353,
      11.984245186117723,
      14.519441848575942,
      17.53999754637496,
      18.695501124191,
      12.64057873060976,
      15.409217304251635,
      13.104878999194938,
      20.079225804770676,
      12.123047449691015,
      13.411715150353757,
      14.944619065489153
    ],
    "MBRE": [
      0.2565085236858246,
      0.25702992599515495,
      0.13748353307154323,
      0.21206742301950926,
      0.2110851112086749,
      0.21626117413126367,
      0.12576926006194,
      0.1507717409212823,
      0.20102740313866527,
      0.3042108594634158,
      0.16235136499827968,
      0.2644409452590901,
      0.33486806600047414,
      0.11999529743449622,
      0.16843274399300823,
      0.20945629360797405,
      0.17866132582806557,
      0.13865507530590057,
      0.12412787756381846,
      0.14190743276276072,
      0.16608875957881844,
      0.19959358990402817,
      0.21016271964006236,
      0.15525097455047943,
      0.1699127453593137,
      0.14798582945564273,
      0.26296672881785954,
      0.13837665475043665,
      0.1382011681254891,
      0.17445465409756927
    ],
    "MIBRE": [
      0.17929975226029102,
      0.18392915072816768,
      0.1125293570727377,
      0.15345845618465978,
      0.15481800302807203,
      0.15913396751665787,
      0.10256282438468861,
      0.12028451316419438,
      0.14490290282107582,
      0.20360449516815124,
      0.12428113120741995,
      0.18461140471855134,
      0.22186986228599637,
      0.09916561926975855,
      0.1256404052521814,
      0.15633550301253546,
      0.1417787786737502,
      0.11082919712824019,
      0.10465435948092924,
      0.11384370048776227,
      0.13073059991498434,
      0.14692869858065263,
      0.1554622423167435,
      0.11627954986684085,
      0.13041317794856427,
      0.11913498830797876,
      0.17727601358693365,
      0.11472676578126365,
      0.10960394852826329,
      0.13528654898680023
    ]
  },
  "Mean_MAE": 233.4365684537273,
  "Mean_MRE": 16.667271679445587,
  "Mean_MBRE": 0.18927017339102808,
  "Mean_MIBRE": 0.1411125305888282,
  "Median_MAE": 217.67591251564238,
  "Median_MRE": 15.681685969433465,
  "Median_MBRE": 0.1721836997284415,
  "Median_MIBRE": 0.1330085744508923,
  "Runs": [
    {},
    {},
    {},
    {},
    {},
    {},
    {},
    {},
    {},
    {},
    {},
    {},
    {},
    {},
    {},
    {},
    {},
    {},
    {},
    {},
    {},
    {},
    {},
    {},
    {},
    {},
    {},
    {},
    {},
    {}
  ]
}