{
  "Metrics": {
    "MAE": [
      104.98076923076923,
      108.41804029304029,
      89.48076923076923,
      127.0673076923077,
      103.6698717948718,
      97.4326923076923,
      150.97649572649576,
      112.08974358974359,
      94.66941391941393,
      99.10576923076923,
      102.28205128205128,
      99.79166666666667,
      97.28525641025641,
      144.69551282051282,
      100.5576923076923,
      114.43910256410257,
      98.44551282051282,
      92.53205128205128,
      134.34294871794873,
      114.36538461538461,
      122.66666666666667,
      95.9551282051282,
      97.62820512820512,
      131.47756410256412,
      81.75320512820512,
      99.02884615384616,
      112.60897435897436,
      119.96794871794872,
      103.06089743589743,
      91.55448717948718
    ],
    "MRE": [
      7.47534764632099,
      7.422499771629584,
      6.88209499959375,
      8.842477611737928,
      7.314660989201596,
      6.921563755334404,
      10.580583824779882,
      7.888610966857404,
      6.7594401870532295,
      6.957903297799646,
      7.308636477232574,
      7.122143010504607,
      6.915033823237122,
      10.281353059540061,
      7.251315321126824,
      8.322843021448953,
      6.659577462605448,
      6.3982797518013,
      8.839707394738845,
      8.155669572353538,
      8.401058833912584,
      6.9081392878203935,
      6.961067971104792,
      8.750548167014008,
      6.034068878791572,
      7.022814559361014,
      7.758009108087887,
      7.897540549240668,
      7.49422345849799,
      6.622515514857974
    ],
    "MBRE": [
      0.0782289160024774,
      0.07690201656715714,
      0.07162557697950138,
      0.0935760869190084,
      0.07850017492172043,
      0.07230655703302585,
      0.11287020641114946,
      0.0884436494201147,
      0.07115148279741679,
      0.07360742412150682,
      0.07666611307657288,
      0.07433795462841533,
      0.0716309642246841,
      0.10529030307576544,
      0.07684435030400444,
      0.08684891057672611,
      0.07034454943762568,
      0.06557297618864023,
      0.09061789923684002,
      0.08671697012198673,
      0.08792008605676536,
      0.07453471039023252,
      0.07473304888752598,
      0.08951742487270704,
      0.06457855056497841,
      0.07727239743223478,
      0.08301576683916947,
      0.08527036687546224,
      0.08113416288683369,
      0.07044550586206509
    ],
    "MIBRE": [
      0.06947400984449323,
      0.06877212159866952,
      0.0639039985512192,
      0.08217448365039741,
      0.06962230087226476,
      0.06473956048023466,
      0.0951880573394979,
      0.07673617468205439,
      0.06409945666284884,
      0.06567391378945485,
      0.06815574807698048,
      0.06650594178752929,
      0.0642314923636673,
      0.08816090881478757,
      0.06827816765557171,
      0.0759132511602379,
      0.06250073494159081,
      0.058991836363945664,
      0.07955025351412331,
      0.07611839679697466,
      0.07768948305899588,
      0.06652985583374035,
      0.06643863024370933,
      0.07845134391490843,
      0.05819930814053972,
      0.06857213623261339,
      0.07344834214210251,
      0.07528485211651886,
      0.07208369779568333,
      0.06321284831560596
    ]
  },
  "Mean_MAE": 108.07766585266586,
  "Mean_MRE": 7.604990942452886,
  "Mean_MBRE": 0.08035017009041048,
  "Mean_MIBRE": 0.0709567102246987,
  "Median_MAE": 102.67147435897436,
  "Median_MRE": 7.311648733217085,
  "Median_MBRE": 0.07708720699969596,
  "Median_MIBRE": 0.06867212891564145,
  "Runs": [
    {},
    {},
    {},
    {},
    {},
    {},
    {},
    {},
    {},
    {},
    {},
    {},
    {},
    {},
    {},
    {},
    {},
    {},
    {},
    {},
    {},
    {},
    {},
    {},
    {},
    {},
    {},
    {},
    {},
    {}
  ]
}