{
  "Metrics": {
    "MAE": [
      105.58974358974359,
      110.51236263736264,
      91.56410256410257,
      122.17948717948718,
      107.23717948717949,
      94.33974358974359,
      137.88995726495727,
      111.37820512820512,
      94.91941391941393,
      107.00641025641026,
      102.21794871794872,
      107.13141025641026,
      93.0224358974359,
      130.9551282051282,
      98.33974358974359,
      106.06089743589743,
      102.0,
      92.99679487179488,
      124.24679487179488,
      114.60576923076923,
      118.51282051282051,
      94.58974358974359,
      91.78525641025641,
      129.96153846153845,
      82.27083333333333,
      103.01648351648352,
      107.37820512820512,
      109.46794871794872,
      100.88827838827838,
      96.91346153846153
    ],
    "MRE": [
      7.404857486212651,
      7.664709185348974,
      6.831518837280126,
      8.614032367167692,
      7.55464462731779,
      6.7361660879038245,
      9.55228727525323,
      7.832090001970371,
      6.812678578317377,
      7.559884700030478,
      7.295040529784856,
      7.628795210868604,
      6.601514330535451,
      9.428540089826493,
      7.145918113248036,
      7.913727238331236,
      6.929026724784074,
      6.451038567011332,
      8.146134111796483,
      8.182494012129705,
      8.262509463604644,
      6.89540507653843,
      6.387438520018507,
      8.833801968094196,
      6.112178792219414,
      7.296536883277915,
      7.309400865832533,
      7.2723903855518826,
      7.395964260615538,
      6.99329019261998
    ],
    "MBRE": [
      0.07735115915564092,
      0.07956909334626147,
      0.07072586986085892,
      0.09076896074963314,
      0.08042948545915615,
      0.06919262490646097,
      0.1016857562590171,
      0.08733147877694528,
      0.07169915756555457,
      0.07984436495402883,
      0.07653633363767191,
      0.07968108603581645,
      0.06807124460876221,
      0.09684529336574386,
      0.0758036344238823,
      0.08281086918459238,
      0.07304639957644206,
      0.06589870400916661,
      0.08364664669735859,
      0.08747278532148728,
      0.08603720588105218,
      0.07499568962796697,
      0.06832490021635894,
      0.09024441010658633,
      0.06562576448610456,
      0.08121899521136867,
      0.07830492135757833,
      0.07840471057616706,
      0.08001272666000982,
      0.07380641392546843
    ],
    "MIBRE": [
      0.06889022625572853,
      0.07098685882214148,
      0.06366112031379806,
      0.08014738217799675,
      0.07125936054662202,
      0.062418286974803484,
      0.08841511785515699,
      0.075816399663213,
      0.06444099442711768,
      0.07059602909411787,
      0.06817902619360436,
      0.07101830324081872,
      0.06151037361867887,
      0.08241538873209385,
      0.06779385181804334,
      0.07269965692171115,
      0.06489693765805275,
      0.05886053894737133,
      0.07393076932787916,
      0.07659960866698408,
      0.07619298458517428,
      0.06664911423478566,
      0.061377780418427466,
      0.079035726668491,
      0.059012573810494816,
      0.07126909052520351,
      0.0695602474553667,
      0.06970662980465346,
      0.07106035734534298,
      0.06601673065486145
    ]
  },
  "Mean_MAE": 106.29926994301994,
  "Mean_MRE": 7.501467149449728,
  "Mean_MBRE": 0.07917955619810475,
  "Mean_MIBRE": 0.07014724889195782,
  "Median_MAE": 105.82532051282051,
  "Median_MRE": 7.352682563224036,
  "Median_MBRE": 0.07898690196121427,
  "Median_MIBRE": 0.07015132944938567,
  "Runs": [
    {},
    {},
    {},
    {},
    {},
    {},
    {},
    {},
    {},
    {},
    {},
    {},
    {},
    {},
    {},
    {},
    {},
    {},
    {},
    {},
    {},
    {},
    {},
    {},
    {},
    {},
    {},
    {},
    {},
    {}
  ]
}