{
  "Metrics": {
    "MAE": [
      399.28721001221004,
      310.1964590964591,
      334.214651160805,
      267.0901568516954,
      234.53934927566146,
      266.08636363636367,
      286.5709412382489,
      272.4677213811829,
      312.78547008547014,
      359.66953879453877,
      365.22812742812744,
      388.27343959459347,
      371.79557365711213,
      403.86482259570494,
      360.30307045895285,
      296.66951995373046,
      362.50074794486557,
      266.43377306454227,
      339.9184204684205,
      352.028402366864,
      365.3039627039627,
      158.84786324786324,
      301.6008786085709,
      322.847915972916,
      308.00625322390033,
      246.18663836163842,
      378.35576645576646,
      263.7471016163324,
      336.77506204203036,
      359.37077922077924
    ],
    "MRE": [
      28.993682454907304,
      24.471324642504573,
      23.26944160152556,
      19.042327755550577,
      16.721577864875805,
      19.810861427068758,
      19.750469428731623,
      20.60855215228024,
      24.749192406802408,
      26.417857798877254,
      28.06662335774216,
      29.196498878705423,
      28.18067101453779,
      30.24180335407451,
      29.909488214192958,
      24.552934348040885,
      25.268690527954913,
      19.051566142880247,
      23.75693290931251,
      23.94443893742656,
      25.48595776772602,
      12.151565281960668,
      21.851687511737353,
      24.002014344498996,
      21.92274038681289,
      17.181751899053197,
      25.750701675304505,
      18.177817995850656,
      26.984576182562808,
      26.158399946028126
    ],
    "MBRE": [
      0.32962388553404504,
      0.2557191878450457,
      0.2659601228317947,
      0.21005313658139152,
      0.1814545699549057,
      0.211478974170188,
      0.22216931983250227,
      0.21770622440290885,
      0.26084613725405403,
      0.2964511489165002,
      0.30614964457251487,
      0.3201528437921081,
      0.3065328956532177,
      0.3356805680249585,
      0.3095858556901081,
      0.2520859283048529,
      0.2919268492897453,
      0.20906090459550541,
      0.2744619184999206,
      0.28312488033448346,
      0.29625142768634577,
      0.12817815984673325,
      0.24109326695530006,
      0.26048385645989697,
      0.24632286218875166,
      0.18865297854860694,
      0.30971497791825175,
      0.2025777500688581,
      0.28076932959195755,
      0.2902172310383656
    ],
    "MIBRE": [
      0.23694966007285925,
      0.19279588379377038,
      0.20086745151605165,
      0.16389816270449237,
      0.1459254315838504,
      0.16566077094576334,
      0.17161260349414698,
      0.1710078211534693,
      0.19271163937322064,
      0.21565620871431226,
      0.2164051020592249,
      0.22730705261470255,
      0.2255944107014588,
      0.23948332391577212,
      0.22037598811297351,
      0.1899813967309035,
      0.2127451428293095,
      0.16391816313788943,
      0.20273170579121846,
      0.20719427513234132,
      0.2164675860942922,
      0.1081653702147243,
      0.18317992113960577,
      0.19768047202069822,
      0.18401304983832525,
      0.15105835777737192,
      0.22088956490548148,
      0.1599338089196411,
      0.20974612005441676,
      0.2162080823927643
    ]
  },
  "Mean_MAE": 319.69886601731025,
  "Mean_MRE": 23.52240494031758,
  "Mean_MBRE": 0.2594828945461273,
  "Mean_MIBRE": 0.19367215092450174,
  "Median_MAE": 328.53128356686045,
  "Median_MRE": 24.236669493501786,
  "Median_MBRE": 0.26340313004292437,
  "Median_MIBRE": 0.19927396176837492,
  "Runs": [
    {},
    {},
    {},
    {},
    {},
    {},
    {},
    {},
    {},
    {},
    {},
    {},
    {},
    {},
    {},
    {},
    {},
    {},
    {},
    {},
    {},
    {},
    {},
    {},
    {},
    {},
    {},
    {},
    {},
    {}
  ]
}