{
  "Metrics": {
    "MAE": [
      349.43740052404723,
      359.87683925121934,
      352.9908711040982,
      320.1343868489879,
      296.5379027288237,
      295.9470205612114,
      331.1576195005428,
      313.49379062167804,
      328.92837601521967,
      325.97388253496564,
      317.10852721694744,
      335.4539131480336,
      341.48560303579245,
      348.9812567284233,
      346.7788065411354,
      403.3180767612129,
      339.85370598022973,
      302.6406428856055,
      334.9477255131405,
      379.701612311188,
      361.07699498527484,
      220.00042678247482,
      305.9960640282039,
      306.36594176510306,
      337.8740258393415,
      245.60002674702227,
      375.726170280931,
      339.9368884990778,
      321.0284278239035,
      363.4248193802118
    ],
    "MRE": [
      21.421928840901934,
      28.857422771541685,
      21.632025939194783,
      19.295686399530958,
      19.515834418058517,
      20.606093350815076,
      20.10600608040161,
      20.787590367048274,
      23.746766188731485,
      21.324580456077705,
      20.12654343789876,
      22.75492058673042,
      22.975748235632327,
      23.43117791866269,
      25.383870795361513,
      34.27765646111425,
      19.98797016412423,
      19.491234952973958,
      19.844493419444557,
      22.323690784029424,
      22.52967035407655,
      16.810063343961843,
      19.484677914874343,
      20.143035685936674,
      20.317192787812612,
      16.734749566406553,
      22.03890687106943,
      20.51386191536428,
      26.608192413942373,
      22.25799109603176
    ],
    "MBRE": [
      0.2911340760166425,
      0.30094378588695175,
      0.29415984487719815,
      0.2541691067059768,
      0.23445786371678976,
      0.23447307335927092,
      0.26657487919945394,
      0.25048371088694654,
      0.26985870982626126,
      0.2644464344324392,
      0.2535633262155612,
      0.26972447060667953,
      0.2789127927756426,
      0.28557760287083656,
      0.28901734898974607,
      0.3501685704023827,
      0.28133066670143125,
      0.23822056297134372,
      0.27311415467155054,
      0.32357190279174136,
      0.297042123640246,
      0.17779720685990952,
      0.24499775403621313,
      0.24458565398303903,
      0.278736691114193,
      0.18540912182158267,
      0.3228848020486881,
      0.27538575018089556,
      0.27296348654385244,
      0.3070639950351261
    ],
    "MIBRE": [
      0.19944482621047482,
      0.21994686389987422,
      0.20074285162764519,
      0.1830605626177877,
      0.17512053563468255,
      0.17873077620267944,
      0.188112409632312,
      0.18575265889314296,
      0.19915340473211496,
      0.19172698932299928,
      0.18412357222294845,
      0.19725409395731636,
      0.20295494904222336,
      0.205243581979855,
      0.2110370541904291,
      0.24250466812334218,
      0.19076274281695887,
      0.17745601885174728,
      0.18921167792023305,
      0.21171075626870284,
      0.20758372522458848,
      0.14221810569539817,
      0.1787461990741169,
      0.1817330205595222,
      0.19149118681175833,
      0.1470641769734727,
      0.20836194398146451,
      0.19245805917953,
      0.20132240098011864,
      0.20569642082383965
    ]
  },
  "Mean_MAE": 330.0592581981349,
  "Mean_MRE": 21.844319450591687,
  "Mean_MBRE": 0.2703589823056197,
  "Mean_MIBRE": 0.1930242077817093,
  "Median_MAE": 335.200819330587,
  "Median_MRE": 21.05608541156299,
  "Median_MBRE": 0.27303882060770146,
  "Median_MIBRE": 0.19209252425126463,
  "Runs": [
    {},
    {},
    {},
    {},
    {},
    {},
    {},
    {},
    {},
    {},
    {},
    {},
    {},
    {},
    {},
    {},
    {},
    {},
    {},
    {},
    {},
    {},
    {},
    {},
    {},
    {},
    {},
    {},
    {},
    {}
  ]
}