{
  "Metrics": {
    "MAE": [
      325.9898096458151,
      386.1471628605954,
      330.8023225544828,
      365.87503295798035,
      304.0593092557562,
      304.77891746730995,
      343.3422353281022,
      261.7125241023641,
      352.53464672251675,
      384.65362155737773,
      306.56266247729263,
      385.6648109427208,
      327.08054886937737,
      327.24022541900734,
      262.52848856286494,
      306.9695680481476,
      300.2386367084194,
      285.1430954052203,
      336.0629990966593,
      396.4119237547375,
      355.3737546868572,
      360.31021986745634,
      333.2828266900154,
      305.59961249595233,
      295.15647925737665,
      224.86502114545556,
      363.9080863745533,
      328.92916734743,
      312.4791932826374,
      290.44019834379606
    ],
    "MRE": [
      20.167748272502596,
      29.5374601543819,
      21.90495479251672,
      20.47268730365099,
      19.818813200993944,
      20.68071397678949,
      21.866171017299102,
      18.717800951434793,
      28.14490450352037,
      28.50316787274857,
      19.082920786838393,
      25.752398773221547,
      24.472190633407862,
      22.442504302174243,
      18.807019539074883,
      25.92429050868383,
      18.61009554823338,
      18.685864362072127,
      19.305961396833787,
      24.525184782121755,
      21.284594357415145,
      26.389656339196478,
      25.799864340767627,
      17.888741062067346,
      18.851482163596074,
      15.401310047395189,
      20.638794674706944,
      20.298625911476993,
      25.53110350859873,
      17.997894578531977
    ],
    "MBRE": [
      0.2631877965943863,
      0.32074614034350446,
      0.2657410172151089,
      0.3163727088728925,
      0.2411869325547543,
      0.2418357347855648,
      0.2781395877949331,
      0.2080760135164338,
      0.296956984947785,
      0.3244421082284654,
      0.24340767511790654,
      0.32436341195382973,
      0.2655235328171473,
      0.26100948468066076,
      0.2093353446391233,
      0.26562437334963146,
      0.23192626825183538,
      0.2221508175921568,
      0.27603180377207465,
      0.34145977638069863,
      0.29450791278427507,
      0.299674905968313,
      0.2730503853672423,
      0.2481706084862823,
      0.2328379993918449,
      0.17252365469157716,
      0.3111996793819945,
      0.26267881225269446,
      0.2652833796294441,
      0.2259925171779725
    ],
    "MIBRE": [
      0.18740786862091838,
      0.2328010776383551,
      0.19393225347907084,
      0.1996198049490943,
      0.1791689486407584,
      0.18172121545829517,
      0.19745025477311764,
      0.16086114815573183,
      0.2168072932947385,
      0.22384664110139743,
      0.17595262766864828,
      0.223589119242981,
      0.20076863094096262,
      0.19537590891878948,
      0.16256888114915893,
      0.19256901008802257,
      0.1719010799418534,
      0.168650655665541,
      0.18793620612331735,
      0.22323300394206436,
      0.2011048814445684,
      0.2160000906550638,
      0.20377502240202278,
      0.17082052891942454,
      0.17300929896337247,
      0.13729165859719158,
      0.19915993421587008,
      0.18920241990711792,
      0.19693337158766402,
      0.16755757394786103
    ]
  },
  "Mean_MAE": 325.4714367076093,
  "Mean_MRE": 21.916830655408422,
  "Mean_MBRE": 0.2661145789513511,
  "Mean_MIBRE": 0.19103388034776578,
  "Median_MAE": 327.1603871441923,
  "Median_MRE": 20.659754325748217,
  "Median_MBRE": 0.2654034562232957,
  "Median_MIBRE": 0.1932506317835467,
  "Runs": [
    {},
    {},
    {},
    {},
    {},
    {},
    {},
    {},
    {},
    {},
    {},
    {},
    {},
    {},
    {},
    {},
    {},
    {},
    {},
    {},
    {},
    {},
    {},
    {},
    {},
    {},
    {},
    {},
    {},
    {}
  ]
}