{
  "Metrics": {
    "MAE": [
      62724.14674809296,
      68859.11054932768,
      101042.93401206096,
      48390.59598436155,
      86187.39731162354,
      50768.14920979313,
      93071.37864819223,
      72169.69983119653,
      69668.69239810905,
      70535.02258452782,
      61984.95503052456,
      89457.00801467305,
      103323.77325746938,
      73336.05726195915,
      30583.664935314722,
      65936.9175543163,
      90031.7664456316,
      68713.53589181376,
      89004.41705773296,
      53579.04527083484,
      68960.41663666365,
      67869.68005175971,
      88069.78066353781,
      60650.37853682071,
      39930.90895798882,
      79461.51837292011,
      78249.36767910612,
      64059.50006986728,
      45256.09400754744,
      70915.37967051928
    ],
    "MRE": [
      45.30513661138343,
      57.53778757546715,
      132.64462979916033,
      41.784837085999875,
      87.20053376891974,
      65.89179997949259,
      105.05671886745039,
      27.168123030551623,
      55.81866211707776,
      41.737510830346054,
      65.7146078093081,
      62.31694350556404,
      157.15314067336215,
      65.11140898685234,
      29.414142946147003,
      61.72519184961942,
      93.50113115888995,
      45.77370170236541,
      102.50247802301864,
      38.2722793572494,
      39.21075563798656,
      56.14480732920008,
      82.84064756191763,
      49.14270657748937,
      39.0823153339307,
      42.508597829181696,
      60.47661088007469,
      47.91810091854439,
      34.420488362045404,
      72.9403370179022
    ],
    "MBRE": [
      0.6194822032855593,
      0.6498585490799581,
      2.8102164723868026,
      0.568498822076767,
      1.0440168651852777,
      0.8274147944628594,
      1.7515739353924897,
      0.5047445259971145,
      0.6887466026722664,
      0.6497940706986708,
      0.8288290352980235,
      1.2810802782283617,
      2.2902910931046625,
      0.8511217312706496,
      0.3470400579679477,
      0.7899623033444951,
      1.1606973677721844,
      0.6068141241781694,
      1.6823826482457138,
      0.4881640450028406,
      0.560563645274552,
      0.7407341087006966,
      1.0750034353035431,
      0.6080314362972393,
      0.5626292740003401,
      0.746316849034057,
      0.7775247101771765,
      0.5893756818746336,
      0.40880750671499927,
      0.9611015755635945
    ],
    "MIBRE": [
      0.29670378285562243,
      0.2860649439948377,
      0.3669958462158252,
      0.27608710179899226,
      0.3422973434940451,
      0.2896706233732685,
      0.41244626085618596,
      0.21804081874719566,
      0.3165514787811118,
      0.25253143341266715,
      0.3303480352886371,
      0.3238236766158577,
      0.40907308735260783,
      0.34244322702847374,
      0.20439111348353503,
      0.30667392390307846,
      0.35644478688176584,
      0.2872684830708139,
      0.4017889244025688,
      0.25823909604210576,
      0.28016664521092477,
      0.31847994516344685,
      0.37335997854283187,
      0.2758757367137288,
      0.22617580382222927,
      0.27280239168677894,
      0.32715115799441585,
      0.28347281219580095,
      0.21859098550581635,
      0.32987464976259323
    ]
  },
  "Mean_MAE": 70426.37642147623,
  "Mean_MRE": 63.543871104216606,
  "Mean_MBRE": 0.915693924953055,
  "Mean_MIBRE": 0.3061278031399254,
  "Median_MAE": 69314.55451738635,
  "Median_MRE": 56.84129745233361,
  "Median_MBRE": 0.7435254788673769,
  "Median_MIBRE": 0.3016888533793505,
  "Runs": [
    {},
    {},
    {},
    {},
    {},
    {},
    {},
    {},
    {},
    {},
    {},
    {},
    {},
    {},
    {},
    {},
    {},
    {},
    {},
    {},
    {},
    {},
    {},
    {},
    {},
    {},
    {},
    {},
    {},
    {}
  ]
}