{
  "Metrics": {
    "MAE": [
      120804.29409401941,
      165190.0177675334,
      110599.0465401767,
      159332.81169869244,
      107474.06919787196,
      103640.43300147865,
      54005.541757307285,
      125604.00334229221,
      68416.53040654898,
      141335.98679866098,
      82536.68973882632,
      114567.04824642616,
      86274.33437563047,
      115080.30372614034,
      91174.56096756022,
      101373.45581622115,
      83845.34977585282,
      105171.48498132652,
      125380.73083125347,
      99468.43480336858,
      92301.77510730407,
      73153.4994217339,
      77674.91949071403,
      92541.14774041882,
      94393.03128687714,
      86804.60081029992,
      95626.64223968177,
      87722.35682370015,
      112404.21873037641,
      106797.41446704058
    ],
    "MRE": [
      368.9815730150129,
      513.9702124546833,
      217.19708833815804,
      415.1979097097437,
      252.62646872054287,
      213.73082327065194,
      67.12767975354552,
      288.86916587678667,
      58.83023985458643,
      332.6891284908219,
      110.06900864547522,
      240.90678725440776,
      136.58543573292047,
      295.28825981278055,
      101.90411992278601,
      249.6653681296761,
      203.90164621188362,
      243.16554044301205,
      356.6903004703932,
      230.65481220534517,
      239.7072288437238,
      175.7065875320985,
      188.51909609369736,
      169.06576702540283,
      146.6938050488073,
      170.0074865001119,
      178.59283699782085,
      158.0270890911741,
      312.36502298104483,
      185.8398694743004
    ],
    "MBRE": [
      3.864486982729333,
      5.759966408152505,
      2.291137381881572,
      4.736575677122059,
      2.6829050939912453,
      2.3602156120322966,
      0.7354216961596667,
      3.2994184413307033,
      0.652163548621177,
      3.549081928645461,
      1.1562960747336093,
      2.5543919877079464,
      1.5074822801129677,
      3.1580139603142943,
      1.0938507648592861,
      2.5815402857593095,
      2.0340958214076243,
      2.5547227750631603,
      3.7251057643489793,
      2.3877913874114256,
      2.482189474462432,
      1.7846124404974564,
      1.9234078836344843,
      1.7596042557706133,
      1.8266858860868627,
      1.9354470307967648,
      1.83976829512366,
      1.6948795049517555,
      3.193396235835362,
      2.086076936156468
    ],
    "MIBRE": [
      0.5485460939345849,
      0.6157701882982963,
      0.48888541820444315,
      0.660520159033424,
      0.44283410015627644,
      0.4545118972973288,
      0.3475489384350875,
      0.5405950202527128,
      0.29936406305684493,
      0.6781318872786971,
      0.3174059108909536,
      0.5047269239540253,
      0.40053521175593493,
      0.4951946604852824,
      0.36460626877554,
      0.49550297398132614,
      0.4268617348891285,
      0.4980700756403604,
      0.509587345176324,
      0.4211219260878649,
      0.48216323387532933,
      0.4169783495590814,
      0.42120720996281524,
      0.44519927358357897,
      0.4490394884430166,
      0.45393172489282146,
      0.43655234001348225,
      0.4570620060482911,
      0.5086355213275346,
      0.5409066299965014
    ]
  },
  "Mean_MAE": 102689.82446617783,
  "Mean_MRE": 227.4192119300465,
  "Mean_MBRE": 2.4403577271900168,
  "Mean_MIBRE": 0.47073321917622957,
  "Median_MAE": 100420.94530979486,
  "Median_MRE": 215.46395580440497,
  "Median_MBRE": 2.3256764969569343,
  "Median_MIBRE": 0.45578695167280997,
  "Runs": [
    {},
    {},
    {},
    {},
    {},
    {},
    {},
    {},
    {},
    {},
    {},
    {},
    {},
    {},
    {},
    {},
    {},
    {},
    {},
    {},
    {},
    {},
    {},
    {},
    {},
    {},
    {},
    {},
    {},
    {}
  ]
}