{
  "Metrics": {
    "MAE": [
      118279.77388626274,
      106580.89797785543,
      123805.94616233109,
      107090.5828185459,
      112725.75165042697,
      109936.71975966306,
      119475.01865655847,
      124390.36313576985,
      103546.4569390656,
      117089.13609041493,
      124133.39402717237,
      129180.77176190898,
      130294.88912462875,
      116147.15293170072,
      96536.8420995273,
      130105.56407535434,
      103422.9521238035,
      108760.84776378633,
      118981.31482999503,
      123476.5845318901,
      122970.22163394485,
      116957.22889015698,
      107962.03337178275,
      106280.61135873043,
      105913.52092370154,
      127550.10581366488,
      115074.17942300306,
      115534.47670969811,
      107634.73346835481,
      110324.67998315381
    ],
    "MRE": [
      72.13339150097262,
      76.83633347306575,
      86.22295355034126,
      79.2991556537701,
      72.66627788794507,
      81.71533260191886,
      78.26696056058475,
      69.85541958746327,
      66.35864545544793,
      75.50343071136768,
      74.58044714735779,
      66.71988896216077,
      74.2465708116775,
      71.36933033172203,
      82.50433325844556,
      85.64030974707202,
      68.12276706006972,
      74.07700568254548,
      72.3454381707683,
      78.19978356200045,
      76.05991028279895,
      71.80815047366468,
      75.99852113159787,
      78.44006583939236,
      77.15394813990326,
      79.0164661516769,
      77.53551266137222,
      73.87645032325052,
      66.75467160561523,
      72.45492346663363
    ],
    "MBRE": [
      37.553625644711616,
      0.987370494515578,
      7.771816885160416,
      -7.1861446992886435,
      3.7863108333875313,
      2.1254359824413114,
      6.715062645346494,
      2.833677993539829,
      3.2284597780835758,
      -86.2908505286195,
      4.782537343409278,
      87.59013946463654,
      36.692855973038085,
      1.6265415247292463,
      -5.335613152627232,
      20.474842132623344,
      3.3344691102925097,
      5.716609920699672,
      4.173062834314454,
      3.323599913764632,
      3.926347218971801,
      6.054496702719454,
      4.433005472624326,
      0.7594732978340847,
      3.014326235191572,
      12.16287749527373,
      4.150874223961009,
      5.703374839231507,
      3.2614020055202704,
      4.94151809665661
    ],
    "MIBRE": [
      0.7212769098315619,
      0.7628811066764822,
      0.833574244737284,
      0.7869042729279916,
      0.7251487999744102,
      0.8159296540867744,
      0.7821966569845045,
      0.6985454571693661,
      0.6478421675939715,
      0.7523822473442228,
      0.7433929896582797,
      0.6651049536233361,
      0.7423212614144342,
      0.7119022622076948,
      0.7931379671643698,
      0.8503886620947548,
      0.6673355858601396,
      0.737003178462272,
      0.7233673831860354,
      0.7759176604542602,
      0.754079378828848,
      0.7156201623708096,
      0.7459722268475805,
      0.7709641804511835,
      0.7701170489708935,
      0.790164661516769,
      0.7727200831663675,
      0.7371996467293294,
      0.6587137734454152,
      0.7147737336592561
    ]
  },
  "Mean_MAE": 115338.75839742842,
  "Mean_MRE": 75.19207985975342,
  "Mean_MBRE": 6.07705018940477,
  "Mean_MIBRE": 0.7455626105812866,
  "Median_MAE": 115840.81482069942,
  "Median_MRE": 75.04193892936274,
  "Median_MBRE": 4.038610721466405,
  "Median_MIBRE": 0.7446826082529301,
  "Runs": [
    {},
    {},
    {},
    {},
    {},
    {},
    {},
    {},
    {},
    {},
    {},
    {},
    {},
    {},
    {},
    {},
    {},
    {},
    {},
    {},
    {},
    {},
    {},
    {},
    {},
    {},
    {},
    {},
    {},
    {}
  ]
}