{
  "Metrics": {
    "MAE": [
      128038.94192115343,
      120871.16595714686,
      119359.65779394045,
      126636.23055485872,
      92920.05770678571,
      134130.15823164364,
      101536.05475545836,
      100111.5928721632,
      98243.09570129201,
      134199.64775448435,
      115807.49953934886,
      110196.0576471229,
      112431.68859756677,
      128762.57541588115,
      117291.32981382607,
      135910.27125891176,
      132139.81341319528,
      106038.28662235143,
      128671.53048163779,
      91246.47689540019,
      111811.73243119536,
      87961.80103500545,
      111739.21629881633,
      135503.9267440008,
      134611.42273758457,
      105377.99345472221,
      131622.26292022862,
      133054.8124447179,
      118699.39719808847,
      103839.2266783925
    ],
    "MRE": [
      69.90233769254819,
      86.05116753817794,
      74.66677715056964,
      67.74737931242534,
      84.97065268756269,
      92.48492050507465,
      71.01885492850919,
      78.77566318062054,
      76.22374520373046,
      76.71877081809822,
      79.48564192933462,
      70.71182305728358,
      104.48435198435703,
      84.52399133647346,
      68.90556178599037,
      116.35742967354139,
      84.11841283446223,
      99.90814337001122,
      72.92905689106634,
      71.82634890627985,
      63.433258733284525,
      74.89695455897561,
      67.08201594659184,
      85.79382759905914,
      88.72608971358892,
      82.63515990851076,
      68.84077753111809,
      72.6587017029474,
      73.71399865467778,
      70.9136455235319
    ],
    "MBRE": [
      36.21078708297152,
      6.959668662443962,
      1.6967582083439219,
      76.39846933201726,
      3.6769182351560366,
      2.75660299834414,
      3.661935230422916,
      -5.001885085490014,
      10.04557252860704,
      54.450603171749144,
      -0.3848014021561927,
      4.799564393159237,
      -11.86871066616,
      68.5702212213278,
      20.078011621062462,
      17.38328088962592,
      25.944575675945913,
      7.76221007584921,
      93.72177270450275,
      3.6246438650492094,
      2.9443803924782643,
      -8.262035110184884,
      7.651560855480404,
      -6.816401765774961,
      114.77400740395099,
      -7.861655733956271,
      57.763477686187706,
      73.13032537445233,
      23.286492974227006,
      -12.014442454734086
    ],
    "MIBRE": [
      0.6956687963005149,
      0.8535472630299049,
      0.746051375657701,
      0.6713766331417768,
      0.818595100943342,
      0.9124939432182083,
      0.7075358868032886,
      0.775783062800712,
      0.7219929795682575,
      0.7671359020701474,
      0.7874285091184375,
      0.6986851393131572,
      1.0404025900823164,
      0.8244302203170337,
      0.6879340876513054,
      1.1261744776593723,
      0.8282581961465695,
      0.9576759089438617,
      0.7257689974359888,
      0.6973353598339503,
      0.6298948951236679,
      0.7200121181648278,
      0.6696124245400671,
      0.8522152307995045,
      0.8865585308948412,
      0.8082759627373802,
      0.6884077753111809,
      0.7242326345918144,
      0.7371399865467778,
      0.6590383163226868
    ]
  },
  "Mean_MAE": 116958.79749589738,
  "Mean_MRE": 79.35018202194675,
  "Mean_MBRE": 22.169396945496622,
  "Mean_MIBRE": 0.7806554101689531,
  "Median_MAE": 117995.36350595727,
  "Median_MRE": 75.56034988135303,
  "Median_MBRE": 7.305614758962182,
  "Median_MIBRE": 0.7415956811022394,
  "Runs": [
    {},
    {},
    {},
    {},
    {},
    {},
    {},
    {},
    {},
    {},
    {},
    {},
    {},
    {},
    {},
    {},
    {},
    {},
    {},
    {},
    {},
    {},
    {},
    {},
    {},
    {},
    {},
    {},
    {},
    {}
  ]
}