{
  "Metrics": {
    "MAE": [
      113751.90859059907,
      104273.17538799679,
      131433.0126781632,
      114055.46823838622,
      111183.2033289966,
      108376.91837638784,
      119905.2092468735,
      121366.99518069542,
      105321.33499657817,
      113540.18200378833,
      119782.53763161594,
      128993.66607901051,
      128274.65432126829,
      109575.85748733758,
      112847.09588216797,
      127869.78938506264,
      100910.1987316224,
      98414.69721644933,
      129947.61718065052,
      133087.81084098082,
      120416.93561538255,
      118924.91544641224,
      101833.45304301352,
      108208.80031401856,
      105188.577843381,
      124300.83534467395,
      107494.65770416282,
      118336.31709050015,
      107658.44324439767,
      102743.51724447981
    ],
    "MRE": [
      76.09709905457848,
      68.42538039052496,
      88.39566977050738,
      79.4289013756534,
      71.81172238235342,
      76.22001235184497,
      72.72661903327663,
      68.9982601290555,
      64.17620511712036,
      78.75388838217518,
      71.0762156071453,
      70.04633977191871,
      66.22097100436697,
      68.15224462033105,
      93.70861464252695,
      80.14231085075637,
      65.04424151043547,
      69.17915997042023,
      75.10800207218114,
      85.43952048996857,
      77.15052854327043,
      66.63552599129457,
      76.88424138790076,
      80.56848639486921,
      78.2346703415767,
      80.06720195216813,
      74.35460390716987,
      71.95862688266487,
      64.75595751700996,
      76.7483861660888
    ],
    "MBRE": [
      23.024009408576585,
      3.568977514633323,
      63.44758908393138,
      3.9945309426218607,
      3.972492694077161,
      2.6222693599705518,
      -2.2192193124479123,
      3.4739866128386327,
      5.233141508348104,
      4.475349462072475,
      2.9383406945902415,
      78.45745731882387,
      58.38152499947686,
      3.502911976469706,
      -1.7387274686698155,
      10.59528789998661,
      0.6773232024829765,
      3.5431244118047838,
      173.5149955473156,
      54.05525327871064,
      6.256843780712275,
      3.346673855817649,
      5.663386524889624,
      3.9235832707378737,
      6.03658113846266,
      17.3013381268379,
      1.9197316073248434,
      2.2348376904812555,
      3.7199628699478122,
      6.15050708609747
    ],
    "MIBRE": [
      0.7595270217396649,
      0.6791311165448133,
      0.8605560154963983,
      0.7918816503074236,
      0.7175534175597893,
      0.761611613735468,
      0.7270010084122726,
      0.6896153962998365,
      0.6205265477800448,
      0.7855510405023876,
      0.7099018491177684,
      0.6916200018476775,
      0.6583798841116018,
      0.6755848773248223,
      0.9070130278896852,
      0.7999539752812442,
      0.6356966196036766,
      0.6796372463743192,
      0.7508334458349449,
      0.8435203460440989,
      0.7700315886866334,
      0.6551726007012103,
      0.7647334451381141,
      0.7885009635924449,
      0.7789069041552541,
      0.8006720195216813,
      0.735326530232296,
      0.7160393896514371,
      0.6401536287312701,
      0.7326412674974421
    ]
  },
  "Mean_MAE": 114933.92618916844,
  "Mean_MRE": 74.55032025370514,
  "Mean_MBRE": 18.40246883623077,
  "Mean_MIBRE": 0.7375758146571908,
  "Median_MAE": 113646.04529719369,
  "Median_MRE": 74.7313029896755,
  "Median_MBRE": 3.983511818349511,
  "Median_MIBRE": 0.733983898864869,
  "Runs": [
    {},
    {},
    {},
    {},
    {},
    {},
    {},
    {},
    {},
    {},
    {},
    {},
    {},
    {},
    {},
    {},
    {},
    {},
    {},
    {},
    {},
    {},
    {},
    {},
    {},
    {},
    {},
    {},
    {},
    {}
  ]
}