{
  "Metrics": {
    "MAE": [
      17110.963920557664,
      11118.661602519267,
      20019.125496359487,
      12997.756723470015,
      18118.73297358428,
      15594.064907003816,
      17908.514473659663,
      18579.025367284452,
      10394.769399868994,
      20040.131563666986,
      18322.62729422252,
      18828.017889351442,
      5927.386968657577,
      15131.74454967949,
      17289.288157991516,
      9410.39822108418,
      17742.35863447788,
      28563.27244508624,
      11665.32523339416,
      17372.18091629356,
      18180.39582962598,
      12614.030804215728,
      14868.27562796969,
      20543.316826547587,
      16134.968342400363,
      19008.335982223973,
      15593.294079670572,
      15388.206606717402,
      13445.638864872446,
      11442.574928702605
    ],
    "MRE": [
      8.505698661141242,
      8.647688088220928,
      9.44818360826222,
      11.104169574976394,
      8.53219478732109,
      9.34535492583062,
      8.914202179814962,
      9.732249342756342,
      6.582048385400799,
      10.753061925351666,
      9.758012763589026,
      9.82731441611445,
      6.134149906308757,
      10.736299131856274,
      9.589515953527906,
      8.752740071582613,
      8.407540200000716,
      12.94314093692833,
      9.992335380747997,
      9.695207473919067,
      9.667188555008721,
      8.902961438955149,
      9.923681337974394,
      10.922349881943692,
      9.785248438474747,
      8.646426337857047,
      9.433848246446662,
      8.572441426133388,
      9.164657407469779,
      9.426882334251141
    ],
    "MBRE": [
      0.10001217399255809,
      0.09595802253704754,
      0.10106773148461996,
      0.11946699527990123,
      0.09282292145155706,
      0.10514338393516044,
      0.09654985114249132,
      0.10787991267713988,
      0.07238366418339913,
      0.12150382446902673,
      0.10635635646882799,
      0.10179803085853589,
      0.07192248350511425,
      0.11269841112529383,
      0.10182240635329182,
      0.09701742436767749,
      0.09279666515930225,
      0.1415339919796117,
      0.11155011824407154,
      0.10153916718754077,
      0.10408894407362713,
      0.09586906868117226,
      0.10779047463092259,
      0.11968141826607169,
      0.10330204132449679,
      0.10206923014601607,
      0.10874057815079965,
      0.09598463911802162,
      0.1082204311563881,
      0.09980934757388252
    ],
    "MIBRE": [
      0.0690310139028641,
      0.0687120689382489,
      0.06915011957855567,
      0.07803300376426497,
      0.06894241614070089,
      0.07385332925571661,
      0.07060310584656926,
      0.07655703568930619,
      0.05727931785653343,
      0.08542079012925119,
      0.07805590121278015,
      0.06937109757303878,
      0.05640240454612824,
      0.07882903967550511,
      0.07576760680223224,
      0.0685718660763095,
      0.06453366013469304,
      0.087706893122289,
      0.07805208429279498,
      0.07055480857011215,
      0.07478221709436625,
      0.07197536343162972,
      0.07961702432977026,
      0.08304866084684973,
      0.07554828008411178,
      0.0741076390264433,
      0.07467228167625378,
      0.07153459286548143,
      0.078322672379495,
      0.06848863368624682
    ]
  },
  "Mean_MAE": 15978.446154371986,
  "Mean_MRE": 9.394893103938871,
  "Mean_MBRE": 0.10324599031745227,
  "Mean_MIBRE": 0.07325083095095143,
  "Median_MAE": 16622.966131479014,
  "Median_MRE": 9.44101592735444,
  "Median_MBRE": 0.10194581824965394,
  "Median_MIBRE": 0.07398048414107995,
  "Runs": [
    {},
    {},
    {},
    {},
    {},
    {},
    {},
    {},
    {},
    {},
    {},
    {},
    {},
    {},
    {},
    {},
    {},
    {},
    {},
    {},
    {},
    {},
    {},
    {},
    {},
    {},
    {},
    {},
    {},
    {}
  ]
}