{
  "Metrics": {
    "MAE": [
      142960.19802005414,
      105443.69033085581,
      139064.58458782028,
      159209.94730500356,
      111390.66286550276,
      122392.19984894454,
      111066.24867321497,
      117602.12504201765,
      134768.7690699595,
      160796.75390907063,
      122051.52610777691,
      110928.50574187153,
      123896.5136068113,
      153725.99886320825,
      114407.80142114872,
      141453.55489634437,
      149858.17033358474,
      81097.69111197673,
      168224.712183579,
      101283.95285472265,
      124242.94351560969,
      92624.3384413404,
      114438.78265291898,
      137001.95145200973,
      151964.5960655262,
      140575.27916911803,
      152686.27564263725,
      141557.34429902118,
      162215.08203732557,
      124784.42511138349
    ],
    "MRE": [
      379.9234602197658,
      222.15356567363412,
      280.3932374565622,
      437.1282853609353,
      172.01651771519096,
      219.1636736298487,
      194.4719861109299,
      218.3151398215603,
      346.38684279815044,
      414.7124064897674,
      259.0474322768561,
      179.48460980024922,
      291.6218209112206,
      370.0731366805161,
      201.20933485401102,
      372.6476251204318,
      331.7409613694211,
      133.34296469030588,
      463.5439497402073,
      137.53725973996208,
      275.7521765601282,
      161.32099440454064,
      240.92836121246992,
      282.9048356967798,
      408.2514180722642,
      301.8205584843632,
      465.61009311920543,
      344.529364309295,
      458.54238557309424,
      219.33008470161792
    ],
    "MBRE": [
      4.105000254517805,
      2.3765341649728216,
      3.112715961421113,
      4.78504543026263,
      2.0565786554031456,
      2.593922379470277,
      2.188455363209049,
      2.476480083982858,
      3.7056992334583145,
      4.568503261987841,
      2.8648449504083344,
      2.1363080802726935,
      3.1227743488087816,
      4.1054383883295404,
      2.3102053354298,
      4.018617717940453,
      3.7396531278312124,
      1.5086039891527094,
      4.954401327643288,
      1.6225038923323007,
      3.0179075843798495,
      1.733812902132913,
      2.5899182937657015,
      3.1418429222241175,
      4.467481814023846,
      3.503828403293151,
      4.912855274111381,
      3.8219579632245027,
      4.911110661696993,
      2.6130720650432795
    ],
    "MIBRE": [
      0.6296792969027935,
      0.5625613759462476,
      0.6668492083086917,
      0.7185021134637433,
      0.5662178250829467,
      0.6053196189369217,
      0.5830217354507222,
      0.5955608047929195,
      0.6405761285737972,
      0.7338454225277785,
      0.579803358932323,
      0.5562921139641589,
      0.6299449523830384,
      0.7125713433624389,
      0.5576130647008899,
      0.6561716899816493,
      0.7126248881320816,
      0.5010745712583441,
      0.7034430099697087,
      0.5030425250846844,
      0.617358334652018,
      0.4904104798727016,
      0.6001939376799715,
      0.6700899649784166,
      0.6841983191215638,
      0.6625579283542179,
      0.6672203349847783,
      0.6617965543834583,
      0.734112083100001,
      0.621802468689046
    ]
  },
  "Mean_MAE": 130457.15417201196,
  "Mean_MRE": 292.79681608644285,
  "Mean_MBRE": 3.2355357943576903,
  "Mean_MIBRE": 0.6274818484524017,
  "Median_MAE": 129776.5970906715,
  "Median_MRE": 281.649036576671,
  "Median_MBRE": 3.1177451551149473,
  "Median_MIBRE": 0.6298121246429159,
  "Runs": [
    {},
    {},
    {},
    {},
    {},
    {},
    {},
    {},
    {},
    {},
    {},
    {},
    {},
    {},
    {},
    {},
    {},
    {},
    {},
    {},
    {},
    {},
    {},
    {},
    {},
    {},
    {},
    {},
    {},
    {}
  ]
}