{
  "Metrics": {
    "MAE": [
      122768.41223977377,
      120159.93786221815,
      123888.43161637068,
      123169.52439795324,
      125322.25809331522,
      125170.16080634651,
      124003.51523890409,
      124451.56076668277,
      122085.21972520002,
      123496.5596903153,
      124769.24342694339,
      124719.12834197807,
      122504.30093565276,
      123798.385363219,
      123401.16003884877,
      122520.29989356172,
      124384.17021269172,
      123679.02310069713,
      122028.61269468252,
      122718.9620393053,
      122984.04247133578,
      122413.64184010636,
      121134.51486636128,
      123307.19615936038,
      123117.81872293323,
      124700.15454145618,
      122218.97857749231,
      124651.64989936253,
      122477.37225797058,
      125664.52649510388
    ],
    "MRE": [
      59.804464531604374,
      62.03145636141076,
      62.306135219946746,
      61.72878694944178,
      58.71698454960621,
      58.29492816102265,
      59.92168347726867,
      56.39268831147075,
      64.89481915182952,
      62.84799856328915,
      66.77887510743095,
      63.30609610302669,
      64.53732765497344,
      62.026555635631844,
      61.50229314034464,
      64.86172007191219,
      61.639768949379935,
      63.032587095574534,
      67.85624859460235,
      58.13846697888225,
      59.27495430036824,
      63.4530611649114,
      64.41270203627441,
      61.20532807292165,
      58.68755589343769,
      56.28347762306706,
      61.39347869336989,
      59.707508875513135,
      64.26691534431234,
      57.20581517658786
    ],
    "MBRE": [
      4.79456551980323,
      4.162072165416992,
      5.053006683428594,
      4.723038022827798,
      4.983804220468377,
      5.106826349769805,
      5.241039938974469,
      5.1823646512327555,
      4.511245789979018,
      4.748011782872313,
      4.761452108657769,
      4.9253485114877895,
      4.773080885030148,
      4.8319558582823205,
      4.666616277934183,
      4.667320024837665,
      4.9051106581267225,
      4.689341898260008,
      4.525996413847434,
      4.675115473802477,
      4.846330047460475,
      4.599540193334473,
      4.695843884079837,
      4.743703248853078,
      4.899100770288276,
      5.109725944741311,
      4.694146999138706,
      4.882115254422665,
      4.475563547828407,
      5.362968663570907
    ],
    "MIBRE": [
      0.46887151379546765,
      0.4668304283256303,
      0.474905304433639,
      0.47353648031007656,
      0.4648717690863201,
      0.4701408528006379,
      0.47190807911294014,
      0.4596763515852004,
      0.47671559699709387,
      0.4756853313237752,
      0.48562114343103596,
      0.476439002789801,
      0.4785174076067877,
      0.47478597524811306,
      0.47210346166996264,
      0.4784717672500008,
      0.4717918703370616,
      0.4756301310487628,
      0.4852084238026292,
      0.46149450170873485,
      0.46518773586286527,
      0.47635774339729425,
      0.47808381179553866,
      0.4703976125100713,
      0.4656382192300632,
      0.46022141359639523,
      0.47018080551456054,
      0.46886763878750487,
      0.4747249544678362,
      0.4666237327159353
    ]
  },
  "Mean_MAE": 123390.29207720475,
  "Mean_MRE": 61.5503560596471,
  "Mean_MBRE": 4.8078783929586,
  "Mean_MIBRE": 0.4719829686847245,
  "Median_MAE": 123354.17809910458,
  "Median_MRE": 61.684277949410856,
  "Median_MBRE": 4.767266496843959,
  "Median_MIBRE": 0.4720057703914514,
  "Runs": [
    {},
    {},
    {},
    {},
    {},
    {},
    {},
    {},
    {},
    {},
    {},
    {},
    {},
    {},
    {},
    {},
    {},
    {},
    {},
    {},
    {},
    {},
    {},
    {},
    {},
    {},
    {},
    {},
    {},
    {}
  ]
}