{
  "Metrics": {
    "MAE": [
      122894.88411441186,
      121221.7034934854,
      123592.23480850286,
      123204.05121048742,
      125574.4181028694,
      124971.60888185348,
      123582.74029627965,
      124564.30343566144,
      122169.30950762646,
      123379.58165440292,
      124433.62686413762,
      124443.68247081862,
      122129.36745913165,
      123674.80810901598,
      123628.38195593256,
      122311.97408202637,
      124425.26343584419,
      123814.18881114802,
      121794.13977489245,
      123227.06749681525,
      123254.71037048708,
      122419.97509376316,
      120865.21262874808,
      123437.30672984886,
      123262.19943622625,
      124686.09221646914,
      122382.96228259595,
      124862.82184163418,
      122891.26032714167,
      125443.42153168016
    ],
    "MRE": [
      56.69103791090138,
      70.11228903713636,
      57.35482517694869,
      63.47138072758162,
      60.229584381424104,
      57.465001741078005,
      58.058664254516,
      58.92546176683955,
      63.363080246944016,
      58.5746043469841,
      61.74604893678251,
      61.23431054467141,
      61.96485119097961,
      60.637035620567424,
      60.316323509348116,
      63.565463216915305,
      61.70873582707952,
      62.00329274474294,
      67.93187537272122,
      59.03135302320418,
      62.49322493188616,
      64.66198374414942,
      63.15866369115476,
      60.82733018020502,
      55.437132921889884,
      57.682172132149475,
      60.718151734932924,
      60.41872834167995,
      65.72446150856133,
      54.468622545569815
    ],
    "MBRE": [
      5.072271217611579,
      4.285481823961416,
      5.076699834070188,
      4.697807343573256,
      4.988754158666673,
      5.155953631641766,
      5.017611144350755,
      5.031851674940341,
      4.647327554095544,
      4.943423590680604,
      4.8661081536352055,
      4.860387092418803,
      4.6797240958380835,
      4.864112765571161,
      4.894306779975093,
      4.618378619315201,
      4.880774799769741,
      4.821634062414817,
      4.394972755029852,
      4.949021190151959,
      4.769064636272597,
      4.591254460903764,
      4.568524664891132,
      4.837958450975922,
      5.201620460825092,
      5.0634657630873505,
      4.819050560016803,
      4.978403314031072,
      4.5922029910468565,
      5.3863303008334915
    ],
    "MIBRE": [
      0.4623063801503809,
      0.4885719236370059,
      0.46340009634952334,
      0.4765966043393177,
      0.47073325369598995,
      0.46476917718250016,
      0.4653753568813454,
      0.46777514715457286,
      0.47394789682432314,
      0.4655989060824898,
      0.47360922617159434,
      0.4707057622373956,
      0.4712677005638695,
      0.4707070564506019,
      0.4703576491619542,
      0.4747572030514675,
      0.47296319480818405,
      0.47424446137409487,
      0.4844006335100178,
      0.4669532677621559,
      0.4745574103986993,
      0.47772143856927807,
      0.47444045510547056,
      0.47090199417671486,
      0.45892846941321336,
      0.46292417579880213,
      0.4699249882481028,
      0.4716363890900947,
      0.48065739473641184,
      0.4580249428378102
    ]
  },
  "Mean_MAE": 123418.10994746462,
  "Mean_MRE": 60.99918971031816,
  "Mean_MBRE": 4.851815929686538,
  "Mean_MIBRE": 0.47095861852544607,
  "Median_MAE": 123408.4441921259,
  "Median_MRE": 60.77274095756897,
  "Median_MBRE": 4.865110459603184,
  "Median_MIBRE": 0.4708176239363524,
  "Runs": [
    {},
    {},
    {},
    {},
    {},
    {},
    {},
    {},
    {},
    {},
    {},
    {},
    {},
    {},
    {},
    {},
    {},
    {},
    {},
    {},
    {},
    {},
    {},
    {},
    {},
    {},
    {},
    {},
    {},
    {}
  ]
}