{
  "Metrics": {
    "MAE": [
      478.5755789282664,
      519.312709382418,
      428.0996265185211,
      410.1815542360441,
      493.04290401330394,
      647.9825734080213,
      437.2952569465072,
      575.345368760963,
      554.9737402383912,
      510.60997160857426,
      479.27201632862483,
      673.1270221233347,
      428.1025997459388,
      461.1384848034765,
      678.8244283256056,
      449.5421556715275,
      479.5484131903676,
      625.817604478468,
      743.7376282478835,
      404.2445427708723,
      558.7719646168247,
      468.106175657681,
      451.80388592148455,
      522.1558787377035,
      500.78959797901865,
      407.1072182181317,
      517.5102312497164,
      461.10474405611654,
      449.04772550487684,
      427.46201995779103
    ],
    "MRE": [
      575.323580145263,
      749.2655770731965,
      385.36528486644863,
      670.1137216781996,
      655.3210441090647,
      1315.3506036380247,
      582.2356870543003,
      955.6829104284432,
      956.5203532055338,
      738.3593768577655,
      637.4257833112489,
      1173.4247435662473,
      359.256967746141,
      605.668789293652,
      1411.831482968497,
      470.55346640464614,
      597.2730261584735,
      1268.3412054148087,
      1558.1341647320953,
      466.7877503373556,
      1020.7266502694874,
      569.890053747243,
      511.7366023171933,
      908.9327341296209,
      700.2914238879885,
      303.1824450750078,
      761.3872194246875,
      594.8229889088727,
      468.8020210098006,
      404.9277447316063
    ],
    "MBRE": [
      6.132321786700062,
      7.738909986328045,
      4.670426713580098,
      6.801515591606255,
      7.314526287065839,
      13.179626217977217,
      6.168880606682395,
      9.791398894648648,
      9.766455786968516,
      8.058425400686618,
      6.596394196490036,
      11.814861080270456,
      4.678394358862008,
      6.552165064133891,
      14.451162351952341,
      5.429019420510326,
      6.178111978974135,
      12.887450190158697,
      15.83273204450104,
      5.127351283597497,
      10.538187349017118,
      6.352047216712795,
      6.048610758805832,
      9.347861686771758,
      7.465535352728137,
      3.832830027084577,
      7.762928537453766,
      6.346113221149276,
      5.512648867157833,
      5.060988193072625
    ],
    "MIBRE": [
      0.6870049111249038,
      0.707294135717253,
      0.6364798079567304,
      0.6106601392837028,
      0.6730593660756016,
      0.735232180046594,
      0.6229379314505618,
      0.7332895993927172,
      0.726228953872941,
      0.6952752777876852,
      0.6826859384746167,
      0.7717599270427735,
      0.6023620495273944,
      0.6731957303235174,
      0.7626675102219853,
      0.6407297760272789,
      0.6885300551683596,
      0.7373413863789362,
      0.7718353070091498,
      0.5896106809303353,
      0.7281294649842159,
      0.6827183645245251,
      0.6509713127748625,
      0.6890645043768528,
      0.7031985840624371,
      0.5996704507188233,
      0.7214064947608371,
      0.6712067599920081,
      0.6354705069048873,
      0.6089249459696059
    ]
  },
  "Mean_MAE": 508.0877873875486,
  "Mean_MRE": 745.897846749697,
  "Mean_MBRE": 7.914596015054927,
  "Mean_MIBRE": 0.681298068429403,
  "Median_MAE": 479.4102147594962,
  "Median_MRE": 646.3734137101568,
  "Median_MBRE": 6.698954894048145,
  "Median_MIBRE": 0.6848616378247144,
  "Runs": [
    {},
    {},
    {},
    {},
    {},
    {},
    {},
    {},
    {},
    {},
    {},
    {},
    {},
    {},
    {},
    {},
    {},
    {},
    {},
    {},
    {},
    {},
    {},
    {},
    {},
    {},
    {},
    {},
    {},
    {}
  ]
}