{
  "Metrics": {
    "MAE": [
      522.3295672194442,
      576.9078621844261,
      451.53686983309404,
      327.3624436990866,
      527.475772677029,
      592.9574321619531,
      469.31994699224276,
      521.80667539804,
      556.417226174563,
      545.3333054249463,
      503.23754491295546,
      691.5342131984232,
      418.81783556474494,
      463.9610072225542,
      689.654883406723,
      497.98427139193177,
      429.0248504925285,
      620.0450471072072,
      772.4980589076347,
      392.25463859487684,
      617.0732919137931,
      477.5513173180959,
      448.2838216622774,
      462.44776149930533,
      474.7970382151886,
      386.2729955453079,
      486.0876064368987,
      450.9137871319903,
      480.05977792972925,
      404.01561681421305
    ],
    "MRE": [
      610.3565897670615,
      859.3256059408424,
      416.41338438341415,
      432.7967898017243,
      762.1395752998056,
      1094.217851560549,
      704.3363489104192,
      760.1717114009779,
      986.0843053052776,
      833.4141433580795,
      752.9834576141652,
      1260.457475093468,
      334.1495243412571,
      586.6512514890642,
      1486.5880792371688,
      548.1205602340613,
      600.23377299323,
      1285.6208178804686,
      1573.0406840153714,
      466.8117891037149,
      1140.167763961558,
      617.0576267268999,
      506.714330718047,
      723.2491545745006,
      554.6099144469115,
      270.91521232489714,
      687.9901782611134,
      524.5905000553078,
      563.5627674429663,
      291.6018268718061
    ],
    "MBRE": [
      7.209544283822663,
      9.130325292948054,
      5.408286979798123,
      4.4679185386825075,
      8.507830192806123,
      10.947473208754298,
      7.356180767751395,
      7.8436380579824565,
      10.078668416808926,
      9.457355458993217,
      7.8082509263488085,
      12.681364975459921,
      4.320826620258898,
      6.512639011859381,
      15.22688033543635,
      6.70030974379844,
      6.0546387712686585,
      13.018407710138868,
      15.875865761932964,
      5.092038700016921,
      11.7779529353941,
      6.970260820181198,
      5.7917323727765,
      7.526016531539048,
      6.251363753166575,
      3.3033732603579016,
      6.982448749496739,
      5.646901197352592,
      6.7054590392467945,
      4.0939518412523945
    ],
    "MIBRE": [
      0.7105884047940305,
      0.7240458430769369,
      0.6615088954675121,
      0.5555069461914236,
      0.6952476046265146,
      0.7162113409180657,
      0.6575133841826165,
      0.7162738362222502,
      0.703644544640676,
      0.7099242041451288,
      0.6781640068345882,
      0.7667198121330646,
      0.5777376105135936,
      0.658083355729885,
      0.7605944166201758,
      0.6682898618106407,
      0.6626862424118779,
      0.7276530729693834,
      0.7739703660842299,
      0.5684084308079395,
      0.7478911688781149,
      0.6952488917294058,
      0.6504340230395951,
      0.6574040376139672,
      0.7019132580572194,
      0.6180457619420018,
      0.6992857037838146,
      0.6580550355314767,
      0.6551203848183065,
      0.58744595447719
    ]
  },
  "Mean_MAE": 508.59874890104027,
  "Mean_MRE": 741.1457664371376,
  "Mean_MBRE": 7.958263475187694,
  "Mean_MIBRE": 0.6787872133350542,
  "Median_MAE": 483.07369218331394,
  "Median_MRE": 652.5239024940067,
  "Median_MBRE": 7.095996516659701,
  "Median_MIBRE": 0.6867058057305514,
  "Runs": [
    {},
    {},
    {},
    {},
    {},
    {},
    {},
    {},
    {},
    {},
    {},
    {},
    {},
    {},
    {},
    {},
    {},
    {},
    {},
    {},
    {},
    {},
    {},
    {},
    {},
    {},
    {},
    {},
    {},
    {}
  ]
}