{
  "Metrics": {
    "MAE": [
      352.33269278581196,
      331.7750697466625,
      398.9982979156343,
      354.9913527353546,
      388.04969440765274,
      449.7010598879728,
      343.21293978165215,
      358.6375810094457,
      499.3590747848808,
      455.8817779805079,
      430.8916146626421,
      445.8736912946194,
      430.4913466309261,
      365.6018500397951,
      419.20179264465173,
      457.00691093240835,
      401.26873651844835,
      373.2028603414876,
      375.9098331831629,
      321.3602011923533,
      389.0057661395684,
      270.224382318932,
      428.3387532399273,
      348.15864239161453,
      425.07767006202045,
      383.44961141896056,
      491.62970618401886,
      386.1918064453154,
      404.13765460347497,
      363.34079731495245
    ],
    "MRE": [
      240.99719188752297,
      283.2777863553944,
      294.09976648676724,
      413.7045523271905,
      571.9476104923365,
      708.6374906989918,
      307.30728664120846,
      417.64155390728143,
      545.5971673465336,
      555.0518572433199,
      358.02228844883297,
      515.845941881803,
      262.0608427555296,
      368.89258245372963,
      499.7026102175403,
      462.9276787936806,
      481.6451951677079,
      573.10351579812,
      566.8196003799585,
      277.14076438695594,
      485.4050241626848,
      230.0463461718708,
      504.6949096850037,
      558.6436150353406,
      546.9110597490019,
      250.56070835171886,
      788.4627532004549,
      373.3116234077247,
      257.2906290350181,
      237.81096467457076
    ],
    "MBRE": [
      2.7765690210836285,
      3.260976301383591,
      3.41600562314576,
      4.227434886035351,
      5.897129716851903,
      7.114549223459141,
      3.7191345763700623,
      4.2935573243005845,
      5.7787303383909965,
      6.281169430329598,
      3.909147876557618,
      5.232936930348266,
      4.137089417360668,
      3.9965535089354023,
      5.078296583819536,
      5.302633688220932,
      4.992902208847958,
      5.772360436564841,
      5.788985667031182,
      3.2585432585909477,
      4.974974563087306,
      2.44892741693503,
      5.721038983240968,
      5.687045048803445,
      5.59689095472276,
      2.9581468675270752,
      8.050257286726008,
      4.091659811140794,
      3.3458293044263145,
      2.8473498790326155
    ],
    "MIBRE": [
      0.5120057365323333,
      0.4928133601424555,
      0.568930140414152,
      0.4940415273208797,
      0.5722432179654203,
      0.6022120870665663,
      0.5011286242380809,
      0.6296398777920772,
      0.6300153844404065,
      0.6245289514501333,
      0.6439034958877969,
      0.6497698784060234,
      0.5901236505780878,
      0.5443482510481561,
      0.6058373471581788,
      0.5629785092811633,
      0.5866239212914854,
      0.6407023704100082,
      0.5742576675795082,
      0.46955125509880274,
      0.6059342840813302,
      0.4721878257173135,
      0.6225403240226189,
      0.5552998253280702,
      0.6158989606823931,
      0.48710428933411704,
      0.6895841124635755,
      0.5804106816676302,
      0.5964294991507528,
      0.516003694411273
    ]
  },
  "Mean_MAE": 394.77677228649526,
  "Mean_MRE": 431.2520305714598,
  "Mean_MBRE": 4.665227537775675,
  "Mean_MIBRE": 0.5745682916986931,
  "Median_MAE": 388.5277302736106,
  "Median_MRE": 440.28461635048103,
  "Median_MBRE": 4.634265943693945,
  "Median_MIBRE": 0.5835173014795578,
  "Runs": [
    {},
    {},
    {},
    {},
    {},
    {},
    {},
    {},
    {},
    {},
    {},
    {},
    {},
    {},
    {},
    {},
    {},
    {},
    {},
    {},
    {},
    {},
    {},
    {},
    {},
    {},
    {},
    {},
    {},
    {}
  ]
}