{
  "Metrics": {
    "MAE": [
      443.07189498232185,
      350.8947776774198,
      360.63548814915725,
      542.5321019796198,
      529.9639411651348,
      531.5829213741896,
      519.336460568135,
      422.4964342907096,
      484.43867268070824,
      465.0510563938858,
      506.6026451206003,
      413.3676665726267,
      384.2748423061109,
      524.8606899019561,
      443.92640564630227,
      467.19328842921846,
      359.6117958511233,
      532.55441380114,
      459.5445099410084,
      488.91648790308557,
      441.93723048643017,
      490.8659164460948,
      534.8628046529877,
      418.34754512172657,
      445.2828377865244,
      484.97968436100547,
      499.1839941813776,
      407.52489888325067,
      399.2142411754841,
      397.97347324226445
    ],
    "MRE": [
      587.4677607435893,
      336.04799170343586,
      247.54436695341,
      973.2916383129437,
      735.4375919002126,
      823.5638141506573,
      706.124185214174,
      565.4358613446572,
      453.3057922835694,
      608.2914595111112,
      658.514329975145,
      492.1117160681823,
      354.0215497588472,
      707.1456780558401,
      526.1849700512875,
      582.7681855747704,
      371.1764565737593,
      752.2582490064713,
      676.6277642370314,
      578.8982076294739,
      536.690450780885,
      562.2965877321658,
      841.2646947325289,
      534.2557629012401,
      517.3103080377597,
      648.9643642403306,
      591.642099939681,
      473.953978527174,
      416.54707023935094,
      432.2940475499108
    ],
    "MBRE": [
      6.1386217765880176,
      3.625743009630229,
      2.9122411675662017,
      10.081632515692442,
      7.970936691016448,
      8.657111384554984,
      7.49166938195066,
      6.05112497950884,
      5.216395516486334,
      6.4975121920517145,
      7.368524762691314,
      5.2885898669603275,
      4.006985238396979,
      7.520898792285259,
      5.601866784831296,
      6.313628355545809,
      4.01328367006489,
      8.102388714848805,
      7.104459044691927,
      6.294001049172443,
      5.760528146266231,
      6.333708179905824,
      8.84129404250764,
      5.746712513722414,
      5.564940451935826,
      7.243705617070924,
      6.486590529474863,
      5.156099360295719,
      4.613305447843092,
      4.664506098556629
    ],
    "MIBRE": [
      0.6421594863629424,
      0.5426345068468523,
      0.5083165437428203,
      0.7019852043256481,
      0.7191795202794369,
      0.7086619028883169,
      0.7182437310193428,
      0.6489255912916745,
      0.6951871116802231,
      0.656463398738165,
      0.7112569724021844,
      0.6024158031142421,
      0.574919781129515,
      0.7194956844807466,
      0.6539506796848645,
      0.6418531339874067,
      0.5189697701580093,
      0.7305088100389808,
      0.6444226520651366,
      0.6966385644044144,
      0.6204617724669145,
      0.6728569915394885,
      0.7319764645731661,
      0.6220488380279879,
      0.6366875905780409,
      0.6684198919597487,
      0.6881390442380055,
      0.6005753123559168,
      0.6158615263200263,
      0.5680524417218155
    ]
  },
  "Mean_MAE": 458.36763736905334,
  "Mean_MRE": 576.3812311243198,
  "Mean_MBRE": 6.22230017607047,
  "Mean_MIBRE": 0.6487089574140676,
  "Median_MAE": 462.2977831674471,
  "Median_MRE": 572.1670344870655,
  "Median_MBRE": 6.216311412880231,
  "Median_MIBRE": 0.6514381354882695,
  "Runs": [
    {},
    {},
    {},
    {},
    {},
    {},
    {},
    {},
    {},
    {},
    {},
    {},
    {},
    {},
    {},
    {},
    {},
    {},
    {},
    {},
    {},
    {},
    {},
    {},
    {},
    {},
    {},
    {},
    {},
    {}
  ]
}