{
  "Metrics": {
    "MAE": [
      525.6042864124354,
      405.9443032345432,
      381.3425552887411,
      595.1503297152354,
      554.5720494946981,
      616.172459641919,
      599.8103781322343,
      480.02685862659916,
      578.0755928781361,
      476.52250622166514,
      537.7626588576028,
      495.2074001372682,
      397.53327668986117,
      563.3764585800375,
      494.7755718625639,
      434.40388126626993,
      427.0043931435963,
      540.4194570366475,
      484.1610395189981,
      456.74770671328304,
      569.2206639203984,
      529.943206280207,
      565.4274465796321,
      485.9623650456454,
      446.88481148069116,
      498.66356118794226,
      512.9547135747331,
      513.7977065955902,
      514.0917965475955,
      410.65707039778357
    ],
    "MRE": [
      796.7608150481936,
      498.9942983588678,
      266.2923767523773,
      1092.9000763828271,
      773.5627130610959,
      1029.7932327925137,
      875.1261849801094,
      667.5416148941872,
      756.4650611179073,
      701.5603375210453,
      726.0007120761468,
      690.0835145716795,
      401.9146198833332,
      810.892678006589,
      624.1721863998753,
      479.5268757588069,
      613.9656846620275,
      768.3468231344681,
      752.3848260385371,
      500.7636752845045,
      907.6971849511184,
      656.9867049027196,
      893.4597072614814,
      795.2335360068555,
      590.9451893787842,
      819.6619383991639,
      610.7645688049668,
      775.4196550551267,
      678.9957104331526,
      467.1841744197871
    ],
    "MBRE": [
      8.405069579470233,
      5.232137659033523,
      4.116523816689199,
      11.367145847207441,
      -112.70489473793772,
      10.362071275559119,
      9.111438481726749,
      7.2287092716136385,
      7.926009486942043,
      7.161719050046605,
      8.053361347383786,
      7.331950429380224,
      4.460372280475638,
      8.703393170061334,
      6.314027089352755,
      5.199687170718652,
      6.187728575180438,
      8.224856924841546,
      7.91766240413433,
      5.484403294683012,
      9.773308371917292,
      7.281331110111146,
      9.296745542714064,
      7.991691993668785,
      5.98965110757252,
      8.307927578183833,
      6.5688836686940695,
      7.90619850539605,
      7.5269692423519485,
      4.888294500152353
    ],
    "MIBRE": [
      0.7036789471489212,
      0.6341649593777298,
      0.5790111361319734,
      0.7409206460908104,
      0.7541921745811604,
      0.7645113467076065,
      0.7601722255505121,
      0.6930254837535138,
      0.8701104024360201,
      0.7122071999093563,
      0.7397341560419232,
      0.7163498504215959,
      0.6136562631045057,
      0.7309378975420221,
      0.7779926657764112,
      0.603268486036814,
      0.699700041435938,
      0.7411020482661269,
      0.6913037005790512,
      0.6858906325938232,
      0.7428508663423959,
      0.7615888632437137,
      0.7493806336119849,
      0.7806964372645946,
      0.710367845681002,
      0.7456449233307568,
      0.7617855302148097,
      0.9067271289770891,
      0.7160239870600587,
      0.7184540637351535
    ]
  },
  "Mean_MAE": 503.0738835020851,
  "Mean_MRE": 700.7798892112751,
  "Mean_MBRE": 3.387145801244154,
  "Mean_MIBRE": 0.7268483514315792,
  "Median_MAE": 505.8091373813377,
  "Median_MRE": 713.780524798596,
  "Median_MBRE": 7.429459835866086,
  "Median_MIBRE": 0.7353360267919726,
  "Runs": [
    {},
    {},
    {},
    {},
    {},
    {},
    {},
    {},
    {},
    {},
    {},
    {},
    {},
    {},
    {},
    {},
    {},
    {},
    {},
    {},
    {},
    {},
    {},
    {},
    {},
    {},
    {},
    {},
    {},
    {}
  ]
}