{
  "Metrics": {
    "MAE": [
      302.08139129070963,
      274.7217592913434,
      331.393767734558,
      299.7442990789417,
      337.72332047420866,
      289.51484677566594,
      271.86923746124626,
      339.2981712080264,
      314.26914129245614,
      301.3249209206842,
      249.98493359655936,
      204.39031632458145,
      378.4904571608298,
      380.7662293494286,
      373.63262053115784,
      220.9141542054057,
      292.27622163670577,
      305.0122913689764,
      201.6840575910053,
      228.28485261597015,
      225.4981169661162,
      297.3058878828417,
      393.66529201862545,
      271.6008956735939,
      324.4725930488785,
      303.9352171521524,
      371.53674354424714,
      219.4902204404196,
      285.24092189131665,
      203.2262232979237
    ],
    "MRE": [
      447.3095355455506,
      372.9480097922791,
      363.3901002254601,
      442.0917655015952,
      410.6108395803779,
      407.41559979737474,
      436.2320693829168,
      426.5774553598635,
      387.03466014101696,
      492.67290025023425,
      364.5263375819154,
      255.28459505257484,
      378.74695977489114,
      540.3550890099791,
      481.37708699364896,
      277.14291213820206,
      451.5828398269579,
      430.9636764777328,
      270.9525171112059,
      305.22892711273045,
      282.17312098668106,
      343.4083987519543,
      514.3131261554574,
      383.4007906454102,
      431.53809025676304,
      338.74917543015124,
      446.52101744172467,
      268.11485279274996,
      345.9603113224854,
      273.68480420405115
    ],
    "MBRE": [
      2.7650726998000126,
      -1.0651096272417495,
      1.4613042998174046,
      2.796456948858315,
      2.0037407531937443,
      2.861589704709257,
      2.925621737333091,
      3.2187819490728247,
      2.091310081667305,
      3.2016748981208196,
      2.362386456832851,
      1.5880986666168115,
      2.3209114076000277,
      1.6053638496374214,
      3.7785095141624314,
      2.723166800645633,
      2.790273022726896,
      3.1018158979099573,
      1.902306189152566,
      2.6393806270423523,
      3.4299496875996422,
      1.9676293089542611,
      3.6985486690722684,
      2.101899948555838,
      2.284258043120511,
      4.6844622572905275,
      0.8425357295048086,
      1.4726480364113912,
      2.648222403305313,
      2.251305555766262
    ],
    "MIBRE": [
      1.662116004687081,
      1.8380933777387813,
      1.426597329113435,
      1.8497030380825554,
      1.3535377721080597,
      1.4597823250362967,
      1.6110316556412483,
      1.5587965591869333,
      1.4797247298312026,
      1.9673993376798846,
      1.144451416955958,
      1.0115163027263803,
      1.5876785866996506,
      1.5229180151020527,
      1.8116801835870926,
      1.1903881344444776,
      1.7800427478391658,
      1.392998045530653,
      1.0078961288872574,
      1.2360962586089723,
      0.9983115493019324,
      1.7584367231124585,
      1.4693146982966108,
      1.0000176308515443,
      1.605892541339538,
      1.321692925700742,
      1.7089422929431284,
      1.2339512050218564,
      1.1653567705791006,
      0.9368314112690539
    ]
  },
  "Mean_MAE": 293.11163672748575,
  "Mean_MRE": 385.6769188214646,
  "Mean_MBRE": 2.4151371839079596,
  "Mean_MIBRE": 1.4363731899301035,
  "Median_MAE": 298.5250934808917,
  "Median_MRE": 385.2177253932136,
  "Median_MBRE": 2.5008835419376014,
  "Median_MIBRE": 1.4645485116664538,
  "Runs": [
    {},
    {},
    {},
    {},
    {},
    {},
    {},
    {},
    {},
    {},
    {},
    {},
    {},
    {},
    {},
    {},
    {},
    {},
    {},
    {},
    {},
    {},
    {},
    {},
    {},
    {},
    {},
    {},
    {},
    {}
  ]
}