{
  "Metrics": {
    "MAE": [
      185.99797779744318,
      181.1520389084241,
      224.52373201731078,
      191.43781924375264,
      256.77622295388124,
      205.7298601912628,
      182.54174905189078,
      244.25626946124473,
      211.85079245393592,
      172.4888385565297,
      174.14145640234216,
      137.49235854487014,
      279.1828448899777,
      252.75721728602323,
      247.42479224217416,
      143.35847481571778,
      218.4270027404004,
      208.6488469500907,
      131.31297459132324,
      153.7137566193133,
      187.093387856127,
      206.01000119282043,
      274.12813122860894,
      195.9506824974391,
      206.34499592026503,
      215.61289981688986,
      242.3449227001602,
      150.41358245204637,
      243.28336969801154,
      162.48696842249208
    ],
    "MRE": [
      136.2468198471161,
      105.70445030715045,
      87.11481515942329,
      168.89621600441305,
      172.51290872538928,
      130.74920372612246,
      100.9360171186444,
      141.8032495781418,
      110.52998549113732,
      145.95246067279584,
      149.98372743116573,
      74.07689590466072,
      162.876905110591,
      174.4592278960223,
      154.42835441053091,
      99.38750000967852,
      166.66106583969093,
      140.545837533135,
      90.29491186224975,
      107.39387302513141,
      93.62722253764944,
      108.3772142014678,
      179.87222459777036,
      138.65820631398344,
      144.37243974436822,
      128.5470882687157,
      120.61234324010712,
      77.43196274507346,
      103.42315088136007,
      117.30913056784485
    ],
    "MBRE": [
      1.5218636130741108,
      1.291069922730188,
      1.3867645498477978,
      1.9209755506275,
      1.9452470215726523,
      1.634549395041181,
      1.181599163356556,
      1.8294403919991498,
      1.474410669879166,
      1.5596260212699193,
      1.7073237135680241,
      0.8431182528569111,
      2.060335720550757,
      1.9845062849640336,
      1.8569918325916985,
      1.1863508347274612,
      1.9288056793995878,
      1.6334986808677716,
      1.1288407659290673,
      1.1625204898465096,
      1.1543691266479603,
      1.3524497531575372,
      2.065119324667427,
      1.5326003269318138,
      1.6465863687654616,
      1.5111787150734108,
      1.5203676001138888,
      0.9330344771017586,
      1.425883350385897,
      1.2562990753415006
    ],
    "MIBRE": [
      0.34674489917032425,
      0.3359077072547326,
      0.37303576772371083,
      0.35806585707721084,
      0.3963711277094286,
      0.3277290767729391,
      0.34612632436684615,
      0.3818326024196693,
      0.39169654670909354,
      0.35264672746432496,
      0.3679198256099475,
      0.3104704671158687,
      0.4020079015199761,
      0.3856491182637732,
      0.41219350235891733,
      0.32207852734664866,
      0.39647163115520406,
      0.3618307640725651,
      0.31561670790499835,
      0.32177565250130347,
      0.35356184832989074,
      0.3599220464087577,
      0.43402111450970227,
      0.37910026073821107,
      0.35893580478476217,
      0.36261731768063143,
      0.3987074625213045,
      0.3155594085735404,
      0.3933098581226657,
      0.3087941406272627
    ]
  },
  "Mean_MAE": 202.8961322500923,
  "Mean_MRE": 127.75951362505106,
  "Mean_MBRE": 1.5211908890962234,
  "Mean_MIBRE": 0.3623566665604738,
  "Median_MAE": 205.8699306920416,
  "Median_MRE": 129.64814599741908,
  "Median_MBRE": 1.521115606594,
  "Median_MIBRE": 0.3608764052406614,
  "Runs": [
    {},
    {},
    {},
    {},
    {},
    {},
    {},
    {},
    {},
    {},
    {},
    {},
    {},
    {},
    {},
    {},
    {},
    {},
    {},
    {},
    {},
    {},
    {},
    {},
    {},
    {},
    {},
    {},
    {},
    {}
  ]
}