{
  "Metrics": {
    "MAE": [
      373.710372386471,
      426.75002172769837,
      426.1506400679918,
      421.84950190456334,
      403.7079671718603,
      386.8356982791548,
      430.31311215708996,
      424.9219567007217,
      372.87724780730775,
      403.64931406120536,
      408.923159078809,
      420.01640339169296,
      426.8109055472983,
      432.601204913027,
      389.2038795174243,
      399.29129224040855,
      408.2279558983594,
      418.70724224131453,
      392.8605962951685,
      394.41547167793135,
      421.9096797548478,
      424.2830729831329,
      422.3937296994835,
      397.7097845268367,
      417.60416752025776,
      414.05460262402636,
      381.7453950188202,
      418.095419748675,
      399.2476810182261,
      409.840467866937
    ],
    "MRE": [
      232.3988341154168,
      129.89102125572535,
      136.32447171467305,
      182.44457559176251,
      249.37984491072092,
      197.81124441208755,
      204.2122022887663,
      179.1717322642821,
      212.83534181735035,
      281.613552614615,
      156.1682465550383,
      143.40972937181246,
      137.16155645974834,
      197.10307829067972,
      164.6394972146936,
      191.44461751887755,
      249.84065244654286,
      161.96411297632153,
      104.58503397652288,
      140.9132075028703,
      129.6733153246576,
      163.76719862591446,
      178.90071893575544,
      229.5814840667167,
      194.71059742158246,
      162.9729914903228,
      233.3569741538931,
      193.07755627204085,
      116.28049188273258,
      141.28721437952484
    ],
    "MBRE": [
      2.8987478689568933,
      6.287850443771523,
      5.641584449565528,
      5.386456868978435,
      3.4467972851477846,
      2.987851602736071,
      5.541762943249106,
      5.116679564622197,
      2.7488812693957434,
      3.7309860125949257,
      3.2928627257300165,
      4.976480069924237,
      5.660125108844399,
      5.565375382279623,
      2.969064837204259,
      3.213181810255263,
      3.5543516861087996,
      4.198342421663726,
      3.512490755512489,
      2.9521011954649925,
      5.361164905313986,
      5.053746530391781,
      5.539712398475443,
      3.255156373940106,
      4.297724551784722,
      3.750611872929298,
      3.006251830253078,
      4.3797091206008165,
      3.0251596384942374,
      3.7111642652952983
    ],
    "MIBRE": [
      0.5446542386890858,
      0.5673744131013219,
      0.5601836087529969,
      0.5664850211038467,
      0.5648376221262091,
      0.5691536328906905,
      0.5973933115398191,
      0.5790773240315026,
      0.5502840458765678,
      0.594545774596615,
      0.5546069896117408,
      0.5622831882453642,
      0.5561984302146459,
      0.578283623401774,
      0.5227851871255035,
      0.5490120006003427,
      0.5938310810471733,
      0.5663689796612995,
      0.5105813869280793,
      0.49210170278678583,
      0.5554517677390944,
      0.5767335407029495,
      0.5694948636171542,
      0.5810153050087171,
      0.5758591024342083,
      0.5786898488054337,
      0.5611219278094581,
      0.5853327437171847,
      0.4995636744192368,
      0.5524519404728839
    ]
  },
  "Mean_MAE": 408.9569314608915,
  "Mean_MRE": 179.89736986172161,
  "Mean_MBRE": 4.168745859649493,
  "Mean_MIBRE": 0.5605252092352562,
  "Median_MAE": 411.9475352454817,
  "Median_MRE": 179.03622560001878,
  "Median_MBRE": 3.740798942762112,
  "Median_MIBRE": 0.5656033008937543,
  "Runs": [
    {},
    {},
    {},
    {},
    {},
    {},
    {},
    {},
    {},
    {},
    {},
    {},
    {},
    {},
    {},
    {},
    {},
    {},
    {},
    {},
    {},
    {},
    {},
    {},
    {},
    {},
    {},
    {},
    {},
    {}
  ]
}