{
  "Metrics": {
    "MAE": [
      373.6555240081296,
      399.48837836050956,
      396.7506857458273,
      393.964748652984,
      384.8867439069817,
      378.7576340713514,
      361.8455156159393,
      379.51701094035053,
      372.19161704374216,
      378.1719022305657,
      399.878903348414,
      376.8140680917487,
      406.6931096798875,
      373.86277037169674,
      363.6323811898834,
      375.65199177084975,
      392.9617219130261,
      376.58290462749716,
      369.8439126469344,
      374.93239554664143,
      385.5715569075595,
      385.7255722709944,
      401.4645059663656,
      396.53200301913984,
      391.8453908220324,
      387.38996474110087,
      371.0491688932464,
      384.6440441544743,
      373.1796330395543,
      379.16317136099144
    ],
    "MRE": [
      154.07166564923313,
      74.75011865321429,
      94.62715995553465,
      144.77295669431928,
      176.34268741540134,
      135.98978149431935,
      116.15902210023134,
      140.1989081906268,
      124.99125820815651,
      238.81885895120925,
      94.17745737770169,
      127.47732820598468,
      127.29621773973498,
      145.38992931837836,
      128.99050161932016,
      124.61487629847299,
      126.94427638532196,
      108.58328285980186,
      136.8068050764086,
      99.26340273368375,
      85.40273259710064,
      116.89939823147057,
      147.15347771653177,
      193.21522082433626,
      118.5555682036181,
      160.90801018189936,
      158.74217964586347,
      135.77418854721907,
      106.2190370021862,
      112.24208612291855
    ],
    "MBRE": [
      2.4435419620770555,
      3.444111875722945,
      2.8741682567614704,
      3.084954220269899,
      2.6806658689937217,
      2.450355825214268,
      1.9177528005604272,
      2.3707611400077826,
      2.1960675938924528,
      2.9831894134923878,
      2.954852678975874,
      2.263644234666718,
      3.3112529544887215,
      2.42614678319775,
      2.197443153216478,
      2.1496027570314773,
      2.857870932749934,
      2.133468321484596,
      2.175188660749815,
      2.1179700179542635,
      2.50714316968852,
      2.455826975973102,
      3.5528376896744533,
      3.0568440108609494,
      2.735791811225008,
      2.6414193037810527,
      2.3362306725810695,
      2.739022679832312,
      1.9288273163766023,
      2.150859589254064
    ],
    "MIBRE": [
      0.4963490238388104,
      0.45537682462896606,
      0.4972285603522209,
      0.5060597220206677,
      0.5070038472985934,
      0.5046201345682121,
      0.4642045217420801,
      0.5011747635079973,
      0.4974044123719203,
      0.5321282515024783,
      0.4860952222642495,
      0.503126227766012,
      0.5072201614001902,
      0.48217201037340396,
      0.47913577311071603,
      0.48613802225105973,
      0.5111369856652683,
      0.46509710264289206,
      0.4818903103031817,
      0.44079396470308896,
      0.47039148438043793,
      0.47587658431591007,
      0.5167109752552641,
      0.5419137528246243,
      0.4957748357982261,
      0.5344718513502712,
      0.5180206766636397,
      0.4925917954781407,
      0.4698986459016188,
      0.4610291634909511
    ]
  },
  "Mean_MAE": 382.88829769794734,
  "Mean_MRE": 131.8459464666733,
  "Mean_MBRE": 2.5712604223585056,
  "Mean_MIBRE": 0.4927011869257031,
  "Median_MAE": 379.340091150671,
  "Median_MRE": 127.38677297285983,
  "Median_MBRE": 2.453091400593685,
  "Median_MIBRE": 0.49606192981851827,
  "Runs": [
    {},
    {},
    {},
    {},
    {},
    {},
    {},
    {},
    {},
    {},
    {},
    {},
    {},
    {},
    {},
    {},
    {},
    {},
    {},
    {},
    {},
    {},
    {},
    {},
    {},
    {},
    {},
    {},
    {},
    {}
  ]
}