{
  "Metrics": {
    "MAE": [
      117.24333381016663,
      133.91714976028496,
      112.68504080898988,
      109.08298297459366,
      71.97748422395502,
      119.11529371926049,
      123.42409332477692,
      115.85490429825143,
      93.86276562390874,
      114.81338547105234,
      121.70373505643303,
      68.65632605416224,
      132.89560347353242,
      115.7821027599405,
      140.4765911721116,
      91.40027815865602,
      103.90807016130843,
      76.39962240996805,
      103.0684155198497,
      91.4522598192743,
      132.74544484754412,
      127.00421880149638,
      110.06092593903102,
      82.83484914081642,
      114.03503912346109,
      104.50055358589445,
      65.03857242126601,
      109.7043902272269,
      137.50359378578534,
      136.13180974394697
    ],
    "MRE": [
      26.103259170271215,
      39.11455009396057,
      22.548565085127464,
      25.168834035542176,
      18.801461591043957,
      29.004976207868683,
      34.13362984951166,
      32.594819683954796,
      20.634745514518677,
      29.884080005138248,
      33.36123946094514,
      12.21407504271648,
      37.49323093983094,
      26.53623884932023,
      38.240818208353716,
      20.6316420970005,
      26.513176369828845,
      17.053709096480475,
      27.552687188287894,
      22.937732715098395,
      31.326407318035855,
      31.40057879977701,
      30.06538198215865,
      21.210939623153212,
      27.67720530637942,
      30.860625273806885,
      15.011945998956019,
      22.900490496215642,
      28.405862115157525,
      35.11613182941171
    ],
    "MBRE": [
      0.31641111475707767,
      0.40389298951068314,
      0.29396264505700004,
      0.2955157969316894,
      0.19597071969220267,
      0.33337932646466534,
      0.3610444845775954,
      0.33866058391538073,
      0.2506725445057644,
      0.32641981890418914,
      0.353768549043322,
      0.15268269853814026,
      0.39088277961810736,
      0.31248965076264534,
      0.410882439267139,
      0.2402277694619672,
      0.2892419072462375,
      0.19150692618127207,
      0.29334982135552823,
      0.24080672410600568,
      0.3730171683242055,
      0.3576706106203541,
      0.3172565243976121,
      0.2259534273913467,
      0.3155583017520233,
      0.316313940820049,
      0.1666416100223401,
      0.29821374340436557,
      0.3946901112853963,
      0.3897351918853966
    ],
    "MIBRE": [
      0.21912905439252103,
      0.2410146393150472,
      0.20761352726608315,
      0.20465421803816075,
      0.150284862064612,
      0.22634165930761918,
      0.23042483536604672,
      0.2186621093644111,
      0.18639379935940537,
      0.21838465668537,
      0.22792092261668315,
      0.11905397842362499,
      0.24235646282572035,
      0.21900479030534256,
      0.25342000356860095,
      0.17529261457807988,
      0.19960221003426645,
      0.14766170950408652,
      0.1961610440613439,
      0.1749068510845922,
      0.24771631111345818,
      0.23595297015517117,
      0.21003414208760124,
      0.16495986838179766,
      0.21473277606753657,
      0.19698843876773425,
      0.1344073986225603,
      0.20330500479453664,
      0.2518892972657517,
      0.2500334989272198
    ]
  },
  "Mean_MAE": 109.24262787389817,
  "Mean_MRE": 27.149967998261733,
  "Mean_MBRE": 0.30489399732665673,
  "Mean_MIBRE": 0.20561012181149949,
  "Median_MAE": 113.36003996622549,
  "Median_MRE": 27.614946247333656,
  "Median_MBRE": 0.31593612128603615,
  "Median_MIBRE": 0.2123834590775689,
  "Runs": [
    {},
    {},
    {},
    {},
    {},
    {},
    {},
    {},
    {},
    {},
    {},
    {},
    {},
    {},
    {},
    {},
    {},
    {},
    {},
    {},
    {},
    {},
    {},
    {},
    {},
    {},
    {},
    {},
    {},
    {}
  ]
}