{
  "Metrics": {
    "MAE": [
      43.90931176109708,
      44.90426884921379,
      70.11211591848158,
      59.273737621150055,
      36.662248751058655,
      73.60764885554578,
      42.22680435509213,
      49.5109757081564,
      60.420309871827,
      54.67478979693323,
      68.20866818218775,
      45.5076347333948,
      99.19682005841842,
      65.8748068545849,
      48.061690199262564,
      47.011370345175465,
      53.26575777670424,
      46.054687744956894,
      55.83065228543055,
      66.42742228957059,
      74.99614226634507,
      48.15375225062924,
      48.26483254337689,
      38.77267909156296,
      44.7652065061088,
      79.99455259869843,
      65.57190562172447,
      53.23460683733091,
      73.9583208987449,
      66.36031891527891
    ],
    "MRE": [
      8.75732782539468,
      9.742412585365159,
      13.988118536635739,
      13.309769900570231,
      8.106573179613605,
      16.088553893457032,
      10.32449837426104,
      11.446060877610375,
      13.303930783473403,
      11.617699993386479,
      14.34959600508896,
      8.411546572607117,
      26.011815857531236,
      12.905693707500582,
      12.109538096685537,
      9.264620005246398,
      11.963738684711712,
      9.428623226152634,
      12.309189986828994,
      15.870270381700585,
      16.204862085641995,
      10.314236821433848,
      11.637411385075303,
      8.161703037470224,
      9.566231825288753,
      20.726386366954504,
      15.255364654778703,
      11.190065356797637,
      14.293639577292833,
      14.30343183725772
    ],
    "MBRE": [
      0.09580443462627856,
      0.10205341452506259,
      0.17159952554168623,
      0.14516635099960812,
      0.0853234079054192,
      0.18143733756326688,
      0.10880973212892144,
      0.11827314875189655,
      0.1565196278606536,
      0.13036810065599722,
      0.1585090739740224,
      0.09732258653820583,
      0.2752591401857712,
      0.1504042337431127,
      0.12600257052521366,
      0.09905547246303947,
      0.12443225691894437,
      0.10501052202738725,
      0.1416837718318053,
      0.16515542604048636,
      0.18685587423187888,
      0.11617859695014024,
      0.12161758283182775,
      0.08743518620397417,
      0.10158431715001749,
      0.2260174284859654,
      0.16310739212846143,
      0.12949868291028135,
      0.18091930996248953,
      0.16594492031726196
    ],
    "MIBRE": [
      0.0832648492213371,
      0.08745189046460415,
      0.13244100854892826,
      0.11229715938057859,
      0.07501093117879673,
      0.13636961552712115,
      0.08975860858492242,
      0.09910162263964684,
      0.12155565820551065,
      0.10684524675495556,
      0.1254330405370057,
      0.08246769112767229,
      0.18485284857333,
      0.12024845383348608,
      0.10209042071816589,
      0.08426767944367387,
      0.10359403736721913,
      0.08848892987855253,
      0.11207401160347652,
      0.13052999161509757,
      0.1420782115887081,
      0.09634661774575727,
      0.09820726257482604,
      0.07583657879789024,
      0.08734101659595866,
      0.15730906776163658,
      0.12692942271075297,
      0.10427527543944483,
      0.13645325267010197,
      0.12859105891262881
    ]
  },
  "Mean_MAE": 57.493801316268076,
  "Mean_MRE": 12.698763714060432,
  "Mean_MBRE": 0.1405783141993026,
  "Mean_MIBRE": 0.11105038200005955,
  "Median_MAE": 53.97027378681874,
  "Median_MRE": 12.036638390698624,
  "Median_MBRE": 0.12993339178313928,
  "Median_MIBRE": 0.1055602610972002,
  "Runs": [
    {},
    {},
    {},
    {},
    {},
    {},
    {},
    {},
    {},
    {},
    {},
    {},
    {},
    {},
    {},
    {},
    {},
    {},
    {},
    {},
    {},
    {},
    {},
    {},
    {},
    {},
    {},
    {},
    {},
    {}
  ]
}