{
  "Metrics": {
    "MAE": [
      42.07400653698979,
      54.74140800595238,
      62.76660510416667,
      57.65768247023809,
      76.65098102678571,
      40.18761532738095,
      77.91521220982143,
      49.07907544642857,
      53.65339977465985,
      159.14050529761906,
      115.3347853125,
      46.48508223214285,
      78.17875825892855,
      101.26028430059526,
      102.00420261904762,
      114.16384523809523,
      55.85622306547618,
      49.644749300595244,
      40.683935773809516,
      73.9007093799603,
      137.34159509141156,
      46.85520494047619,
      125.36686953869048,
      76.40241562499999,
      31.105385684523817,
      64.72417758928572,
      37.30384192176871,
      46.80399504464287,
      88.72666986607143,
      65.84465855761054
    ],
    "MRE": [
      7.934777757989068,
      11.633168895196217,
      12.533225897135614,
      11.10969340335618,
      18.65241651997794,
      8.279768410934391,
      21.021889322798618,
      9.47716486020296,
      10.174507562296155,
      38.937946959265915,
      30.475992501182876,
      8.472018265602681,
      19.954428051014307,
      21.504913898945546,
      26.873232702251705,
      28.83303837429869,
      11.060699855993034,
      9.399352967221889,
      8.27426064204665,
      19.312748746027935,
      32.22191875283361,
      9.341598771956876,
      33.95889730977952,
      19.546813785578983,
      6.362095012762488,
      15.237925873373658,
      7.765824611767122,
      9.4625281935137,
      21.587949717673848,
      12.88081425439984
    ],
    "MBRE": [
      0.08755508922174055,
      0.12008407273207955,
      0.14236856353103944,
      0.12646019894979701,
      0.1998337638755994,
      0.08828250880766633,
      0.22085906937698888,
      0.1063283402184595,
      0.11815059684871354,
      0.5017355477444566,
      0.3281283896570467,
      0.09548455534345138,
      0.22213702414430223,
      0.27573433926711893,
      0.29938948851635194,
      0.33999274060518336,
      0.12179840875509321,
      0.11049182593348161,
      0.08986042714827845,
      0.20355524443505837,
      0.41179334832532327,
      0.10285498301607443,
      0.36577121808037893,
      0.20943110646375968,
      0.06680335398144129,
      0.18023426086822103,
      0.08257745293384092,
      0.10109855622730596,
      0.26370361257719316,
      0.15130948928456736
    ],
    "MIBRE": [
      0.0761282955999832,
      0.10087652624928709,
      0.1128637672371328,
      0.10424966587796214,
      0.14749402782357315,
      0.0776980906235276,
      0.15579908721098745,
      0.09007997681167348,
      0.09755998828863613,
      0.27140828211328916,
      0.2165411292017036,
      0.08148464128121774,
      0.1487022190731077,
      0.1787001082118723,
      0.18804381151006755,
      0.20868238727784985,
      0.10153934459045211,
      0.09177770223015769,
      0.07891741549633285,
      0.14191943464874268,
      0.2511511235564761,
      0.08807161794040182,
      0.21718631296300453,
      0.15364053797879304,
      0.060357264929770005,
      0.1295180013812092,
      0.07350631012852517,
      0.08677246566088025,
      0.18114411688121976,
      0.12036392529993252
    ]
  },
  "Mean_MAE": 72.39512935135582,
  "Mean_MRE": 16.742720395912603,
  "Mean_MBRE": 0.19112691922900046,
  "Mean_MIBRE": 0.13440591926925896,
  "Median_MAE": 63.745391346726194,
  "Median_MRE": 12.707020075767726,
  "Median_MBRE": 0.14683902640780339,
  "Median_MIBRE": 0.11661384626853266,
  "Runs": [
    {},
    {},
    {},
    {},
    {},
    {},
    {},
    {},
    {},
    {},
    {},
    {},
    {},
    {},
    {},
    {},
    {},
    {},
    {},
    {},
    {},
    {},
    {},
    {},
    {},
    {},
    {},
    {},
    {},
    {}
  ]
}