{
  "Metrics": {
    "MAE": [
      129.14573259738341,
      125.00161173679928,
      126.29118174760619,
      116.97199898043384,
      117.52157999186981,
      120.14188822735409,
      119.42684342962937,
      119.72937337508377,
      104.29202742930356,
      117.21439649432003,
      141.4805848953101,
      110.00597704485196,
      119.51228755025417,
      130.76162422385408,
      145.18821555272646,
      142.00637232383042,
      107.1397104537286,
      86.2049828837102,
      108.95221182781009,
      122.1345086814026,
      142.587245588988,
      139.92007328344033,
      108.01539134873697,
      115.02137987109478,
      106.44893381603765,
      118.18637068661118,
      58.038347321855156,
      82.09415979338694,
      143.2160144655393,
      143.35917787089883
    ],
    "MRE": [
      28.585152922456068,
      34.332079184206194,
      22.072241340297737,
      24.48692428487501,
      32.6211018936943,
      29.821863417165734,
      35.3147835352879,
      32.788542701935775,
      22.94889433418838,
      30.34114672342758,
      36.70599565529852,
      20.480830758806846,
      33.6529268569082,
      30.270411091497696,
      39.85179932955953,
      33.36468162398865,
      26.190412418366176,
      19.13843568890951,
      31.412318861367165,
      34.6652481704015,
      33.95454103786807,
      35.60348423612679,
      28.204125811863612,
      32.70333202141428,
      26.825627460540403,
      35.85430416389129,
      14.194729518045692,
      17.596529483031706,
      29.23686710295898,
      37.6815493196901
    ],
    "MBRE": [
      0.35478697653260777,
      0.36782357446673414,
      0.35457665610301814,
      0.3134074076221813,
      0.34437666349405033,
      0.3379081701307161,
      0.3605617526656891,
      0.34412538858329206,
      0.2749827255069251,
      0.32912794715975396,
      0.40725020306089416,
      0.286407792846291,
      0.34514610006913826,
      0.36469291579749996,
      0.42624618924263746,
      0.4154693369526187,
      0.29293342237643044,
      0.2200183080510296,
      0.32406110165183993,
      0.3618011153779736,
      0.4077982995687954,
      0.4036508408108625,
      0.3010853289445543,
      0.3398735576775207,
      0.29196349877930733,
      0.3662293291169702,
      0.1481432424809093,
      0.2030223723525844,
      0.41105684092050215,
      0.41336988647581674
    ],
    "MIBRE": [
      0.2423104730146012,
      0.23021915273111035,
      0.21503895557952743,
      0.21823109436442703,
      0.2207830941083566,
      0.22687942884520373,
      0.22294223828859983,
      0.22595124343685222,
      0.19731951669221912,
      0.2230487594910895,
      0.25832031159197927,
      0.19454058404338345,
      0.22707515356710767,
      0.2447117798673027,
      0.259201107865868,
      0.2570681956343644,
      0.2064570250880632,
      0.16554932950912596,
      0.20782144003603814,
      0.22611011023785685,
      0.2629606702716859,
      0.25328414518052256,
      0.20935454286771968,
      0.21603854270162104,
      0.20488462759019194,
      0.21590271257290772,
      0.1210019966233335,
      0.1536824077431562,
      0.26373221458928464,
      0.26029380038073596
    ]
  },
  "Mean_MAE": 118.86700678312836,
  "Mean_MRE": 29.696696031602315,
  "Mean_MBRE": 0.33706323149397144,
  "Mean_MIBRE": 0.22102382181714122,
  "Median_MAE": 119.46956548994177,
  "Median_MRE": 30.876732792397373,
  "Median_MBRE": 0.3447613817815943,
  "Median_MIBRE": 0.22299549888984466,
  "Runs": [
    {},
    {},
    {},
    {},
    {},
    {},
    {},
    {},
    {},
    {},
    {},
    {},
    {},
    {},
    {},
    {},
    {},
    {},
    {},
    {},
    {},
    {},
    {},
    {},
    {},
    {},
    {},
    {},
    {},
    {}
  ]
}