{
  "Metrics": {
    "MAE": [
      106.81275822349374,
      75.14796174741963,
      125.09582140596332,
      69.43840109497717,
      59.28525395134685,
      82.8047282308603,
      108.40918709675306,
      136.0249340162696,
      122.3987471757627,
      81.52524439082265,
      128.2730676819277,
      89.04423905005245,
      117.7631671559922,
      100.32546675668253,
      95.71303891425406,
      77.73167950310915,
      122.20414135157958,
      101.52614327815677,
      94.67547154584781,
      125.91240785479317,
      108.83338796521701,
      126.25189300831524,
      139.26405911784667,
      84.67962114399629,
      108.42226129322376,
      132.2299818031969,
      127.58800725631058,
      148.92424357292978,
      141.58717165091258,
      64.83044016389663
    ],
    "MRE": [
      20.87619427676337,
      18.43773889655416,
      25.19394364520516,
      13.042697906625872,
      11.793015491597997,
      15.83891588884761,
      31.313720299145594,
      37.00524975708458,
      22.76726336477445,
      18.08357151408816,
      33.39705920548612,
      15.190409231090207,
      32.65058453397115,
      23.6850575690659,
      25.685355181474932,
      19.017122890964163,
      29.326864851327244,
      21.719805356857727,
      24.41098148953846,
      34.56003564484163,
      23.535427662271342,
      32.824276008619506,
      38.24212648143063,
      21.76990735316134,
      27.0200736492634,
      36.56279585546747,
      31.91330772980438,
      31.871252061819423,
      28.228382887155995,
      13.079644042086436
    ],
    "MBRE": [
      0.2861665189196991,
      0.19285561843156754,
      0.3513110314160387,
      0.15910270810917373,
      0.13624167820079697,
      0.19128193689481754,
      0.3226328778434502,
      0.393190283256472,
      0.3511514806820068,
      0.21102117066482795,
      0.3618490185552188,
      0.20929360719489323,
      0.3428184955606367,
      0.2650774132446658,
      0.2677783497539241,
      0.2070920501167831,
      0.34080355155223896,
      0.2617083967037458,
      0.2606224163629119,
      0.3570688423435899,
      0.2849078219915453,
      0.36125588505519196,
      0.4078192598386026,
      0.23023294351815551,
      0.29518217776229444,
      0.3877103671426137,
      0.36138008634693536,
      0.43151741967396706,
      0.4171477265636288,
      0.1468728170742127
    ],
    "MIBRE": [
      0.1907228054318485,
      0.14587058721749707,
      0.2311706562802772,
      0.124325500955169,
      0.11169047998394846,
      0.14396526871279972,
      0.2067170571580367,
      0.24813937706610498,
      0.2199027807202764,
      0.1602902690581032,
      0.239713206301142,
      0.14945878241998442,
      0.22195031415484787,
      0.1914255873700179,
      0.19191562301808632,
      0.16125152599391718,
      0.22741549631570795,
      0.1860524267292884,
      0.18814111241103987,
      0.22693637710755982,
      0.20074207880745093,
      0.23359425651227192,
      0.25079907983462224,
      0.1661687442603568,
      0.20384060550806488,
      0.24204896370817808,
      0.2362515113215094,
      0.27604843140723756,
      0.2615364671793099,
      0.12015604338310684
    ]
  },
  "Mean_MAE": 106.757430913397,
  "Mean_MRE": 25.301426024212812,
  "Mean_MBRE": 0.2931031316924868,
  "Mean_MIBRE": 0.19860804721092534,
  "Median_MAE": 108.4157241949884,
  "Median_MRE": 24.802462567371812,
  "Median_MBRE": 0.29067434834099676,
  "Median_MIBRE": 0.2022913421577579,
  "Runs": [
    {},
    {},
    {},
    {},
    {},
    {},
    {},
    {},
    {},
    {},
    {},
    {},
    {},
    {},
    {},
    {},
    {},
    {},
    {},
    {},
    {},
    {},
    {},
    {},
    {},
    {},
    {},
    {},
    {},
    {}
  ]
}