{
  "Metrics": {
    "MAE": [
      111.67466829646894,
      88.0114166866277,
      114.43809670629366,
      97.62504928810715,
      57.563720878740455,
      113.39804655823374,
      105.83330672291974,
      124.39069436709565,
      141.25718724918613,
      88.54345683587424,
      124.43210736673151,
      116.15819658801013,
      122.68236519972407,
      101.9376688434473,
      125.0193145960928,
      96.79947821983237,
      127.70284064907293,
      122.01175602313849,
      105.5763151910123,
      139.62161838086405,
      112.79191444535358,
      126.29975418387943,
      126.62839801671741,
      70.07002909032994,
      100.03645003874128,
      119.66598442028457,
      122.21692150191286,
      135.35230862511182,
      143.2811047331917,
      114.05032016181164
    ],
    "MRE": [
      22.42591359012239,
      23.93583460249493,
      21.505152590310647,
      18.765250332154356,
      11.969700333364004,
      27.57710295535249,
      29.92378217428086,
      34.44901425210415,
      26.13663176465113,
      21.90326431128293,
      32.655787845603555,
      19.603461782500244,
      34.30524098267692,
      23.774306199824125,
      35.81068782119367,
      22.323682959030194,
      31.353228797970857,
      28.701350661472897,
      28.20631708692772,
      39.85210241020873,
      24.61356222934546,
      33.37645435241207,
      33.95228113175291,
      16.70936991737938,
      23.46295545809352,
      32.901353233737034,
      30.882199635793867,
      27.542103092760623,
      27.4916430399552,
      29.784509046924732
    ],
    "MBRE": [
      0.29623300421749327,
      0.2474054147104484,
      0.3059420783015082,
      0.24750266369434526,
      0.1337410100966845,
      0.3075046927354233,
      0.31070660450458587,
      0.3631749568979644,
      0.4182518457152346,
      0.23725041293862198,
      0.3518743683693119,
      0.326979135165119,
      0.358953105404235,
      0.2696133353068245,
      0.37257473642579136,
      0.2562240819231538,
      0.35904007995108733,
      0.3362115916561047,
      0.29878818260411627,
      0.4088453704215986,
      0.3005774828363022,
      0.3621481256527668,
      0.36346967374921135,
      0.17860900411816694,
      0.26466101778211776,
      0.34564627783682483,
      0.3481281625798694,
      0.38058755406635275,
      0.42150904390264854,
      0.31922506827172964
    ],
    "MIBRE": [
      0.203689741136677,
      0.1781582782807215,
      0.20687499207369697,
      0.17446585980509993,
      0.11088324305750892,
      0.21387029263343657,
      0.20468815660546297,
      0.23108257895761491,
      0.25251927283118736,
      0.1758048975011752,
      0.23449289530377918,
      0.1934467272061256,
      0.2287869543331296,
      0.19502938831812536,
      0.2302008137500544,
      0.19035515204514578,
      0.2399343627808603,
      0.22947847410561967,
      0.2059497470936903,
      0.2518513278950869,
      0.20838427900037848,
      0.23284511279323844,
      0.23497068462805665,
      0.14045801446533943,
      0.1892316286610403,
      0.2262139063417413,
      0.22611697655604882,
      0.2491674301773148,
      0.26091552622488323,
      0.2161384340733546
    ]
  },
  "Mean_MAE": 113.16901632882691,
  "Mean_MRE": 27.19647481972272,
  "Mean_MBRE": 0.3163792693945213,
  "Mean_MIBRE": 0.2112001716211865,
  "Median_MAE": 115.2981466471519,
  "Median_MRE": 27.559603024056557,
  "Median_MBRE": 0.32310210171842435,
  "Median_MIBRE": 0.21500436335339557,
  "Runs": [
    {},
    {},
    {},
    {},
    {},
    {},
    {},
    {},
    {},
    {},
    {},
    {},
    {},
    {},
    {},
    {},
    {},
    {},
    {},
    {},
    {},
    {},
    {},
    {},
    {},
    {},
    {},
    {},
    {},
    {}
  ]
}