{
  "Metrics": {
    "MAE": [
      84.3810502710387,
      84.84834924903937,
      100.85720153385296,
      91.26862444474126,
      77.6377816749347,
      77.65280911095356,
      93.96808809603664,
      87.84500764450586,
      93.67061418620635,
      84.09027594156323,
      92.2953422221101,
      98.3095582746062,
      97.26815792498411,
      87.86724205558261,
      91.26774413517383,
      80.94739155600118,
      88.63310344953487,
      75.00024710355925,
      73.14711110158636,
      87.91773646116894,
      96.66924091238586,
      81.26626497167138,
      83.48852004326326,
      86.37861613123218,
      76.01399941630959,
      86.60128375592471,
      84.70538068725189,
      90.89532061612346,
      98.11541740621583,
      93.56737764682745
    ],
    "MRE": [
      18.514827484804698,
      24.021467192613727,
      18.802231581890936,
      20.482013454951346,
      21.600938630743638,
      18.421979267268505,
      26.20780721101843,
      23.688115631219485,
      18.49409401400481,
      20.662752774957234,
      24.643002930180394,
      18.96949775546139,
      26.600145393506175,
      18.836860712659362,
      25.052332386162423,
      18.357354575815382,
      21.282332459793015,
      17.813566816340728,
      18.953450983808303,
      25.169855892478054,
      21.959314834338947,
      18.142161330329834,
      20.154465376546643,
      21.91014897951713,
      15.884592517587807,
      24.387857132564093,
      21.890462588605843,
      17.388489587708126,
      18.90959376144429,
      22.78220493004285
    ],
    "MBRE": [
      0.2129086644703075,
      0.2472631008285101,
      0.2541152198544353,
      0.23431431377048573,
      0.22356981636119683,
      0.20047270430803896,
      0.2711822740855557,
      0.24647229841315713,
      0.2327935606393027,
      0.22333312523969892,
      0.2585323410460127,
      0.24473996143362764,
      0.27796360202531545,
      0.22078956339382655,
      0.2613416155763846,
      0.20680731251246556,
      0.23619877972701134,
      0.19422745357822818,
      0.1989550646791998,
      0.2573401912533146,
      0.25326275191846465,
      0.20587452731911332,
      0.21985123273009904,
      0.23398246585985594,
      0.18450623630682536,
      0.2502384085078358,
      0.23221060564933196,
      0.2209676791822502,
      0.24487807537977804,
      0.25072227274397313
    ],
    "MIBRE": [
      0.1629112591574969,
      0.17369995364296767,
      0.17942295404594796,
      0.17634368599139277,
      0.1606533041443212,
      0.15534987303588946,
      0.18810919024310394,
      0.17750395438497982,
      0.1723363267069603,
      0.1678960232300608,
      0.18488070873467607,
      0.17857091960287558,
      0.19298622518493921,
      0.16662924683857788,
      0.1839032919329902,
      0.15793535818910864,
      0.1762013123277352,
      0.15080978620657984,
      0.15128458431133596,
      0.17933512073279947,
      0.18687704503703642,
      0.15849612766216645,
      0.16667642142432115,
      0.17332668053777997,
      0.14436904394366612,
      0.17763528976923448,
      0.17128228041848623,
      0.16570860790817882,
      0.1778732813291093,
      0.18243041717362024
    ]
  },
  "Mean_MAE": 87.55249526747953,
  "Mean_MRE": 20.999463939612124,
  "Mean_MBRE": 0.23332717395978672,
  "Mean_MIBRE": 0.17138127579494458,
  "Median_MAE": 87.85612485004424,
  "Median_MRE": 20.57238311495429,
  "Median_MBRE": 0.23414838981517083,
  "Median_MIBRE": 0.17351331709037382,
  "Runs": [
    {},
    {},
    {},
    {},
    {},
    {},
    {},
    {},
    {},
    {},
    {},
    {},
    {},
    {},
    {},
    {},
    {},
    {},
    {},
    {},
    {},
    {},
    {},
    {},
    {},
    {},
    {},
    {},
    {},
    {}
  ]
}