{
  "Metrics": {
    "MAE": [
      62.47176254380076,
      85.28692544182866,
      110.75985575756421,
      70.67301207750917,
      54.80160190530718,
      98.83882169612211,
      70.45583822876532,
      70.81628955775842,
      87.21098400475367,
      90.77523177295045,
      82.38347683063792,
      83.52911106595808,
      122.2438774728235,
      95.52628287877027,
      54.34446704456873,
      78.60998924016444,
      62.790253223187314,
      82.08354385914949,
      76.29430624136857,
      96.72179099097458,
      100.55617652848434,
      71.57046854607745,
      82.9960043279649,
      92.33533256243999,
      66.9136550130198,
      96.0248646717295,
      94.73336670905849,
      136.2011090635383,
      74.51495883271532,
      89.93694884390348
    ],
    "MRE": [
      11.98908940530165,
      22.926341172314416,
      21.26056684769961,
      14.862934102139866,
      11.233595474176399,
      22.500048146385478,
      16.810704640250094,
      18.454913732952257,
      17.769381845006933,
      23.496762762549647,
      18.681835242399718,
      14.080743173113259,
      32.4125369994359,
      20.609672890914723,
      12.80882689770312,
      15.68514298145538,
      13.099454525146326,
      16.465077004623662,
      19.296637852180645,
      24.81773998219141,
      21.046262074628032,
      15.740103521408397,
      21.204677726916195,
      23.10984511651456,
      15.518480960029798,
      26.027773244797586,
      25.09495369373121,
      27.442255284825283,
      13.287761287299752,
      21.49963984763213
    ],
    "MBRE": [
      0.14016895545660019,
      0.23687772772832583,
      0.28585552412595566,
      0.17001168909242864,
      0.12458488507097536,
      0.2578928127864012,
      0.18074192422271323,
      0.19124139828195022,
      0.2154291590452984,
      0.2502488486056108,
      0.20697336204871242,
      0.19423632814511693,
      0.347421254821489,
      0.24224662215499393,
      0.13463979522659686,
      0.18740228761533426,
      0.14759561508584104,
      0.1994439597063157,
      0.20395087721470495,
      0.26142310378647693,
      0.2601229423394424,
      0.17641056956794707,
      0.2261486637505487,
      0.24866160246202282,
      0.1683214517185142,
      0.2724511931361522,
      0.265149654322981,
      0.3834053510237063,
      0.17029483696389666,
      0.2360559266960044
    ],
    "MIBRE": [
      0.11425047377462315,
      0.17353898753914154,
      0.20033328062963296,
      0.13644636252303535,
      0.10482794395338191,
      0.18860431621408663,
      0.14342511126208116,
      0.14857540847286557,
      0.1628373149248377,
      0.18246931062003388,
      0.1607485635170535,
      0.13905631029321971,
      0.22966390589167765,
      0.18061979711414533,
      0.11192747974664556,
      0.1471475033976443,
      0.12100956708775433,
      0.15209516013576238,
      0.15618062563444346,
      0.1909547142303213,
      0.18663012487239786,
      0.14072014558544868,
      0.1676250919945683,
      0.18320586404739028,
      0.1341349136361016,
      0.1910319297783536,
      0.18887676226571973,
      0.24959025880322427,
      0.12982113053172634,
      0.17719143854183167
    ]
  },
  "Mean_MAE": 84.74667689776314,
  "Mean_MRE": 19.307791947857446,
  "Mean_MBRE": 0.21951361074010187,
  "Mean_MIBRE": 0.16311799323397166,
  "Median_MAE": 83.2625576969615,
  "Median_MRE": 18.989236547290183,
  "Median_MBRE": 0.21120126054700541,
  "Median_MIBRE": 0.1617929392209456,
  "Runs": [
    {},
    {},
    {},
    {},
    {},
    {},
    {},
    {},
    {},
    {},
    {},
    {},
    {},
    {},
    {},
    {},
    {},
    {},
    {},
    {},
    {},
    {},
    {},
    {},
    {},
    {},
    {},
    {},
    {},
    {}
  ]
}