{
  "Metrics": {
    "MAE": [
      44.275385065476925,
      68.45841943294866,
      70.61801919935311,
      70.33689695593921,
      75.97876559184745,
      50.262274962892086,
      73.52241839482103,
      90.035120913501,
      122.76714758000577,
      45.29715248980482,
      85.05391135998337,
      122.07306499710633,
      111.6095943280849,
      92.08912192575808,
      47.25235515980164,
      46.0794097474879,
      60.13414684581218,
      56.89981016961898,
      61.59371474025804,
      58.96089845503577,
      26.728067031912587,
      57.21042152052792,
      95.89768188489924,
      86.30794974883543,
      73.65867276009276,
      97.3743800017574,
      70.2781057472851,
      105.22544156921619,
      28.690985881703256,
      39.29182261416894
    ],
    "MRE": [
      9.902747225208131,
      17.22697454361787,
      17.151833494105617,
      17.977816677568672,
      17.58374177902687,
      11.79002130291017,
      18.57937095760468,
      22.43934075302635,
      28.014264426641976,
      11.00781129668918,
      20.009971869790505,
      26.717376952889047,
      27.014580275921098,
      20.55591428922414,
      11.87575086395468,
      10.51326621586866,
      15.040605540374605,
      14.079795004652308,
      16.037189357105,
      15.60556889111524,
      5.507161132863838,
      10.698024767026997,
      25.87248842177451,
      20.51144947179654,
      16.32060242115358,
      23.14714127076884,
      16.84905087802704,
      23.493556973798835,
      5.604284271998687,
      7.454552358099664
    ],
    "MBRE": [
      0.10328898591070729,
      0.18040980846545468,
      0.18499892221582537,
      0.18699275873178814,
      0.19098355275988996,
      0.12543882797544056,
      0.19727333534395428,
      0.24117951386747674,
      0.3350135790631667,
      0.11453891224056714,
      0.21645550117119877,
      0.3333140078331609,
      0.3058006071980139,
      0.2332578962564032,
      0.12174421994932555,
      0.11315409981111524,
      0.1577648704055959,
      0.14847375436501084,
      0.1645991693834953,
      0.16122491439349806,
      0.05720931670789221,
      0.12354548210449856,
      0.2762978108514311,
      0.2275546521364924,
      0.18290942751415298,
      0.24960732551003334,
      0.18180449144324548,
      0.2896253386604346,
      0.05877115141203659,
      0.08022403046437152
    ],
    "MIBRE": [
      0.08912547264173466,
      0.14229730635988094,
      0.14247421327121704,
      0.1405464387733409,
      0.14853546052461475,
      0.10514296836537607,
      0.1485632767398365,
      0.17829538586770055,
      0.22571411776095704,
      0.09660972498715256,
      0.16572501661752434,
      0.22396687066675178,
      0.20759857860786457,
      0.17371958241847896,
      0.10180792878560954,
      0.09623167934680954,
      0.12677437066727235,
      0.11895654218603267,
      0.12969713017437587,
      0.12293982166540578,
      0.05258120654003718,
      0.10175522485774488,
      0.19045209113839154,
      0.168875676916541,
      0.1415404302016156,
      0.1827533956351373,
      0.14188886328813213,
      0.19232607259604217,
      0.05345199862703948,
      0.07032024612776423
    ]
  },
  "Mean_MAE": 71.13203856919787,
  "Mean_MRE": 16.819408456153443,
  "Mean_MBRE": 0.1847818754715226,
  "Mean_MIBRE": 0.13935556974521277,
  "Median_MAE": 70.30750135161216,
  "Median_MRE": 17.00044218606633,
  "Median_MBRE": 0.18235695947869923,
  "Median_MIBRE": 0.14171464674487388,
  "Runs": [
    {},
    {},
    {},
    {},
    {},
    {},
    {},
    {},
    {},
    {},
    {},
    {},
    {},
    {},
    {},
    {},
    {},
    {},
    {},
    {},
    {},
    {},
    {},
    {},
    {},
    {},
    {},
    {},
    {},
    {}
  ]
}