{
  "Metrics": {
    "MAE": [
      17.879819110397996,
      16.507985729476037,
      18.67691306155038,
      22.29285416688738,
      18.59768852495835,
      19.789977939030237,
      20.356891249667562,
      23.742243023395325,
      15.385500015739824,
      19.589520837492742,
      21.070220508271277,
      20.71936630041557,
      20.65096451618714,
      19.39137272416343,
      20.36908767033652,
      15.11716447842772,
      20.979035537143833,
      16.117616612698093,
      16.106992140073242,
      17.890752950176108,
      19.663026151164022,
      22.588201320591914,
      20.04971100167809,
      20.302903071017575,
      18.095874697884334,
      19.36165414265564,
      17.229298279552115,
      17.517037182012423,
      16.893319618191473,
      21.53853716994872
    ],
    "MRE": [
      4.312628630289032,
      4.542610359565385,
      4.881808244633904,
      5.020038172266572,
      5.090879128089583,
      4.810463158894391,
      6.008483869740065,
      5.962110275490204,
      3.4035678467934045,
      4.6759803431340385,
      5.598367314863592,
      4.830693542972334,
      5.267389161649063,
      4.659589556202861,
      4.860433387470911,
      3.330457543690346,
      5.634857897184804,
      4.3315261611273925,
      3.738213219370727,
      4.261081551618028,
      5.63080492624651,
      5.22991472617547,
      4.985912937292724,
      5.237613692745545,
      4.022615827458298,
      5.222048801092292,
      4.157804998024512,
      3.9820081468165367,
      3.8804571665038514,
      4.8951875406929855
    ],
    "MBRE": [
      0.045876469536756025,
      0.048979618082203705,
      0.049537449736551,
      0.051902871050466634,
      0.05386508092171275,
      0.050546792192450535,
      0.06334057981565117,
      0.06400851147120845,
      0.034875187198264615,
      0.049695468007275256,
      0.062008351052717965,
      0.05116322797017548,
      0.05694329944497336,
      0.050084841254822474,
      0.050032713600421275,
      0.03448770483374178,
      0.05885331240988236,
      0.046363494493433834,
      0.03811562408830665,
      0.04318940420456788,
      0.05816109722171392,
      0.05642704815322251,
      0.05188098636985222,
      0.05467256762559285,
      0.04300589086876387,
      0.05582838404199985,
      0.04419877092721635,
      0.041218805116481905,
      0.03975615436000681,
      0.05127503563917803
    ],
    "MIBRE": [
      0.04199605210045009,
      0.04390192471543462,
      0.04445592771370979,
      0.047828240124809,
      0.04781087826170127,
      0.046291366115777034,
      0.054146467266278066,
      0.056720696558245194,
      0.03292586432204437,
      0.045583059278737854,
      0.05410739765000466,
      0.0468079692078504,
      0.05081242239597641,
      0.04571465592561261,
      0.046168082232411256,
      0.03261986553596121,
      0.052260752168575765,
      0.04163184235444844,
      0.03585094991506909,
      0.03999055535653767,
      0.05068607962454032,
      0.050833867715240726,
      0.04727576273780748,
      0.049208248944076695,
      0.03962584798613905,
      0.04967655426932686,
      0.04068148819305904,
      0.038506786316777494,
      0.03720774142811015,
      0.047070456899428945
    ]
  },
  "Mean_MAE": 19.14905099103951,
  "Mean_MRE": 4.748851604269844,
  "Mean_MBRE": 0.05000982472298705,
  "Mean_MIBRE": 0.04527992677713806,
  "Median_MAE": 19.490446780828087,
  "Median_MRE": 4.845563465221622,
  "Median_MBRE": 0.050315816723636504,
  "Median_MIBRE": 0.04622972417409414,
  "Runs": [
    {},
    {},
    {},
    {},
    {},
    {},
    {},
    {},
    {},
    {},
    {},
    {},
    {},
    {},
    {},
    {},
    {},
    {},
    {},
    {},
    {},
    {},
    {},
    {},
    {},
    {},
    {},
    {},
    {},
    {}
  ]
}