{
  "Metrics": {
    "MAE": [
      52.23939954714092,
      88.11168760278176,
      59.2635442811252,
      63.38642032253591,
      60.85101086246376,
      65.61241553278921,
      86.4389042050162,
      54.89173447212135,
      99.55518365176806,
      57.21417396881528,
      64.1353088369006,
      72.56622319140725,
      97.65901473181077,
      63.4172983622747,
      50.624427488861954,
      51.69273864841036,
      66.41978529449995,
      52.08892167447302,
      58.79659505751111,
      74.92167212957673,
      35.013736496987526,
      71.13566706713414,
      60.07434449728207,
      59.01171962847651,
      49.229812390909984,
      70.69256628054823,
      60.37320383357717,
      75.41562174251054,
      47.36398296705593,
      49.64396770803768
    ],
    "MRE": [
      12.205725768587063,
      23.499116975209724,
      13.211569918060926,
      15.504465262466585,
      15.214682145471167,
      15.873865977360744,
      23.332621243444144,
      12.968395734962638,
      24.531885691645417,
      13.696007661830414,
      14.37798912599115,
      15.321994686924292,
      22.989692033461225,
      14.007923881385981,
      12.227406417112121,
      11.832531225352655,
      18.200290165124564,
      13.030740815010727,
      15.011519455617398,
      20.22736309360281,
      8.069159961267486,
      15.269927852729381,
      15.988431237013213,
      13.078139610388792,
      10.468794368354112,
      16.00956188482802,
      14.124762203275615,
      15.629382793327249,
      10.753040781081259,
      10.74083058055245
    ],
    "MBRE": [
      0.12981874442286176,
      0.24750346031566028,
      0.1423987101269592,
      0.16716022395703067,
      0.15986886078189677,
      0.17313945791128837,
      0.24648485960019145,
      0.1353857682493788,
      0.2663437984137281,
      0.14913525834749441,
      0.15230130619641274,
      0.17445598035628496,
      0.25853791019974903,
      0.1545083154950228,
      0.12829601698721557,
      0.12791088340758147,
      0.18754743069711782,
      0.13421705000972023,
      0.1567680968910377,
      0.20755520295337634,
      0.08308998064621853,
      0.17340264231000785,
      0.16522875615763485,
      0.13907435077106,
      0.11374176550821374,
      0.1793069731616391,
      0.15537666485321128,
      0.1835042727867959,
      0.11449247696569521,
      0.11431748359236588
    ],
    "MIBRE": [
      0.10782899719830898,
      0.17685784431954954,
      0.11791600573181092,
      0.13420810786930573,
      0.12593221205499533,
      0.1357643021412657,
      0.17493424996586757,
      0.11339190610539288,
      0.19162202761830197,
      0.1200527862491417,
      0.1253833363417708,
      0.13889817799835644,
      0.18870433947341805,
      0.1255768007928671,
      0.10742129042145904,
      0.10705304986935481,
      0.1427687656755034,
      0.11027152182827464,
      0.1245906659596604,
      0.1556015088580261,
      0.07304212525449204,
      0.1370029591601156,
      0.12874061279413743,
      0.11540972188351473,
      0.09756361087025074,
      0.1401119730223202,
      0.12383032653156475,
      0.14299440117731368,
      0.09789406978504243,
      0.09777564411907434
    ]
  },
  "Mean_MAE": 63.92803608249346,
  "Mean_MRE": 15.246593951714642,
  "Mean_MBRE": 0.16402909006909502,
  "Mean_MIBRE": 0.1293047780356819,
  "Median_MAE": 60.612107348020466,
  "Median_MRE": 14.694754290804273,
  "Median_MBRE": 0.1560723808721245,
  "Median_MIBRE": 0.12548006856731894,
  "Runs": [
    {},
    {},
    {},
    {},
    {},
    {},
    {},
    {},
    {},
    {},
    {},
    {},
    {},
    {},
    {},
    {},
    {},
    {},
    {},
    {},
    {},
    {},
    {},
    {},
    {},
    {},
    {},
    {},
    {},
    {}
  ]
}