{
  "Metrics": {
    "MAE": [
      123.15657089903686,
      68.9939279192525,
      98.41260736142561,
      99.97347467059787,
      46.839132335515785,
      113.98777540138005,
      95.88825866284304,
      119.63007982183069,
      124.99940866599606,
      90.63987153518076,
      109.65808665052161,
      114.31183685309705,
      118.72413605545397,
      102.10764332618082,
      118.21279479564934,
      92.72777321060164,
      115.63383852760887,
      125.3189167728067,
      91.03343923979531,
      109.96301268870863,
      95.79328134503747,
      130.71551467385774,
      115.1650527889528,
      56.25110822342179,
      112.52907368428588,
      111.82503638272365,
      126.0621330857142,
      127.73641812360053,
      126.34956486953931,
      114.9020605348834
    ],
    "MRE": [
      29.004762343654715,
      16.32723616465605,
      23.844856067588662,
      24.982091095538337,
      9.13768415629859,
      29.091314838941113,
      26.094619996288156,
      31.032998789670952,
      28.93089274592271,
      22.695084946404982,
      27.81045008426149,
      24.82866969445154,
      29.134364597045348,
      24.960009254803815,
      31.92602438334863,
      22.60499041570255,
      31.117137223701306,
      32.75110044183436,
      23.93476659403715,
      29.777074347458406,
      23.81195497672822,
      30.508055158426828,
      30.207863208590798,
      12.827526637808997,
      25.264551645201745,
      29.53288797534755,
      30.936896149098487,
      29.938670299883547,
      28.237095850053016,
      27.993078768728868
    ],
    "MBRE": [
      0.33854233076127543,
      0.17411413743356108,
      0.26474090716170395,
      0.272353183689388,
      0.10031687498719075,
      0.3151257278426564,
      0.2735491361128801,
      0.3378009626447688,
      0.34259657546569305,
      0.24428425981831528,
      0.300684420596781,
      0.304451282826497,
      0.3275807484886164,
      0.2750152143309399,
      0.3422007225938264,
      0.24850343723254528,
      0.33183355324917285,
      0.3583620985896275,
      0.25314236131158757,
      0.3131384986594973,
      0.2556052925644933,
      0.36208199584472717,
      0.32515650236830446,
      0.1366076907002873,
      0.3001417867958948,
      0.3166377336326658,
      0.3530989485302591,
      0.3514214992751199,
      0.3425057807848528,
      0.3144762319471419
    ],
    "MIBRE": [
      0.2312207744449044,
      0.13986223675474868,
      0.1928375714120376,
      0.19495231916876032,
      0.08629646871753067,
      0.21782065099816367,
      0.19100688778022912,
      0.22600946784640927,
      0.23587102188826864,
      0.18177367779700196,
      0.2123639807473534,
      0.2129974206035279,
      0.225938550975351,
      0.19854279352652518,
      0.22155068553770157,
      0.1860276314323268,
      0.21896404664869457,
      0.2327675724327029,
      0.18306321265395273,
      0.20995891834741257,
      0.19031239925951013,
      0.24404521138141905,
      0.21959481657356889,
      0.11325241481644305,
      0.21333916004839173,
      0.2146415507099544,
      0.23678497239333562,
      0.23993517544664003,
      0.24008526972600522,
      0.21895296120027574
    ]
  },
  "Mean_MAE": 106.58472763684999,
  "Mean_MRE": 26.308156961715902,
  "Mean_MBRE": 0.29253566320800906,
  "Mean_MIBRE": 0.20435899404230493,
  "Median_MAE": 113.25842454283296,
  "Median_MRE": 28.115087309390944,
  "Median_MBRE": 0.3138073653033196,
  "Median_MIBRE": 0.21399035537917305,
  "Runs": [
    {},
    {},
    {},
    {},
    {},
    {},
    {},
    {},
    {},
    {},
    {},
    {},
    {},
    {},
    {},
    {},
    {},
    {},
    {},
    {},
    {},
    {},
    {},
    {},
    {},
    {},
    {},
    {},
    {},
    {}
  ]
}