{
  "Metrics": {
    "MAE": [
      116.72908806324644,
      89.9362988272857,
      98.72992794689512,
      90.24316629664018,
      71.58985958185922,
      109.4953363916442,
      106.87795414071668,
      111.07356053965486,
      119.99081608710397,
      95.7597353521525,
      104.33113045343913,
      108.11949009823668,
      112.1222463072421,
      97.32568391534527,
      106.77085756378317,
      105.21695476116761,
      107.23881479233599,
      115.73808805903303,
      92.35219756348022,
      104.02362917382106,
      98.8157716114067,
      127.84524783200644,
      113.36288698175402,
      78.1794606665534,
      104.25921099236106,
      98.57438421667712,
      119.11607093504811,
      122.51580260006973,
      125.25105494871102,
      102.50308952372876
    ],
    "MRE": [
      25.123829303551137,
      23.983604993511463,
      23.036206238165395,
      20.707120033577393,
      16.5792568957164,
      26.747230163888098,
      29.779205313287328,
      29.27357726635535,
      26.402121302582476,
      23.497196362118416,
      25.54642196238846,
      19.70980588885366,
      27.3360434380955,
      22.66725831301207,
      29.742624444292566,
      24.377272288432675,
      28.682544298088388,
      30.12034001853175,
      23.622665489185295,
      28.082696307920756,
      23.73976704556393,
      28.67252530781594,
      28.569523565956995,
      19.364854399722145,
      21.01818614188019,
      25.425707625027332,
      27.924707226589724,
      27.60147984473734,
      26.027816888448747,
      24.050258485847543
    ],
    "MBRE": [
      0.31252369235468064,
      0.2497850967047056,
      0.25965668162166455,
      0.2333376546401052,
      0.18025388003467063,
      0.29665619504163604,
      0.3106471795522071,
      0.31367420604351515,
      0.3235011120979388,
      0.25745389260656304,
      0.28053236380130225,
      0.27985285712983127,
      0.30593917971706014,
      0.25509344882978696,
      0.3111318948146118,
      0.2801986875369999,
      0.3045218677033004,
      0.32666621196562434,
      0.2529795787512129,
      0.29361782867740266,
      0.2625360028910768,
      0.3494283383129272,
      0.3142072680144699,
      0.2068006229439528,
      0.2657986228318769,
      0.2723322981121782,
      0.3277001906025611,
      0.3317553245023499,
      0.3355238882190455,
      0.2709246959183581
    ],
    "MIBRE": [
      0.21786708253778977,
      0.18301023497725835,
      0.19056758987435835,
      0.1765381712466858,
      0.14403701932321347,
      0.2115238854718302,
      0.20686643134201763,
      0.2129376975778345,
      0.22710306403563893,
      0.18929235246865198,
      0.20357130899186715,
      0.18908207134962352,
      0.2163470295676373,
      0.189035863528036,
      0.20447390964970028,
      0.20317952282189686,
      0.20797092473279993,
      0.22015170134115536,
      0.1836790961101282,
      0.2029711856054755,
      0.19407703386732236,
      0.2399459069609165,
      0.21768934055367442,
      0.15859826924972734,
      0.19316595018016774,
      0.19447972702161304,
      0.22356722558100808,
      0.23108000590510383,
      0.2375250868461939,
      0.19800947665545923
    ]
  },
  "Mean_MAE": 105.13626054078,
  "Mean_MRE": 25.247061561771485,
  "Mean_MBRE": 0.28550102539912053,
  "Mean_MIBRE": 0.20227813884582618,
  "Median_MAE": 105.99390616247538,
  "Median_MRE": 25.486064793707897,
  "Median_MBRE": 0.28707509623935246,
  "Median_MIBRE": 0.20337541590688202,
  "Runs": [
    {},
    {},
    {},
    {},
    {},
    {},
    {},
    {},
    {},
    {},
    {},
    {},
    {},
    {},
    {},
    {},
    {},
    {},
    {},
    {},
    {},
    {},
    {},
    {},
    {},
    {},
    {},
    {},
    {},
    {}
  ]
}