{
  "Metrics": {
    "MAE": [
      67.65766597975131,
      96.85649313566175,
      67.27477557723364,
      72.57950759647368,
      75.0502395418639,
      74.65726118657187,
      93.16278839183371,
      66.10043187971,
      102.04418081048604,
      61.973015395844094,
      76.10428163224415,
      84.29184398991677,
      104.40347501187719,
      70.24357828038866,
      65.4558349561762,
      68.4229900553329,
      78.35573696055341,
      60.704991086378094,
      71.97415422910915,
      80.08223503115707,
      50.8803693202132,
      80.33042732454147,
      75.84968761768192,
      70.65069036255063,
      67.93548828234736,
      76.30956606076386,
      69.07460624714194,
      84.22765743561602,
      54.375222416858826,
      64.51651503773803
    ],
    "MRE": [
      14.646061950237584,
      27.532774978575166,
      14.897783840313917,
      17.879017317352336,
      18.855290746836083,
      17.861203423885318,
      25.33252079357724,
      15.989967699324831,
      22.889494326585773,
      15.09099597110333,
      17.60857124086269,
      15.902773943687043,
      23.053235135016564,
      15.65572226654438,
      17.204314655479767,
      15.139156619760188,
      21.286034466240107,
      14.736425082383631,
      18.780145472057804,
      22.237086792193548,
      12.18996575412774,
      17.36477130591922,
      18.758188824834633,
      15.966976312158716,
      13.394981010635954,
      19.23893266336129,
      16.918173286571616,
      16.494755677546777,
      11.383888115014633,
      14.36300544501655
    ],
    "MBRE": [
      0.1636410033704848,
      0.28424736349852386,
      0.1638708001419686,
      0.1910586433535086,
      0.20008206342634444,
      0.19351302339607038,
      0.2646657709120383,
      0.16946698313755276,
      0.26722013195474725,
      0.16019251697156947,
      0.1907965843961799,
      0.20045090085228665,
      0.2730524066768952,
      0.17325573303197106,
      0.17888840769804443,
      0.16894692806751532,
      0.22140665867067133,
      0.15621921620620768,
      0.19548647649005177,
      0.22785187883575703,
      0.12758667794978995,
      0.1993687028460405,
      0.20058644825595084,
      0.17347123897502773,
      0.15674407921871475,
      0.2028537457690163,
      0.18118559776135326,
      0.20242582460054098,
      0.12569682000451032,
      0.15683099650809562
    ],
    "MIBRE": [
      0.13231635672208894,
      0.19233945582875264,
      0.1331360240317121,
      0.14858844715553207,
      0.1539702211014394,
      0.15160983178979986,
      0.1866991676840467,
      0.13667407377051463,
      0.1951252450814643,
      0.12942858015486558,
      0.15182864523724132,
      0.1512881758247838,
      0.19873889633025363,
      0.1385914681517216,
      0.13922340655763435,
      0.13613172371411603,
      0.16259992443866786,
      0.12727286100010565,
      0.15059885070844092,
      0.1666523540543969,
      0.10766632524786421,
      0.1551767172216325,
      0.15531454918656618,
      0.13969207789031893,
      0.12743232823155992,
      0.15703115463519163,
      0.14181202804655085,
      0.15543184854645195,
      0.10678703927148173,
      0.12865901294281556
    ]
  },
  "Mean_MAE": 74.38485702780055,
  "Mean_MRE": 17.621740503906818,
  "Mean_MBRE": 0.19236878743258098,
  "Mean_MIBRE": 0.14859389301860038,
  "Median_MAE": 72.27683091279141,
  "Median_MRE": 17.06124397102569,
  "Median_MBRE": 0.19092761387484425,
  "Median_MIBRE": 0.1495936489319865,
  "Runs": [
    {},
    {},
    {},
    {},
    {},
    {},
    {},
    {},
    {},
    {},
    {},
    {},
    {},
    {},
    {},
    {},
    {},
    {},
    {},
    {},
    {},
    {},
    {},
    {},
    {},
    {},
    {},
    {},
    {},
    {}
  ]
}