{
  "Metrics": {
    "MAE": [
      139.11535465117302,
      133.54969102898315,
      73.721028044258,
      46.7319799517364,
      45.86909003005764,
      129.70697214298428,
      114.08812506008871,
      123.83066014058768,
      73.1535141902812,
      120.98723045910616,
      127.78644895618102,
      75.44893923427391,
      139.5697036689738,
      68.18225396219904,
      49.710280536434084,
      70.04453027650507,
      70.33575391688667,
      65.4101577592156,
      70.90914325095754,
      73.56367181740272,
      119.5975546948505,
      126.1212521898756,
      135.52341953015605,
      49.83538459647889,
      120.78636722883788,
      120.25584726919567,
      117.88180270507522,
      143.0279877066635,
      90.25191395216405,
      65.27748413902052
    ],
    "MRE": [
      30.603957442066164,
      37.118197410914675,
      17.549123376680242,
      9.45656151323341,
      9.081300151709703,
      33.513432066439464,
      29.974633050746757,
      31.70739251473693,
      15.63184342322993,
      28.350184865782307,
      32.703450089622855,
      13.010482505843198,
      34.19403321566688,
      12.489195931118235,
      9.735324689206593,
      16.60928299142053,
      13.53162363725179,
      12.566008736602841,
      16.427061013858914,
      15.0314264141005,
      30.618910473943505,
      27.9481708583796,
      35.9042327153259,
      9.532478848843716,
      25.7793601576628,
      31.841052192637402,
      29.09529319022163,
      32.786261535899236,
      20.02557946317496,
      11.95343695249722
    ],
    "MBRE": [
      0.4228731175053655,
      0.39212163975249326,
      0.1989384947509283,
      0.10168739815025772,
      0.09810571561019238,
      0.3671442976288108,
      0.3233016152356967,
      0.3462663488207639,
      0.18766966494153395,
      0.3404568070160287,
      0.360799377663092,
      0.17013359187803292,
      0.39653312518447925,
      0.14977252475245165,
      0.1078765449093711,
      0.18033433598926982,
      0.1639728143572569,
      0.14799259748416227,
      0.17847383480583304,
      0.16396533545679096,
      0.3381218344099863,
      0.3518705897880316,
      0.3921445967451233,
      0.10708204962967503,
      0.33209696043664577,
      0.3444984451380903,
      0.32370165851038984,
      0.4039453649063939,
      0.2564057938764538,
      0.141259467362978
    ],
    "MIBRE": [
      0.24528056129116452,
      0.24527923085430103,
      0.1435234072817704,
      0.08772902694227283,
      0.08449958175227439,
      0.2416003309441143,
      0.2150701132227009,
      0.23189656054850244,
      0.1435835264091032,
      0.22455828234025563,
      0.23642653890423596,
      0.12714627423263616,
      0.25764599927583326,
      0.1188556580364751,
      0.0912830475259641,
      0.13731389481668896,
      0.12873227327282308,
      0.11858872930573915,
      0.13865295559572366,
      0.13079048655914274,
      0.22824770078303475,
      0.2349634118523812,
      0.24791091419841738,
      0.09043668846312689,
      0.2214189329410963,
      0.22700452935893425,
      0.2197349350906494,
      0.26541598629243274,
      0.18367087780680022,
      0.11344053489222279
    ]
  },
  "Mean_MAE": 96.67578476968679,
  "Mean_MRE": 22.49230971429393,
  "Mean_MBRE": 0.25965153142321934,
  "Mean_MIBRE": 0.17935669969302728,
  "Median_MAE": 102.17001950612638,
  "Median_MRE": 22.90246981041888,
  "Median_MBRE": 0.2898537045560753,
  "Median_MIBRE": 0.19937049551475056,
  "Runs": [
    {},
    {},
    {},
    {},
    {},
    {},
    {},
    {},
    {},
    {},
    {},
    {},
    {},
    {},
    {},
    {},
    {},
    {},
    {},
    {},
    {},
    {},
    {},
    {},
    {},
    {},
    {},
    {},
    {},
    {}
  ]
}