{
  "Metrics": {
    "MAE": [
      239.84051056111755,
      287.6795465942459,
      371.4011794533784,
      342.7995288230327,
      330.4753278693824,
      290.70437116872523,
      234.98461465929498,
      318.21461146556874,
      322.9355793337183,
      357.69534994078015,
      306.23787205277625,
      341.8394955467098,
      299.50274684868396,
      334.55952212630865,
      285.87762010726595,
      337.85419017054096,
      343.9971901425052,
      388.0654387101735,
      311.8941462395029,
      381.83305764143057,
      285.6985518977353,
      341.39693658222376,
      390.9880415180287,
      240.5331421805988,
      362.9051677038215,
      289.52337519422434,
      297.897659226449,
      366.1628310671894,
      279.5754676384781,
      361.85222966577953
    ],
    "MRE": [
      16.935577304248756,
      18.378185838880068,
      25.292115533557226,
      20.089462281324806,
      26.450126482279256,
      22.768927024596223,
      16.484681592946032,
      24.447348281940357,
      25.037405932444738,
      24.842820228251526,
      22.370558771935123,
      24.909847783717108,
      20.719651067680402,
      23.905506912546688,
      23.64144383336648,
      26.58486530208461,
      25.66638278547961,
      25.087124329396303,
      20.694723060624504,
      23.218167690444734,
      17.562540733789003,
      25.483721144985903,
      30.14306445293764,
      15.753970695333178,
      22.495170495646768,
      22.345682274704465,
      20.584196813368553,
      23.770716246681882,
      22.208175111989075,
      25.249963815808464
    ],
    "MBRE": [
      0.18699428402384913,
      0.22650305267805007,
      0.3070445900127532,
      0.28170989166360527,
      0.2765821191017255,
      0.23841355504299167,
      0.18316830959404515,
      0.2622401157674203,
      0.26676073189467003,
      0.30105696197816323,
      0.24557569439052956,
      0.27852216638078375,
      0.2402598420905226,
      0.2714006429846588,
      0.24438094829887652,
      0.2805222811164974,
      0.28032862899980815,
      0.32601208723038466,
      0.25077750088859224,
      0.3300278185953229,
      0.22742686683123692,
      0.28004179914030636,
      0.3244889869167053,
      0.18273297324708418,
      0.2985832491251313,
      0.23785154085457236,
      0.23337271868649664,
      0.30269708525405326,
      0.23067387156350846,
      0.2967743519025429
    ],
    "MIBRE": [
      0.14778956969384072,
      0.16940469084321103,
      0.21402089978320785,
      0.19307226961327748,
      0.1964489316689394,
      0.1723394686454576,
      0.14184165934604584,
      0.19693671695975648,
      0.1954350489780129,
      0.20416678130021662,
      0.1781492366143943,
      0.2037624165884314,
      0.17891364463354578,
      0.20043507422117254,
      0.17163387770830915,
      0.19759266358382396,
      0.20897910939601944,
      0.22298552628610768,
      0.18419481901455212,
      0.2142507613979437,
      0.1638031850461559,
      0.201230362652986,
      0.23354338733075874,
      0.14487281480595723,
      0.20652975972542703,
      0.17841487695922828,
      0.17684023826744263,
      0.21095479978078,
      0.17316752675541083,
      0.21283307093406603
    ]
  },
  "Mean_MAE": 321.49751007098905,
  "Mean_MRE": 22.770737460766313,
  "Mean_MBRE": 0.26309748887516293,
  "Mean_MIBRE": 0.18981810628448267,
  "Median_MAE": 326.70545360155035,
  "Median_MRE": 23.429805761905605,
  "Median_MBRE": 0.2690806874396644,
  "Median_MIBRE": 0.19594199032347615,
  "Runs": [
    {},
    {},
    {},
    {},
    {},
    {},
    {},
    {},
    {},
    {},
    {},
    {},
    {},
    {},
    {},
    {},
    {},
    {},
    {},
    {},
    {},
    {},
    {},
    {},
    {},
    {},
    {},
    {},
    {},
    {}
  ]
}