{
  "Metrics": {
    "MAE": [
      297.7906255409434,
      263.1629698088465,
      235.8458008672194,
      262.51199493653905,
      179.3716398961613,
      232.07708182639928,
      203.32070932750648,
      247.80583850484078,
      165.290396416641,
      267.06348062007174,
      321.5635575369007,
      354.5983052661418,
      283.78424271628813,
      254.96040223332975,
      282.44866224966796,
      269.419978632139,
      279.72996349401785,
      238.32042311228415,
      221.3563777977824,
      364.77134923997033,
      339.13795206602,
      191.98884026918634,
      385.11884850726756,
      249.0518530389552,
      280.4240739717397,
      177.0400767197166,
      355.01157460853426,
      229.28724524354192,
      225.19786808594344,
      337.98558531412334
    ],
    "MRE": [
      21.5263136858025,
      18.567423746695212,
      16.328103715667673,
      17.351635789733233,
      13.521383445283309,
      17.72746286680398,
      13.572859399367616,
      19.640940494436773,
      13.431663659266613,
      17.212321478868887,
      25.028393438225883,
      28.119123384190043,
      21.427539618886094,
      19.683294388923574,
      22.71875742265122,
      21.475219602307778,
      20.43709051485137,
      15.376449482507587,
      16.401605047780286,
      23.491930013879873,
      22.360871104296866,
      14.535354063452576,
      28.764144958361985,
      16.993104142473435,
      18.280417569129458,
      13.707875407981836,
      25.038599406985913,
      16.76154194208571,
      16.621658274830303,
      25.984716555742853
    ],
    "MBRE": [
      0.23871811635428622,
      0.20724577442485084,
      0.1847273708600968,
      0.20531044086050287,
      0.14361936987467705,
      0.18422858517891277,
      0.15388118147785954,
      0.2034151918605756,
      0.13775278075963157,
      0.22469281648291445,
      0.26795529796885653,
      0.302112478058301,
      0.229134544076031,
      0.2064718043426932,
      0.2342802738309155,
      0.22272285032864386,
      0.23268388092794465,
      0.1776738668271,
      0.17999249730118466,
      0.304629320542097,
      0.2775076686359438,
      0.15623607022782363,
      0.3273815944443259,
      0.19485973379587437,
      0.22742724497596103,
      0.14237079749433632,
      0.2996935906078545,
      0.18065337279493132,
      0.1770423540781666,
      0.27970250600297086
    ],
    "MIBRE": [
      0.17829987706885697,
      0.16039477007948885,
      0.14574245930511695,
      0.15578331980412038,
      0.11888015221509406,
      0.14624959155600178,
      0.12543732759003917,
      0.15416394265789865,
      0.11256037452348763,
      0.16012699249607212,
      0.19220882773107995,
      0.21129938754905972,
      0.17280952124584104,
      0.1587145258320018,
      0.1743620429504671,
      0.16838150083020728,
      0.17442352631294278,
      0.1406126717343575,
      0.13966753734682877,
      0.2104740337590989,
      0.1931804837152584,
      0.1273712106598388,
      0.22253748869921952,
      0.15074562725250343,
      0.17083048471758042,
      0.11462072904968817,
      0.20698138767499813,
      0.143124485512681,
      0.1388512235741485,
      0.2029152466457657
    ]
  },
  "Mean_MAE": 266.5145905949573,
  "Mean_MRE": 19.402926487382345,
  "Mean_MBRE": 0.21680411251320877,
  "Mean_MIBRE": 0.1623916916696581,
  "Median_MAE": 262.83748237269276,
  "Median_MRE": 18.423920657912333,
  "Median_MBRE": 0.206858789383772,
  "Median_MIBRE": 0.15942075916403697,
  "Runs": [
    {},
    {},
    {},
    {},
    {},
    {},
    {},
    {},
    {},
    {},
    {},
    {},
    {},
    {},
    {},
    {},
    {},
    {},
    {},
    {},
    {},
    {},
    {},
    {},
    {},
    {},
    {},
    {},
    {},
    {}
  ]
}