{
  "Metrics": {
    "MAE": [
      124.22988505747126,
      221.78325123152706,
      186.86494252873564,
      361.77134646962236,
      280.21182266009856,
      172.51108374384236,
      179.69540229885058,
      245.70402298850576,
      188.29679802955664,
      351.8045977011494,
      383.03776683087034,
      163.41954022988506,
      278.3390804597701,
      224.85878489326763,
      129.01724137931035,
      277.66954022988506,
      247.0069786535304,
      166.25862068965517,
      220.7485632183908,
      215.20114942528735,
      325.76724137931035,
      273.5659551176793,
      200.56034482758622,
      204.29269293924463,
      295.632183908046,
      177.98850574712642,
      265.72557471264366,
      225.8173234811166,
      275.4109195402299,
      287.0689655172414
    ],
    "MRE": [
      9.01222173857631,
      15.323212012467103,
      11.685327332839195,
      22.711995731833518,
      20.299187707325977,
      13.351376725832875,
      12.693751690927032,
      19.8601999672741,
      14.803500221523342,
      25.110371246353107,
      31.893494749957984,
      12.940959888916925,
      19.410594493920556,
      17.076776561053435,
      9.948701029702937,
      21.898110354300947,
      17.51004675827313,
      11.79094787115598,
      14.57738256595957,
      13.696471056667239,
      19.294072901457074,
      20.94182996131315,
      15.422543821745391,
      13.891923010494695,
      16.925011539221003,
      13.016597243059676,
      18.107676813116445,
      14.426240350980112,
      21.2206349851481,
      19.56767584889299
    ],
    "MBRE": [
      0.09745242069117277,
      0.1782092535080827,
      0.13670369286895032,
      0.3029805000493246,
      0.23038790915231394,
      0.13770785660048884,
      0.1360517991465558,
      0.20325470047036534,
      0.15352012519319197,
      0.3052315951073376,
      0.329836929959669,
      0.13468582358731082,
      0.22874396903421051,
      0.18191656602212625,
      0.10436519224372717,
      0.22433979474979857,
      0.19582836862679143,
      0.1257370613705262,
      0.18773093394437465,
      0.16215134223767755,
      0.26540054642687705,
      0.22387982204699564,
      0.15760342921038106,
      0.1638487532821184,
      0.2436442392293743,
      0.1386782931513239,
      0.2077163689652788,
      0.17059473364580502,
      0.22246600293583765,
      0.23622550511626836
    ],
    "MIBRE": [
      0.08469458468987877,
      0.1339620730126139,
      0.11001323603589548,
      0.20870947956545027,
      0.16479292922481892,
      0.10847412446639049,
      0.10894932035376942,
      0.14586480464428128,
      0.1185996705246041,
      0.20056797662697695,
      0.20674765709467746,
      0.11161124624078618,
      0.16571838592210367,
      0.13874876604765554,
      0.08966044293904755,
      0.16007264636654017,
      0.14845622845549228,
      0.10315456523432674,
      0.13683024599899593,
      0.12887169996166525,
      0.1767357755854535,
      0.16517290899015133,
      0.11837303473962883,
      0.12797695473546528,
      0.16310267459804353,
      0.11260202363357702,
      0.15500395522418542,
      0.13182306006885658,
      0.16277618656308848,
      0.16889872257996094
    ]
  },
  "Mean_MAE": 238.34200419631452,
  "Mean_MRE": 16.946961206009664,
  "Mean_MBRE": 0.19289645095247523,
  "Mean_MIBRE": 0.14189884600414604,
  "Median_MAE": 225.3380541871921,
  "Median_MRE": 16.173777680483198,
  "Median_MBRE": 0.18482374998325046,
  "Median_MIBRE": 0.13778950602332574,
  "Runs": [
    {},
    {},
    {},
    {},
    {},
    {},
    {},
    {},
    {},
    {},
    {},
    {},
    {},
    {},
    {},
    {},
    {},
    {},
    {},
    {},
    {},
    {},
    {},
    {},
    {},
    {},
    {},
    {},
    {},
    {}
  ]
}