{
  "Metrics": {
    "MAE": [
      294.8054187192118,
      246.56931382793445,
      384.46934865900386,
      364.022030651341,
      266.0799808429119,
      334.24014778325125,
      195.63546798029552,
      473.91899288451015,
      342.058167885754,
      399.96363055845814,
      307.00647692027,
      330.6215738284704,
      333.70977011494256,
      344.053776683087,
      378.08155446086477,
      441.83812260536405,
      321.6599616858238,
      389.41954022988506,
      285.38984674329504,
      309.80021893815,
      284.3158307210031,
      432.9824849480022,
      417.6731187076015,
      367.2240010946907,
      357.2970085470086,
      296.33780332056193,
      321.7584838533114,
      429.2993979200876,
      365.29814773349244,
      386.9955300127714
    ],
    "MRE": [
      20.274743798296075,
      15.411173738199935,
      26.684311390648197,
      20.912308698792426,
      20.55173789903201,
      27.159957094984755,
      12.791112938727498,
      37.95827724249943,
      25.510279813222205,
      29.262145576813985,
      24.83342825780565,
      26.43839553691479,
      24.204116649155313,
      25.68958933923068,
      28.8835791960461,
      34.45885533730726,
      24.111252819857327,
      26.307848410536415,
      18.730245389561134,
      19.19752494540564,
      19.975252436482133,
      33.38858102262032,
      31.36900884148638,
      24.84411038418507,
      24.828781090707565,
      24.454993509841163,
      22.898293690008416,
      30.094900967305342,
      29.359892927387314,
      25.528719010362877
    ],
    "MBRE": [
      0.2444650513928619,
      0.18754464155235212,
      0.3189942735046379,
      0.3073223325826108,
      0.21848158936040013,
      0.2799533898547657,
      0.14300121913881675,
      0.4077319318459559,
      0.2882922967132025,
      0.33796190966865663,
      0.259994779687458,
      0.27629156829838164,
      0.2675564771953228,
      0.2842553806271208,
      0.3228889840908486,
      0.37125837154562985,
      0.26215235769903245,
      0.3251104289324732,
      0.2236988599712036,
      0.24340524256437343,
      0.22118040041874176,
      0.3683401107714879,
      0.351159778898452,
      0.3021027819918002,
      0.28568264803819765,
      0.24861526903483006,
      0.2580146297462491,
      0.36520783934570394,
      0.30490904934066704,
      0.3258544511034375
    ],
    "MIBRE": [
      0.17867741905569062,
      0.1475384019524805,
      0.22299117580764163,
      0.2027021727442904,
      0.16343072264278752,
      0.19896093132675333,
      0.11499517089282012,
      0.27062896651036594,
      0.2060866364368195,
      0.23202629084215842,
      0.17721715553381398,
      0.20186074529497208,
      0.19928360019840122,
      0.2053313637909912,
      0.21676066320927176,
      0.25576820227000735,
      0.19394107747547254,
      0.2240862840087399,
      0.16853325016934825,
      0.17823347290933503,
      0.1680795671438351,
      0.24443456797722313,
      0.24401448325744116,
      0.21592509332978055,
      0.21050993407316912,
      0.17761619945246143,
      0.19301500382396508,
      0.24524345898786057,
      0.22010004441184539,
      0.22418081777028792
    ]
  },
  "Mean_MAE": 346.75083829537846,
  "Mean_MRE": 25.203780598447448,
  "Mean_MBRE": 0.2867142681638557,
  "Mean_MIBRE": 0.2034057624433343,
  "Median_MAE": 343.0559722844205,
  "Median_MRE": 25.177195098703635,
  "Median_MBRE": 0.2849690143326592,
  "Median_MIBRE": 0.2040167682676408,
  "Runs": [
    {},
    {},
    {},
    {},
    {},
    {},
    {},
    {},
    {},
    {},
    {},
    {},
    {},
    {},
    {},
    {},
    {},
    {},
    {},
    {},
    {},
    {},
    {},
    {},
    {},
    {},
    {},
    {},
    {},
    {}
  ]
}