{
  "Metrics": {
    "MAE": [
      331.95402298850576,
      269.48275862068965,
      352.06130268199234,
      368.5632183908046,
      275.63218390804593,
      361.88697318007667,
      177.81226053639847,
      313.84099616858236,
      179.69129720853857,
      311.05172413793105,
      335.4693486590038,
      394.8180076628353,
      278.2854406130268,
      344.21264367816093,
      319.2068965517241,
      311.455938697318,
      266.52298850574715,
      256.8352490421456,
      295.639846743295,
      404.9157088122605,
      368.57279693486583,
      131.97892720306515,
      316.2547892720306,
      245.2134646962233,
      212.25095785440612,
      250.0,
      290.13505747126436,
      321.1781609195403,
      304.4923371647509,
      361.0938697318008
    ],
    "MRE": [
      24.533458380359864,
      20.220327324933496,
      25.39625997222971,
      24.245499715821435,
      21.03746612193687,
      27.366263235096262,
      12.935047996034148,
      24.651730799522106,
      14.409304009299984,
      21.594152956938956,
      23.958254747902696,
      29.66974706532785,
      20.558407484481446,
      25.950942918645858,
      25.852133952947735,
      24.371428898503865,
      20.401708741164654,
      16.609436781472105,
      21.57896513845948,
      25.678559780398867,
      23.896599774735748,
      9.677728298246919,
      24.31087555014492,
      17.00654635915006,
      13.75926760016744,
      18.673536863988772,
      19.832123821936047,
      22.103742334773802,
      22.179050848865625,
      26.494756788708155
    ],
    "MBRE": [
      0.2698481002113386,
      0.22064786269390782,
      0.28449200661189034,
      0.3052659531801625,
      0.22414866403736217,
      0.2874913041015372,
      0.13678958641480815,
      0.2623881317166727,
      0.14766341635985397,
      0.25694350573309366,
      0.27165358518640087,
      0.33210732585845243,
      0.22028519328589366,
      0.28286504928655515,
      0.26762241098177225,
      0.2567045386104597,
      0.21730920327343248,
      0.19242411176850394,
      0.24082097912887956,
      0.34981228320756735,
      0.3101317926052571,
      0.10401840537401137,
      0.2612141934047343,
      0.18792372129153262,
      0.15942239361890406,
      0.1963171827137841,
      0.22798758405336153,
      0.2549296078446047,
      0.24414176646712168,
      0.2967760365902778
    ],
    "MIBRE": [
      0.1978411104548169,
      0.16431949678035424,
      0.20744623707139387,
      0.20917604680541757,
      0.17044147529065584,
      0.20864954643952474,
      0.11325155188345976,
      0.18701893969345543,
      0.12004217955908016,
      0.1878139028071841,
      0.1978143445102321,
      0.22744538376828746,
      0.15752903163896662,
      0.20068229892204278,
      0.1926159817964877,
      0.18593407599726458,
      0.1675778631509396,
      0.14784874522493144,
      0.17910777556729185,
      0.22838035082611027,
      0.21223702242917208,
      0.09026789036854535,
      0.19324221713403408,
      0.14605063271195187,
      0.13005987260999546,
      0.14999225670425922,
      0.17268227569792985,
      0.19030327607937625,
      0.1862796842938364,
      0.21342637958855848
    ]
  },
  "Mean_MAE": 298.3503056011677,
  "Mean_MRE": 21.63177747540649,
  "Mean_MBRE": 0.24233819652040448,
  "Mean_MIBRE": 0.17784926152685188,
  "Median_MAE": 311.2538314176245,
  "Median_MRE": 22.141396591819714,
  "Median_MBRE": 0.2558170732275322,
  "Median_MIBRE": 0.18664931199364593,
  "Runs": [
    {},
    {},
    {},
    {},
    {},
    {},
    {},
    {},
    {},
    {},
    {},
    {},
    {},
    {},
    {},
    {},
    {},
    {},
    {},
    {},
    {},
    {},
    {},
    {},
    {},
    {},
    {},
    {},
    {},
    {}
  ]
}