{
  "Metrics": {
    "MAE": [
      231.6421455938697,
      260.1770114942529,
      354.970894909688,
      371.40517241379314,
      252.901614668856,
      422.8808429118774,
      212.68243021346473,
      306.7568144499179,
      329.7907224958949,
      328.96666666666664,
      156.78045977011496,
      358.3919540229885,
      349.09999999999997,
      290.12988505747126,
      247.3518062397373,
      356.32085385878486,
      338.86740558292286,
      360.3274220032841,
      276.25545977011495,
      357.31436781609204,
      238.6248768472906,
      386.03793103448277,
      255.29811912225702,
      338.57183908045977,
      313.02241379310345,
      305.8347701149425,
      287.5680623973727,
      371.95041050903114,
      345.89228243021347,
      375.13908045977007
    ],
    "MRE": [
      17.54901491292229,
      16.76748488851731,
      25.726074002227683,
      22.712715405152146,
      19.516679940756163,
      32.29530179715557,
      14.871550921712725,
      24.320559438518973,
      25.13062270302859,
      22.275365894502126,
      10.569756121368783,
      27.091673671079985,
      25.460659542577837,
      22.49509924737259,
      19.604820133809262,
      29.202405071652926,
      25.96321804372238,
      24.741926562635257,
      18.94194272912645,
      22.4720203001098,
      16.426994320860018,
      28.740219085420726,
      19.624379651622835,
      21.312887918827553,
      21.32318336202378,
      24.54210669802106,
      20.382923443780705,
      25.97397406721371,
      26.635742875094643,
      25.249724266557994
    ],
    "MBRE": [
      0.18743938662009188,
      0.19978676130135578,
      0.2916367205578781,
      0.31489072432060233,
      0.20505466054245253,
      0.34876577799228414,
      0.16223659627177384,
      0.2518947624547989,
      0.2714952202655721,
      0.2719659408838607,
      0.11345103372184202,
      0.29667039646416543,
      0.28650660873285194,
      0.24033516591018148,
      0.20373369760260143,
      0.3023100966649772,
      0.2812804158753144,
      0.2925424620746356,
      0.21992952667918766,
      0.29597301732573994,
      0.18152870726368284,
      0.3184810973026212,
      0.20499718114687848,
      0.27953003990402026,
      0.24323772666592933,
      0.25341553746010775,
      0.23124684960151273,
      0.30890015908340734,
      0.28392067335545307,
      0.30788564232609533
    ],
    "MIBRE": [
      0.1427150463801883,
      0.15503073480451934,
      0.20746967816754286,
      0.2095843137899209,
      0.15812045807244465,
      0.24932683395436017,
      0.1325278212842466,
      0.1891724852599596,
      0.19968636655245378,
      0.18855861997769277,
      0.0964167333521329,
      0.2133962272879412,
      0.20836074307085542,
      0.17880027900007955,
      0.15566872145470179,
      0.2120574106456509,
      0.2044224885938889,
      0.20914907486429268,
      0.16806870075608682,
      0.2033789406781473,
      0.1439992064289627,
      0.22549620146480132,
      0.15998416202514001,
      0.19674352889148652,
      0.18434266968986865,
      0.18164938374838635,
      0.1711619526098718,
      0.2162400393054169,
      0.20999710885685996,
      0.21940771886444835
    ]
  },
  "Mean_MAE": 312.6984571909572,
  "Mean_MRE": 22.597367567245723,
  "Mean_MBRE": 0.2550347528790625,
  "Mean_MIBRE": 0.18636445499441162,
  "Median_MAE": 329.3786945812808,
  "Median_MRE": 22.603907326262366,
  "Median_MBRE": 0.27173058057471644,
  "Median_MIBRE": 0.19295800707572308,
  "Runs": [
    {},
    {},
    {},
    {},
    {},
    {},
    {},
    {},
    {},
    {},
    {},
    {},
    {},
    {},
    {},
    {},
    {},
    {},
    {},
    {},
    {},
    {},
    {},
    {},
    {},
    {},
    {},
    {},
    {},
    {}
  ]
}