{
  "Metrics": {
    "MAE": [
      245.34765246530375,
      148.12231417485862,
      160.48115618113013,
      108.06559032477355,
      131.87510531662204,
      264.6810692473282,
      177.93771697974665,
      105.46034909429859,
      193.84143762647517,
      140.16083877061214,
      213.8510957106396,
      179.94069145401542,
      200.80830830001833,
      188.0777276189241,
      158.86103947399133,
      266.3967717244029,
      195.89981939057066,
      238.3520274128351,
      160.36643451209423,
      139.09090031814463,
      154.70153852770213,
      280.2965791792972,
      114.22121146389972,
      169.09537266841664,
      182.83390574186228,
      165.3706832696155,
      241.21621793825832,
      126.68460851611592,
      227.63677373895752,
      182.5102172471476
    ],
    "MRE": [
      26.14120625650429,
      20.844691863197813,
      27.339617055734244,
      19.045707426507377,
      20.41742174270833,
      30.922451136625252,
      22.950579799483677,
      19.379177403393193,
      28.939570186886925,
      24.77384363416453,
      28.424606500605183,
      24.069979084138765,
      26.98971233627805,
      27.565726598452724,
      27.008489028751832,
      35.05321896645035,
      29.751827118426892,
      27.75207393277902,
      25.654452585404048,
      21.369214497060838,
      26.42340218748221,
      36.191886607916494,
      21.165846000106995,
      29.098910587256356,
      23.029344750201464,
      28.694344621943063,
      31.773201015855484,
      18.28933268973057,
      26.149433348917338,
      26.932033833457908
    ],
    "MBRE": [
      0.3715507772449017,
      0.23309153012429523,
      0.30032832779669977,
      0.2022348081475906,
      0.22466356944151114,
      0.4341379060464987,
      0.26822115436919647,
      0.20877514479666348,
      0.3295694659985141,
      0.26718845824571047,
      0.3553962015274551,
      0.28042293860752093,
      0.3164237809975984,
      0.31488502828213,
      0.29242038857764324,
      0.44338382190793824,
      0.34132527488003417,
      0.36580840648310536,
      0.2835343415736545,
      0.23032009997265923,
      0.2890436337961658,
      0.4840395291428012,
      0.22647220483821429,
      0.31821168716711784,
      0.27342209721105987,
      0.31046020881473657,
      0.39236613970432915,
      0.1993779469505744,
      0.3454991572852003,
      0.3050366934166932
    ],
    "MIBRE": [
      0.215990262462617,
      0.16639192618036214,
      0.1984475624333999,
      0.1505116062710214,
      0.16215831999260583,
      0.23906167104902648,
      0.1803196045946432,
      0.15008732937480057,
      0.2145700350009732,
      0.1818638123166996,
      0.2182831453497533,
      0.18716457825035968,
      0.20521478932708168,
      0.2092602883094215,
      0.19203778281209888,
      0.25953525350668616,
      0.22344138824702658,
      0.21648250847914288,
      0.1938621121745121,
      0.1594585059998948,
      0.19490677256577962,
      0.26672520043235803,
      0.16040757452181761,
      0.2101169139665453,
      0.18694806577653977,
      0.20592920373131093,
      0.2362991439174656,
      0.1463112349908129,
      0.20791379732277318,
      0.20159514101699608
    ]
  },
  "Mean_MAE": 182.07283847960196,
  "Mean_MRE": 26.07137675988071,
  "Mean_MBRE": 0.3069203574449404,
  "Mean_MIBRE": 0.19804318434581758,
  "Median_MAE": 178.93920421688102,
  "Median_MRE": 26.67771801047006,
  "Median_MBRE": 0.3026825106066965,
  "Median_MIBRE": 0.20002135172519797,
  "Runs": [
    {},
    {},
    {},
    {},
    {},
    {},
    {},
    {},
    {},
    {},
    {},
    {},
    {},
    {},
    {},
    {},
    {},
    {},
    {},
    {},
    {},
    {},
    {},
    {},
    {},
    {},
    {},
    {},
    {},
    {}
  ]
}