{
  "Metrics": {
    "MAE": [
      156.44847977565246,
      211.163455006393,
      196.0511566351369,
      214.4086335561938,
      195.9686105676345,
      234.27713860013606,
      273.55849461875584,
      360.07668350180285,
      135.0904435720841,
      329.49835356320864,
      208.32440961692245,
      232.72512820260022,
      205.23874068685225,
      346.3288064678025,
      122.97992886323343,
      172.47259454966292,
      342.29398219286514,
      339.0820464858008,
      63.01659804940445,
      283.997795474235,
      385.11661093561736,
      262.9512553313662,
      302.637902719792,
      137.57556561897053,
      267.0038770084586,
      217.19795639000043,
      297.242829078388,
      317.73313070422006,
      171.31217086998254,
      176.02151652195423
    ],
    "MRE": [
      32.08226517693464,
      47.91381422288378,
      40.85894842650739,
      47.870709929115506,
      35.866401592769805,
      46.285954324515636,
      59.617330967668,
      85.37673383409643,
      27.760075129725735,
      70.13195103881058,
      39.93794821780771,
      42.86491502127328,
      41.25419057036792,
      75.20602480097304,
      31.581319944806925,
      38.407740034013074,
      75.77284025954066,
      67.41682551895359,
      13.894497060299429,
      60.37355129442802,
      81.03789246898555,
      52.05947217264574,
      74.10550149107993,
      28.229122567059417,
      63.270461618803786,
      45.764843102998114,
      68.43673821807751,
      69.60492156625281,
      36.64301231312225,
      33.1535626459503
    ],
    "MBRE": [
      0.3368732198344005,
      0.49521181827979643,
      0.426519378565547,
      0.501102737832709,
      0.388854426113771,
      0.4926632826564567,
      0.6233594727638162,
      0.9134687436881047,
      0.28629619029374603,
      0.7794690987268188,
      0.4167827111892883,
      0.46332954295010986,
      0.43246337363102416,
      0.8275623696301235,
      0.32399867387030573,
      0.3957814422307387,
      0.8283217279662445,
      0.7492326261157665,
      0.14755808441016202,
      0.6535349656427343,
      0.8795225421990207,
      0.5560620980304227,
      0.778491284230665,
      0.29024213097680307,
      0.6614876535864029,
      0.48537401353027293,
      0.7198418671735171,
      0.7561223473641353,
      0.3811893598405041,
      0.34860273219707727
    ],
    "MIBRE": [
      0.2113594467139844,
      0.29026554911774516,
      0.2736174311039362,
      0.2892888022727094,
      0.23053727575052793,
      0.29482750445907374,
      0.3443058612672687,
      0.42190700451587754,
      0.2023872432264601,
      0.3517635543741766,
      0.265265544485879,
      0.27509443033513853,
      0.26547138794923075,
      0.3938203906042801,
      0.20862325754793024,
      0.2501213077808901,
      0.3947233579838675,
      0.36981175414592815,
      0.12066604204016129,
      0.33294194041965236,
      0.42751203351722267,
      0.31085049180827073,
      0.3742366336898416,
      0.19680513808649147,
      0.3352681054298989,
      0.2713577029798178,
      0.36623793927838416,
      0.3739667408568134,
      0.23767059404849594,
      0.2148410689004874
    ]
  },
  "Mean_MAE": 238.59314317217093,
  "Mean_MRE": 51.0926521843489,
  "Mean_MBRE": 0.5446439971840162,
  "Mean_MIBRE": 0.2965181844896813,
  "Median_MAE": 224.9615422963003,
  "Median_MRE": 47.07833212681557,
  "Median_MBRE": 0.4939375504681266,
  "Median_MIBRE": 0.2897771756952273,
  "Runs": [
    {},
    {},
    {},
    {},
    {},
    {},
    {},
    {},
    {},
    {},
    {},
    {},
    {},
    {},
    {},
    {},
    {},
    {},
    {},
    {},
    {},
    {},
    {},
    {},
    {},
    {},
    {},
    {},
    {},
    {}
  ]
}