{
  "Metrics": {
    "MAE": [
      237.47286021831593,
      332.70831698436797,
      347.7492739665244,
      412.81303666630794,
      417.87918823537416,
      483.7238834987069,
      293.7363849376867,
      460.53409778566936,
      427.7252999140628,
      400.7806792465242,
      494.0953236619087,
      486.8546653399526,
      477.1123631820016,
      482.5160758152935,
      515.5667211491267,
      330.3205503389085,
      452.36491282274613,
      383.86369665064194,
      469.20366047156966,
      469.4588518922363,
      561.5725930808032,
      238.5165326209874,
      462.2486264449041,
      420.9566624706586,
      554.48578362887,
      289.73984581498013,
      469.83432257709393,
      532.4066853804942,
      402.8681024387702,
      445.31529492216055
    ],
    "MRE": [
      37.98927439876362,
      61.47108561258609,
      57.8662553961172,
      81.85320065598044,
      85.43958655665082,
      104.0480294715308,
      45.212666489133476,
      104.61289028329045,
      75.85696501474082,
      73.8435090607307,
      113.29945191035186,
      103.84317561384431,
      97.84032829740728,
      103.4277217091553,
      116.58063373840297,
      52.304157533236605,
      96.32805911228006,
      61.99722275321545,
      93.20607410521868,
      94.73560551164569,
      141.33342516513008,
      37.165991685986334,
      103.86133579505437,
      82.05189766978805,
      136.8238130493942,
      39.0225991913715,
      107.50010402532489,
      122.5197906254913,
      79.35341791439969,
      85.74089158121865
    ],
    "MBRE": [
      0.44720949374915736,
      0.7568008145685121,
      0.7596615018529219,
      1.0344289587273412,
      1.0785144143807486,
      1.307427385769052,
      0.5922444192055136,
      1.2177734623154817,
      0.9945659454216296,
      0.9889822363152899,
      1.3337026159764545,
      1.294738424959283,
      1.244382962093617,
      1.294541828500506,
      1.3991380780534632,
      0.6637085828434082,
      1.1714166465547,
      0.8369869299210971,
      1.173618180040031,
      1.1732817507331816,
      1.627962501764922,
      0.4431644642484515,
      1.2223635064201521,
      1.0280352098188197,
      1.6145717982722205,
      0.5574265662957003,
      1.2795927657439827,
      1.5112885212383662,
      0.9894390211826183,
      1.0908857638370195
    ],
    "MIBRE": [
      0.2568327778731241,
      0.3523221802300472,
      0.3591924322945119,
      0.420636311288055,
      0.4318252366736464,
      0.4911732221956862,
      0.30347454565123055,
      0.4690668729012279,
      0.4531113658078727,
      0.39147916127536214,
      0.4994300134719846,
      0.4973337000878852,
      0.4935424823703385,
      0.4916170760422504,
      0.5381433018764582,
      0.3391009585172568,
      0.4713640247432159,
      0.3809264993022132,
      0.4929888646434152,
      0.4856346375754219,
      0.5726480112695489,
      0.25666365848367173,
      0.4930179725407657,
      0.4472839133295686,
      0.5633892873014084,
      0.2814360592015407,
      0.4866985627692625,
      0.5366276250451665,
      0.4273279265452716,
      0.4519347596661648
    ]
  },
  "Mean_MAE": 425.1474764052549,
  "Mean_MRE": 86.5709719975814,
  "Mean_MBRE": 1.0709284916934547,
  "Mean_MIBRE": 0.43787411469911913,
  "Median_MAE": 448.84010387245337,
  "Median_MRE": 89.47348284321866,
  "Median_MBRE": 1.1311512051958599,
  "Median_MIBRE": 0.4610891193545503,
  "Runs": [
    {},
    {},
    {},
    {},
    {},
    {},
    {},
    {},
    {},
    {},
    {},
    {},
    {},
    {},
    {},
    {},
    {},
    {},
    {},
    {},
    {},
    {},
    {},
    {},
    {},
    {},
    {},
    {},
    {},
    {}
  ]
}