{
  "Metrics": {
    "MAE": [
      382.699321468111,
      313.3131164077304,
      319.257007790054,
      375.59477137949995,
      447.9331812148586,
      450.48333777364303,
      328.95901869248235,
      439.1476402317932,
      381.4023430278367,
      431.3705163667808,
      443.6374560929304,
      438.97366747348957,
      374.2125294031752,
      437.6111718087551,
      449.2000833309969,
      308.65652349673627,
      494.24648968709954,
      313.3389811702172,
      384.3433310484796,
      456.010694931401,
      525.8229162164474,
      311.93327230696985,
      453.21525365905654,
      366.87137169044706,
      524.9663885408229,
      359.8947798861762,
      395.8612770294064,
      509.87935691959706,
      311.537185369657,
      384.4872257274781
    ],
    "MRE": [
      86.03183322905781,
      77.50475904081358,
      70.56064621112374,
      86.14847958741672,
      104.95338427839991,
      102.6643651021369,
      81.94858178232582,
      106.79546361622046,
      77.29939946334297,
      95.80680009866045,
      102.6769640364625,
      93.62158735118564,
      80.84512345050176,
      99.47586774179403,
      104.00116649077644,
      67.32959953177034,
      111.62765644452564,
      63.84467734081174,
      82.28898166311642,
      95.74858144247588,
      126.56141231616715,
      70.35855178623036,
      111.0188828700139,
      81.77050808628718,
      123.60952040901768,
      85.88985928613425,
      96.34194849996905,
      113.55217693596413,
      70.03516012754521,
      86.72653801591788
    ],
    "MBRE": [
      0.9651898072532468,
      0.8197242925168358,
      0.7671808882656829,
      0.9405959843256887,
      1.203472190770499,
      1.1884403617356911,
      0.8736116380839639,
      1.1738584220667616,
      0.8691960240847266,
      1.1304174699655134,
      1.1487486259384687,
      1.1205194366554154,
      0.9072632539904532,
      1.154465853766105,
      1.1640223665138594,
      0.7179592718882628,
      1.3518591646893017,
      0.7007339815471436,
      0.9282791168870652,
      1.1206028285298413,
      1.4760501097562553,
      0.7629598327568426,
      1.2376761383522015,
      0.9072339009883573,
      1.4954262277616595,
      0.9367239291252003,
      1.0513868363246506,
      1.4103411706564046,
      0.7566209140399015,
      0.9710934464615759
    ],
    "MIBRE": [
      0.4344475024081677,
      0.395665432060642,
      0.38148078113484685,
      0.4428573725904756,
      0.4798133284051775,
      0.4849299310835699,
      0.40002116420750033,
      0.47174983780424123,
      0.4291297121086465,
      0.45835054924662716,
      0.49486711848583403,
      0.4667971671706394,
      0.42372741535027153,
      0.4669994953961796,
      0.49847772378010247,
      0.3847153050775141,
      0.5176053083515051,
      0.36191193158465024,
      0.4377956109333948,
      0.48243144792564163,
      0.5503937298727634,
      0.3676342002871338,
      0.4968726955189237,
      0.4254125084772033,
      0.5384279460352435,
      0.4193915855313575,
      0.4488987363167661,
      0.5211110189892181,
      0.37625599520361824,
      0.4359688787253545
    ]
  },
  "Mean_MAE": 403.8286736714042,
  "Mean_MRE": 91.90128254120552,
  "Mean_MBRE": 1.041721782856586,
  "Mean_MIBRE": 0.4498047143354403,
  "Median_MAE": 390.17425137844225,
  "Median_MRE": 90.17406268355177,
  "Median_MBRE": 1.0112401413931131,
  "Median_MIBRE": 0.44587805445362083,
  "Runs": [
    {},
    {},
    {},
    {},
    {},
    {},
    {},
    {},
    {},
    {},
    {},
    {},
    {},
    {},
    {},
    {},
    {},
    {},
    {},
    {},
    {},
    {},
    {},
    {},
    {},
    {},
    {},
    {},
    {},
    {}
  ]
}