{
  "Metrics": {
    "MAE": [
      254.524568184445,
      365.9957232952043,
      221.2534744721234,
      356.27907130419925,
      361.735949295311,
      364.6157382877542,
      253.67811563133674,
      532.3853988916269,
      373.8320541446764,
      479.686387558128,
      514.8973554727932,
      355.69653088423627,
      513.4600481792744,
      365.840794093916,
      539.0554073317323,
      351.20403814454784,
      492.38803776892377,
      383.89508508842084,
      548.0150200025878,
      382.4599129663469,
      530.7357966792079,
      362.86101233380253,
      383.5733591198328,
      332.64348748915734,
      528.5036065091629,
      357.6268936896797,
      533.5710263578427,
      528.9600689946848,
      357.5057890759563,
      371.2020358107384
    ],
    "MRE": [
      53.9690427343463,
      90.69753933254789,
      46.957409151754696,
      81.77554627871872,
      85.52206026554636,
      81.05355061586256,
      60.97778796148765,
      128.0430058356078,
      81.96687763943457,
      105.20111595958275,
      114.20931581212113,
      74.17841722685787,
      110.7124329110808,
      83.30484122268746,
      127.7425839132947,
      79.00732438425598,
      113.70113100061646,
      74.1334318138154,
      114.85343908984265,
      87.61827387978487,
      129.804339412286,
      82.91193969320952,
      95.71084840697534,
      68.75068855934582,
      122.46675929891416,
      86.14215589493296,
      133.34504207899795,
      123.34790404785781,
      83.1730060547,
      82.16225051695967
    ],
    "MBRE": [
      0.5844798487796385,
      0.9772598252924263,
      0.4999724996303048,
      0.8924541329208698,
      0.9415662886366991,
      0.902715772736935,
      0.6406542575375561,
      1.480272272683949,
      0.8955560558904776,
      1.3417713773310818,
      1.3370437039625664,
      0.8444127043993256,
      1.373791173025082,
      0.9213984373690219,
      1.5565536311504171,
      0.8657810257694405,
      1.3591505832946222,
      0.8569427600796413,
      1.4689181742316935,
      0.9703681706870139,
      1.4949489472207491,
      0.9140480454946031,
      1.033216126779419,
      0.7553332543456345,
      1.4456371363331115,
      0.9326441691026828,
      1.5335567777102797,
      1.5325335071739987,
      0.9154862923567976,
      0.9101065236393684
    ],
    "MIBRE": [
      0.31678101901224864,
      0.43613254149266945,
      0.29070002383165156,
      0.41608756453979856,
      0.4100794308172387,
      0.4128683313984617,
      0.3226968556564651,
      0.5161954864570961,
      0.42655530822048676,
      0.481595459162175,
      0.5228139264982863,
      0.39490507692086735,
      0.507598694289107,
      0.4125721930342051,
      0.5303181114316475,
      0.405418476831461,
      0.5058190644814742,
      0.39060235404907917,
      0.5445558703397654,
      0.42854190631482286,
      0.5521112932763969,
      0.40800612044889467,
      0.4480475301139863,
      0.3881996371832257,
      0.5465320147772067,
      0.3957392178862759,
      0.51980854017201,
      0.5208798798573925,
      0.39927118979734794,
      0.42295323420919917
    ]
  },
  "Mean_MAE": 409.9360595685883,
  "Mean_MRE": 93.4480020331142,
  "Mean_MBRE": 1.0726191158521803,
  "Mean_MIBRE": 0.44247954508336473,
  "Median_MAE": 372.5170449777074,
  "Median_MRE": 85.83210808023966,
  "Median_MBRE": 0.9371052288696909,
  "Median_MIBRE": 0.424754271214843,
  "Runs": [
    {},
    {},
    {},
    {},
    {},
    {},
    {},
    {},
    {},
    {},
    {},
    {},
    {},
    {},
    {},
    {},
    {},
    {},
    {},
    {},
    {},
    {},
    {},
    {},
    {},
    {},
    {},
    {},
    {},
    {}
  ]
}