{
  "Metrics": {
    "MAE": [
      80.1854675499937,
      64.30189266502767,
      86.40282393471522,
      78.37463457065253,
      75.0672195667095,
      83.633563695942,
      59.253853371280705,
      64.53532092568193,
      73.44522853919908,
      79.19064237693125,
      57.79828305221965,
      76.5105994806963,
      77.39428802754954,
      75.07764307750801,
      77.87810432015546,
      69.37185739636294,
      72.7664161684416,
      81.23232733101274,
      75.59641068221407,
      80.36713575915812,
      57.76824368683503,
      75.24366703412036,
      58.12738192309052,
      74.0682809139136,
      74.44386624497773,
      64.59884083116577,
      71.99884860011502,
      87.24595742029294,
      72.21491246218474,
      77.54701780369045
    ],
    "MRE": [
      5.134495660361712,
      4.997764221301299,
      5.560449072464428,
      5.345338519524718,
      5.208046877292171,
      5.758755176854851,
      4.3104963213474425,
      4.711180664587941,
      5.268946042881001,
      5.3744979491435725,
      4.455474432538014,
      4.849711388513632,
      5.324697949070795,
      5.202600482164672,
      5.854472078165232,
      5.015323198642019,
      5.461853244273356,
      5.182974485307877,
      5.066523764385137,
      5.330817057444668,
      4.144119708397209,
      5.171973167397547,
      4.502891678747403,
      5.327713176626967,
      5.3746595548866685,
      4.903351652104958,
      5.077742866946374,
      5.505968779883064,
      4.734227845429507,
      5.2090620208145815
    ],
    "MBRE": [
      0.05975171732314172,
      0.05489351781929871,
      0.06516992704105673,
      0.06092456914953369,
      0.059432859036927965,
      0.06584548049242633,
      0.04793814273218714,
      0.05274947047744906,
      0.058877084347860216,
      0.06160240571355659,
      0.04861133429253145,
      0.056172744818565254,
      0.06020717590096437,
      0.05894045038413753,
      0.06545467870591551,
      0.055745517004151084,
      0.06024839443421323,
      0.06086545656733808,
      0.05797276365432703,
      0.06195805350309758,
      0.04576877061004436,
      0.05838562109253667,
      0.049194513518295874,
      0.06007465040744353,
      0.06013933953152904,
      0.05352638929200435,
      0.05718864685543788,
      0.06448401466923746,
      0.05390931183155584,
      0.059227802761881033
    ],
    "MIBRE": [
      0.04725816222864937,
      0.04478615346018648,
      0.051495888211450236,
      0.048596520728921844,
      0.04676807955785003,
      0.05122234621158189,
      0.04049478510316633,
      0.043992842568467916,
      0.047384198796579756,
      0.048774985552070826,
      0.040907789899588695,
      0.04575604703964076,
      0.04767104457078696,
      0.047300579856172476,
      0.05147196964185942,
      0.04549737923841788,
      0.04732267062049212,
      0.04839666132173468,
      0.047085781649363924,
      0.04933052956326976,
      0.03902435252092223,
      0.04623702406157857,
      0.04151575749064037,
      0.04826610548193697,
      0.047719868916528435,
      0.043955846719642214,
      0.04649002821358001,
      0.050525008195521304,
      0.04390676670033262,
      0.047507922616560595
    ]
  },
  "Mean_MAE": 73.38802431372794,
  "Mean_MRE": 5.112204301249959,
  "Mean_MBRE": 0.05784202679895485,
  "Mean_MIBRE": 0.04655543655791648,
  "Median_MAE": 75.07243132210876,
  "Median_MRE": 5.192787483736275,
  "Median_MBRE": 0.05908412657300928,
  "Median_MIBRE": 0.04727937104241092,
  "Runs": [
    {},
    {},
    {},
    {},
    {},
    {},
    {},
    {},
    {},
    {},
    {},
    {},
    {},
    {},
    {},
    {},
    {},
    {},
    {},
    {},
    {},
    {},
    {},
    {},
    {},
    {},
    {},
    {},
    {},
    {}
  ]
}