{
  "Metrics": {
    "MAE": [
      377.8570944382282,
      362.6083829262079,
      375.5302508533609,
      377.9404866994816,
      370.2352043271891,
      386.1013696502274,
      374.63320748514025,
      350.3113217125331,
      373.8538860611669,
      382.19153393440683,
      364.2203480610561,
      385.96212452379365,
      209.30400692626452,
      372.7656022750589,
      371.28845641350676,
      364.5797522595367,
      185.47433065248617,
      386.37506433468536,
      385.30020716484745,
      393.8549557578666,
      369.2961743101457,
      393.08593270714294,
      372.50257808737456,
      383.8687191325493,
      381.1344791925676,
      382.0128596655305,
      374.53654911425605,
      395.1161337599431,
      388.3049637028324,
      383.55529610857036
    ],
    "MRE": [
      37.70001841482217,
      37.39003019694647,
      36.41734450716348,
      37.59903041912705,
      36.50927630008117,
      41.02720312650064,
      40.90877131940246,
      36.78338449546594,
      36.33405291906954,
      35.58223055867395,
      37.71772716837016,
      39.598256654262585,
      35.579639046661796,
      35.2623732241486,
      41.31709729138733,
      33.91516155518292,
      33.66553757575543,
      38.00681094945081,
      40.642291667600766,
      42.95363522329121,
      40.62637308757668,
      41.636107263303565,
      41.93223398371452,
      40.24213280457478,
      42.393115659654015,
      41.26287537538876,
      39.560903370953504,
      41.853121306949106,
      42.60254549697417,
      39.549215615721536
    ],
    "MBRE": [
      1.1897870047497174,
      1.1382760641147072,
      1.1014628547266412,
      1.2057574344517514,
      1.1899950717303502,
      1.1821732488335186,
      1.2968051003798124,
      0.9589118785238122,
      1.1083035789298132,
      1.1796486169099927,
      1.1208293003493555,
      1.2490095389497418,
      0.4138256590637566,
      1.1451265367926653,
      1.1944978834061843,
      1.0976496524448072,
      0.3869401551110323,
      1.2126797301007317,
      1.2289865658027077,
      1.343613604915257,
      1.1417070779325962,
      1.3764674759920268,
      1.2093192189680602,
      1.2974034686459366,
      1.27627344558961,
      1.3103245945708832,
      1.146130670348801,
      1.3200541258060872,
      1.3197156962240142,
      1.2436623443792572
    ],
    "MIBRE": [
      0.3106262911092121,
      0.30927666169614054,
      0.30418930063194133,
      0.31279621053574963,
      0.3069498532336179,
      0.3244073615691467,
      0.32019388025288104,
      0.30123794061493625,
      0.30592692449704967,
      0.30735333128188996,
      0.30729131417464894,
      0.31579739527435463,
      0.2464497460329738,
      0.29407498045405,
      0.31605906502583275,
      0.2936964147179007,
      0.2388369626587088,
      0.31255550124374265,
      0.32903111598121987,
      0.3300479119889532,
      0.32139393282138246,
      0.3304685250287319,
      0.32150419267190256,
      0.325805871651236,
      0.326392492246716,
      0.3274247039697194,
      0.3128439004306959,
      0.3312103331938063,
      0.33036989621434865,
      0.315291440628231
    ]
  },
  "Mean_MAE": 365.79337574126527,
  "Mean_MRE": 38.88561655260584,
  "Mean_MBRE": 1.1528445866247876,
  "Mean_MIBRE": 0.3109834483943906,
  "Median_MAE": 376.69367264579455,
  "Median_MRE": 39.555059493337524,
  "Median_MBRE": 1.1922464775682673,
  "Median_MIBRE": 0.31406767052946344,
  "Runs": [
    {},
    {},
    {},
    {},
    {},
    {},
    {},
    {},
    {},
    {},
    {},
    {},
    {},
    {},
    {},
    {},
    {},
    {},
    {},
    {},
    {},
    {},
    {},
    {},
    {},
    {},
    {},
    {},
    {},
    {}
  ]
}