{
  "Metrics": {
    "MAE": [
      284.635695171814,
      301.0433611608881,
      221.5999279874066,
      273.05370693837443,
      320.6485537467256,
      328.67844531729486,
      263.2020276679278,
      301.8868973559116,
      259.4136481588009,
      341.43643268410307,
      310.2962777387557,
      337.10976080156826,
      329.3645702593293,
      331.6571348977238,
      308.7149931483835,
      257.53532206592445,
      371.2704157727124,
      326.4055025979117,
      278.2479440466211,
      322.55836577359867,
      369.5774469934615,
      279.5134743077469,
      320.83929842269134,
      313.46856202038055,
      375.4890705576748,
      270.31585715121133,
      328.64957178152036,
      392.2100888078783,
      279.1771788710744,
      282.26025240742445
    ],
    "MRE": [
      35.78195287180714,
      31.935273277333604,
      27.881211508874554,
      33.24985441707503,
      35.84043297952066,
      35.80999141802624,
      33.663490704106,
      36.0976455642604,
      26.80230505814785,
      40.525979026354456,
      33.64507883222442,
      35.998636257690656,
      33.3983716251482,
      38.52387092146203,
      31.548267338913412,
      29.808890597501183,
      38.24869952540539,
      31.33075189905637,
      30.934181475154578,
      31.836668096580635,
      40.240426132876536,
      33.14087060822007,
      37.80850136808554,
      34.27479222356169,
      39.34214562597814,
      36.860752548491746,
      37.06511971681234,
      41.37499413311632,
      34.391477700049045,
      35.52031580176853
    ],
    "MBRE": [
      0.5203224621439754,
      0.5859248599074391,
      0.35304505702331,
      0.47107727069758365,
      0.6605395297544565,
      0.6623911117297321,
      0.474395657130903,
      0.5995764093945092,
      0.40154977989463037,
      0.7314151720267513,
      0.626136011936063,
      0.7065041762969019,
      0.653588702835306,
      0.6878508553569432,
      0.6006386578104737,
      0.42262171489428446,
      1.1941708359316243,
      0.6379381203845131,
      0.47203735908338623,
      0.6300134962487185,
      1.198278261602168,
      0.48690676362641633,
      0.681975521311951,
      0.6156053396025043,
      1.2274682010766602,
      0.5038734798612637,
      0.6938830652278903,
      1.3065964980595122,
      0.49664571474145125,
      0.5083981764285085
    ],
    "MIBRE": [
      0.2722423753625707,
      0.2628170744316715,
      0.22339043036425799,
      0.26343018253931477,
      0.28522048946750495,
      0.283789039643167,
      0.2606699051969821,
      0.2749853223777059,
      0.23038008978453692,
      0.30886008020221223,
      0.2718885620098174,
      0.2889629042274609,
      0.276207919265044,
      0.29653743693547874,
      0.2633288532229816,
      0.23895039941674637,
      0.30799086233304795,
      0.26238477358730367,
      0.2539418600170425,
      0.2660799717727587,
      0.3160600308858521,
      0.26204763727060715,
      0.2926294591614959,
      0.27423987327258004,
      0.3159341412301787,
      0.27417746603901505,
      0.2887355117200231,
      0.3250904509802581,
      0.2657638603361812,
      0.2674832580615746
    ]
  },
  "Mean_MAE": 309.34199282042795,
  "Mean_MRE": 34.76269830845342,
  "Mean_MBRE": 0.6603789420673276,
  "Mean_MIBRE": 0.2758073407038457,
  "Median_MAE": 311.88241987956815,
  "Median_MRE": 34.95589675090879,
  "Median_MBRE": 0.6208706757692837,
  "Median_MIBRE": 0.27320992070079286,
  "Runs": [
    {},
    {},
    {},
    {},
    {},
    {},
    {},
    {},
    {},
    {},
    {},
    {},
    {},
    {},
    {},
    {},
    {},
    {},
    {},
    {},
    {},
    {},
    {},
    {},
    {},
    {},
    {},
    {},
    {},
    {}
  ]
}