{
  "Metrics": {
    "MAE": [
      230.69858622950036,
      270.45475764767946,
      204.6000533474037,
      295.0466991584422,
      294.0711200563681,
      298.18036451709816,
      219.8686919956006,
      366.655248962646,
      280.4394009633186,
      400.0630979930109,
      358.3758862483979,
      308.5678204746604,
      384.75072467635374,
      295.36279291051665,
      370.98628502075786,
      286.53663138160624,
      379.3023504197599,
      297.8394660230116,
      373.59154180726784,
      295.75637173716984,
      369.1052165863721,
      293.52776330897615,
      289.0006016992721,
      269.25754734750274,
      372.78677647333745,
      287.5307762649217,
      382.6806736123452,
      398.75759615170335,
      308.8967087979681,
      299.0093317477246
    ],
    "MRE": [
      32.665828141406855,
      32.67870668841095,
      26.769588709884374,
      33.95859007301274,
      36.99059638109597,
      35.17510486397146,
      34.7388479679086,
      43.192370981558724,
      29.715834290847425,
      44.156584418730496,
      36.38765808003769,
      36.176142208430306,
      36.63192260009673,
      35.88123005873997,
      38.808373886690894,
      34.34783042762818,
      42.55279822893651,
      29.31682974223464,
      34.02519696193292,
      33.36198282801245,
      40.95898766051219,
      35.054151217703925,
      34.315242998889175,
      28.966681126662102,
      39.36498652915989,
      38.667409568222055,
      41.63385848768625,
      43.2625348705151,
      39.96676625842749,
      35.505201401472156
    ],
    "MBRE": [
      0.4086431106665967,
      0.4888921239521058,
      0.32881802936171384,
      0.5403510508419016,
      0.5635228682822254,
      0.5433385478039793,
      0.42900560186050546,
      1.1217255509215562,
      0.4655205531968863,
      1.3560513869323179,
      1.0843305302872783,
      0.582111049634128,
      1.2758088293491452,
      0.5418770874696014,
      1.2136710976310192,
      0.5184185452641136,
      1.2268006731315109,
      0.5022436230487521,
      1.1971140929108288,
      0.5276067649525217,
      1.1748027673495944,
      0.5365582435818333,
      0.5487468025005973,
      0.4440663404571473,
      1.1856572873993574,
      0.5520314695577577,
      1.2615783987163642,
      1.3846559661690407,
      0.6104956873412954,
      0.5509731023626356
    ],
    "MIBRE": [
      0.2449826073266511,
      0.2611109408717665,
      0.21731997881461407,
      0.27436601199944555,
      0.28431145844593286,
      0.27568419053090715,
      0.2565341347231435,
      0.32294688257707593,
      0.24867083194556402,
      0.34002992113057307,
      0.295960927874167,
      0.28172035436256143,
      0.306472943517282,
      0.27553191220136125,
      0.31209706411096033,
      0.2660092377332608,
      0.3269459985305776,
      0.25151369999413875,
      0.2972147095161132,
      0.26652936267844457,
      0.317280778213283,
      0.2772610944199308,
      0.27394924736111953,
      0.2383982561033541,
      0.3132375529540421,
      0.2867227831827356,
      0.3227692647518943,
      0.3355775290432633,
      0.2956351472875876,
      0.27372886559486215
    ]
  },
  "Mean_MAE": 316.05669611868973,
  "Mean_MRE": 36.174261255293935,
  "Mean_MBRE": 0.772180572764477,
  "Mean_MIBRE": 0.28468378959322044,
  "Median_MAE": 298.0099152700549,
  "Median_MRE": 35.69321573010606,
  "Median_MBRE": 0.5515022859601967,
  "Median_MIBRE": 0.2794907243912461,
  "Runs": [
    {},
    {},
    {},
    {},
    {},
    {},
    {},
    {},
    {},
    {},
    {},
    {},
    {},
    {},
    {},
    {},
    {},
    {},
    {},
    {},
    {},
    {},
    {},
    {},
    {},
    {},
    {},
    {},
    {},
    {}
  ]
}