{
  "Metrics": {
    "MAE": [
      205.98927914889327,
      360.89625081637223,
      171.37813743507547,
      373.1086537517763,
      380.3836753142964,
      390.93693830523614,
      193.58678484162468,
      369.0875328424355,
      364.1583290199656,
      402.5375172872254,
      362.7331062127886,
      389.07250189760464,
      386.02186816475665,
      385.90337980185495,
      374.0540782731721,
      373.560824119851,
      377.25553959759714,
      375.9068398681303,
      375.98012191593165,
      380.1748724136937,
      374.44449031219733,
      384.8839158207451,
      366.7021755169471,
      360.24464378877946,
      374.1259729315241,
      378.1690172558364,
      385.47857889367066,
      399.2316812538545,
      376.28655774460907,
      378.4530180071382
    ],
    "MRE": [
      33.65228248342717,
      35.491216514697705,
      27.04166675661952,
      36.4147823532887,
      41.02647429759325,
      41.29005194567459,
      35.530189696914235,
      44.96108970123488,
      32.587340695957494,
      44.774808377061674,
      36.292708711200696,
      40.70602071447983,
      35.68538436554829,
      40.22865993020041,
      38.89169462366866,
      38.57224948360623,
      42.47111777459776,
      34.02110419158023,
      34.71521085459656,
      37.44516975540669,
      43.871154818325344,
      39.02434632278718,
      37.65252832472816,
      34.39251910257373,
      39.65921491488695,
      42.74714355421183,
      43.00842160089305,
      43.45144603274499,
      41.860390520195864,
      38.99245245582652
    ],
    "MBRE": [
      0.39837133320340684,
      1.142508720651345,
      0.32102339470399965,
      1.1072871368416226,
      1.2636902212763204,
      1.2514045472765556,
      0.4133150280147805,
      1.1290434417840594,
      1.0359422274691272,
      1.3667932087704664,
      1.133417389038881,
      1.2426851880152672,
      1.3301629405280568,
      1.2451259510756687,
      1.2410112794405657,
      1.1470740387296938,
      1.1901470041304352,
      1.1012827709838509,
      1.2305022821509106,
      1.1842716554521129,
      1.1952630227463923,
      1.2297798815611445,
      1.1591317630401676,
      0.9935368814232771,
      1.1852713669602255,
      1.1646461252188647,
      1.274429369214654,
      1.3954474215817108,
      1.0791078090916952,
      1.1295755622029253
    ],
    "MIBRE": [
      0.2424975187590339,
      0.3017205967847625,
      0.20993910210072353,
      0.30970252939394166,
      0.3271603630674985,
      0.32938159791787247,
      0.24672956012293878,
      0.32805469809626736,
      0.28536604338649413,
      0.34574054982971486,
      0.3010250822986567,
      0.3252123320082187,
      0.30563794589410614,
      0.32220589772369906,
      0.317765318018267,
      0.3118334926416688,
      0.3250674034870747,
      0.29675398996028995,
      0.2999389342028227,
      0.30990037923752595,
      0.3281163038508879,
      0.3222978545722907,
      0.3104850936962619,
      0.29625232801647094,
      0.3163771398175249,
      0.33353576867312773,
      0.3286936208900196,
      0.33600654628553445,
      0.32723678411008855,
      0.31382594009538994
    ]
  },
  "Mean_MAE": 359.0248760851194,
  "Mean_MRE": 38.54862802915093,
  "Mean_MBRE": 1.1093749654192728,
  "Mean_MIBRE": 0.3084820238313058,
  "Median_MAE": 375.94348089203095,
  "Median_MRE": 38.9420735397476,
  "Median_MBRE": 1.174458890335489,
  "Median_MIBRE": 0.3151015399564574,
  "Runs": [
    {},
    {},
    {},
    {},
    {},
    {},
    {},
    {},
    {},
    {},
    {},
    {},
    {},
    {},
    {},
    {},
    {},
    {},
    {},
    {},
    {},
    {},
    {},
    {},
    {},
    {},
    {},
    {},
    {},
    {}
  ]
}