{
  "Metrics": {
    "MAE": [
      1493.5491559418952,
      1497.7561576519108,
      1763.8752572201213,
      1600.2572386072554,
      1646.286490751769,
      1701.355886007266,
      1738.8123612255902,
      1684.9755088064499,
      1710.196466437459,
      1596.064746589022,
      1625.93639737675,
      1559.5896375687373,
      1562.585420254242,
      1483.282234093133,
      1657.5061232373937,
      1825.2667960578437,
      1807.4567384551442,
      1478.2445897954713,
      1234.2064263126783,
      1610.4921888326292,
      1662.663715544911,
      1715.2652606904287,
      1848.6035961180646,
      1454.147529445425,
      1670.807273314133,
      1472.7020135035245,
      1511.280104256865,
      1545.3677692561666,
      1636.3450350109276,
      1420.7297981568422
    ],
    "MRE": [
      12.450166574824575,
      13.715707627682464,
      15.737384478992142,
      14.472472522477068,
      15.607315332493886,
      14.506444546995006,
      15.805449190676713,
      14.827498303666209,
      15.421712234725662,
      13.823147380611234,
      14.9325741558887,
      13.942443557540818,
      13.32746103232271,
      13.097479331940606,
      15.374551303117823,
      16.614275814040145,
      15.520887025593561,
      13.379378661599842,
      11.05846808969924,
      13.056469844517904,
      15.477151491552743,
      15.775924907753359,
      16.09699862903751,
      13.65282404681335,
      15.536127186965729,
      13.462874494657498,
      14.406090693196894,
      13.67140591971718,
      15.486940613914097,
      13.002899706819838
    ],
    "MBRE": [
      0.1530033690952939,
      0.15369910796835692,
      0.18682734519373909,
      0.17000821807044178,
      0.17754662268598004,
      0.17495149113589217,
      0.18201061931804377,
      0.17790474238706994,
      0.18183370984747924,
      0.16598782184371588,
      0.17252963939533938,
      0.16355697278325657,
      0.15935119029290218,
      0.15051548822768776,
      0.17579095968565717,
      0.19667553709199356,
      0.19032255593035693,
      0.1516269593136641,
      0.12470801896889154,
      0.16486922801738418,
      0.17704731274959828,
      0.18075676430282514,
      0.19854408258916456,
      0.1524824920589062,
      0.175922354574404,
      0.15641212494697038,
      0.15810810048787935,
      0.16103700589596157,
      0.17568395398352785,
      0.14514597683719746
    ],
    "MIBRE": [
      0.10873680529729637,
      0.11637897829896189,
      0.13294991337794312,
      0.12236186114973956,
      0.12921924372394777,
      0.12359014594410074,
      0.1328483527309749,
      0.12572411739056782,
      0.1293976166514645,
      0.1185051397050661,
      0.12550404222073788,
      0.11783639632849639,
      0.11526725036772846,
      0.11241585996576475,
      0.12906014473013291,
      0.13766076939958227,
      0.13277503041663383,
      0.11447500134242942,
      0.09557072593424075,
      0.11397137211070868,
      0.12948520482213538,
      0.1320031161640216,
      0.13679046633682818,
      0.11424438621650465,
      0.1299133843870119,
      0.11301771027997559,
      0.12101295075441246,
      0.11780867149593244,
      0.12803404616938752,
      0.1106544351972306
    ]
  },
  "Mean_MAE": 1607.1869305506686,
  "Mean_MRE": 14.441350823327818,
  "Mean_MBRE": 0.16849532552265273,
  "Mean_MIBRE": 0.12224043796366527,
  "Median_MAE": 1618.2142931046897,
  "Median_MRE": 14.489458534736038,
  "Median_MBRE": 0.17126892873289057,
  "Median_MIBRE": 0.12297600354692015,
  "Runs": [
    {},
    {},
    {},
    {},
    {},
    {},
    {},
    {},
    {},
    {},
    {},
    {},
    {},
    {},
    {},
    {},
    {},
    {},
    {},
    {},
    {},
    {},
    {},
    {},
    {},
    {},
    {},
    {},
    {},
    {}
  ]
}