{
  "Metrics": {
    "MAE": [
      1603.6846263318664,
      1586.2573263316228,
      1827.86683665575,
      1606.6392785233215,
      1782.0106603090103,
      1881.6846674812834,
      1886.144634923824,
      1721.2750434538461,
      1780.3966263406796,
      1735.6276600935535,
      1752.7842367430828,
      1645.4117538190092,
      1576.9923656447554,
      1598.5348116114296,
      1723.6136744708513,
      1900.1295084882852,
      1875.787629674478,
      1585.8472705983254,
      1312.9977494686138,
      1714.1937763284666,
      1696.65014770844,
      1792.3496868748666,
      1886.9635637195272,
      1526.85599382669,
      1784.801585508838,
      1620.320725202362,
      1649.5452839354164,
      1611.8493378139428,
      1723.0333185573427,
      1498.5327681470005
    ],
    "MRE": [
      13.214500575510154,
      13.970826374145492,
      16.143552244306917,
      14.343591439240457,
      16.732902140606036,
      15.941446239772276,
      16.81345200143426,
      14.982512117016553,
      15.95896349786334,
      14.963437407218183,
      15.887950278146103,
      14.475331936423345,
      13.423850784808172,
      13.66437791025591,
      15.860031769112654,
      17.262286368990043,
      16.057040286793047,
      13.851798947929739,
      11.614263650569914,
      13.691171225185064,
      15.691070876039603,
      16.18753094863248,
      16.478385952600792,
      13.91416676269185,
      16.257473854926136,
      14.662264223443444,
      15.283132161173555,
      14.108046815647658,
      16.090602363890127,
      13.304797670645838
    ],
    "MBRE": [
      0.1651769359642508,
      0.16424142012097437,
      0.19545660770919424,
      0.17150397450688587,
      0.1941093216651966,
      0.20026898521779496,
      0.202770987557304,
      0.1828842770660952,
      0.18996224224408134,
      0.1830780497862638,
      0.18703919928208668,
      0.1742783984457631,
      0.16004939462307766,
      0.16593505052572108,
      0.18443258784701896,
      0.20609445391034728,
      0.19826407028368986,
      0.16417891549102093,
      0.1326816117666529,
      0.17800656640393703,
      0.18061173482351278,
      0.19223739643853074,
      0.2027434527880116,
      0.16121847338706596,
      0.19164997138147863,
      0.17424650558859486,
      0.17466867427977162,
      0.16945445930230102,
      0.18615605768636737,
      0.1540812409157779
    ],
    "MIBRE": [
      0.11676986458380535,
      0.12062794085206226,
      0.1371333009542803,
      0.12230062937774476,
      0.1384740093684961,
      0.1351275137726117,
      0.1414582599299095,
      0.12808122746944775,
      0.1343547210190369,
      0.1280878956608301,
      0.134723436894526,
      0.12307595675919157,
      0.11719102745496021,
      0.11885264853265026,
      0.13310581785502235,
      0.1429297853448559,
      0.13786973405893727,
      0.12102900891175834,
      0.10164163512966741,
      0.12082220117232711,
      0.13206470132119608,
      0.1361828614523252,
      0.13986021050902472,
      0.11840057763296666,
      0.13667340757100369,
      0.12303753580366869,
      0.12999276901510481,
      0.12196036070830484,
      0.1338784425692015,
      0.11488851852693041
    ]
  },
  "Mean_MAE": 1696.2927516195493,
  "Mean_MRE": 15.027691960833973,
  "Mean_MBRE": 0.179582700566959,
  "Mean_MIBRE": 0.12801986667372825,
  "Median_MAE": 1717.7344098911562,
  "Median_MRE": 15.132822139095055,
  "Median_MBRE": 0.181748005944804,
  "Median_MIBRE": 0.12904033233796747,
  "Runs": [
    {},
    {},
    {},
    {},
    {},
    {},
    {},
    {},
    {},
    {},
    {},
    {},
    {},
    {},
    {},
    {},
    {},
    {},
    {},
    {},
    {},
    {},
    {},
    {},
    {},
    {},
    {},
    {},
    {},
    {}
  ]
}