{
  "Metrics": {
    "MAE": [
      1521.0522621523296,
      1281.3137077532851,
      1251.824034560411,
      1814.5332039957477,
      1494.6089575223998,
      1358.5916817126035,
      1586.5293057803872,
      1474.454172668106,
      1368.2637674705732,
      1421.3952159447376,
      1144.8557866320787,
      1461.2629440050318,
      1322.6640392289085,
      1703.8579180990632,
      1423.5953919433775,
      1579.5391169540583,
      1236.2886355094017,
      1442.161069811325,
      1048.2119423567021,
      1332.1389511002276,
      1655.3935303154265,
      1430.933751844237,
      1353.9166856750087,
      1242.3377274952725,
      1393.6549940286618,
      1219.1562076376608,
      1372.317288840955,
      1297.7954622584555,
      1905.4478928449005,
      2074.796734506938
    ],
    "MRE": [
      12.800158210812931,
      11.506335417593638,
      11.449410712496597,
      16.441666443414178,
      14.102780357175707,
      11.543043665901301,
      14.17504691584843,
      13.52283509570234,
      12.32559975169812,
      12.39256399787347,
      10.456960476230787,
      12.89221519533531,
      11.326545430316406,
      15.478095619962618,
      13.0429913113454,
      14.485059996356675,
      10.455494722430476,
      13.05156363078459,
      9.698056725044367,
      11.267324589338152,
      15.985255141563362,
      12.69247311517779,
      11.50314501499809,
      11.228752418698724,
      13.170999814001771,
      11.202661048390729,
      13.245837112884793,
      11.599096139640187,
      17.562600004839965,
      18.770869121082693
    ],
    "MBRE": [
      0.15343152989047168,
      0.12699751544375884,
      0.12454107378690941,
      0.19280487676334038,
      0.15571641153462418,
      0.12999276126819476,
      0.16454446761269703,
      0.1495279567550398,
      0.13348119437596506,
      0.14043173258792818,
      0.1114923530233365,
      0.15044338060548834,
      0.1283646297875718,
      0.17330800918123254,
      0.14624340065812305,
      0.16251517317898215,
      0.11699692071928179,
      0.1454642731562397,
      0.10292759039846941,
      0.126385511205559,
      0.17710034434402153,
      0.1457835698623735,
      0.13327413267394028,
      0.12611304772896925,
      0.1417937867373085,
      0.12196522413093976,
      0.14117078704610891,
      0.1243441761341913,
      0.2023576433935479,
      0.21828284850932755
    ],
    "MIBRE": [
      0.11253350258448688,
      0.10036165230551693,
      0.10008782223815076,
      0.13868079894353294,
      0.12027585301592558,
      0.10221582542130177,
      0.12010157776718103,
      0.11626179419139607,
      0.10867413075558616,
      0.10930910847722679,
      0.09392767061411074,
      0.11035049755241831,
      0.10030013343909647,
      0.13196918787504963,
      0.11259062674820271,
      0.12411587474276078,
      0.0948368503975107,
      0.11292723485334469,
      0.08524017464062683,
      0.10058874405038806,
      0.13122017804162353,
      0.10989834560287327,
      0.10177528880442328,
      0.09774002377729588,
      0.11453833584902696,
      0.09867414857265602,
      0.11447911372985675,
      0.10281217043992866,
      0.14597036277456854,
      0.15449505162032584
    ]
  },
  "Mean_MAE": 1440.4297460216092,
  "Mean_MRE": 12.979181239897986,
  "Mean_MBRE": 0.14559321074979803,
  "Mean_MIBRE": 0.11223173599421307,
  "Median_MAE": 1407.5251049866997,
  "Median_MRE": 12.746315662995361,
  "Median_MBRE": 0.14148228689170872,
  "Median_MIBRE": 0.11012442157764579,
  "Runs": [
    {},
    {},
    {},
    {},
    {},
    {},
    {},
    {},
    {},
    {},
    {},
    {},
    {},
    {},
    {},
    {},
    {},
    {},
    {},
    {},
    {},
    {},
    {},
    {},
    {},
    {},
    {},
    {},
    {},
    {}
  ]
}