{
  "Metrics": {
    "MAE": [
      1434.024424576164,
      1398.0240705113713,
      1185.349940146782,
      1402.7389582338078,
      1394.9279207961436,
      1379.4134930840216,
      1498.5906848376874,
      1428.1951352981087,
      1351.016034084117,
      1497.6333976353305,
      1204.9268818572277,
      1407.64069577992,
      1373.012478914262,
      1278.6179945665435,
      1241.0184614268055,
      1257.1578352673241,
      1231.624099190586,
      1195.7935758006588,
      1115.787561141337,
      1505.2775559022054,
      1458.1453724598164,
      1213.8216685122554,
      1261.9366445313374,
      1184.403648612754,
      1261.943882367375,
      1216.9569245458183,
      1193.5860109400705,
      1292.1086260236052,
      1369.4186413634998,
      1445.4659668526615
    ],
    "MRE": [
      12.22849431311819,
      12.780148591937731,
      10.838953407953577,
      12.884639646995113,
      13.650442226572151,
      11.588677052509052,
      13.342994409000116,
      12.94488857600982,
      12.09287221526532,
      12.68808165732502,
      11.11483131804882,
      12.560850231474378,
      12.010887802964678,
      11.394092649522149,
      11.70317590559519,
      11.31878066924669,
      10.600804359230914,
      10.62195112351705,
      9.773265869059914,
      12.560445169770528,
      14.043673246456493,
      10.874826091124314,
      11.160233412091195,
      10.88329787362558,
      11.65358490158518,
      11.050733568990513,
      11.234634758862343,
      11.773101083008102,
      12.789169154873683,
      13.209403405162167
    ],
    "MBRE": [
      0.14215458561268207,
      0.14030647542537208,
      0.11705014792399746,
      0.1447866544662255,
      0.1454412567106559,
      0.13275430881415434,
      0.15424655455929184,
      0.14490838592430794,
      0.13715028453171293,
      0.15153218374554198,
      0.12041376469232787,
      0.1424101147490441,
      0.13451092249592017,
      0.12740983703669592,
      0.12587053774767537,
      0.1252150666677466,
      0.11889614319282657,
      0.11850749462737589,
      0.10939536110079194,
      0.14748236041637236,
      0.15115835410969072,
      0.12045691210750982,
      0.12494849294675668,
      0.11967777861300022,
      0.12766063642458672,
      0.1227764487935091,
      0.12042124089871338,
      0.13013498122464756,
      0.1417860656610336,
      0.14514089712230874
    ],
    "MIBRE": [
      0.10843169070953007,
      0.11016765256192504,
      0.09506820531845318,
      0.10946421941408022,
      0.11581108168597296,
      0.1025826987134735,
      0.11428417200211383,
      0.11104400088917654,
      0.10405468151964467,
      0.11172348159183355,
      0.09699259465417365,
      0.10785279152710577,
      0.10514598971873951,
      0.09888209644488619,
      0.10130302990030832,
      0.098335940854231,
      0.09400192205391285,
      0.09339458824525178,
      0.08626328879253775,
      0.11013139021612621,
      0.11748507733431968,
      0.09531093686885227,
      0.09773590137822527,
      0.09462852816509558,
      0.10075539724118823,
      0.09667567716050111,
      0.09720135288467738,
      0.10254133320508205,
      0.1084540361901247,
      0.11344742543982592
    ]
  },
  "Mean_MAE": 1322.6186195086532,
  "Mean_MRE": 11.912397823029865,
  "Mean_MBRE": 0.13282014161141584,
  "Mean_MIBRE": 0.10330570608937897,
  "Median_MAE": 1321.5623300538612,
  "Median_MRE": 11.738138494301646,
  "Median_MBRE": 0.13144464501940095,
  "Median_MIBRE": 0.10256201595927777,
  "Runs": [
    {},
    {},
    {},
    {},
    {},
    {},
    {},
    {},
    {},
    {},
    {},
    {},
    {},
    {},
    {},
    {},
    {},
    {},
    {},
    {},
    {},
    {},
    {},
    {},
    {},
    {},
    {},
    {},
    {},
    {}
  ]
}