{
  "Metrics": {
    "MAE": [
      1548.3176995562792,
      1451.5772593372888,
      1671.5055766392034,
      1593.6713578919612,
      1765.7505222560164,
      1720.1717078877134,
      1643.111720387218,
      1580.221325264082,
      1643.7769195860894,
      1833.3319227431805,
      1597.9455835992264,
      1586.7900372756076,
      1762.4053493653134,
      1533.1803136225944,
      1604.1824329035933,
      1618.6252149940337,
      1566.8343347460843,
      1504.0516900264754,
      1258.7978098244264,
      1630.4307456605873,
      1936.9189755270597,
      1445.4469905414098,
      1561.6391349513149,
      1633.9273939451473,
      1538.5766650171424,
      1486.7052026316321,
      1377.0935672407616,
      1760.2870063281646,
      1876.9317758179059,
      1563.8782668176386
    ],
    "MRE": [
      13.166569233677572,
      13.026120346792327,
      15.348169438244682,
      14.604524839273884,
      16.848756084150327,
      14.545675096572037,
      14.606818503824979,
      14.346860620899221,
      15.14386529979527,
      16.278630399926193,
      14.917896664765994,
      14.375766767347626,
      15.130194127945042,
      13.838224140590283,
      14.868924721432531,
      14.606960955961695,
      13.669898946075481,
      13.779856658656467,
      11.426637976767907,
      13.977413416322959,
      18.43424391015491,
      13.027554223105248,
      13.416539754553986,
      15.293714410652223,
      14.096056378372964,
      13.62434356250572,
      13.036987577956438,
      16.132671185127325,
      17.56595200846523,
      14.33260018772041
    ],
    "MBRE": [
      0.15507057492452256,
      0.14905065347698715,
      0.17300156067744774,
      0.16960796133662395,
      0.19127989083411243,
      0.17712875677006748,
      0.1745608690244525,
      0.16240172184843396,
      0.1725827150550614,
      0.19325872231129543,
      0.16929894405829699,
      0.16569728853637292,
      0.18460393881902043,
      0.15565036159217274,
      0.16565814507334853,
      0.1688899725118385,
      0.1576706172772422,
      0.1533424153725084,
      0.12725402478923972,
      0.16148804961618435,
      0.21032797938562653,
      0.1496331104023833,
      0.16146573940200273,
      0.17466684043592426,
      0.15939740968370003,
      0.1556744450112788,
      0.14427245832934876,
      0.18640674652614042,
      0.20211222268628454,
      0.16069081765472437
    ],
    "MIBRE": [
      0.1171717403169363,
      0.1114402845467623,
      0.12864774955981548,
      0.12234475040704827,
      0.13811254129737405,
      0.1246686978907273,
      0.12275476541453771,
      0.12152059345112302,
      0.12712976524818734,
      0.1375583256151205,
      0.12542661697728227,
      0.12068969331624922,
      0.1294804720651871,
      0.11899155755571217,
      0.127944463261383,
      0.12414988498619184,
      0.11797782946835067,
      0.11804177058925519,
      0.09903428480971156,
      0.12228974949374756,
      0.15017479142661855,
      0.1116214083863708,
      0.11595001998906806,
      0.1267367734340809,
      0.11960040311418592,
      0.1158944285532959,
      0.11089841822431845,
      0.13577494689656466,
      0.14467278033406636,
      0.12191630443500251
    ]
  },
  "Mean_MAE": 1609.8694834128385,
  "Mean_MRE": 14.582280914587896,
  "Mean_MBRE": 0.16773816511408807,
  "Mean_MIBRE": 0.12362052703547582,
  "Median_MAE": 1595.8084707455937,
  "Median_MRE": 14.46072093195983,
  "Median_MBRE": 0.1656777168048607,
  "Median_MIBRE": 0.12231724995039792,
  "Runs": [
    {},
    {},
    {},
    {},
    {},
    {},
    {},
    {},
    {},
    {},
    {},
    {},
    {},
    {},
    {},
    {},
    {},
    {},
    {},
    {},
    {},
    {},
    {},
    {},
    {},
    {},
    {},
    {},
    {},
    {}
  ]
}