{
  "Metrics": {
    "MAE": [
      1075.9072444208518,
      1559.2023474661175,
      1567.9249123649076,
      1603.2606260204125,
      1213.7807926446894,
      1943.2153585932851,
      1555.9451466875646,
      1101.4748123423299,
      1445.4967294514877,
      1642.5811410266676,
      2025.3517165824337,
      1683.9300106683177,
      1484.831936609191,
      1488.6905863322245,
      1507.7163198370404,
      1951.9126773877983,
      1482.7593683279263,
      1158.627982935567,
      1265.5326146505622,
      1392.4390790715804,
      1592.0256879998292,
      1434.014271765256,
      1570.252163837115,
      1885.915598986494,
      1428.636874549405,
      1285.9409043844278,
      2038.8550133244637,
      1524.917329471949,
      1993.4655070853357,
      1189.8325838268265
    ],
    "MRE": [
      9.17178793306481,
      13.297389560330542,
      14.03493954441637,
      14.304131338540897,
      11.413514802444718,
      16.400292613625002,
      13.769596835867057,
      9.92782025905142,
      12.741224383447381,
      14.37674596027953,
      18.754393459096583,
      15.084308029394764,
      13.061656585778683,
      12.945607285039811,
      13.774676676112115,
      17.541383098830522,
      13.140665881816604,
      10.338262738555606,
      11.088491588719357,
      11.133876144257453,
      14.82616301305391,
      13.342462525251076,
      13.989222396393833,
      17.474130468215133,
      13.809827083265377,
      11.154066227933951,
      18.847220663998883,
      13.057596786860001,
      18.870459591488864,
      11.025402208644046
    ],
    "MBRE": [
      0.10042616764116573,
      0.15898803814518675,
      0.16083207281054018,
      0.16043928668342197,
      0.121002683095857,
      0.20850504054969846,
      0.16362007057780076,
      0.10785380496875759,
      0.14886890535639324,
      0.1685742956037769,
      0.21772206182048717,
      0.17276277954831823,
      0.14653934198685198,
      0.14983336281721654,
      0.15737825117629964,
      0.2089815449223791,
      0.14637726493322098,
      0.11071573655811612,
      0.1268127348986436,
      0.13589095203500767,
      0.16624142207512685,
      0.14646139060962754,
      0.15862009669815713,
      0.20308530967019703,
      0.1482464100189318,
      0.12922840355724485,
      0.21711447365805228,
      0.1561178340154939,
      0.21584302487494486,
      0.11966743429697922
    ],
    "MIBRE": [
      0.08409997727064043,
      0.1167041892298806,
      0.11990863658133555,
      0.12221136389717115,
      0.10012745720724683,
      0.13852130635804633,
      0.1166224338763353,
      0.08765379574970154,
      0.10960769171796045,
      0.12330028924536002,
      0.15433836511135235,
      0.12561801689602,
      0.11522663460950493,
      0.11276165151434185,
      0.11774015982593454,
      0.14591595353479983,
      0.11458318338325484,
      0.09149986762025504,
      0.09663805956026465,
      0.10008091553599266,
      0.1197073046665017,
      0.11547347373814883,
      0.12217690609988383,
      0.1433441638697559,
      0.11757034802631622,
      0.0986152621562653,
      0.15386066303827775,
      0.11571296622780886,
      0.15396145175496315,
      0.09643362506425303
    ]
  },
  "Mean_MAE": 1536.4812446217352,
  "Mean_MRE": 13.75657718945914,
  "Mean_MBRE": 0.15775833985346316,
  "Mean_MIBRE": 0.11766720377891911,
  "Median_MAE": 1516.3168246544947,
  "Median_MRE": 13.556029680559067,
  "Median_MBRE": 0.15674804259589675,
  "Median_MIBRE": 0.11666331155310794,
  "Runs": [
    {},
    {},
    {},
    {},
    {},
    {},
    {},
    {},
    {},
    {},
    {},
    {},
    {},
    {},
    {},
    {},
    {},
    {},
    {},
    {},
    {},
    {},
    {},
    {},
    {},
    {},
    {},
    {},
    {},
    {}
  ]
}