{
  "Metrics": {
    "MAE": [
      1679.4383054391449,
      1526.3695353610913,
      1589.283644609261,
      1778.9227576450962,
      1925.2326614397616,
      2005.999036365705,
      1866.3696111512445,
      1766.1740454984051,
      1793.1511052178732,
      2055.824264492474,
      1910.9808906609674,
      1930.8773858824945,
      1569.8447513160827,
      1727.3279856998306,
      1878.2421863451727,
      1883.0450878468648,
      2124.998542692359,
      1440.4313105573922,
      1389.4388349757946,
      1622.3190180856163,
      1712.0814320733098,
      1694.9458484143106,
      1954.9471945606688,
      1827.1814136593434,
      1855.057342909996,
      1610.0379418563602,
      1797.5149062277596,
      1724.6586256768765,
      1922.0157586412042,
      1794.220620138609
    ],
    "MRE": [
      13.425234540842833,
      13.838409647958477,
      14.315243065993426,
      14.714775060048934,
      17.25918333936929,
      18.241540324341194,
      16.62781235459589,
      16.377442792248587,
      15.811314974080101,
      18.453479283830767,
      17.201545325846805,
      17.14782236325478,
      13.519881930513138,
      14.664635791186198,
      17.628013895480887,
      17.47368500091503,
      18.962893020196887,
      13.179599691644968,
      12.368109678357873,
      13.164503513653333,
      15.641833053264609,
      15.498001521264285,
      16.261494163498504,
      16.942728188329973,
      16.180560784343434,
      14.454841327751414,
      17.01434207726554,
      15.912341862294,
      17.918209849856268,
      15.87018820772729
    ],
    "MBRE": [
      0.1721407669628834,
      0.15762788326798816,
      0.16964955935689838,
      0.18766809094707193,
      0.20850753339196837,
      0.21871623451511987,
      0.20096835582312692,
      0.19032994798113265,
      0.19270719051534516,
      0.22386372565416687,
      0.20475413506009868,
      0.2065395102626253,
      0.1580436601196183,
      0.17947024304491713,
      0.20374008479464803,
      0.20411221505727312,
      0.22491398062648643,
      0.15273225943880434,
      0.14156828139371957,
      0.16599333051640097,
      0.18334562310604835,
      0.18086873346427007,
      0.20801586917223663,
      0.19742054552863306,
      0.19375569224421954,
      0.17287520560282682,
      0.1936790421527936,
      0.1851862200521487,
      0.20990801447060406,
      0.1919945200624558
    ],
    "MIBRE": [
      0.11855012647528766,
      0.11792646925666946,
      0.12278965574486495,
      0.12704736361824004,
      0.14366121153127212,
      0.1498355008262016,
      0.13948904610234378,
      0.13682511543829137,
      0.13343936280991692,
      0.1519270482717631,
      0.14446865867730496,
      0.14360304858735792,
      0.11802852049615777,
      0.12738607770320204,
      0.14464942001282213,
      0.14587419510578042,
      0.15930758164302988,
      0.11323287971965279,
      0.1066667953803394,
      0.11576041651187183,
      0.13227315676092014,
      0.13202610762070177,
      0.13813485864853287,
      0.1417513783004472,
      0.13917387126116004,
      0.12182575177834946,
      0.1410791491462735,
      0.13361865205800846,
      0.14825212604362528,
      0.13374879817140306
    ]
  },
  "Mean_MAE": 1778.5644015147025,
  "Mean_MRE": 15.868988887665155,
  "Mean_MBRE": 0.18936988181955097,
  "Mean_MIBRE": 0.13407841145672642,
  "Median_MAE": 1793.6858626782412,
  "Median_MRE": 16.046451323318717,
  "Median_MBRE": 0.19235085528890047,
  "Median_MIBRE": 0.1352869568048472,
  "Runs": [
    {},
    {},
    {},
    {},
    {},
    {},
    {},
    {},
    {},
    {},
    {},
    {},
    {},
    {},
    {},
    {},
    {},
    {},
    {},
    {},
    {},
    {},
    {},
    {},
    {},
    {},
    {},
    {},
    {},
    {}
  ]
}