{
  "Metrics": {
    "MAE": [
      1569.3533169703471,
      1482.0389676561294,
      1542.031224470519,
      1752.8924869411683,
      1657.520595630121,
      1983.2833916690029,
      1691.2109967442243,
      1620.7449149324498,
      1817.730916453527,
      2023.6309101007134,
      1677.1782392410958,
      1805.794789249202,
      1478.8792707431987,
      1636.8708406419516,
      1696.7190888831547,
      1825.948008557663,
      1960.347306052091,
      1330.3287123610753,
      1348.7203044184598,
      1489.8278286369348,
      1725.5790698742633,
      1540.113974549079,
      1919.289489969746,
      1834.455454649518,
      1666.482747638623,
      1537.7098419875038,
      1653.5502141541876,
      1549.1364916069433,
      1881.6785069699945,
      1642.2770495319057
    ],
    "MRE": [
      12.671288501125236,
      13.884974964926961,
      14.187750465227944,
      14.651200004196784,
      14.909415327113942,
      18.058593072681624,
      15.403145449603326,
      15.168610759180867,
      16.19574703572087,
      18.103838990555385,
      15.150674331677779,
      16.142036106049616,
      12.592090932159921,
      14.210419254964965,
      15.961748109693355,
      17.00891132987011,
      17.291602529167708,
      12.531824745451651,
      12.325348065550331,
      12.395708725563638,
      15.921077764414635,
      14.606760841110075,
      15.919755128162583,
      17.167887280053947,
      15.110165840004926,
      13.994949031837251,
      15.971167753129901,
      14.43649452342961,
      17.574768495865555,
      14.829039146817596
    ],
    "MBRE": [
      0.1589484151662703,
      0.1517364484027601,
      0.16293913303645943,
      0.18399463689335638,
      0.1737754716995319,
      0.2160815597529033,
      0.17541081222274535,
      0.17265829788929515,
      0.1953066749862115,
      0.21912192311408552,
      0.17698434549773492,
      0.19109136040556618,
      0.14976898695362714,
      0.1689728710878285,
      0.18216673342383258,
      0.19813320023740377,
      0.20678939415954223,
      0.14072345641991207,
      0.13788335807539676,
      0.1499301693560121,
      0.18461914027266244,
      0.1610462382697885,
      0.20444926683244197,
      0.1993385345059751,
      0.16940773164596973,
      0.16491804146893463,
      0.17573377106243274,
      0.1641683713070081,
      0.20573215760768004,
      0.16995374417785722
    ],
    "MIBRE": [
      0.11072197829356943,
      0.11734708151660744,
      0.12054601946813989,
      0.12618159663482456,
      0.12602950289182907,
      0.14811317276514763,
      0.12991781135090205,
      0.12629309646455306,
      0.1360664403006907,
      0.14998093648398636,
      0.12738973013561197,
      0.1350308516395455,
      0.10915586177481086,
      0.12130450243711943,
      0.13231778445171702,
      0.14128445062965556,
      0.14624750714369839,
      0.10613386424208741,
      0.10482579240274124,
      0.10761510954294394,
      0.1341912325310087,
      0.12329361416201912,
      0.13524014149411157,
      0.14263654194235428,
      0.1288752337709518,
      0.11703544207302917,
      0.13214956351709012,
      0.12153554702023053,
      0.14511479958657805,
      0.12499325720506844
    ]
  },
  "Mean_MAE": 1678.0441650428263,
  "Mean_MRE": 15.145899816843603,
  "Mean_MBRE": 0.17705947486437423,
  "Mean_MIBRE": 0.12758561546242078,
  "Median_MAE": 1662.001671634372,
  "Median_MRE": 15.130420085841353,
  "Median_MBRE": 0.17459314196113862,
  "Median_MIBRE": 0.12684141330008253,
  "Runs": [
    {},
    {},
    {},
    {},
    {},
    {},
    {},
    {},
    {},
    {},
    {},
    {},
    {},
    {},
    {},
    {},
    {},
    {},
    {},
    {},
    {},
    {},
    {},
    {},
    {},
    {},
    {},
    {},
    {},
    {}
  ]
}