{
  "Metrics": {
    "MAE": [
      1554.2778568213557,
      1721.9698176709312,
      1609.1050994140166,
      1566.1145658406672,
      1946.3444204730536,
      1964.715480271958,
      1863.7107397115094,
      1765.0033822461824,
      1538.614877069465,
      2045.0900726384682,
      1831.567276126557,
      1919.5256974999975,
      1603.4014104479218,
      1894.7346220031684,
      1745.3607397783906,
      1827.7099866550705,
      1933.0820415200355,
      1536.5590701747421,
      1543.425543084785,
      1671.0253938815101,
      1556.032791434062,
      1775.333792707814,
      1933.077902068015,
      1748.2234360953935,
      1921.8421347321448,
      1541.7899985937536,
      1744.55361446575,
      1823.1215374576354,
      1877.243006994591,
      1799.601945483086
    ],
    "MRE": [
      11.878393895385173,
      15.268289699932936,
      14.121951277606252,
      12.355082983152101,
      16.96087174936797,
      17.273140044572955,
      16.06536356662059,
      15.834264421319952,
      12.829014140126215,
      17.849397450934983,
      15.91482378130167,
      16.447858210016054,
      13.370564013571911,
      15.8608878314708,
      15.684019275627026,
      16.360738441598695,
      16.549332229488584,
      13.636896643271143,
      13.612434305821107,
      13.225250918359821,
      13.557966613334473,
      15.751204506850488,
      15.51427555217301,
      15.7471574344382,
      16.24546541166292,
      13.294725664614418,
      15.8258970876437,
      16.29271344537437,
      17.053489187466518,
      15.385018683727974
    ],
    "MBRE": [
      0.16373954467348786,
      0.18209265759865131,
      0.17368713394961582,
      0.17041188701788387,
      0.21212262251072928,
      0.21750870971082714,
      0.20116134669218685,
      0.1934804117374669,
      0.16958372319951515,
      0.22491349713056413,
      0.199985006760252,
      0.2093855976782942,
      0.16514679142950478,
      0.2016760931916324,
      0.19134638742393242,
      0.20032413115391884,
      0.20880265420086894,
      0.16469202820935092,
      0.16269770406968181,
      0.17465329397895754,
      0.16980103744646124,
      0.19170424565729313,
      0.20805518937440104,
      0.19299570168787047,
      0.2055388260991824,
      0.16765694647561302,
      0.1912925577364411,
      0.19896216716663376,
      0.20807234149777096,
      0.19551992843621868
    ],
    "MIBRE": [
      0.10542454988251056,
      0.130076054517577,
      0.1230059319436806,
      0.10758963550236056,
      0.1448439920868961,
      0.14556797871569602,
      0.13915964347357115,
      0.13540616902905678,
      0.11004417884665779,
      0.15047411199465185,
      0.1369982845181767,
      0.1407530860974808,
      0.11687341577301351,
      0.13897718044996174,
      0.13392291886689003,
      0.1405546672736668,
      0.14319972778168993,
      0.11949514287509642,
      0.1164941212434348,
      0.11718430633355109,
      0.11814090089594598,
      0.13691983649348768,
      0.1355370593151857,
      0.13433296090346186,
      0.14223288392675373,
      0.11393455992713712,
      0.13552296943705186,
      0.13945419022500175,
      0.14359955991412235,
      0.13294787206906594
    ]
  },
  "Mean_MAE": 1760.0719417787345,
  "Mean_MRE": 15.192216282227735,
  "Mean_MBRE": 0.19056700546317362,
  "Mean_MIBRE": 0.13095559634376114,
  "Median_MAE": 1770.1685874769983,
  "Median_MRE": 15.749180970644344,
  "Median_MBRE": 0.1932380567126687,
  "Median_MIBRE": 0.13546456923305433,
  "Runs": [
    {},
    {},
    {},
    {},
    {},
    {},
    {},
    {},
    {},
    {},
    {},
    {},
    {},
    {},
    {},
    {},
    {},
    {},
    {},
    {},
    {},
    {},
    {},
    {},
    {},
    {},
    {},
    {},
    {},
    {}
  ]
}