{
  "Metrics": {
    "MAE": [
      7.0720662754616,
      4.3331350115291345,
      6.073895420569131,
      6.741342872552434,
      7.914936237885882,
      7.8515267855558575,
      8.705353567754203,
      7.1921144447362355,
      5.623357424459178,
      4.938411113990512,
      5.7799399949540975,
      8.115263126054586,
      8.822474897791901,
      5.729506101304541,
      5.704927259594054,
      7.45126703581761,
      5.429113346753347,
      9.540346512878127,
      5.846217496205811,
      6.026328336759187,
      8.166585002407217,
      7.599524902906626,
      7.1192834233681035,
      7.011283139311212,
      6.0384309363033655,
      7.006972592731421,
      4.679460323924862,
      8.36971015102798,
      6.434647242756069,
      8.392858235093865
    ],
    "MRE": [
      17.850247447999433,
      10.710786390677164,
      15.103717493973514,
      17.6641171831903,
      20.664606120336295,
      20.982089652507543,
      23.545386504528274,
      19.32123005341846,
      13.522779544239608,
      11.99754271590766,
      13.946845988996568,
      21.82837633765239,
      24.22179680062181,
      14.101206021423737,
      13.908155329595932,
      19.796324528266776,
      13.357850916483658,
      25.88195509075434,
      14.81131610578981,
      15.72821012556911,
      21.548099628589387,
      19.523998733151544,
      18.375923357196303,
      18.437772567620083,
      14.697360790377905,
      18.075320756150322,
      11.585895680433124,
      23.307989422106836,
      15.901038201939455,
      21.696948259288344
    ],
    "MBRE": [
      0.2126821576949185,
      0.1205210503610475,
      0.1797148966390127,
      0.2049796427304579,
      0.24812139663192107,
      0.24707278463993237,
      0.28110666784032085,
      0.22265188510407316,
      0.16097382312704211,
      0.13791254748109888,
      0.16424042516067863,
      0.25868919620264635,
      0.28562589422056245,
      0.16813891816675444,
      0.16339934930417008,
      0.23213865899131553,
      0.15540677418363882,
      0.3138845055547599,
      0.1736960335696752,
      0.1815286495000868,
      0.2576483808443219,
      0.23532853213099889,
      0.22229086929189673,
      0.21432035224088772,
      0.17607464127538253,
      0.2147302921410198,
      0.1336806147500176,
      0.2683530055483363,
      0.19114814893880996,
      0.26949424541821776
    ],
    "MIBRE": [
      0.15718259924002556,
      0.09853097762092632,
      0.136587183377082,
      0.15265716388440526,
      0.17667833587472825,
      0.17703032925927142,
      0.19636139968989516,
      0.16610965707255987,
      0.12335616655742494,
      0.10927312828933998,
      0.12750274035359555,
      0.18260523020906141,
      0.19826519560411066,
      0.12735661392336223,
      0.1275775958089742,
      0.1679671300136529,
      0.11905166769179602,
      0.21457793897811744,
      0.13167132261771355,
      0.1388934788635449,
      0.18266537486816067,
      0.1704293215622433,
      0.1585979151507309,
      0.1584264444597683,
      0.1346894562603673,
      0.1580001494866047,
      0.10656487146059465,
      0.1899626251989558,
      0.14295563066359396,
      0.1855747920923092
    ]
  },
  "Mean_MAE": 6.857009307081271,
  "Mean_MRE": 17.736496258292856,
  "Mean_MBRE": 0.20985181132280012,
  "Mean_MIBRE": 0.15390341453776388,
  "Median_MAE": 7.009127866021316,
  "Median_MRE": 17.962784102074878,
  "Median_MBRE": 0.21350125496790312,
  "Median_MIBRE": 0.15759137436331513,
  "Runs": [
    {},
    {},
    {},
    {},
    {},
    {},
    {},
    {},
    {},
    {},
    {},
    {},
    {},
    {},
    {},
    {},
    {},
    {},
    {},
    {},
    {},
    {},
    {},
    {},
    {},
    {},
    {},
    {},
    {},
    {}
  ]
}