{
  "Metrics": {
    "MAE": [
      5.702166883792168,
      5.417041833873426,
      5.9800681641916205,
      5.344455879472531,
      5.729463557606564,
      7.254295536447911,
      6.704198177168257,
      6.645844789752934,
      7.540994416578978,
      7.010197897089918,
      6.339100437802291,
      7.472315324023287,
      7.973675383927385,
      10.475601426851897,
      5.2421524013155745,
      5.962631737783629,
      7.047869258852915,
      6.010249021931439,
      9.43184216336091,
      9.283092484156594,
      5.988123493101777,
      6.3345415106148515,
      8.337490941612263,
      7.391645116892918,
      5.940041307043034,
      5.874664196543152,
      8.355884335335855,
      7.31287658001763,
      7.238961201929575,
      5.715759132749994
    ],
    "MRE": [
      13.768180459210672,
      13.5789502999619,
      14.581188907612066,
      13.180869262366038,
      13.9682707840859,
      19.037750331432353,
      16.591133310245738,
      16.9104899550651,
      19.26714435439717,
      18.3564508717357,
      15.66842219421554,
      20.357741587894136,
      20.87955764442077,
      29.043283588596612,
      12.590756095594605,
      15.040831816007397,
      18.394885027559493,
      14.63371195627412,
      26.400901974000373,
      25.387630642600552,
      13.941156387515496,
      15.560849536254672,
      22.588372707429077,
      19.158530755548842,
      14.385520552770753,
      14.40384072476199,
      22.02522209971251,
      20.0576882905538,
      18.16974556209627,
      13.551011831935538
    ],
    "MBRE": [
      0.16746541392032963,
      0.15663214568234982,
      0.17174763314515476,
      0.15195106583940646,
      0.1629032247171184,
      0.22612794108151082,
      0.20231342479077913,
      0.20090873906233203,
      0.23641931516033296,
      0.21672437052136273,
      0.18482568881657363,
      0.2377594707321481,
      0.2517702617366376,
      0.3525432199031294,
      0.1488963362177946,
      0.1768435285861606,
      0.2190643711225345,
      0.1780275768870301,
      0.31030947668990533,
      0.30531616032589526,
      0.17257141358551084,
      0.187450108434759,
      0.26563133455877563,
      0.23420497407099808,
      0.17353041425218893,
      0.17363711414173919,
      0.26654905279081964,
      0.2302788147429526,
      0.22293728969181323,
      0.16582070142630148
    ],
    "MIBRE": [
      0.12592306381953777,
      0.12276739298795185,
      0.13102210227478178,
      0.11848781089135958,
      0.1266266468958398,
      0.16266891624698354,
      0.1473042311797106,
      0.14899374087249145,
      0.16763306543115775,
      0.15646737602037195,
      0.13975156230005825,
      0.17277284922100375,
      0.17747492601421863,
      0.23152358661844835,
      0.11664922086664793,
      0.1308621040232756,
      0.15792185568827935,
      0.1332935704440095,
      0.21085563902329985,
      0.20802677238473394,
      0.12808028785799264,
      0.1404825943522704,
      0.1891442070893322,
      0.1624644764039745,
      0.13110788050430944,
      0.12760701716830639,
      0.18558632247430845,
      0.16869068412038613,
      0.15930638162107041,
      0.1246095829409328
    ]
  },
  "Mean_MAE": 6.901908153060708,
  "Mean_MRE": 17.716002983728508,
  "Mean_MBRE": 0.21170535275447813,
  "Mean_MIBRE": 0.15347019559123481,
  "Median_MAE": 6.675021483460595,
  "Median_MRE": 16.75081163265542,
  "Median_MBRE": 0.20161108192655558,
  "Median_MIBRE": 0.14814898602610102,
  "Runs": [
    {},
    {},
    {},
    {},
    {},
    {},
    {},
    {},
    {},
    {},
    {},
    {},
    {},
    {},
    {},
    {},
    {},
    {},
    {},
    {},
    {},
    {},
    {},
    {},
    {},
    {},
    {},
    {},
    {},
    {}
  ]
}