{
  "Metrics": {
    "MAE": [
      7.234495095685213,
      4.619161253134508,
      6.028776985681164,
      5.4973395591604,
      6.526617967144177,
      6.346108912064406,
      8.530828972381673,
      5.581080141415865,
      6.031783294725618,
      5.2416436880969135,
      5.774305933496804,
      10.699111297944611,
      9.91391612971138,
      5.350976991696372,
      5.140009426826622,
      6.2374096777388335,
      6.01344392067194,
      10.462085983580991,
      5.6146552719328735,
      8.434837728586137,
      9.912928808865184,
      8.091614231338726,
      5.609819011091848,
      7.302785764705918,
      6.194595472193305,
      7.226561394020013,
      4.748204792579117,
      9.256762294212468,
      6.527208900688273,
      7.638738805621566
    ],
    "MRE": [
      18.87807054500857,
      11.736825594530243,
      15.034685551416125,
      13.87111839614184,
      16.41923693513717,
      16.222562948565574,
      23.09493744107717,
      13.920843595835617,
      14.622502754638624,
      13.011203869445431,
      13.97586489496894,
      30.10102066148749,
      27.726355780210692,
      13.208974695237135,
      12.635959219694847,
      15.405271115074564,
      14.847526973725808,
      29.020646830697377,
      14.118576048112615,
      22.73968201186633,
      27.382165690949616,
      20.997237591502394,
      13.875906345100598,
      19.595389727052957,
      14.984643840968486,
      18.5794265693341,
      11.99770321839016,
      26.060985731841146,
      16.22506499151032,
      19.600819277394805
    ],
    "MBRE": [
      0.22336838415383287,
      0.1314457929179623,
      0.17979230707831392,
      0.15937503290306734,
      0.1982076779961377,
      0.18709501306022075,
      0.274384573498924,
      0.16207820337110065,
      0.1747686914239355,
      0.15134813313643214,
      0.1634446721899137,
      0.3642713142455793,
      0.32991183207817,
      0.15375836320030084,
      0.14487603822824704,
      0.18358061998304684,
      0.17492089037661404,
      0.3516325773391482,
      0.1633003515063022,
      0.269693024923554,
      0.3277879066126691,
      0.2556565358151378,
      0.16431452567532795,
      0.22764390511432786,
      0.17996928791001868,
      0.22367994860486923,
      0.13656793077833235,
      0.3008947253247653,
      0.19577272551431746,
      0.2434879045884728
    ],
    "MIBRE": [
      0.16235193473592574,
      0.10555609744243441,
      0.13539985503525334,
      0.1240187962833362,
      0.14536305690944007,
      0.14267930795032885,
      0.19307855532904777,
      0.12600913890548573,
      0.13209202891341076,
      0.11585715135368632,
      0.1271330413091372,
      0.2357913971041549,
      0.22048712332043383,
      0.1186714585809016,
      0.11524314529524976,
      0.13633954470348306,
      0.13040396479769115,
      0.23312277602706005,
      0.12309024396086694,
      0.18978274707091464,
      0.22124726882573728,
      0.18018107816109716,
      0.12569889893068092,
      0.165932349703412,
      0.1366093426364251,
      0.1615965432377209,
      0.1081003743858225,
      0.2076891661880261,
      0.1439293223456781,
      0.16731050656527124
    ]
  },
  "Mean_MAE": 6.926260256899765,
  "Mean_MRE": 17.996373628230558,
  "Mean_MBRE": 0.21323429631830138,
  "Mean_MIBRE": 0.1543588738669371,
  "Median_MAE": 6.29175929490162,
  "Median_MRE": 15.813917031820068,
  "Median_MBRE": 0.18533781652163378,
  "Median_MIBRE": 0.13964432529337698,
  "Runs": [
    {},
    {},
    {},
    {},
    {},
    {},
    {},
    {},
    {},
    {},
    {},
    {},
    {},
    {},
    {},
    {},
    {},
    {},
    {},
    {},
    {},
    {},
    {},
    {},
    {},
    {},
    {},
    {},
    {},
    {}
  ]
}