{
  "Metrics": {
    "MAE": [
      6.856898958282826,
      6.268165534757056,
      7.008622952510276,
      6.408312914469167,
      7.108574424926017,
      6.142442977631328,
      6.099233452317564,
      6.989365336811558,
      9.182846905187576,
      8.53538095901914,
      9.054785230263525,
      6.317334068830838,
      7.245992155459484,
      10.85994095928645,
      6.731943144189198,
      9.410160238768352,
      11.522283357339235,
      8.733890304464218,
      10.698792152452127,
      8.329467999362969,
      6.075224132195417,
      6.983717897134268,
      8.300859907965629,
      9.085827596774294,
      7.3017776761741215,
      7.376655065274064,
      8.683922362769469,
      5.695118341589333,
      7.380103136854904,
      5.2764878205116394
    ],
    "MRE": [
      18.292718013522357,
      16.788039108225096,
      18.74755526755173,
      17.569488311155013,
      19.27721603859315,
      17.052667858702165,
      15.784560655295952,
      19.06013748133678,
      25.875463278269535,
      24.348942303473475,
      24.83835711980278,
      17.405006904576933,
      19.713466057287576,
      30.984435357876944,
      18.49329802237288,
      26.742918530565802,
      33.13124153662814,
      24.27921186538416,
      31.327200318180935,
      23.153694799961688,
      14.981380282971587,
      18.982003511768365,
      23.076194920561694,
      25.483316962710507,
      19.93030380167665,
      20.18701084681321,
      24.212931693059872,
      15.901906179718509,
      19.818749621313387,
      12.876804650975265
    ],
    "MBRE": [
      0.20966686530745515,
      0.18695674667881787,
      0.21143107167693403,
      0.19228641197482824,
      0.21833611716102228,
      0.18567387160142668,
      0.17826621943585524,
      0.21376114647640815,
      0.2994625377865012,
      0.27520702145975906,
      0.2937026514585178,
      0.19103618536669392,
      0.22132996190357268,
      0.36642047586508913,
      0.20492683357892993,
      0.3085779962309462,
      0.3968315677649925,
      0.2857212798127646,
      0.36067350474256216,
      0.2652003997541786,
      0.1749382472745294,
      0.21395437451223392,
      0.25984460556320504,
      0.2950450821947619,
      0.22491118372477556,
      0.22935855577101016,
      0.2802760787269685,
      0.17298788460173412,
      0.2294378874537506,
      0.14928711662250307
    ],
    "MIBRE": [
      0.15625257059079045,
      0.1450659604999797,
      0.16040012686994096,
      0.148706542696003,
      0.16076162047541737,
      0.1456024676269394,
      0.13520988985931257,
      0.1618030033652736,
      0.2043460676492779,
      0.1949886944961787,
      0.20225955458310135,
      0.1475029408606496,
      0.16494447307474627,
      0.24034216949771692,
      0.15343000829887515,
      0.20694879065983537,
      0.24979296336221782,
      0.19546165294815998,
      0.23845213455177752,
      0.19142824349369852,
      0.13239617725865177,
      0.15982677155526023,
      0.18474447028309418,
      0.20322190153673003,
      0.1649134959284864,
      0.16626158988318895,
      0.19606502913464352,
      0.13703566425186323,
      0.16591267129054643,
      0.11613388053536977
    ]
  },
  "Mean_MAE": 7.722137598785735,
  "Mean_MRE": 21.277207376677737,
  "Mean_MBRE": 0.24318366274942427,
  "Mean_MIBRE": 0.17434038423725753,
  "Median_MAE": 7.273884915816803,
  "Median_MRE": 19.76610783930048,
  "Median_MBRE": 0.22312057281417413,
  "Median_MIBRE": 0.16492898450161633,
  "Runs": [
    {},
    {},
    {},
    {},
    {},
    {},
    {},
    {},
    {},
    {},
    {},
    {},
    {},
    {},
    {},
    {},
    {},
    {},
    {},
    {},
    {},
    {},
    {},
    {},
    {},
    {},
    {},
    {},
    {},
    {}
  ]
}