{
  "Metrics": {
    "MAE": [
      4.224162686398063,
      3.507395969369524,
      3.5620246938757725,
      3.4911136948182677,
      3.585464864380614,
      3.3447240184415334,
      3.178624979736973,
      3.6784288512202012,
      3.548862520558724,
      3.529939376666857,
      3.5194179899575073,
      3.6132244120213373,
      3.697882806401249,
      3.5454649661598108,
      3.8257607642429474,
      3.9559996117342537,
      3.5386790092469127,
      3.706996250981206,
      3.8486416477109318,
      3.584702189133208,
      3.319322911123644,
      3.3543310379152054,
      3.534915940310289,
      3.6008740471109753,
      3.178638598483292,
      3.5126832274030604,
      3.7194251416233084,
      3.5297429515168943,
      3.90697163971985,
      3.6109268117511863
    ],
    "MRE": [
      10.330600007926105,
      8.933784118411522,
      8.724544249057871,
      8.529034418718362,
      8.644698654800976,
      8.23065678899617,
      7.834237615981481,
      9.111024945411048,
      8.742881235906419,
      9.136963501545257,
      8.671990240102936,
      9.055160235537665,
      9.265190513307191,
      8.720302214294824,
      9.077819136413321,
      9.832240482854667,
      8.84299492387252,
      8.881123672263369,
      10.071171574380697,
      8.905268963661538,
      8.044148642515168,
      8.320742470723262,
      8.28976882160252,
      9.112197173249236,
      7.970271815520909,
      8.5951110543756,
      8.685120737716876,
      8.508061333164004,
      9.14806584388322,
      8.877639066772677
    ],
    "MBRE": [
      0.1137392045905702,
      0.09747467579128685,
      0.10046051451546933,
      0.09332681381531431,
      0.0964542795594802,
      0.09088030714380048,
      0.08750203446277649,
      0.09888448378097599,
      0.09441394412149692,
      0.0978002551842051,
      0.09345008931484076,
      0.0973338374710448,
      0.102230005774377,
      0.09486226797463554,
      0.10084478256419392,
      0.10568370537340573,
      0.09666796445848534,
      0.10102625416924912,
      0.10511290559304402,
      0.09535621984541323,
      0.08819415809091596,
      0.09052600921982447,
      0.09390349015693793,
      0.09777924294118298,
      0.08717478432369588,
      0.09471991139830584,
      0.09775996863013635,
      0.09336002733724036,
      0.10277381764340268,
      0.09880585859392589
    ],
    "MIBRE": [
      0.08968447363235486,
      0.08034767424488354,
      0.07999860223213044,
      0.07709366199891102,
      0.07930937596878318,
      0.07546601638323566,
      0.07242925905489264,
      0.08192096375675298,
      0.07893398357304524,
      0.08031717077263498,
      0.0768695980524659,
      0.08093235565894819,
      0.08389899936220568,
      0.07854378732100942,
      0.08279227410004622,
      0.08553453656775867,
      0.07954057876822787,
      0.08192576070649574,
      0.0840538861596045,
      0.07853156663541255,
      0.07312642783319019,
      0.07665585768123465,
      0.0756753321202542,
      0.08052972357840349,
      0.07352743521582701,
      0.07705584519582384,
      0.08014310244994269,
      0.07694506138977508,
      0.08270028765352792,
      0.08177643621013993
    ]
  },
  "Mean_MAE": 3.5918447870004533,
  "Mean_MRE": 8.836427148432248,
  "Mean_MBRE": 0.09695006046132112,
  "Mean_MIBRE": 0.07954200114259728,
  "Median_MAE": 3.5554436072172484,
  "Median_MRE": 8.79293807988947,
  "Median_MBRE": 0.09700090096476507,
  "Median_MIBRE": 0.07976959050017915,
  "Runs": [
    {},
    {},
    {},
    {},
    {},
    {},
    {},
    {},
    {},
    {},
    {},
    {},
    {},
    {},
    {},
    {},
    {},
    {},
    {},
    {},
    {},
    {},
    {},
    {},
    {},
    {},
    {},
    {},
    {},
    {}
  ]
}