{
  "Metrics": {
    "MAE": [
      11.552764168921495,
      11.46335706006969,
      9.86693505068662,
      10.863328280856656,
      9.874261147110557,
      10.43640897148035,
      11.632070383991563,
      11.157258549675669,
      10.416988217280947,
      11.08442664958084,
      11.487742498434514,
      11.59465169504899,
      11.455516752213814,
      11.408584315245673,
      11.358929658726424,
      7.343244368176991,
      12.00770915876441,
      11.173379421186022,
      10.632873595125425,
      10.516608625904333,
      11.71101116786182,
      11.374517493479763,
      11.313107105513023,
      11.65209622444223,
      11.279581025302702,
      11.702142244996313,
      7.390070287911276,
      11.887761005024982,
      10.820726035126468,
      11.341416361800743
    ],
    "MRE": [
      32.714245482985596,
      32.9701493379956,
      27.866495649532645,
      31.237506829986295,
      27.43743989225898,
      29.80134742902198,
      33.06642809036878,
      31.80367058619143,
      28.796048354413678,
      31.793897506827722,
      31.85804780728671,
      33.702346855770834,
      32.82760869320603,
      32.35723073213329,
      31.823684712649957,
      18.663346622188275,
      35.06984657114038,
      31.161551810962727,
      30.479896145420387,
      29.771390555486914,
      33.695243232325105,
      31.776970711568236,
      32.39338707781414,
      33.37795692299694,
      31.873920915508197,
      33.56065015267583,
      18.569964042248017,
      35.02608146109327,
      30.273404905352542,
      31.594118070467346
    ],
    "MBRE": [
      0.39654313179220174,
      0.3933343431973903,
      0.32567887912254984,
      0.36786354727372134,
      0.32788053653970284,
      0.3511890870456758,
      0.39923588549124944,
      0.37918238343140065,
      0.3491068955797038,
      0.37490552875743843,
      0.3943992609757631,
      0.3953822647096401,
      0.3923530200253816,
      0.39073419771974494,
      0.38823812188237994,
      0.22037695288322637,
      0.4163718679979813,
      0.3774495681661886,
      0.35824592079704426,
      0.35007790146193085,
      0.40242063560467384,
      0.3880461551662418,
      0.38447454556354305,
      0.4007037814152026,
      0.3828407996613136,
      0.40292555645820594,
      0.21910702814181265,
      0.40957712198129587,
      0.3656807817964051,
      0.38792423608593757
    ],
    "MIBRE": [
      0.2563012094024631,
      0.2538403522423634,
      0.22356826711453623,
      0.24290632630846737,
      0.22305488289120667,
      0.2355673689737034,
      0.2583533669407447,
      0.24987102719610108,
      0.23282916019964742,
      0.24628241684770774,
      0.2548544632414199,
      0.2564226588303521,
      0.2550678257712625,
      0.2518794160325372,
      0.25160338724005,
      0.1624235925056874,
      0.26439288703501307,
      0.2492060828872336,
      0.23921206920131854,
      0.23646934806510622,
      0.25954982902470125,
      0.2528897648062777,
      0.25196200309718675,
      0.2583425607063497,
      0.2519144829662782,
      0.2594703736159297,
      0.15886934439504133,
      0.26372101245290247,
      0.24171652782943095,
      0.2508835185672353
    ]
  },
  "Mean_MAE": 10.926648917331342,
  "Mean_MRE": 30.91146257192926,
  "Mean_MBRE": 0.3697416645574983,
  "Mean_MIBRE": 0.24311418421294181,
  "Median_MAE": 11.327261733656883,
  "Median_MRE": 31.813677649420693,
  "Median_MBRE": 0.3861993908247403,
  "Median_MIBRE": 0.2517414016362936,
  "Runs": [
    {},
    {},
    {},
    {},
    {},
    {},
    {},
    {},
    {},
    {},
    {},
    {},
    {},
    {},
    {},
    {},
    {},
    {},
    {},
    {},
    {},
    {},
    {},
    {},
    {},
    {},
    {},
    {},
    {},
    {}
  ]
}