{
  "Metrics": {
    "MAE": [
      9.85462584801918,
      10.545937607743943,
      10.322238274888669,
      10.866160629110075,
      10.720213026208393,
      11.546043845078392,
      9.926036275499955,
      10.111183478022877,
      9.818169864075688,
      10.691317287575627,
      10.053550088492779,
      10.791325945150678,
      10.174853483821002,
      10.967287663640095,
      10.007974381988367,
      9.948301937457689,
      11.573314344934833,
      9.41954740156976,
      11.353898057676195,
      10.533343337559987,
      9.594447066768712,
      11.12820823762078,
      9.302009089144,
      10.97247616462224,
      11.197465183790722,
      10.209215308225883,
      10.106898378558645,
      10.433337498500299,
      10.121299907842541,
      10.021834075213025
    ],
    "MRE": [
      27.091498801733604,
      30.082322535478813,
      29.603843414475083,
      31.41060138913644,
      30.09309685496445,
      33.38604974798025,
      27.69657948109628,
      28.890460212251224,
      27.623560499026993,
      31.091366125200643,
      27.830915352498444,
      31.441297680490997,
      28.968506127397532,
      31.009481236115594,
      27.66488361161158,
      28.283330459075007,
      33.84189799202022,
      26.043673886329948,
      33.24776473488361,
      30.17271610105067,
      26.54049936795719,
      31.16765438355731,
      26.04788666568849,
      31.6870402192921,
      32.385675995572676,
      28.48979400603256,
      28.53677367874163,
      30.219439924057856,
      28.301255890011532,
      27.491111015014702
    ],
    "MBRE": [
      0.32475109829334226,
      0.35218341136952397,
      0.3437817515897312,
      0.3649847136011872,
      0.36143000854010177,
      0.3930164437439905,
      0.32763603037561206,
      0.3350957549346745,
      0.3240926151558245,
      0.35825464426138126,
      0.3326383336449919,
      0.36331309883235213,
      0.33766875620656805,
      0.3705215351890797,
      0.33127797495750205,
      0.32776428330761986,
      0.3954290784589355,
      0.30668781492664904,
      0.38712415224289254,
      0.3525457534604694,
      0.3130602175478852,
      0.37859728481278965,
      0.3036593178388407,
      0.37021463915318903,
      0.37865274738601834,
      0.33943211367267684,
      0.33351139658525897,
      0.3488469471657845,
      0.3357180164331908,
      0.33150695583451484
    ],
    "MIBRE": [
      0.22244858414768764,
      0.23862698202740967,
      0.23432460940230482,
      0.24522239746168387,
      0.24040578858799633,
      0.258066512445069,
      0.22497502487534493,
      0.23040208252051012,
      0.22319381323562124,
      0.2420300427832846,
      0.2270517362157302,
      0.24339496598723567,
      0.2315134265204014,
      0.246472102954784,
      0.2258244239441061,
      0.2270566052239458,
      0.2581970824140664,
      0.21423584019362782,
      0.25407904911251505,
      0.23878459281027134,
      0.21812922274092442,
      0.24812490523126798,
      0.21253720409420662,
      0.24704801005448876,
      0.2521047749930675,
      0.2302852722066158,
      0.22942231006925587,
      0.2369570365327606,
      0.22863353902255806,
      0.22586799712482292
    ]
  },
  "Mean_MAE": 10.410417122960036,
  "Mean_MRE": 29.544699246291444,
  "Mean_MBRE": 0.34744656298408594,
  "Mean_MIBRE": 0.23518053116445212,
  "Median_MAE": 10.265726791557276,
  "Median_MRE": 29.286174770936306,
  "Median_MBRE": 0.341606932631204,
  "Median_MIBRE": 0.23291901796135311,
  "Runs": [
    {},
    {},
    {},
    {},
    {},
    {},
    {},
    {},
    {},
    {},
    {},
    {},
    {},
    {},
    {},
    {},
    {},
    {},
    {},
    {},
    {},
    {},
    {},
    {},
    {},
    {},
    {},
    {},
    {},
    {}
  ]
}