{
  "Metrics": {
    "MAE": [
      9.277532463604441,
      9.318257757487782,
      9.462061215223873,
      9.602395263827548,
      10.846049569748235,
      10.743710161790307,
      8.653991850280995,
      8.338489627299612,
      9.133649711771358,
      10.53030211327548,
      9.513315947747337,
      10.47098966006416,
      9.322972583301796,
      10.51282619353092,
      9.603952100281312,
      9.095960093140533,
      10.65355144083871,
      9.709940944327519,
      10.571810589305063,
      9.48176478861333,
      8.72451635732098,
      10.641388383559146,
      8.646171897101395,
      10.720016106383419,
      10.663078142506905,
      8.671082697005806,
      9.471822201663677,
      9.610132677862337,
      9.479936947424326,
      8.320506362398177
    ],
    "MRE": [
      21.07033402953351,
      22.490224719283137,
      22.636138719448844,
      23.641918995554413,
      26.46764653697976,
      27.17524158388961,
      21.192164841500517,
      19.624346090475576,
      21.04737273879202,
      26.50597265048663,
      22.634798636130384,
      25.76050624354228,
      22.368377642812025,
      25.073384043111,
      22.232637717311317,
      21.761629927909034,
      27.019509594784708,
      22.94352496120118,
      26.42938344059564,
      24.1140979354637,
      20.328248544681614,
      25.424529436842487,
      20.937027376665146,
      26.709094003464322,
      26.488025021830218,
      20.306949581066036,
      22.451126052845254,
      23.820208527475874,
      22.741021306282985,
      18.963138767310916
    ],
    "MBRE": [
      0.306505632527375,
      0.306769891359734,
      0.31351732988575254,
      0.31897747849073127,
      0.3791660868459971,
      0.37176967010049217,
      0.27579382832787885,
      0.2636977970696622,
      0.29980763374066377,
      0.3610907392328238,
      0.3152664440397598,
      0.3615681816048305,
      0.3071806002513893,
      0.3662038862836294,
      0.3207404979627839,
      0.2952184902377019,
      0.3670123746067937,
      0.3252474609421118,
      0.3657614814721602,
      0.3117234408226673,
      0.28079198307787323,
      0.3720569194197738,
      0.2767155128320068,
      0.37239487423926726,
      0.36930579955687837,
      0.27766547126340757,
      0.31292600165001044,
      0.3180699378977764,
      0.31324257730479327,
      0.26341808870857847
    ],
    "MIBRE": [
      0.1975538217220741,
      0.20333086360244015,
      0.20575230572880365,
      0.21012313320281875,
      0.2361514512394843,
      0.23558933434481935,
      0.19061975257828537,
      0.18074465480400687,
      0.1965275038389272,
      0.23174350559823656,
      0.20586528096609052,
      0.2296733374732763,
      0.20331811271154518,
      0.22935422946311285,
      0.20603263288941062,
      0.1987959104618375,
      0.23441724719223445,
      0.21042073841811326,
      0.2319581631978857,
      0.21016070369845247,
      0.18780167959739238,
      0.23071148196428237,
      0.1893567086577727,
      0.2342877385410907,
      0.23381474894253615,
      0.18706660771305847,
      0.20528024757474816,
      0.211953599620158,
      0.20624398476066372,
      0.17752051131469251
    ]
  },
  "Mean_MAE": 9.659739194956217,
  "Mean_MRE": 23.345285988909005,
  "Mean_MBRE": 0.3229868703918435,
  "Mean_MIBRE": 0.2104056663939417,
  "Median_MAE": 9.497540368180333,
  "Median_MRE": 22.688580012865913,
  "Median_MBRE": 0.31439188696275616,
  "Median_MIBRE": 0.20613830882503717,
  "Runs": [
    {},
    {},
    {},
    {},
    {},
    {},
    {},
    {},
    {},
    {},
    {},
    {},
    {},
    {},
    {},
    {},
    {},
    {},
    {},
    {},
    {},
    {},
    {},
    {},
    {},
    {},
    {},
    {},
    {},
    {}
  ]
}