{
  "Metrics": {
    "MAE": [
      386.567880161473,
      315.00449558945945,
      347.51447107158725,
      315.6886527189661,
      236.59841915818512,
      262.71280154243846,
      246.86275938690684,
      270.408745508663,
      327.56349101832654,
      349.8893928865526,
      341.76850425219925,
      409.0530753388952,
      393.3931722572201,
      377.8358767149878,
      361.2655523331439,
      246.51727166723032,
      382.1400400218026,
      298.72890340336033,
      347.05719460159054,
      366.72145687415957,
      382.8167193397147,
      142.21122441526322,
      368.7187413049916,
      283.87533492291556,
      330.42719936433383,
      267.1420979596748,
      371.77812165182144,
      263.5765576572105,
      388.7517316974577,
      428.43383159950133
    ],
    "MRE": [
      27.36977486390712,
      21.409788398875857,
      24.16036117044406,
      19.920589918328936,
      18.594344537876385,
      19.487886600023614,
      18.743887728556913,
      20.866004223005994,
      20.163546708768063,
      23.002473226347856,
      21.60649672973467,
      33.274181475048955,
      31.25428239539188,
      26.285635885308885,
      26.741416847630674,
      19.02536055092976,
      29.25546484321969,
      22.4929135468702,
      22.223388015085014,
      22.773708525061156,
      23.144325238030554,
      10.464913573392794,
      27.664411084155567,
      20.293870221296753,
      24.636037258502817,
      21.66713199137666,
      25.07767916403461,
      19.08958762046619,
      33.127478801475554,
      36.18966357983396
    ],
    "MBRE": [
      0.3156332154271864,
      0.2498864659868101,
      0.28373482629769475,
      0.24934748631156375,
      0.19252702303604693,
      0.21040010441727522,
      0.19863210573978923,
      0.2202707452399396,
      0.2647477992821238,
      0.2835206418751813,
      0.2783394733149497,
      0.34863509895172234,
      0.3313691992607395,
      0.3149867219089231,
      0.30243131699070414,
      0.20000227257927053,
      0.32120446825593313,
      0.24146040715777511,
      0.2829824360162541,
      0.3078138714624113,
      0.3303472271741812,
      0.11310165820778571,
      0.3065680500845995,
      0.2221692292616645,
      0.2705327080418393,
      0.2218207096902379,
      0.3098394848945422,
      0.2068102906798109,
      0.3360923656578393,
      0.36916657667932323
    ],
    "MIBRE": [
      0.22949808289970078,
      0.18660066148142396,
      0.20374503260443932,
      0.1830192625702535,
      0.1507506204995503,
      0.16150785653720723,
      0.15389933195359487,
      0.167288465583508,
      0.1864659923861221,
      0.20403547417844303,
      0.19622745440683864,
      0.2369125446879477,
      0.23263818713674048,
      0.21859277485505352,
      0.21400784327394165,
      0.15424014419888898,
      0.220696129708482,
      0.18292505268891718,
      0.1992854720159288,
      0.20861475096232704,
      0.21602675460257204,
      0.09716078255646089,
      0.21894196378145533,
      0.1726409050634629,
      0.19591915277408903,
      0.1687187264886531,
      0.2140599161471409,
      0.16341794673033194,
      0.23040130534968087,
      0.24882446269705535
    ]
  },
  "Mean_MAE": 327.0341238806677,
  "Mean_MRE": 23.66688682409937,
  "Mean_MBRE": 0.26947913266280393,
  "Mean_MIBRE": 0.1939021016940071,
  "Median_MAE": 344.4128494268949,
  "Median_MRE": 22.633311035965676,
  "Median_MBRE": 0.2806609546656019,
  "Median_MIBRE": 0.19775646321138374,
  "Runs": [
    {},
    {},
    {},
    {},
    {},
    {},
    {},
    {},
    {},
    {},
    {},
    {},
    {},
    {},
    {},
    {},
    {},
    {},
    {},
    {},
    {},
    {},
    {},
    {},
    {},
    {},
    {},
    {},
    {},
    {}
  ]
}