{
  "Metrics": {
    "MAE": [
      267.5863803994851,
      296.0001217701396,
      234.46805701208896,
      310.15061053291697,
      218.0572566864139,
      227.12504138321174,
      270.51118899173423,
      259.1955162686208,
      252.31038789780408,
      325.69730874045956,
      293.58989447922005,
      355.60963531619217,
      254.26180514445068,
      253.31722583207926,
      403.8912901174827,
      282.3240273272405,
      277.378668640637,
      282.1250167765383,
      261.30095341604266,
      327.58460518258516,
      419.34803944196864,
      220.33662792268348,
      410.1727403403111,
      209.79239934577316,
      251.2624502832382,
      194.7873178210024,
      334.1473740974801,
      257.50392077680493,
      262.7009485463627,
      400.46760303372247
    ],
    "MRE": [
      18.402728681469547,
      20.04713009506207,
      15.385254505669742,
      19.419787344473537,
      17.21615978970484,
      16.970193940095687,
      19.896019101292445,
      20.28960549951281,
      15.586089555475697,
      22.683340426723515,
      19.27875871044361,
      28.50412180867795,
      20.38389364333937,
      17.404067888575568,
      30.42242975567223,
      21.98785825076581,
      21.47802573368451,
      20.650977942268536,
      16.78765435310715,
      20.63190845155531,
      26.321965618775845,
      17.062847709251265,
      32.02730221593259,
      15.342468563153963,
      18.725882035547095,
      15.854801919301886,
      21.703957645840145,
      18.000566587835635,
      22.501823676481518,
      34.08634850704802
    ],
    "MBRE": [
      0.2085801233532937,
      0.23966043685752123,
      0.18314407198349278,
      0.24767060607791325,
      0.1827819649205213,
      0.18290779645212044,
      0.2133115606973567,
      0.2110435085095004,
      0.19064028887955814,
      0.2679075417490019,
      0.22997989479880138,
      0.3035113637479404,
      0.2076698989103009,
      0.19567698042598614,
      0.34257807917706584,
      0.2317327949510188,
      0.22668634098562795,
      0.22643942555408922,
      0.19943395262360736,
      0.2672208568500831,
      0.3809474942477386,
      0.17831586494979662,
      0.3513474853701773,
      0.1652199613211295,
      0.2006662007386075,
      0.16316930071614982,
      0.28358729623904944,
      0.19973044755724167,
      0.2260796684417576,
      0.3479034678348866
    ],
    "MIBRE": [
      0.15972939556731533,
      0.17656617049659654,
      0.14344487709317355,
      0.17949424900888808,
      0.14270272520861232,
      0.14221632757999245,
      0.1639696933839745,
      0.15863330497672135,
      0.14610774897697695,
      0.1863234080136839,
      0.17274138989975257,
      0.20971159540540027,
      0.15404122582684135,
      0.15118907116236696,
      0.22929943524734794,
      0.17388738880951193,
      0.1720403632124911,
      0.17057756986250358,
      0.15282723394072725,
      0.18885684820988186,
      0.24252890574986585,
      0.14071335350483571,
      0.2337297529384053,
      0.13232135805077558,
      0.15625832585756522,
      0.12775021979670986,
      0.19526450862283398,
      0.15653172977622337,
      0.166200742017728,
      0.23196161937081503
    ]
  },
  "Mean_MAE": 287.10014711748966,
  "Mean_MRE": 20.835132331891263,
  "Mean_MBRE": 0.23518482249737785,
  "Mean_MIBRE": 0.17192068458561727,
  "Median_MAE": 269.0487846956097,
  "Median_MRE": 19.971574598177256,
  "Median_MBRE": 0.21969561456955716,
  "Median_MIBRE": 0.16508521770085124,
  "Runs": [
    {},
    {},
    {},
    {},
    {},
    {},
    {},
    {},
    {},
    {},
    {},
    {},
    {},
    {},
    {},
    {},
    {},
    {},
    {},
    {},
    {},
    {},
    {},
    {},
    {},
    {},
    {},
    {},
    {},
    {}
  ]
}