{
  "Metrics": {
    "MAE": [
      284.60842982849783,
      255.6358107895147,
      290.0340863722921,
      305.52601090728257,
      238.5334567544239,
      279.04692102651126,
      274.35545527661435,
      253.16286536565897,
      290.2408608942084,
      341.2936300871802,
      357.03802881084505,
      317.55094788556545,
      260.9240317735516,
      328.1564745418361,
      300.7261520135598,
      294.3142509460449,
      249.39032489589002,
      353.62263769973174,
      282.59867300544283,
      340.2584868801097,
      366.54844898369794,
      258.88229534482696,
      311.7166030206316,
      273.4003600636467,
      237.82348466883596,
      220.86579392542603,
      322.8633921951544,
      287.48238802737876,
      242.90191838415595,
      316.14557574850613
    ],
    "MRE": [
      21.553937631064514,
      16.93933258926557,
      18.517490674026007,
      20.23520526995457,
      18.885559904398995,
      21.06771191313694,
      19.36248976560332,
      19.476017501147233,
      20.50602640181028,
      24.980877374086504,
      21.69615123152165,
      25.487581284352867,
      17.919611130624478,
      21.186214655704802,
      22.297441600324245,
      20.329104623537955,
      19.083103419613188,
      25.800069005490855,
      20.52545106363852,
      23.255074464598106,
      21.040028659868735,
      21.504363353068403,
      23.34478310805758,
      19.828249219447432,
      15.961109678629171,
      16.734977706854316,
      24.035740618676172,
      20.01533357726349,
      19.68627006607248,
      25.891068899388316
    ],
    "MBRE": [
      0.24436799463181216,
      0.2087283787714718,
      0.23843399291350137,
      0.25501261165338496,
      0.20928375574458616,
      0.24452686822262146,
      0.22463917630930333,
      0.20757407247562826,
      0.2552131166494357,
      0.28626688571611586,
      0.30512430372063526,
      0.27125459487415,
      0.20663592727635174,
      0.2660840910107113,
      0.25494501242061207,
      0.25068894960922183,
      0.20334212528301016,
      0.3252699635581274,
      0.2337417882571125,
      0.2904729083776668,
      0.31926185716187966,
      0.22298190780956798,
      0.26240921982522053,
      0.2290830476250606,
      0.18539423414516804,
      0.18639301656674048,
      0.26715782393079535,
      0.2624939983662107,
      0.20773733454503984,
      0.27163381435050005
    ],
    "MIBRE": [
      0.17968889098872776,
      0.16028593310889389,
      0.17473758922342908,
      0.18475882209675532,
      0.15643318290929242,
      0.1773456835922809,
      0.16760870838777184,
      0.15911826177787214,
      0.18430901232013772,
      0.2042946354577198,
      0.20835314393004803,
      0.19147626579830046,
      0.15906373246501637,
      0.19346313466785955,
      0.1854737843752226,
      0.18223242127225622,
      0.15545764037925822,
      0.219146772702402,
      0.17506555972116114,
      0.20505719294473942,
      0.20642070613792746,
      0.16287099187748327,
      0.1895101753293649,
      0.16934618597659942,
      0.14702770044979493,
      0.14470529905577362,
      0.19303453831477832,
      0.1882866868322548,
      0.15727215262913774,
      0.19107584078306397
    ]
  },
  "Mean_MAE": 291.1882598705673,
  "Mean_MRE": 20.904879213040893,
  "Mean_MBRE": 0.2465384257267214,
  "Mean_MIBRE": 0.17909735485017744,
  "Median_MAE": 288.75823719983543,
  "Median_MRE": 20.5157387327244,
  "Median_MBRE": 0.24760790891592166,
  "Median_MIBRE": 0.180960656130492,
  "Runs": [
    {},
    {},
    {},
    {},
    {},
    {},
    {},
    {},
    {},
    {},
    {},
    {},
    {},
    {},
    {},
    {},
    {},
    {},
    {},
    {},
    {},
    {},
    {},
    {},
    {},
    {},
    {},
    {},
    {},
    {}
  ]
}