{
  "Metrics": {
    "MAE": [
      262.4931550742871,
      331.0023668633132,
      251.40228523861887,
      301.69731015422025,
      164.89272430518193,
      216.16423582304836,
      256.8441776034424,
      265.81342708578717,
      232.04797543027635,
      326.4831616528978,
      305.7750011640633,
      385.27444283085634,
      281.9878857998993,
      261.49638647932636,
      326.55003384628117,
      252.36388210948795,
      290.83590459711934,
      257.99511211404194,
      270.93637386295217,
      371.36144674689757,
      435.68629728580805,
      208.39315283103068,
      455.840796399619,
      249.28953772908912,
      256.9788252792537,
      212.7019345848566,
      316.1968303850161,
      212.12830119211168,
      259.75895880312777,
      419.33988493711666
    ],
    "MRE": [
      18.467787502517695,
      22.36112146988209,
      16.65886149051971,
      18.596059797009005,
      13.265751831011983,
      16.522142753398406,
      18.943903344294892,
      20.385375689211106,
      14.623966881757886,
      22.40457186738907,
      19.53719392830618,
      30.82226950185883,
      22.478298272350703,
      17.84549785711585,
      24.232073317662103,
      19.906364140523454,
      22.00509278854003,
      18.9393568061739,
      17.67176015718519,
      23.38382753878862,
      27.486409417968083,
      15.983798233764132,
      35.81448209571489,
      17.956776284897078,
      19.105107517535842,
      17.356669887555583,
      20.773491354746707,
      14.49802568484126,
      21.724232589383703,
      35.84568093292631
    ],
    "MBRE": [
      0.2053440307253726,
      0.27585532610854296,
      0.19884709351937302,
      0.2400364851858819,
      0.1377423080606436,
      0.1751033206505448,
      0.20101532874933947,
      0.21512554178010362,
      0.1751334680531449,
      0.26876672396640017,
      0.24152948779426817,
      0.33134567174973983,
      0.23090688548379726,
      0.20249962345375686,
      0.26663477331330104,
      0.2068244274264528,
      0.23720938189096244,
      0.20632173857151528,
      0.210185027811233,
      0.31720682468760153,
      0.4023935349275328,
      0.16680948349100974,
      0.39754182392937326,
      0.19814222352461527,
      0.20480607924371708,
      0.17827841556441001,
      0.2606859823651403,
      0.16041217217398265,
      0.2189978810624663,
      0.36633882015680647
    ],
    "MIBRE": [
      0.15849045532385772,
      0.19604897909301713,
      0.15303574290714336,
      0.173317697212293,
      0.11234128461356596,
      0.13829705625874028,
      0.15747089406910944,
      0.1618168629935882,
      0.1370383803736593,
      0.18697851845708616,
      0.17779042004225568,
      0.22348077931257312,
      0.17118469709765924,
      0.15522098231666348,
      0.19363820348545516,
      0.1570915440022806,
      0.17735969978211724,
      0.1583165478959628,
      0.15931495852875666,
      0.21266742808196115,
      0.25237033362049155,
      0.132899581777837,
      0.2521052431115529,
      0.1528592264446892,
      0.1586444637966327,
      0.13823116862029933,
      0.1867937482549362,
      0.13089418566720643,
      0.16396788032527643,
      0.23969353321831632
    ]
  },
  "Mean_MAE": 287.9910602736343,
  "Mean_MRE": 20.853198364494347,
  "Mean_MBRE": 0.23660132951403426,
  "Mean_MIBRE": 0.17231201655616613,
  "Median_MAE": 264.1532910800371,
  "Median_MRE": 19.32115072292101,
  "Median_MBRE": 0.2126552847956683,
  "Median_MIBRE": 0.16056591076117244,
  "Runs": [
    {},
    {},
    {},
    {},
    {},
    {},
    {},
    {},
    {},
    {},
    {},
    {},
    {},
    {},
    {},
    {},
    {},
    {},
    {},
    {},
    {},
    {},
    {},
    {},
    {},
    {},
    {},
    {},
    {},
    {}
  ]
}