{
  "Metrics": {
    "MAE": [
      241.0948909426633,
      317.9083848242767,
      311.1081683045045,
      269.53506265432407,
      215.3110764278072,
      263.9811138955693,
      241.18928597647025,
      249.2038709092294,
      272.4794033577419,
      290.46014431299545,
      334.36921128259314,
      288.97809727039555,
      315.45614708193165,
      321.40583147291375,
      283.16370415357335,
      259.11103770869903,
      277.6235128555214,
      301.01969004100897,
      297.9961493705068,
      311.50581682263294,
      327.45427718981404,
      273.8601067119322,
      306.44613225189755,
      254.1154804525812,
      261.78933265733343,
      257.93525616053836,
      351.2110900294316,
      226.23485916158205,
      281.32953701976385,
      326.64707028027686
    ],
    "MRE": [
      18.629765378071983,
      20.68880525370685,
      19.676398978748338,
      16.718303423026196,
      16.67691475082032,
      20.215337332736073,
      15.661698970283181,
      18.107876787144487,
      18.39529295431075,
      19.99064721671614,
      19.302839453038693,
      22.642888465823397,
      23.778492751764553,
      18.548431686017377,
      20.736718361476207,
      18.85127943759896,
      21.802953720031272,
      22.836647511131023,
      20.37961733024158,
      19.878946455771402,
      17.93165327888952,
      21.928056711662993,
      22.606434496359903,
      17.802535971459456,
      17.038082318935555,
      20.83280661967265,
      26.986667807274905,
      15.572395763264291,
      23.167582597216267,
      26.985248040812976
    ],
    "MBRE": [
      0.1959163845226311,
      0.25465997163425275,
      0.255349709450749,
      0.2097567948735859,
      0.17648655309163014,
      0.21605416954569406,
      0.18143145842918457,
      0.19490048153179035,
      0.21626990265448764,
      0.23030843259505546,
      0.27326612929391286,
      0.24076390679384807,
      0.2571836715050813,
      0.2603384969826968,
      0.2270805578268969,
      0.20801919710247296,
      0.2278106635672884,
      0.24678519350648376,
      0.23334808206205432,
      0.2519614935659283,
      0.2701543536256494,
      0.22708159759111712,
      0.25138586917069,
      0.20184663229699715,
      0.19984056604905479,
      0.21067612151081758,
      0.289390003521713,
      0.1726129655138706,
      0.23552269152010366,
      0.27753620553492125
    ],
    "MIBRE": [
      0.15378587402606697,
      0.18255092952184748,
      0.18393673907989297,
      0.1579866965454223,
      0.1399261268973593,
      0.16340967831835135,
      0.14227673783345754,
      0.15360781349898653,
      0.16416060127747878,
      0.17299444274528233,
      0.18655846468596995,
      0.17690224439787144,
      0.19043818768279516,
      0.17893057415964556,
      0.17180990653421024,
      0.1580834817661819,
      0.1710021339644334,
      0.18079689659090228,
      0.17448870214414372,
      0.1821819062004131,
      0.17623449171845654,
      0.1699167239607248,
      0.18536849175188638,
      0.15521683041541742,
      0.1528934468211475,
      0.1515979192813488,
      0.21253386515967368,
      0.14027592299797192,
      0.1746823951758205,
      0.19667542043266165
    ]
  },
  "Mean_MAE": 284.330791386017,
  "Mean_MRE": 20.14571066080024,
  "Mean_MBRE": 0.22979127522902196,
  "Mean_MIBRE": 0.1700407881861941,
  "Median_MAE": 282.2466205866686,
  "Median_MRE": 19.93479683624377,
  "Median_MBRE": 0.22905954808117193,
  "Median_MIBRE": 0.17240217463974628,
  "Runs": [
    {},
    {},
    {},
    {},
    {},
    {},
    {},
    {},
    {},
    {},
    {},
    {},
    {},
    {},
    {},
    {},
    {},
    {},
    {},
    {},
    {},
    {},
    {},
    {},
    {},
    {},
    {},
    {},
    {},
    {}
  ]
}