{
  "Metrics": {
    "MAE": [
      380.73812757561274,
      378.43829981815435,
      367.15730277164056,
      395.797153213441,
      300.53009044438363,
      349.2187399986412,
      326.42036216452334,
      345.8552180390303,
      397.80980612138944,
      377.721302763053,
      393.78996560471876,
      405.29620795484357,
      382.7370436003656,
      371.14140424172473,
      372.25879019050325,
      341.3582677015926,
      368.15074147113177,
      389.3639150430608,
      373.50567484305407,
      394.64812982485887,
      416.7476094832327,
      288.1300661213115,
      376.4468279148441,
      357.1200757592089,
      366.2177502243363,
      451.90795008060434,
      375.5048185846581,
      338.0123997760457,
      480.54138393117665,
      417.03186591147255
    ],
    "MRE": [
      22.363831750987842,
      21.76978858959809,
      21.907887276923756,
      22.449805761579753,
      18.37438212950818,
      25.05704663604576,
      19.721497747549588,
      22.84934077923504,
      22.492296001648242,
      22.141089661637302,
      24.761919920469072,
      29.78505201098651,
      25.50989499697379,
      24.023718044153348,
      23.7455055836405,
      19.696929616071365,
      24.597059113386464,
      27.64636559010111,
      21.535170146527058,
      22.716144565754433,
      23.467688515264147,
      17.709093976768113,
      24.289449978879002,
      20.649222640717156,
      22.860214634684915,
      39.42291055702477,
      22.33890222293984,
      21.041812383882377,
      40.20746906136119,
      31.837402558408378
    ],
    "MBRE": [
      0.3373486392601714,
      0.33353153282967773,
      0.3169553983017477,
      0.3547385286883378,
      0.23851846887884728,
      0.2852127194750695,
      0.26818975014232743,
      0.28280639430069243,
      0.36133102874484546,
      0.3297648932281803,
      0.3370574448077997,
      0.34186242276244233,
      0.32347441227890145,
      0.3089981692324509,
      0.3177930011475744,
      0.28795686254218006,
      0.3078692746165871,
      0.3223904686200272,
      0.32581717331041915,
      0.3548076975462305,
      0.3885206937957525,
      0.2281033451113676,
      0.32032944567577476,
      0.3070926477193319,
      0.30826608525751825,
      0.3985549086757475,
      0.3268720614700454,
      0.275594170460497,
      0.41436235956175704,
      0.34807697738346766
    ],
    "MIBRE": [
      0.2134774944813261,
      0.21052292768169006,
      0.20596822818984287,
      0.21945227474483256,
      0.17368366979651995,
      0.20932385912153134,
      0.18772446500749124,
      0.2019159829163444,
      0.21929228930736677,
      0.21047610299518504,
      0.22427531561300293,
      0.23725870649239633,
      0.22268382299740774,
      0.21444663362998478,
      0.21365876346415105,
      0.19036037942099057,
      0.21448156779070612,
      0.22965297671860024,
      0.20639835081061647,
      0.21895280106208892,
      0.23031266177864032,
      0.16800609351739046,
      0.2167904455759303,
      0.19965492908331037,
      0.2092414884262627,
      0.2572422601446384,
      0.2106226324618986,
      0.19413062870272058,
      0.273262012098075,
      0.2466720666257959
    ]
  },
  "Mean_MAE": 375.9865763724205,
  "Mean_MRE": 24.232296415090236,
  "Mean_MBRE": 0.32173989919419227,
  "Mean_MIBRE": 0.21433139435522458,
  "Median_MAE": 375.9758232497511,
  "Median_MRE": 22.782742672494734,
  "Median_MBRE": 0.32293244044946434,
  "Median_MIBRE": 0.21356812897273858,
  "Runs": [
    {},
    {},
    {},
    {},
    {},
    {},
    {},
    {},
    {},
    {},
    {},
    {},
    {},
    {},
    {},
    {},
    {},
    {},
    {},
    {},
    {},
    {},
    {},
    {},
    {},
    {},
    {},
    {},
    {},
    {}
  ]
}