{
  "Metrics": {
    "MAE": [
      8.385829546708866,
      5.359884480065329,
      8.965978661907627,
      5.847712930504675,
      5.99774412220709,
      8.028990319776002,
      7.54490068008645,
      8.485022501152388,
      9.976502449403423,
      8.001139679815877,
      7.285371152383091,
      6.601886149524718,
      6.548151925207967,
      6.133685561855145,
      7.123083034491139,
      7.336276726905207,
      7.43520204806618,
      9.081300412297427,
      9.267409426532485,
      8.466572476409539,
      7.960804422404194,
      7.53601761751634,
      7.580165429719811,
      8.034627850277253,
      7.813185999049952,
      7.611579157750054,
      6.336551318708077,
      8.941521072449088,
      8.577094437777681,
      7.564989055511533
    ],
    "MRE": [
      22.5640297927505,
      13.605475390585733,
      24.868970623699887,
      15.07742679417293,
      14.665383637153257,
      22.340975771759194,
      21.142168970345487,
      23.297588489536714,
      29.806626341313585,
      22.889945608545226,
      19.695796687055413,
      17.596365244134937,
      17.378042296886704,
      16.614560352477163,
      19.44409712826586,
      19.655703239978873,
      20.47723313671973,
      26.542647947751195,
      26.4656682426126,
      23.845457676928845,
      21.943090074861047,
      19.997181106240085,
      21.284259031670377,
      22.158839734800733,
      22.93313493671587,
      20.95503200061688,
      15.803264295805217,
      25.32838189015915,
      25.298268293986965,
      20.593691688190223
    ],
    "MBRE": [
      0.26628673251988677,
      0.15169258737017544,
      0.2900072806062673,
      0.17129787421253306,
      0.17258528724142536,
      0.2541059164976216,
      0.23766642866959858,
      0.2705724412131031,
      0.33021464290167,
      0.2528174250119712,
      0.22376030990997944,
      0.20016966777316028,
      0.1906914215030835,
      0.18103899727390546,
      0.21793634150493982,
      0.2267830211041641,
      0.22892830790132038,
      0.2953171182202262,
      0.30285208527548413,
      0.2684776682632777,
      0.24934702813361337,
      0.23449122309644713,
      0.23560938709798812,
      0.2535767762439712,
      0.24845069414470222,
      0.2358042383888192,
      0.18619597100562255,
      0.2885760534315099,
      0.2767385789323146,
      0.2338717377080354
    ],
    "MIBRE": [
      0.18915706891877934,
      0.12167899957819929,
      0.20090851340376956,
      0.1326694678530857,
      0.1325733935965422,
      0.18432066957067075,
      0.17440459505756842,
      0.19239424235157224,
      0.22504118142797302,
      0.18531460741417083,
      0.16837029572956008,
      0.15205280807011923,
      0.1458794997482558,
      0.1423692235194018,
      0.16472623123209926,
      0.1682018245913074,
      0.16882424805062268,
      0.2074811072061474,
      0.208879424159453,
      0.19413205679840634,
      0.18212282886160516,
      0.17155985313083197,
      0.17561713833502818,
      0.18312344519301457,
      0.1851929983584251,
      0.17320563473866846,
      0.142239134739584,
      0.2044567939072717,
      0.19914561522458224,
      0.1730545402259225
    ]
  },
  "Mean_MAE": 7.6609726882154865,
  "Mean_MRE": 21.14231021419068,
  "Mean_MBRE": 0.23919544143856053,
  "Mean_MIBRE": 0.17496991469975456,
  "Median_MAE": 7.595872293734932,
  "Median_MRE": 21.213214001007934,
  "Median_MBRE": 0.2367353335292089,
  "Median_MIBRE": 0.17501086669629828,
  "Runs": [
    {},
    {},
    {},
    {},
    {},
    {},
    {},
    {},
    {},
    {},
    {},
    {},
    {},
    {},
    {},
    {},
    {},
    {},
    {},
    {},
    {},
    {},
    {},
    {},
    {},
    {},
    {},
    {},
    {},
    {}
  ]
}