{
  "Metrics": {
    "MAE": [
      11.425179659184286,
      11.29402474912471,
      9.803567981433828,
      10.786534423616677,
      10.09140066796085,
      10.458290327483983,
      11.753331595239334,
      11.289643540853334,
      10.27178050268401,
      11.017257431359655,
      11.305829743008534,
      11.782201047290412,
      11.862137665187662,
      11.55595093026859,
      11.55530598485818,
      7.280426587806565,
      12.099746925180634,
      11.404426521060076,
      10.416546579360412,
      10.366976080009263,
      11.604304997226281,
      11.231976948756135,
      11.001150061004896,
      11.5908306302818,
      11.442344267755956,
      11.619487993729365,
      7.261075519185133,
      11.643652306628727,
      10.805525022874662,
      11.561711035046923
    ],
    "MRE": [
      31.44780226385145,
      30.96368401873555,
      26.48597366103261,
      30.727698166615998,
      27.457414448137936,
      29.060339416521337,
      33.889148318341135,
      32.82560401980132,
      28.93660285464945,
      31.740593611596264,
      30.537373051925222,
      34.50644703528514,
      35.16919909506741,
      32.88699266241758,
      33.09140230917895,
      18.21213087590443,
      34.96416589552868,
      32.54362860590574,
      29.422283449356602,
      29.22744883599825,
      33.07282481257592,
      30.39025204719341,
      30.205286966024403,
      33.021365095676465,
      32.485107155265624,
      33.0669643195481,
      17.334574095318043,
      33.43651981014848,
      30.604408663735345,
      33.049238452757876
    ],
    "MBRE": [
      0.39392036706668926,
      0.3883997342946604,
      0.3236516819313492,
      0.36502474817031433,
      0.33640988771605657,
      0.3526895622530593,
      0.40415064349941915,
      0.3836170162939811,
      0.34223621173279006,
      0.371821768959302,
      0.3895472975152442,
      0.4048857709488963,
      0.40661832242419343,
      0.3966172106786022,
      0.39925200450163045,
      0.21848609796670415,
      0.4198563847589551,
      0.3871450007013598,
      0.3498926487759271,
      0.3447992584947338,
      0.3989898572079059,
      0.3846446246917078,
      0.3737833605918514,
      0.39987882067805913,
      0.39108837438871047,
      0.40153114860872735,
      0.21544220387036345,
      0.4005815672302451,
      0.36539046330974256,
      0.39631510091215233
    ],
    "MIBRE": [
      0.25306709970888536,
      0.25030999233250334,
      0.22053602193167854,
      0.2408411771507876,
      0.22565203594915473,
      0.23479986002094042,
      0.26086398573291436,
      0.25215088218855797,
      0.22933001823312774,
      0.24581459569457617,
      0.2503819259977429,
      0.2608722990888955,
      0.2637798919903526,
      0.25412121030112783,
      0.2555331664803935,
      0.16037532849839353,
      0.2632056861520161,
      0.2540534631122667,
      0.23466230541056896,
      0.2328896189824059,
      0.2572970144440747,
      0.2492032925700063,
      0.24431782114466996,
      0.2558062779828452,
      0.2537909387156757,
      0.25578771136161116,
      0.15417234814335296,
      0.2583668843225914,
      0.24176779384755606,
      0.2562102049417121
    ]
  },
  "Mean_MAE": 10.919420590848693,
  "Mean_MRE": 30.692082467136494,
  "Mean_MBRE": 0.3702222380057778,
  "Mean_MIBRE": 0.24233202841437948,
  "Median_MAE": 11.299927246066622,
  "Median_MRE": 31.594197937723855,
  "Median_MBRE": 0.38777236749801014,
  "Median_MIBRE": 0.25126640409315043,
  "Runs": [
    {},
    {},
    {},
    {},
    {},
    {},
    {},
    {},
    {},
    {},
    {},
    {},
    {},
    {},
    {},
    {},
    {},
    {},
    {},
    {},
    {},
    {},
    {},
    {},
    {},
    {},
    {},
    {},
    {},
    {}
  ]
}