{
  "Metrics": {
    "MAE": [
      5.578643936545129,
      5.771796346673971,
      5.9075680133152035,
      5.740023987166558,
      5.34178264715543,
      5.678885647541752,
      6.202007233582016,
      5.759538735483107,
      5.272982114858655,
      5.8367402196425475,
      6.249611135722595,
      5.999001623880915,
      6.004335944188339,
      5.857396308904154,
      6.575274380011409,
      5.880494510345875,
      5.243063651291751,
      6.248869597238441,
      6.148757455900364,
      5.571586864811098,
      5.907568975318032,
      6.12148876554,
      5.221271372925268,
      5.5999969622612,
      5.56244811488272,
      6.755610089980234,
      6.054901903656177,
      6.302992559751329,
      5.837834580290821,
      5.547194196689343
    ],
    "MRE": [
      12.901697824845238,
      13.659597658825327,
      14.01069370959016,
      13.578718217501029,
      12.257963601617902,
      13.28700418952903,
      16.02824983528296,
      14.552437206631975,
      13.542443875612445,
      14.777983875516435,
      14.247285781889971,
      14.590482722879727,
      14.608978602736405,
      14.016744801414358,
      16.006048884315764,
      13.91475155600852,
      13.058006692499832,
      14.748645599258214,
      14.390754713273413,
      13.665144577690953,
      13.850214469602113,
      15.156563404514515,
      12.410698493956355,
      14.223328660753488,
      13.40127145012692,
      15.98917944344658,
      13.68134580970353,
      14.976562303081595,
      14.055844744704668,
      13.401093101216954
    ],
    "MBRE": [
      0.1566225014021081,
      0.165308411382637,
      0.1667912901995457,
      0.16309612226478504,
      0.14947802381421244,
      0.16253599329123494,
      0.18460397449924607,
      0.1632612943611005,
      0.15205794662915753,
      0.17199461608042838,
      0.17674144090652866,
      0.17236710163217092,
      0.16654397887252362,
      0.16549161961542852,
      0.18680912953997836,
      0.1618858733653812,
      0.14973821728724512,
      0.18081763144601826,
      0.17891687438024326,
      0.1576969928262487,
      0.1658659918041357,
      0.17211000024452433,
      0.14635652669891688,
      0.16126870850996392,
      0.16077076405230556,
      0.19079055319947258,
      0.1781907069227761,
      0.17777291760282532,
      0.1668555595509106,
      0.16116936370130813
    ],
    "MIBRE": [
      0.11792635474777897,
      0.12413304893874823,
      0.12128625011013296,
      0.12089706340710595,
      0.11299077873507835,
      0.12139510064574174,
      0.1369844726937486,
      0.12313307915622156,
      0.1178028928560976,
      0.12783692076411501,
      0.12694845838675742,
      0.12720196713686807,
      0.12157157857093111,
      0.1217301887778781,
      0.13156609430194435,
      0.1215725671925175,
      0.11381397428331826,
      0.13306556741306957,
      0.12825725513635364,
      0.11897540932396009,
      0.12236687831815168,
      0.12483105570201466,
      0.11259817978848966,
      0.12294031082488507,
      0.11980131329140135,
      0.13434495439491237,
      0.12584395124998993,
      0.1284720744026406,
      0.125076575700356,
      0.12052061124993362
    ]
  },
  "Mean_MAE": 5.85932226251848,
  "Mean_MRE": 14.099657860267545,
  "Mean_MBRE": 0.16713033753611206,
  "Mean_MIBRE": 0.1235294975833714,
  "Median_MAE": 5.847615444597487,
  "Median_MRE": 14.01371925550226,
  "Median_MBRE": 0.1656788057097821,
  "Median_MIBRE": 0.12265359457151838,
  "Runs": [
    {},
    {},
    {},
    {},
    {},
    {},
    {},
    {},
    {},
    {},
    {},
    {},
    {},
    {},
    {},
    {},
    {},
    {},
    {},
    {},
    {},
    {},
    {},
    {},
    {},
    {},
    {},
    {},
    {},
    {}
  ]
}