{
  "Metrics": {
    "MAE": [
      11.584482015582406,
      7.736114549887581,
      11.53300787931319,
      7.873637817351671,
      8.267315412517949,
      9.533024884063455,
      11.656116948782325,
      11.73099772758946,
      9.270436217569817,
      10.138080485675342,
      11.140891632259361,
      11.130998726634674,
      9.142443494219634,
      11.46630331322712,
      8.299529539084869,
      9.874951650778101,
      11.81808387359027,
      11.607325655931188,
      9.668477168238423,
      9.485797845705836,
      11.509283628373003,
      10.797666121709804,
      11.197089428313614,
      11.453109908667308,
      11.386674578532581,
      11.521554764359607,
      7.949347969673641,
      9.262061089971029,
      11.603111227968013,
      9.956016854412807
    ],
    "MRE": [
      32.116972006222525,
      20.560637635696327,
      33.19567086019953,
      20.50141153716463,
      21.17535882521678,
      26.318701153725787,
      33.82395729456344,
      34.99022521901561,
      27.12343900210416,
      29.308901260424864,
      31.079434855376526,
      31.775416708597763,
      25.58565573185372,
      32.51010095803173,
      22.792733046829596,
      27.3324712672444,
      35.12308268908755,
      33.14045572374374,
      26.910600079342327,
      26.446358307253792,
      31.39829681471677,
      29.355312876699912,
      32.22735868407041,
      33.5673272210705,
      32.99627259659367,
      32.43782643441801,
      20.4150834872752,
      25.654227024094634,
      33.494174042733114,
      27.82705455741722
    ],
    "MBRE": [
      0.3976461991226141,
      0.23962882228463556,
      0.394352994808071,
      0.23870264014371095,
      0.26018239730206794,
      0.31107770794692,
      0.39933484790173424,
      0.4035702031027344,
      0.3033055869633588,
      0.33557395884799374,
      0.37953717362652606,
      0.3781555744956584,
      0.2963633343032627,
      0.3931771253746326,
      0.25906576260020603,
      0.3249631935096866,
      0.4025074636442278,
      0.39930570443908603,
      0.317851592413217,
      0.30831752427185466,
      0.3992119778068046,
      0.3680276747153132,
      0.37966109851250435,
      0.3894035828105046,
      0.389123874707641,
      0.396910875602572,
      0.24670072131711232,
      0.3002565085668415,
      0.3984895498138872,
      0.32853206671689134
    ],
    "MIBRE": [
      0.256801151887885,
      0.17701859324273797,
      0.25584336177184464,
      0.17001426451326448,
      0.18483046787834026,
      0.21464763164961229,
      0.25879744289495343,
      0.25947720962450066,
      0.21377865825678707,
      0.2301738503397737,
      0.24738554212976185,
      0.24791414199647765,
      0.2075865642343832,
      0.2526765004086731,
      0.18861926775487148,
      0.22207255936349504,
      0.2620942853277883,
      0.25759043618674077,
      0.21896461534983752,
      0.2159871577773547,
      0.2540804439884155,
      0.24197609122545657,
      0.25065501298693976,
      0.25640510044833126,
      0.25383568379908644,
      0.25433996694743194,
      0.1770969943507895,
      0.21119433183904063,
      0.25717815843206354,
      0.2241699323646247
    ]
  },
  "Mean_MAE": 10.319797746999466,
  "Mean_MRE": 29.039483930026144,
  "Mean_MBRE": 0.34463125792240895,
  "Mean_MIBRE": 0.23077351396570878,
  "Median_MAE": 10.96433242417224,
  "Median_MRE": 30.21737386603822,
  "Median_MBRE": 0.37309162460548584,
  "Median_MIBRE": 0.24468081667760921,
  "Runs": [
    {},
    {},
    {},
    {},
    {},
    {},
    {},
    {},
    {},
    {},
    {},
    {},
    {},
    {},
    {},
    {},
    {},
    {},
    {},
    {},
    {},
    {},
    {},
    {},
    {},
    {},
    {},
    {},
    {},
    {}
  ]
}