{
  "Metrics": {
    "MAE": [
      11.436193886344025,
      8.836921541410293,
      10.42647790241227,
      10.577637476633438,
      10.389054162711766,
      10.903072216569994,
      11.774337729214807,
      11.450863031428428,
      9.532032427545984,
      10.886108489751514,
      11.146997135820973,
      11.142147375596661,
      11.371268328130604,
      11.426621442263889,
      11.154632978949085,
      9.348048552342771,
      10.962050372237973,
      11.38029976025486,
      11.241733654413306,
      11.379699897194097,
      11.511368506259831,
      10.868195504276715,
      11.343761183686022,
      11.54245753177987,
      11.115025797639502,
      11.3256933333716,
      10.64161172660344,
      11.44952810637333,
      10.844606369699504,
      11.802501435268896
    ],
    "MRE": [
      31.487969414774042,
      23.334989969566475,
      28.896846548105287,
      30.0805038957264,
      28.60069656866156,
      30.354665966157558,
      33.90395136320723,
      33.2202150990322,
      26.932490005705308,
      31.217844468324294,
      30.165222854646963,
      31.858391588449415,
      33.5936751031775,
      32.44763013910815,
      31.594335064657876,
      25.18391244959586,
      31.18334997865684,
      32.23255544734294,
      32.08478875091958,
      32.79664458459929,
      32.27374441021014,
      29.196687987531828,
      32.066732742861895,
      33.06017196650563,
      31.984141196056747,
      31.68899318611262,
      29.047313345383774,
      32.87051636046898,
      30.837574834086297,
      33.99351872057523
    ],
    "MBRE": [
      0.39414804010032656,
      0.2823293227846365,
      0.349612390334777,
      0.3547116357636883,
      0.3483168828690234,
      0.3710216927190908,
      0.40543704321429325,
      0.3902693128990088,
      0.31123552760696255,
      0.3675533419129852,
      0.38264152418874503,
      0.3782222622253633,
      0.38674742040906307,
      0.3911074898836857,
      0.38026169793208286,
      0.30418550297444075,
      0.37146133282231686,
      0.38828807823407924,
      0.3842233490652389,
      0.387106324023002,
      0.39594446166383074,
      0.3692591360094668,
      0.38754269997371044,
      0.3964084957123989,
      0.3770884938253652,
      0.3885127117932046,
      0.35925709621959717,
      0.3929896661640433,
      0.36807868051858894,
      0.4062801705246445
    ],
    "MIBRE": [
      0.2534415677999923,
      0.19908668481805986,
      0.2347536648561741,
      0.23735042831438322,
      0.23275360586750124,
      0.2441120320248791,
      0.26146117143886294,
      0.2552871606753717,
      0.21441733947565847,
      0.2439255649955951,
      0.24701219819048578,
      0.2492987749092224,
      0.2549531232975245,
      0.2529851461466086,
      0.2492695925639499,
      0.21115941545668776,
      0.24515809625637505,
      0.2538428402789155,
      0.25023629050931995,
      0.25386703621310924,
      0.2556349867983464,
      0.24193083950684555,
      0.25227220755250696,
      0.2560787622807251,
      0.24822287673350815,
      0.25153448237508935,
      0.23661397349812746,
      0.2550798129050698,
      0.24304204776011745,
      0.2619708471132369
    ]
  },
  "Mean_MAE": 10.973698261872846,
  "Mean_MRE": 30.939669133673597,
  "Mean_MBRE": 0.37234139281225537,
  "Mean_MIBRE": 0.2448917523537417,
  "Median_MAE": 11.150815057385028,
  "Median_MRE": 31.641664125385248,
  "Median_MBRE": 0.3814516110604139,
  "Median_MIBRE": 0.24928418373658615,
  "Runs": [
    {},
    {},
    {},
    {},
    {},
    {},
    {},
    {},
    {},
    {},
    {},
    {},
    {},
    {},
    {},
    {},
    {},
    {},
    {},
    {},
    {},
    {},
    {},
    {},
    {},
    {},
    {},
    {},
    {},
    {}
  ]
}