{
  "Metrics": {
    "MAE": [
      11.38836362221483,
      9.221904798464102,
      10.310743974236647,
      8.48009732555501,
      8.948657606832946,
      10.302487330000023,
      10.76735622970694,
      11.622124314123594,
      10.463583691825258,
      10.791292018103295,
      11.081269145139316,
      11.297063157239348,
      10.656663967829255,
      10.317603661982343,
      8.872600678798056,
      10.508977979849629,
      11.934007439997053,
      11.448192710706177,
      9.723041853111235,
      9.61562172064079,
      10.275529262807568,
      9.466082658095928,
      10.186955011672415,
      10.64305884538481,
      10.769039156454475,
      10.434967605496329,
      9.501102652078993,
      10.563654717155485,
      10.765490932928433,
      9.371233900155449
    ],
    "MRE": [
      31.391569577708804,
      24.804888450034216,
      28.86362025697534,
      22.74188918887783,
      23.919080764215973,
      28.5512559666879,
      31.14659023270791,
      34.20754758955198,
      31.01200954154787,
      30.985074042008552,
      30.625244563126085,
      32.32269941515352,
      31.489982909260778,
      29.119660686826727,
      25.301414873788136,
      29.38997759382122,
      35.38938798002035,
      32.18530557754828,
      27.48202721000201,
      26.901358390762464,
      28.14769828924602,
      25.55385210274653,
      28.964349906257382,
      30.85069209228311,
      31.277370396024263,
      29.44582192236645,
      25.47483480041084,
      30.10662416946792,
      30.684200046998072,
      26.09169943346577
    ],
    "MBRE": [
      0.3897186906633437,
      0.29737213982324234,
      0.3438566038920335,
      0.2678598256979274,
      0.2876200437540061,
      0.3442240920458266,
      0.3635951633780511,
      0.3985588518018087,
      0.35065246337574807,
      0.36141236178572334,
      0.3771164363700546,
      0.3851306514990813,
      0.3584011769606984,
      0.34406187205928074,
      0.2848615878095395,
      0.3522273436212882,
      0.40865934303194296,
      0.392377169779699,
      0.3198478950041601,
      0.31424304259816305,
      0.3435837550755999,
      0.30827258755905945,
      0.3369014597548177,
      0.35742590686441894,
      0.36110661750135586,
      0.3495523229525237,
      0.31124802949411856,
      0.35459777706343254,
      0.36328754223130644,
      0.30386077733918526
    ],
    "MIBRE": [
      0.25298220459190596,
      0.20977581330352948,
      0.23250707588163055,
      0.19182954599432966,
      0.20244657045523712,
      0.23165078027119854,
      0.242663998440914,
      0.25823066411633505,
      0.23762552909603663,
      0.24300218711364385,
      0.24642396774974176,
      0.251344357845534,
      0.24085584161487236,
      0.23229142098580732,
      0.20422673882609454,
      0.23593815422902656,
      0.263852491081997,
      0.25470876114802743,
      0.22127537842802864,
      0.2195801735169222,
      0.23025717875391807,
      0.21364458989198484,
      0.2313207414270441,
      0.24004032605320222,
      0.24351934057861963,
      0.23443180461993243,
      0.21363376510439475,
      0.23837106933872582,
      0.24175413240959331,
      0.21329188915494687
    ]
  },
  "Mean_MAE": 10.324292265619526,
  "Mean_MRE": 29.147590932329745,
  "Mean_MBRE": 0.3443877843595813,
  "Mean_MIBRE": 0.23244921640077246,
  "Median_MAE": 10.449275648660795,
  "Median_MRE": 29.417899758093835,
  "Median_MBRE": 0.3501023931641359,
  "Median_MIBRE": 0.2351849794244795,
  "Runs": [
    {},
    {},
    {},
    {},
    {},
    {},
    {},
    {},
    {},
    {},
    {},
    {},
    {},
    {},
    {},
    {},
    {},
    {},
    {},
    {},
    {},
    {},
    {},
    {},
    {},
    {},
    {},
    {},
    {},
    {}
  ]
}