{
  "Metrics": {
    "MAE": [
      9.871411914152294,
      6.255989240489237,
      8.660446775761578,
      6.405618292753247,
      6.311327791120613,
      7.869559116554251,
      7.457053801251302,
      9.507540914304206,
      9.495692909417954,
      8.863967501659285,
      6.908186948843017,
      7.788110645576814,
      7.521457516048672,
      6.588193278040058,
      6.604369375462194,
      7.52082633119541,
      7.7403817245255935,
      8.460157720570095,
      9.088401582256855,
      8.266328386279481,
      8.858749967067194,
      9.482833893116943,
      7.322071974221738,
      8.881468853349256,
      8.420916424129224,
      7.975772573891263,
      6.220856289336136,
      9.10285809121643,
      8.03201901923931,
      7.365688268800437
    ],
    "MRE": [
      26.786360229372765,
      15.857145589447882,
      23.575582232568475,
      17.111041162883527,
      15.274723640323403,
      21.124717156713437,
      20.504542799383156,
      27.18122484844648,
      28.06784833118804,
      25.383810510164395,
      17.930566275320885,
      21.479942519304608,
      20.471585763017497,
      17.88883050022926,
      17.03310281366339,
      20.078250083262255,
      21.9011799698278,
      23.335048219914746,
      25.459826219137582,
      22.903397078789105,
      24.161951202017313,
      25.856470942017605,
      20.052816779706948,
      25.04759309803332,
      24.32786706166613,
      21.74848499969113,
      15.137159080798815,
      25.512046757746017,
      22.425128028592674,
      19.714624182142256
    ],
    "MBRE": [
      0.3258470638922933,
      0.180646384604336,
      0.2771336980775362,
      0.19170957556166104,
      0.18175315057547656,
      0.2440546125732522,
      0.2329273437861142,
      0.31131080691990104,
      0.3110492799030053,
      0.283262941197469,
      0.20530909876938938,
      0.24276078646904023,
      0.22552638858753593,
      0.19673512734303625,
      0.19197059104727018,
      0.231824046532425,
      0.24182010885905217,
      0.2681120331356494,
      0.29225344377453305,
      0.26132396978956457,
      0.2845253208384252,
      0.31298473201062715,
      0.2241579804082302,
      0.2833736269385763,
      0.27036647881495796,
      0.24622776654932405,
      0.1812093948410497,
      0.2937190277230891,
      0.25246059036096136,
      0.22492031292183495
    ],
    "MIBRE": [
      0.22055403181615862,
      0.14014649040091254,
      0.19375008974920543,
      0.1470416491706237,
      0.13602013838317756,
      0.17889142192897328,
      0.17092230092867428,
      0.21451402356582513,
      0.21637107110186005,
      0.20267274390630044,
      0.15577303674740434,
      0.177343443260384,
      0.16746798079911326,
      0.15098520797635545,
      0.14671719615878742,
      0.17129128804738922,
      0.17662175303096767,
      0.19290144878465482,
      0.204290108060141,
      0.18983564516940885,
      0.19886702589287025,
      0.21170755583092157,
      0.16825426065903715,
      0.20065169067636493,
      0.19650711173156507,
      0.17725296312086417,
      0.1373865027543001,
      0.20710084282653513,
      0.18539994058888706,
      0.16800795947935085
    ]
  },
  "Mean_MAE": 7.961608570687669,
  "Mean_MRE": 21.77776226917903,
  "Mean_MBRE": 0.2490425227601872,
  "Mean_MIBRE": 0.18017489741823375,
  "Median_MAE": 7.922665845222757,
  "Median_MRE": 21.824832484759465,
  "Median_MBRE": 0.2451411895612881,
  "Median_MIBRE": 0.17811743259467866,
  "Runs": [
    {},
    {},
    {},
    {},
    {},
    {},
    {},
    {},
    {},
    {},
    {},
    {},
    {},
    {},
    {},
    {},
    {},
    {},
    {},
    {},
    {},
    {},
    {},
    {},
    {},
    {},
    {},
    {},
    {},
    {}
  ]
}