{
  "Metrics": {
    "MAE": [
      10.94472299220033,
      9.005766567991735,
      9.943072650868437,
      7.605267299454438,
      9.523490429308007,
      10.224564585081579,
      10.87942317517159,
      10.90955075939213,
      10.210158512427242,
      10.311408773064542,
      10.850146677082751,
      10.928050485874827,
      9.956094237016426,
      10.427914567630555,
      7.599478145985796,
      10.254672850983214,
      10.85772235077299,
      10.978763704768191,
      9.253434209385098,
      8.89920149083185,
      10.908276267581899,
      10.481590946398738,
      9.858720237612467,
      9.523771336895711,
      10.809452172498446,
      10.360306346275875,
      8.885361111668972,
      10.402346223288808,
      10.657820120491719,
      9.58201157177132
    ],
    "MRE": [
      25.87421519562621,
      19.67830164186306,
      23.868320329045684,
      17.232382282729105,
      21.488996031005676,
      25.81421377946252,
      28.684350172356215,
      26.478224433205337,
      24.412423472020397,
      25.167937584960942,
      26.176412056586123,
      26.74575416756665,
      24.077131547370588,
      23.961309028501468,
      17.624263741048452,
      24.604105854227416,
      27.387076204399257,
      26.508300709074405,
      21.272929645915855,
      19.879273343337722,
      25.778496860496475,
      24.009832125824367,
      22.43727961009032,
      23.299211476310184,
      27.747677326064547,
      23.2430964980447,
      21.080458186540763,
      25.15453780035622,
      26.738047206780497,
      23.50269470726372
    ],
    "MBRE": [
      0.388164951669507,
      0.2988048021037083,
      0.3390589250442008,
      0.23426817031081967,
      0.32548634475452126,
      0.3489796026023446,
      0.37334767484519954,
      0.3848454505573508,
      0.3528394345618213,
      0.3550887640721067,
      0.38063625323138905,
      0.3871623070279288,
      0.3402652943386964,
      0.3675112141453827,
      0.23139143768740422,
      0.35267681715282156,
      0.3762993201523977,
      0.38843576236258937,
      0.3085255900926705,
      0.2914212514001456,
      0.3881441838317023,
      0.3687775246858624,
      0.33971839768859063,
      0.3224865594723051,
      0.3722471113614514,
      0.366196005255765,
      0.2889963054243779,
      0.36231022719307177,
      0.36855856789429303,
      0.31850430509642114
    ],
    "MIBRE": [
      0.23696284845511245,
      0.18862562723603016,
      0.21778475349869686,
      0.1599062446795837,
      0.2034775220900056,
      0.22492193547221476,
      0.2404001913152761,
      0.23744947847582,
      0.22141565171442562,
      0.22496347495041294,
      0.23585889066108975,
      0.23716899494999008,
      0.2153438467801854,
      0.22299118933771556,
      0.15969043726819665,
      0.22188180179447617,
      0.2382862500504763,
      0.23879494916209493,
      0.1978344503819263,
      0.18600462356397449,
      0.23575319588658422,
      0.22528781091238967,
      0.21175584869677844,
      0.20832135258955478,
      0.23735131689006755,
      0.22041878397001272,
      0.19175759980464313,
      0.22577061318489267,
      0.23383997172587004,
      0.20869170340197574
    ]
  },
  "Mean_MAE": 10.034418693325856,
  "Mean_MRE": 23.9975751006025,
  "Mean_MBRE": 0.34403828520056157,
  "Mean_MIBRE": 0.21695704529668242,
  "Median_MAE": 10.283040812023877,
  "Median_MRE": 24.244777509695492,
  "Median_MBRE": 0.35396409931696404,
  "Median_MIBRE": 0.22243649556609585,
  "Runs": [
    {},
    {},
    {},
    {},
    {},
    {},
    {},
    {},
    {},
    {},
    {},
    {},
    {},
    {},
    {},
    {},
    {},
    {},
    {},
    {},
    {},
    {},
    {},
    {},
    {},
    {},
    {},
    {},
    {},
    {}
  ]
}