{
  "Metrics": {
    "MAE": [
      1712.3270900824527,
      1638.7276430368934,
      1428.9267090034998,
      2082.5219918373923,
      2016.3003871849048,
      1584.8367244442732,
      1923.0115268064121,
      1350.5685013507532,
      1784.037032101342,
      1388.2569602394844,
      1905.4855731981856,
      1619.0392070460132,
      1832.268199967383,
      1940.3911949358621,
      1798.268046849774,
      1989.3917856966907,
      1565.2010985650606,
      1406.9675412449274,
      1567.5730461926037,
      1773.0320287882844,
      1610.723963712877,
      1704.6479220060019,
      1850.1974111950174,
      2165.3668916624624,
      1978.5842296529636,
      1554.3556020447902,
      1933.4596625646502,
      1532.7028538182913,
      1728.4235023574586,
      1715.233590585897
    ],
    "MRE": [
      14.235866330296618,
      14.879213837813374,
      12.637206347229778,
      19.387384114271406,
      18.878749079978462,
      14.271449679644302,
      17.17805412396512,
      11.907167358205486,
      17.11312357459473,
      11.890737623271457,
      17.480441811481505,
      14.596886967891487,
      16.202151992988263,
      17.527699843514387,
      16.240954199632405,
      18.34218413790304,
      14.260779376022,
      13.439678358088026,
      14.003908621663182,
      15.039661542929464,
      14.853448530718607,
      15.413695769911953,
      15.822726859579584,
      20.457564748371983,
      18.137379992617557,
      13.835911818253823,
      18.31193100251408,
      13.751308165051576,
      16.523780870582648,
      15.837775924412014
    ],
    "MBRE": [
      0.18278865080041606,
      0.16924494915136892,
      0.1459198710569241,
      0.22384533494533534,
      0.2219941789611683,
      0.15981040593800805,
      0.20597827652978498,
      0.1378762907011135,
      0.18826208369273828,
      0.1384409773572812,
      0.2048148126826104,
      0.16731121182366926,
      0.19491829374329753,
      0.21002042897276385,
      0.19465250539129922,
      0.21616548282865097,
      0.16068432964914064,
      0.1470559463784114,
      0.1642169575527459,
      0.18965002755982058,
      0.16404821292819888,
      0.17976115945714305,
      0.1978518476748309,
      0.23211706403469592,
      0.2155226696975122,
      0.16256995107288258,
      0.21287142791045868,
      0.1544149065094536,
      0.1847869917806048,
      0.1811806181806705
    ],
    "MIBRE": [
      0.12326556573265049,
      0.12570651459220739,
      0.10833883908918872,
      0.1577983475345842,
      0.15439366655087836,
      0.12520877586212636,
      0.1436708217813732,
      0.10252810866372472,
      0.1409417924462335,
      0.10421485150231208,
      0.14447299186435106,
      0.12344455747325095,
      0.1363309715418013,
      0.14615292192492965,
      0.13571199917240653,
      0.15125016129449187,
      0.12095665660633524,
      0.11202802620768273,
      0.11890605068121006,
      0.12885753750594117,
      0.12548266518361076,
      0.13016905967071327,
      0.13580529076654912,
      0.16357742530783834,
      0.14878477821538386,
      0.11835366636143708,
      0.14935273807207344,
      0.1192472438674231,
      0.1353482656245832,
      0.13221624114094546
    ]
  },
  "Mean_MAE": 1736.0275972724203,
  "Mean_MRE": 15.748627420113277,
  "Mean_MBRE": 0.18362586216543333,
  "Mean_MIBRE": 0.13208388440794125,
  "Median_MAE": 1721.8285464716778,
  "Median_MRE": 15.618211314745768,
  "Median_MBRE": 0.1837878212905104,
  "Median_MIBRE": 0.13119265040582936,
  "Runs": [
    {},
    {},
    {},
    {},
    {},
    {},
    {},
    {},
    {},
    {},
    {},
    {},
    {},
    {},
    {},
    {},
    {},
    {},
    {},
    {},
    {},
    {},
    {},
    {},
    {},
    {},
    {},
    {},
    {},
    {}
  ]
}