{
  "Metrics": {
    "MAE": [
      1539.821741807059,
      1443.0968256098276,
      1613.670265641822,
      1754.7365387609748,
      1586.6197410777022,
      1924.2348211410902,
      1733.8562326175277,
      1692.6414820735786,
      1825.9474734613948,
      1899.060157222976,
      1722.0763106631453,
      1675.2933145794866,
      1413.5775406613268,
      1524.1334867550554,
      1724.4746385148744,
      1899.2610368062997,
      1898.3418685774448,
      1409.669193519426,
      1364.4095423578415,
      1396.8424461464283,
      1781.1354132129986,
      1573.1920552964846,
      1859.6944117888117,
      1892.1935507734315,
      1624.6714258119514,
      1568.988867738454,
      1685.2952644133868,
      1566.7941316215265,
      1903.3432634712333,
      1699.573490373864
    ],
    "MRE": [
      12.79285460100105,
      13.306959618904143,
      14.104916095058211,
      15.71531440375556,
      14.949934832131929,
      16.365393124918374,
      15.792619789143437,
      15.21428762946744,
      16.70316365052444,
      16.82953925189654,
      15.710490010639802,
      15.113483833024613,
      12.327889992510604,
      13.612047892694799,
      15.646709582558968,
      17.476978288918303,
      16.791192192526196,
      13.191083169374071,
      12.500049841336903,
      11.735909436379774,
      15.736065621408166,
      14.45950313258931,
      15.95629504969994,
      17.422649986947622,
      15.24240525190746,
      14.014157405303038,
      16.209290681690533,
      13.682747439747653,
      17.89263571354629,
      15.537828537554699
    ],
    "MBRE": [
      0.1582060881429301,
      0.14631908809758815,
      0.16763394320535743,
      0.18576914636500783,
      0.16921777374593244,
      0.2072857228735215,
      0.18061100523716644,
      0.1784863027889433,
      0.19500543936469322,
      0.2044967651505135,
      0.1813629039329178,
      0.17627971107793214,
      0.14354985647889623,
      0.15872068356019195,
      0.18213178573575553,
      0.20521712810771445,
      0.20243755672892735,
      0.148629222044078,
      0.1387637312561618,
      0.14245544267461824,
      0.1889563616696768,
      0.16249139019820374,
      0.20150173101378463,
      0.2036084293227812,
      0.16774398890671408,
      0.1664278418690305,
      0.17746724948745216,
      0.1615886349672425,
      0.2065135444347707,
      0.17670347943067383
    ],
    "MIBRE": [
      0.11248427322822896,
      0.11402731892305334,
      0.12144844561243837,
      0.13276117841102786,
      0.12438132587062747,
      0.13956697677580662,
      0.1335418317457388,
      0.12761966465629332,
      0.1398711004090809,
      0.14093524634648427,
      0.13194187163869625,
      0.12740128489334643,
      0.10677763787438165,
      0.11590266743743671,
      0.13180082909983426,
      0.14426737430676181,
      0.1419818761303703,
      0.11107393705501128,
      0.10680200375840512,
      0.10230569409447086,
      0.1330799458987538,
      0.12288695097902082,
      0.1356804149780082,
      0.14415554084001117,
      0.1276953398846753,
      0.11838824674732532,
      0.13453457060740276,
      0.11821392071414363,
      0.1460329268358741,
      0.13091839872605357
    ]
  },
  "Mean_MAE": 1673.2215510832473,
  "Mean_MRE": 15.067813201905325,
  "Mean_MBRE": 0.17618606492897254,
  "Mean_MIBRE": 0.12728262648262542,
  "Median_MAE": 1688.9683732434828,
  "Median_MRE": 15.39011689473108,
  "Median_MBRE": 0.17708536445906298,
  "Median_MIBRE": 0.12930686930536445,
  "Runs": [
    {},
    {},
    {},
    {},
    {},
    {},
    {},
    {},
    {},
    {},
    {},
    {},
    {},
    {},
    {},
    {},
    {},
    {},
    {},
    {},
    {},
    {},
    {},
    {},
    {},
    {},
    {},
    {},
    {},
    {}
  ]
}