{
  "Metrics": {
    "MAE": [
      1870.1944133057357,
      1718.1936221119388,
      1276.427213084228,
      1989.610565446661,
      1972.5812690514388,
      1204.5001605536347,
      1954.3359550146529,
      1503.4587181051938,
      1442.7703731955958,
      1450.6315729642997,
      1741.4008242018162,
      1688.648532590176,
      1916.2362558736193,
      2042.9561641952982,
      1858.0651828849725,
      1976.1079945851754,
      1500.7159341531467,
      1362.5260986125643,
      1269.1713577589933,
      1876.8843158239617,
      1433.9672809555102,
      1663.4574708432851,
      1853.8957017396883,
      2046.4342315541974,
      1872.4353431945397,
      1656.0804684698287,
      1418.047250352225,
      1358.0123209650158,
      1969.6392224358572,
      1543.0812462813917
    ],
    "MRE": [
      15.635522247312373,
      15.02278702998405,
      10.536433412128417,
      18.365680789358333,
      18.201317527783125,
      10.068862168302436,
      17.032830131721386,
      13.200260858331697,
      13.996269451020071,
      12.355345959098521,
      15.672806561142764,
      14.89795706462171,
      16.865066525706666,
      18.45752722982105,
      16.738145520676394,
      18.131204161603613,
      13.597044835101945,
      12.957132977892455,
      11.86939620994266,
      15.922857375935173,
      13.784975151624964,
      14.48830393823284,
      15.51662699757351,
      18.908834637581766,
      16.965479172970788,
      14.456038326934669,
      12.939937185232875,
      12.26189648749126,
      18.48954303433224,
      13.88399680631031
    ],
    "MBRE": [
      0.19697197531491564,
      0.17834256398257983,
      0.12369147617561342,
      0.21356594595726344,
      0.21503792341649405,
      0.11462268863928131,
      0.2057906272765818,
      0.15120670532167793,
      0.15254793084105184,
      0.14385731827297846,
      0.18391335928069324,
      0.17444502250395977,
      0.20323387870194182,
      0.21804696161175333,
      0.20129345796022965,
      0.21467899468487425,
      0.15054793999169577,
      0.13896379930788447,
      0.12721945813700108,
      0.20083251968406604,
      0.1497838063516672,
      0.17021776554458895,
      0.1943955246009064,
      0.21668892057297556,
      0.1972652421731889,
      0.17151589965453723,
      0.14480896036181745,
      0.13373977210162818,
      0.2097301522114425,
      0.15641375416166967
    ],
    "MIBRE": [
      0.1378814494274762,
      0.12996197483873903,
      0.09614326041522131,
      0.1513371994475516,
      0.15131041730644132,
      0.09216903704542255,
      0.14539252954714296,
      0.11565605081346064,
      0.12322969970909209,
      0.10990863509508911,
      0.13265670260916443,
      0.12920804112720474,
      0.14356808685058753,
      0.15380616432142355,
      0.1400598571349661,
      0.15017498722356254,
      0.11790175524413234,
      0.1099801285416441,
      0.10452816408132115,
      0.13810365862177354,
      0.1202008896631763,
      0.1264502856455482,
      0.1357732423151161,
      0.15409497647993256,
      0.14273979458789854,
      0.12541720926045832,
      0.11264717582127225,
      0.10628240619168303,
      0.15276416789374597,
      0.1214219985635399
    ]
  },
  "Mean_MAE": 1681.0155686768217,
  "Mean_MRE": 15.040669325859001,
  "Mean_MBRE": 0.17511234482656526,
  "Mean_MIBRE": 0.12902566486079295,
  "Median_MAE": 1703.4210773510574,
  "Median_MRE": 14.96037204730288,
  "Median_MBRE": 0.17639379324326981,
  "Median_MIBRE": 0.1295850079829719,
  "Runs": [
    {},
    {},
    {},
    {},
    {},
    {},
    {},
    {},
    {},
    {},
    {},
    {},
    {},
    {},
    {},
    {},
    {},
    {},
    {},
    {},
    {},
    {},
    {},
    {},
    {},
    {},
    {},
    {},
    {},
    {}
  ]
}