{
  "Metrics": {
    "MAE": [
      1707.9422113021294,
      1786.7308433208518,
      1712.8423020983391,
      2005.9482021042807,
      1858.685716882738,
      1932.04758534234,
      1928.5923490977073,
      1453.5687090904544,
      1787.3865546812408,
      1577.0182987279313,
      1787.595109951739,
      1773.0702811683325,
      1828.3983290196163,
      1857.3476087605661,
      1708.3573424265928,
      1770.0868253954345,
      1584.592421204453,
      1842.960235882293,
      1827.763251027783,
      1701.446892472953,
      1673.1070878752564,
      1645.7217405930937,
      1656.123166636149,
      1939.7817042857937,
      1747.3271952898954,
      1743.6580988760957,
      1867.5623964150461,
      1637.977632776023,
      1771.4872349854802,
      1947.6343419536943
    ],
    "MRE": [
      14.048794055033357,
      15.565813947429294,
      14.706141143250544,
      18.71491810509052,
      17.125854331008025,
      16.695534948445694,
      17.0724330865684,
      12.930036915068877,
      16.532581839606483,
      13.422593967321236,
      16.054702839239074,
      15.74848127521581,
      16.03418210634292,
      16.67891005113305,
      15.258313775733251,
      16.012253158259874,
      14.29059478058711,
      17.043055931887142,
      16.469385275304305,
      14.045822931714646,
      14.76325083452464,
      14.850891957433829,
      13.71105958608375,
      18.02854324502647,
      15.769962063919465,
      15.6306879550144,
      17.46579194598992,
      13.978228615343626,
      16.476618721706764,
      17.730929692355257
    ],
    "MBRE": [
      0.18302121148853012,
      0.1900314695920959,
      0.18172428885761632,
      0.2175229835164647,
      0.20263895623947167,
      0.20498326571501949,
      0.20671579577629562,
      0.14833574038923875,
      0.18940227744961746,
      0.1642751574139589,
      0.19260220432778985,
      0.19059240842592295,
      0.19601535274020582,
      0.19893320120830874,
      0.18266225911130457,
      0.19032785505872138,
      0.16293212599857934,
      0.2012979263253007,
      0.19723623295177836,
      0.1819969739316066,
      0.1731384126736671,
      0.17050586048677888,
      0.17536056049800988,
      0.20712067116244123,
      0.18813727590822313,
      0.18529143921127753,
      0.20429559576039308,
      0.17053924876345766,
      0.18981973189911025,
      0.21043374167191173
    ],
    "MIBRE": [
      0.12321141961093666,
      0.13356903644626375,
      0.12724001875896604,
      0.15270624821820541,
      0.1425795258003467,
      0.1419472759408911,
      0.14424442908096527,
      0.11116559473151859,
      0.13939102600276104,
      0.11678942185989796,
      0.13497221533862955,
      0.13376336658489502,
      0.13575226071990693,
      0.14050695018884676,
      0.12949871512274685,
      0.1344247459326359,
      0.12221147455562055,
      0.1405912835409813,
      0.13760858534512285,
      0.12250961515012798,
      0.12731980078321278,
      0.1290607738884157,
      0.11975840295709753,
      0.14882113413583598,
      0.13147989395341167,
      0.13280578974157872,
      0.1445060173626991,
      0.12195578198103754,
      0.13698637657946644,
      0.14676202308663627
    ]
  },
  "Mean_MAE": 1768.7587223214766,
  "Mean_MRE": 15.761878969387926,
  "Mean_MBRE": 0.18859634081843657,
  "Mean_MIBRE": 0.1334713067799886,
  "Median_MAE": 1772.2787580769063,
  "Median_MRE": 15.89110761108967,
  "Median_MBRE": 0.18992560074560308,
  "Median_MIBRE": 0.13409405625876547,
  "Runs": [
    {},
    {},
    {},
    {},
    {},
    {},
    {},
    {},
    {},
    {},
    {},
    {},
    {},
    {},
    {},
    {},
    {},
    {},
    {},
    {},
    {},
    {},
    {},
    {},
    {},
    {},
    {},
    {},
    {},
    {}
  ]
}