{
  "Metrics": {
    "MAE": [
      1457.6158446882719,
      1515.361127351176,
      1756.6974579154576,
      1673.0604989307826,
      1687.565542705047,
      1670.599090595333,
      1750.6116121557077,
      1684.4197543153184,
      1729.9673109929056,
      1560.2535310770309,
      1649.3726739538204,
      1495.480308237936,
      1518.328355020157,
      1425.7562070985362,
      1681.426836719474,
      1814.501394959659,
      1763.3604355370423,
      1485.4982707809343,
      1336.6646803332387,
      1508.2832712313373,
      1667.1286203604418,
      1741.2403472663882,
      1859.2379334068842,
      1491.6889646008224,
      1685.3248736466132,
      1484.9711282490161,
      1510.327652144217,
      1580.9604249294825,
      1660.561405578438,
      1426.9832837170175
    ],
    "MRE": [
      12.138847848977466,
      13.672554411816131,
      15.434722053979865,
      15.149634227764059,
      15.747328564618076,
      14.168662851459937,
      15.856185977585657,
      14.888061811139513,
      16.01097438865193,
      13.599396452555412,
      14.989923084040763,
      13.331274208859877,
      13.352407862714315,
      12.831790933811464,
      15.291404549342754,
      16.753417701361048,
      15.576422084724593,
      14.076763412023672,
      11.97822851360367,
      12.811083918071391,
      14.7217324667308,
      15.833788239475194,
      15.938220077438581,
      13.796969836372213,
      15.39808894719848,
      13.348831794642374,
      14.478100420650547,
      13.542813238507973,
      15.6150158628207,
      12.940614533632028
    ],
    "MBRE": [
      0.14949801293140305,
      0.15582675641940505,
      0.18576561874794986,
      0.17812069877396014,
      0.1810468365928751,
      0.1717431730011849,
      0.18386884384798655,
      0.17842996772077807,
      0.1849222294885445,
      0.1622127642486655,
      0.17402563707300828,
      0.15629415559827517,
      0.15624264693976872,
      0.14577539650019103,
      0.17771920504372,
      0.19599053471490852,
      0.18737690331078452,
      0.15572224293160553,
      0.1361352128641322,
      0.1562612570796606,
      0.17554246846021382,
      0.18339784392843753,
      0.2006001776194783,
      0.15568162640296873,
      0.17699472692498078,
      0.1561341094849324,
      0.15822098178495514,
      0.16374681110751416,
      0.17790197353046225,
      0.14570044012031344
    ],
    "MIBRE": [
      0.10647689278540391,
      0.11646065787925129,
      0.13164145157089568,
      0.12734900678231803,
      0.13105738041384035,
      0.12253487234218656,
      0.13331203296778704,
      0.12598534530934066,
      0.13310710106030538,
      0.11646843132941918,
      0.1264323697674873,
      0.11361834297772985,
      0.11478006070931508,
      0.10967195471779786,
      0.1286943926195311,
      0.13813747950552574,
      0.1320244351522376,
      0.11803033209093441,
      0.1029701440223785,
      0.11036464568696916,
      0.1248790877944396,
      0.13308568471708282,
      0.13592213285642707,
      0.11564141504089143,
      0.12895542138853414,
      0.1128688114427949,
      0.12108698701988345,
      0.11747909554443199,
      0.12867008305279876,
      0.11055803077243802
    ]
  },
  "Mean_MAE": 1609.1082946166161,
  "Mean_MRE": 14.442442009152348,
  "Mean_MBRE": 0.1688966417731021,
  "Mean_MIBRE": 0.12227546931067922,
  "Median_MAE": 1654.9670397661293,
  "Median_MRE": 14.599916443690674,
  "Median_MBRE": 0.1728844050370966,
  "Median_MIBRE": 0.12370698006831307,
  "Runs": [
    {},
    {},
    {},
    {},
    {},
    {},
    {},
    {},
    {},
    {},
    {},
    {},
    {},
    {},
    {},
    {},
    {},
    {},
    {},
    {},
    {},
    {},
    {},
    {},
    {},
    {},
    {},
    {},
    {},
    {}
  ]
}