{
  "Metrics": {
    "MAE": [
      771.6509869078214,
      735.1151423973081,
      679.5607895981639,
      732.5309352987165,
      622.244573231588,
      758.9194024596412,
      766.6287471530485,
      734.4640539504795,
      676.6562093826188,
      759.0338544362223,
      730.7570030447663,
      661.0797051962534,
      653.6249600643076,
      777.229395684049,
      634.6875117540459,
      625.8770456029185,
      663.5973696229023,
      671.1059131291341,
      746.5014588089932,
      813.8186820735428,
      661.305845666581,
      645.7781419723642,
      721.1103361126133,
      624.0477617939857,
      663.7278944623445,
      662.6435043688825,
      653.9172719056029,
      783.5177512129629,
      673.5347453726395,
      725.0751415958753
    ],
    "MRE": [
      6.714593455977466,
      6.697839786966855,
      6.134695804705919,
      6.632313954676378,
      6.018387579203142,
      6.332958398255381,
      6.838544266151652,
      6.815633704969526,
      6.379281208815092,
      6.524113367602653,
      6.7621883719573495,
      6.152829903383279,
      6.040094522070597,
      6.865418866651677,
      5.996331731897474,
      5.939832506583555,
      6.0695729890501005,
      6.434981346262571,
      6.6065533682071615,
      6.843522056957975,
      6.256300855421413,
      6.093307697621047,
      6.1737675246190555,
      6.040230795742458,
      6.268991678924153,
      6.273009275705019,
      6.402043160990043,
      6.751874608821373,
      6.294855655339545,
      6.619339226053465
    ],
    "MBRE": [
      0.07260268060492062,
      0.07110492896804921,
      0.06682027739232481,
      0.07080884715035367,
      0.06411437326988408,
      0.06943185929327331,
      0.07304166500720487,
      0.07195510006376975,
      0.06749179270454397,
      0.07112905357038686,
      0.07097209439312954,
      0.06537806103891819,
      0.0643767102664776,
      0.07353788126242512,
      0.06454817005415783,
      0.06295361435335149,
      0.065421005168796,
      0.06769444750977756,
      0.07037899575157325,
      0.07528323400000819,
      0.06629085368016573,
      0.06396302386346343,
      0.06777317997059758,
      0.06523505263031973,
      0.06652858835570825,
      0.06624452507796597,
      0.06722757343772215,
      0.0735913551695432,
      0.06771606228694736,
      0.07072625708215421
    ],
    "MIBRE": [
      0.058771552375664775,
      0.06048220654200663,
      0.05748097545836489,
      0.05979701430751947,
      0.05542598743302209,
      0.0581048072030466,
      0.059781192930853745,
      0.06029695026928719,
      0.05761447063326148,
      0.05974487970210212,
      0.05785353425920818,
      0.056101926890986906,
      0.0553068579949607,
      0.060106378286153526,
      0.05430185082720177,
      0.05450296789987853,
      0.05609137017049806,
      0.05735378134983701,
      0.056828274966188454,
      0.06251716453220633,
      0.05721147889391653,
      0.055105965442161994,
      0.05737650176136814,
      0.055845213410547496,
      0.056319579599181505,
      0.05601818273726495,
      0.056383517043471214,
      0.06135879657559692,
      0.05730212185666976,
      0.059155487084727204
    ]
  },
  "Mean_MAE": 700.9914044753458,
  "Mean_MRE": 6.399113588986112,
  "Mean_MBRE": 0.06847804211259713,
  "Mean_MIBRE": 0.05768469961457181,
  "Median_MAE": 678.1084994903913,
  "Median_MRE": 6.356119803535236,
  "Median_MBRE": 0.06770525489836246,
  "Median_MIBRE": 0.05736514155560257,
  "Runs": [
    {},
    {},
    {},
    {},
    {},
    {},
    {},
    {},
    {},
    {},
    {},
    {},
    {},
    {},
    {},
    {},
    {},
    {},
    {},
    {},
    {},
    {},
    {},
    {},
    {},
    {},
    {},
    {},
    {},
    {}
  ]
}