{
  "Metrics": {
    "MAE": [
      1597.6223490634475,
      1600.422311478224,
      1646.4542274366545,
      1993.7457671072875,
      1531.7561629638874,
      1721.8483542697447,
      1720.469682983222,
      1473.7783690353656,
      1732.3440955082358,
      1496.818857813242,
      1683.0215243011216,
      1710.8074066653783,
      1844.5590185194183,
      1818.6343034073905,
      1706.234152898309,
      1621.910241477571,
      1572.0176831381639,
      1630.9795828564677,
      1678.8471099722128,
      1709.6325501552662,
      1472.9547687199092,
      1579.2292633098775,
      1620.5423795753838,
      1569.7228319277224,
      1739.7683121963532,
      1519.9843754559604,
      1653.793953395567,
      1432.8754799298401,
      1780.966970315611,
      1704.0961775824933
    ],
    "MRE": [
      13.415958339234027,
      14.24717174136441,
      14.467402936801832,
      18.65355607444447,
      14.640931293202957,
      15.152415415283027,
      15.300611586802546,
      13.229624780547908,
      16.480747464031893,
      13.030108301925164,
      15.234286687898472,
      15.343167470696608,
      16.32568223797355,
      16.55081236283321,
      15.87968851297076,
      14.97400077134407,
      14.324736899498516,
      15.144040522810462,
      15.252168467746085,
      14.31275699244588,
      13.592961733090439,
      14.367480265190713,
      13.826738944657336,
      14.838045743418036,
      15.747437930989655,
      13.813584411421512,
      15.70355278000105,
      12.682408917653913,
      16.781574007358614,
      15.404919253779198
    ],
    "MBRE": [
      0.16514041252270203,
      0.1665993518842517,
      0.17290707738369815,
      0.2149664431647455,
      0.16106707117332236,
      0.1748294004875354,
      0.1798814425911667,
      0.1542371030797054,
      0.18294981537443006,
      0.15291649960472536,
      0.17926387134797628,
      0.1812054901388843,
      0.19712027424764464,
      0.193116040995518,
      0.17988657435172345,
      0.1700123015024785,
      0.16176438623626427,
      0.17197882452839294,
      0.17798584609254503,
      0.18237783653415607,
      0.15118474359596457,
      0.16373185928319703,
      0.16761716284007516,
      0.16296083011571305,
      0.1844539052096081,
      0.15737629168387707,
      0.17832294479765745,
      0.14452200749910069,
      0.19148188366552882,
      0.18126432499693654
    ],
    "MIBRE": [
      0.11691891443744766,
      0.12085418864689566,
      0.12333442691660039,
      0.1513247576008741,
      0.12262841596388906,
      0.13056707748894156,
      0.1297814631295863,
      0.11133891241318669,
      0.13578102024484723,
      0.11280920259626512,
      0.12755072191473119,
      0.12907418786731692,
      0.1375379188441462,
      0.13840021870983096,
      0.13133866419017573,
      0.125548759879287,
      0.12161595345763251,
      0.12707018399424513,
      0.127486487420065,
      0.12352881959567925,
      0.11447363343773725,
      0.12314298504893263,
      0.1194078766042773,
      0.12344067350724479,
      0.13219262728527675,
      0.11719707362227982,
      0.12993423956155123,
      0.10967448376944929,
      0.13757402787632173,
      0.1287766577434356
    ]
  },
  "Mean_MAE": 1652.1946087819776,
  "Mean_MRE": 14.957285761580545,
  "Mean_MBRE": 0.17343740056431747,
  "Mean_MIBRE": 0.12601015245893835,
  "Median_MAE": 1650.124090416111,
  "Median_MRE": 15.059020647077265,
  "Median_MBRE": 0.17386823893561676,
  "Median_MIBRE": 0.12630947193676606,
  "Runs": [
    {},
    {},
    {},
    {},
    {},
    {},
    {},
    {},
    {},
    {},
    {},
    {},
    {},
    {},
    {},
    {},
    {},
    {},
    {},
    {},
    {},
    {},
    {},
    {},
    {},
    {},
    {},
    {},
    {},
    {}
  ]
}