{
  "Metrics": {
    "MAE": [
      1462.10850195361,
      1644.9539106402137,
      1685.1019664887788,
      1471.6401212889957,
      1601.4178222002456,
      1656.8497513789107,
      1703.5122993680334,
      1510.3075474102347,
      1512.6104829265341,
      1783.4118988857617,
      1676.9212908575041,
      1761.2193714586779,
      1642.4205976155977,
      1543.6935418317387,
      1656.360095740282,
      1860.451349456913,
      1750.7812274762305,
      1543.8220432871633,
      1504.4912073318324,
      1615.0289362823728,
      1593.3691021976483,
      1722.848207419784,
      1773.145596004245,
      1636.8136202261671,
      1699.9885066683778,
      1459.2685662106323,
      1534.4366042721035,
      1574.068758567665,
      1726.8376972544786,
      1721.1309743390075
    ],
    "MRE": [
      11.454321594869986,
      14.036873541501246,
      14.046828228078168,
      12.369289646821043,
      14.184126000303534,
      13.235610620042646,
      14.517732459362815,
      12.460047880014367,
      12.864718671616068,
      15.343555981450836,
      14.407641833393509,
      15.14958825328836,
      14.036772623896521,
      12.822111794301676,
      14.194994792305568,
      16.456502987288587,
      14.946079083168575,
      13.7124697914015,
      12.77612502693917,
      13.42063725417701,
      13.303775920903075,
      14.63777434650339,
      14.622997922109535,
      14.202502460190308,
      14.635968610380592,
      12.186657417249595,
      13.305346649433595,
      12.689893467322335,
      15.42171469117262,
      14.717788815348829
    ],
    "MBRE": [
      0.15155978721455562,
      0.17278934630136208,
      0.17828074982874867,
      0.1591358293396165,
      0.16906176676398574,
      0.17621827249654048,
      0.17877883342731668,
      0.16268842961829244,
      0.16361778992857748,
      0.1909806325319379,
      0.1796723300958017,
      0.1914758861434523,
      0.1710484068563283,
      0.16499273164242265,
      0.17861075272819638,
      0.20394065422607496,
      0.18833813356009863,
      0.16247640803536637,
      0.15993980751934497,
      0.16701629775504068,
      0.17099571569838598,
      0.18548235396944646,
      0.1893421885742067,
      0.17675417508699715,
      0.18273108231513857,
      0.1543984132090541,
      0.1659386848858603,
      0.16749362220540998,
      0.1873842310672182,
      0.18465181647803486
    ],
    "MIBRE": [
      0.1035526242645947,
      0.12248083374701321,
      0.12442495299900459,
      0.10755947861983405,
      0.12338172499536745,
      0.11655608716742745,
      0.12693854281550196,
      0.10841789357759471,
      0.11214056893195773,
      0.13194230226999176,
      0.12578261923841125,
      0.13109479285223305,
      0.12274330960844035,
      0.11269056165597405,
      0.1237008558560575,
      0.1401595496196806,
      0.12966817286945612,
      0.11914999267709304,
      0.11054422842673367,
      0.11850231869849298,
      0.11626719061396075,
      0.12838071316786534,
      0.12902752425371858,
      0.12235266184941426,
      0.1267340207503916,
      0.10703642152038234,
      0.11673291624799863,
      0.11338230943709991,
      0.13184815692695656,
      0.1281848690452319
    ]
  },
  "Mean_MAE": 1634.3003865679914,
  "Mean_MRE": 13.872014945494502,
  "Mean_MBRE": 0.17452650431676048,
  "Mean_MIBRE": 0.12104593982346268,
  "Median_MAE": 1643.6872541279058,
  "Median_MRE": 14.041850884789707,
  "Median_MBRE": 0.17450380939895127,
  "Median_MIBRE": 0.12261207167772678,
  "Runs": [
    {},
    {},
    {},
    {},
    {},
    {},
    {},
    {},
    {},
    {},
    {},
    {},
    {},
    {},
    {},
    {},
    {},
    {},
    {},
    {},
    {},
    {},
    {},
    {},
    {},
    {},
    {},
    {},
    {},
    {}
  ]
}