{
  "Metrics": {
    "MAE": [
      1725.0636091540273,
      1682.452925198991,
      1842.122118746033,
      1783.1016190589614,
      1816.60768622783,
      1864.043588924551,
      1837.243479263827,
      1649.685334230847,
      1830.9292778713586,
      1708.5657643736363,
      1772.1983616467417,
      1775.563014166729,
      1788.8809217961802,
      1905.9598815271008,
      1815.379674390764,
      1795.0801090167943,
      1837.8672129547035,
      1727.4701409090126,
      1897.5315143687324,
      1767.1464921418672,
      1698.8487667982815,
      1695.4035813863118,
      1736.8159744767177,
      1733.048566758213,
      1807.3299943703844,
      1838.408306636122,
      1734.8410533380327,
      1747.7149837490258,
      1749.191306493937,
      1905.5951696098887
    ],
    "MRE": [
      14.060896798673328,
      14.056862494340558,
      15.69669700989776,
      15.643796658303271,
      16.254406927252212,
      15.507607540805479,
      15.648652175092149,
      14.322411972661076,
      16.111337989862346,
      14.54761247688208,
      15.356141472354127,
      15.29068958713768,
      15.203942199628798,
      16.708513133607514,
      15.724334096133807,
      15.806997252329916,
      15.861004714024086,
      15.334486949475638,
      16.716977583241988,
      14.679300509342887,
      14.636166601265574,
      14.45992447232792,
      14.340332716141063,
      15.365316408821547,
      15.834612563058654,
      15.869144044445472,
      15.548926648133035,
      14.743178440728553,
      15.592770324252502,
      16.686077768555037
    ],
    "MBRE": [
      0.18496963343058312,
      0.18205640324732564,
      0.19997314376014827,
      0.19458871498125055,
      0.19750192130761984,
      0.19926271472755536,
      0.19908730463256127,
      0.173860984196097,
      0.19956886848002695,
      0.17985918805582435,
      0.19328821336513066,
      0.19328231881232819,
      0.1938039043942921,
      0.2074220883117862,
      0.1974276656815266,
      0.19469188313358837,
      0.19775489619330938,
      0.1878870698747413,
      0.20801365571660146,
      0.19072666154878395,
      0.1796090081800243,
      0.17960014234622834,
      0.18593784807421201,
      0.18657658283091594,
      0.19592391037645424,
      0.2005557381443829,
      0.1896952979747999,
      0.18677505028599403,
      0.19191894361885872,
      0.20834827522963517
    ],
    "MIBRE": [
      0.12441471290487831,
      0.12267846050312836,
      0.1361548063131337,
      0.13447742640404808,
      0.13946756230192817,
      0.1350204794103754,
      0.1359226262627019,
      0.12374857281850865,
      0.13982192701732388,
      0.12693819799599587,
      0.13244465037014921,
      0.13221912937001784,
      0.13164838181117947,
      0.1431866259235875,
      0.13685302718703,
      0.13582750242675296,
      0.13721404521968852,
      0.1317950245333144,
      0.14223741660649009,
      0.12803362066002166,
      0.12762079450202476,
      0.12782416188025558,
      0.12581868456732273,
      0.1313543939345439,
      0.13542011171101526,
      0.13786838461656195,
      0.133546493350281,
      0.12908992227890467,
      0.13288031703984232,
      0.1423767534520539
    ]
  },
  "Mean_MAE": 1782.3363476528534,
  "Mean_MRE": 15.386970650959205,
  "Mean_MBRE": 0.19266560103041955,
  "Mean_MIBRE": 0.13313014044576868,
  "Median_MAE": 1779.3323166128453,
  "Median_MRE": 15.528267094469257,
  "Median_MBRE": 0.19354605887971138,
  "Median_MIBRE": 0.13321340519506164,
  "Runs": [
    {},
    {},
    {},
    {},
    {},
    {},
    {},
    {},
    {},
    {},
    {},
    {},
    {},
    {},
    {},
    {},
    {},
    {},
    {},
    {},
    {},
    {},
    {},
    {},
    {},
    {},
    {},
    {},
    {},
    {}
  ]
}