{
  "Metrics": {
    "MAE": [
      1635.761736225843,
      1625.8974330597778,
      1624.7477902880028,
      1636.2312734624152,
      1622.9132906341713,
      1660.4024168882927,
      1699.8076728501728,
      1606.0720640530303,
      1657.5479771398857,
      1615.9504885595372,
      1616.061010954828,
      1633.0900541178323,
      1722.85752549411,
      1765.455942286811,
      1725.34947574588,
      1694.3802480959596,
      1674.3534278864397,
      1587.0386041685408,
      1619.2862267147907,
      1687.2899983842847,
      1656.1186963301452,
      1583.5480350365624,
      1653.8034452136003,
      1516.7639207702318,
      1626.856965033067,
      1663.1815066742645,
      1481.7167784370465,
      1565.3640455785396,
      1616.6784469009724,
      1679.129141641865
    ],
    "MRE": [
      13.232252625859777,
      13.521152777183534,
      13.365224806952414,
      14.174910664843972,
      14.219564416263953,
      13.431259050801042,
      14.249618328996577,
      13.653770230191462,
      14.464419596411728,
      13.430174401723468,
      13.739740688521012,
      13.949913973694825,
      14.51909278323226,
      15.246826721722991,
      14.872190526143392,
      14.786480485909445,
      14.260872323056361,
      13.981030390271009,
      13.946993953001948,
      13.742798430191202,
      14.14963530012363,
      13.245947898036562,
      13.475231398305276,
      13.118245238758384,
      13.956775336697424,
      14.12909204285005,
      12.97047500317276,
      12.860673320228619,
      14.253116380163512,
      14.33543218777954
    ],
    "MBRE": [
      0.17275428591942527,
      0.17351275807040914,
      0.17268615972755735,
      0.17589767616403443,
      0.17428344961213035,
      0.17153185830945136,
      0.18281206677225173,
      0.16839525041863362,
      0.17559548320807236,
      0.16973730295952777,
      0.17242685135594765,
      0.17369210737077642,
      0.18459151639117988,
      0.1887222113126918,
      0.1862374631002371,
      0.18235815617192513,
      0.17592197530281017,
      0.16935133854132295,
      0.17055918796443598,
      0.17890177036242907,
      0.1738961070241561,
      0.1663832963654024,
      0.17499898942075495,
      0.16020574964170423,
      0.1718218776458268,
      0.1782411092440953,
      0.15713343914356945,
      0.1627407791619699,
      0.1735876981034627,
      0.18004307526392138
    ],
    "MIBRE": [
      0.11793091836860191,
      0.11864477195872776,
      0.118578150256318,
      0.12298273482278352,
      0.12349898782378795,
      0.11993316764900604,
      0.12445655701242453,
      0.11967113144605163,
      0.12733644570088423,
      0.11858890719810553,
      0.1205981387402229,
      0.12200619074167919,
      0.12692771098481198,
      0.132697217637967,
      0.12962094728535886,
      0.12769630409311156,
      0.12500820347075065,
      0.12136438750837145,
      0.12174436585576921,
      0.12220366805303151,
      0.12425121616334031,
      0.11807341646811505,
      0.1192860126671981,
      0.11386783136922052,
      0.12199246670758974,
      0.12401112877137321,
      0.11412225129848655,
      0.1149849218057042,
      0.12334603409360384,
      0.12448776243414544
    ]
  },
  "Mean_MAE": 1638.4551879542303,
  "Mean_MRE": 13.909430376036273,
  "Mean_MBRE": 0.17396736633500376,
  "Mean_MIBRE": 0.12199706494621806,
  "Median_MAE": 1634.4258951718375,
  "Median_MRE": 13.953344655196124,
  "Median_MBRE": 0.17363990273711954,
  "Median_MIBRE": 0.12199932872463447,
  "Runs": [
    {},
    {},
    {},
    {},
    {},
    {},
    {},
    {},
    {},
    {},
    {},
    {},
    {},
    {},
    {},
    {},
    {},
    {},
    {},
    {},
    {},
    {},
    {},
    {},
    {},
    {},
    {},
    {},
    {},
    {}
  ]
}