{
  "Metrics": {
    "MAE": [
      77.37450316413737,
      100.41007358905387,
      60.64411996674075,
      58.15635177377922,
      34.38830433795696,
      61.87950244125449,
      44.47162802724076,
      102.47943568414344,
      32.98692226873167,
      86.73690122646242,
      83.40002658441598,
      101.01896884442951,
      65.19751896385266,
      76.81870246544885,
      32.86793800981673,
      32.86552698870004,
      59.850817497921824,
      58.75925176643287,
      57.756096296743856,
      78.11168246542897,
      116.06265498162992,
      57.215193200581005,
      50.22974622638305,
      52.88056705678906,
      109.45619983847034,
      82.26379633953607,
      47.97710553327662,
      44.93343503197168,
      40.20089366519418,
      61.75487544316076
    ],
    "MRE": [
      17.151393484225995,
      25.619466417149084,
      13.940687872327326,
      12.832130013896084,
      6.823825701270285,
      16.123623643112236,
      9.068071759979855,
      25.54550367750367,
      6.611248361957866,
      21.746956796428695,
      21.171425003010246,
      22.366281278931353,
      15.209797689529166,
      18.092633915324907,
      7.206763337249917,
      6.563911480112071,
      15.352945502526818,
      14.029755849165356,
      15.433084298726268,
      19.78625405825081,
      31.475161439206893,
      14.020121658889423,
      11.086436609817572,
      12.140249466645928,
      25.722281645870442,
      23.017008614040556,
      9.259842783341716,
      10.02688035752403,
      9.326130145743994,
      12.19763951373606
    ],
    "MBRE": [
      0.1915669057496852,
      0.28169943794688795,
      0.1505524212495372,
      0.13824672183640424,
      0.07144649735491801,
      0.1730132559017123,
      0.09496225874102132,
      0.28289040362794177,
      0.07060095429702169,
      0.23287899511710755,
      0.22512208052046698,
      0.2701299214436513,
      0.16018877103444729,
      0.20263819047257048,
      0.07438980715988272,
      0.0690448198836282,
      0.16101973688381613,
      0.14951175887795823,
      0.1618220278505936,
      0.2078759544513876,
      0.33785055356644933,
      0.14773229483990907,
      0.11948696605480505,
      0.12810799867567932,
      0.2976746711257657,
      0.2390039774008931,
      0.09973416438190702,
      0.10729682955782031,
      0.09883698579253933,
      0.13467713988229638
    ],
    "MIBRE": [
      0.14814398716613122,
      0.19272714172548858,
      0.1220118228451983,
      0.11461741445204764,
      0.06368354016954202,
      0.1360740981287763,
      0.0822954159787727,
      0.19473363656403336,
      0.06371418838301003,
      0.1703757571986672,
      0.16900573704381805,
      0.18649326798357635,
      0.13022348031206718,
      0.14962892261516444,
      0.06677964266860743,
      0.06217728858228412,
      0.1238114506178701,
      0.12054141121848247,
      0.12668345400473668,
      0.15590557612159844,
      0.21725161375951915,
      0.1184540135641952,
      0.10169674965125464,
      0.1073217583398636,
      0.20854259120285307,
      0.1674189656154706,
      0.08465356942225684,
      0.0929135055575482,
      0.0855546742684693,
      0.11040053897527338
    ]
  },
  "Mean_MAE": 65.63829132265617,
  "Mean_MRE": 15.63158374584982,
  "Mean_MBRE": 0.16933341672262348,
  "Mean_MIBRE": 0.1291278404712192,
  "Median_MAE": 60.247468732331285,
  "Median_MRE": 14.619776769347261,
  "Median_MBRE": 0.15537059614199222,
  "Median_MIBRE": 0.12291163673153421,
  "Runs": [
    {},
    {},
    {},
    {},
    {},
    {},
    {},
    {},
    {},
    {},
    {},
    {},
    {},
    {},
    {},
    {},
    {},
    {},
    {},
    {},
    {},
    {},
    {},
    {},
    {},
    {},
    {},
    {},
    {},
    {}
  ]
}