{
  "Metrics": {
    "MAE": [
      5.396394798250493,
      3.3336591821321493,
      4.4989489722354135,
      4.537643538670813,
      4.525177233902097,
      3.2816340076124355,
      4.569528014118144,
      3.243872447369597,
      5.80315304260957,
      3.883626717207101,
      4.736846284311046,
      6.238464404881624,
      4.460855249376319,
      3.536558582841359,
      5.491780066957043,
      5.074636181911052,
      4.124291787146954,
      3.638069759699137,
      3.088237164272143,
      6.590823302508811,
      3.928735642466536,
      5.449296440453014,
      3.68143715906229,
      5.249489033945548,
      4.324476304477578,
      3.7052692295021914,
      5.921914979956613,
      3.88542728305942,
      7.215044560849151,
      5.032796711465143
    ],
    "MRE": [
      1.0304734531268125,
      0.7866055617628263,
      1.1068423047097977,
      0.8808569496948088,
      1.0771454553268613,
      0.7091963136923953,
      1.200308440153445,
      0.6820300965314395,
      1.0751099089424359,
      0.9300426686006686,
      0.9233418936004302,
      1.0966581810050078,
      0.982824537728789,
      0.652091413683717,
      1.064686669399016,
      0.9796916223016338,
      0.9081589121214169,
      0.7693284680644593,
      0.6835291225028313,
      1.553030179906962,
      0.8574245950029983,
      1.0987050433112358,
      0.7818965961909544,
      1.2721921642331535,
      0.7762706891595672,
      0.8113312117781293,
      1.1499653322914936,
      0.7844452629883161,
      1.3987274881061418,
      0.8844897680804477
    ],
    "MBRE": [
      0.010472305638533018,
      0.007919005742784898,
      0.011107684246220707,
      0.008891753069245223,
      0.010843852917342136,
      0.007135989851716696,
      0.012020922852153835,
      0.00685681386871818,
      0.010861845843341,
      0.009379244037397231,
      0.009369840927675193,
      0.011173225959281375,
      0.009934565153107927,
      0.006599755342179383,
      0.010703029197127133,
      0.009915644021130682,
      0.009105132980035926,
      0.007752578280166917,
      0.006867643848982112,
      0.01564742845160715,
      0.008631318777324702,
      0.011100973838545204,
      0.007845223013626687,
      0.012753507046452414,
      0.007861011553095782,
      0.008159237577257275,
      0.011634498374599246,
      0.007894655914743618,
      0.014175775218259114,
      0.00905957498217394
    ],
    "MIBRE": [
      0.010241113858816478,
      0.007791917684250653,
      0.010757182516559133,
      0.008749624225410339,
      0.010581733480675091,
      0.0070249679523114806,
      0.011645213833595213,
      0.006772868041330639,
      0.010578545796721826,
      0.009220512510887277,
      0.009192506164006659,
      0.010897755564148778,
      0.009761824918203389,
      0.006505262525116422,
      0.010469450780359364,
      0.009733800026547983,
      0.008940696460993316,
      0.007629587233312986,
      0.006785976000904339,
      0.01507977741153323,
      0.008481593915289617,
      0.010811565760493002,
      0.00774728010981036,
      0.012374347304039615,
      0.007723623272297353,
      0.008043585732260685,
      0.01138121498555379,
      0.0077879446602187475,
      0.013782715831546591,
      0.008806641493681322
    ]
  },
  "Mean_MAE": 4.614936269441694,
  "Mean_MRE": 0.9635800101332733,
  "Mean_MBRE": 0.009722467950827492,
  "Mean_MIBRE": 0.009510027668362524,
  "Median_MAE": 4.512063103068755,
  "Median_MRE": 0.9266922811005494,
  "Median_MBRE": 0.009374542482536212,
  "Median_MIBRE": 0.009206509337446968,
  "Runs": [
    {},
    {},
    {},
    {},
    {},
    {},
    {},
    {},
    {},
    {},
    {},
    {},
    {},
    {},
    {},
    {},
    {},
    {},
    {},
    {},
    {},
    {},
    {},
    {},
    {},
    {},
    {},
    {},
    {},
    {}
  ]
}