{
  "Metrics": {
    "MAE": [
      71.44680877245959,
      59.78733301244701,
      63.82383105598613,
      55.17756495520345,
      39.14747799397286,
      57.583673801076436,
      33.02227140836347,
      97.29070166614996,
      32.939832009881926,
      96.13681269141665,
      86.28034898339436,
      81.87166275675509,
      76.17328724836825,
      46.57790447046906,
      34.36218616339467,
      33.58793418218006,
      37.24409447101524,
      27.298870106371506,
      31.024450026375106,
      49.05021595135366,
      92.90162743105286,
      54.17326411447389,
      69.48116862144188,
      38.049107757972656,
      99.61996063721509,
      50.11172570337613,
      54.76468025781245,
      30.931968064965496,
      35.244234499316605,
      49.52243572459505
    ],
    "MRE": [
      15.69466636594953,
      13.289129394098795,
      13.153640145803132,
      12.263382812457936,
      8.046968750170508,
      14.702404629994673,
      6.689962176710908,
      23.853127175500184,
      6.950046270297655,
      25.106163473247783,
      22.05488705996471,
      17.631460484774944,
      19.155272573841977,
      9.662918897881092,
      7.499807721686665,
      6.629086544889387,
      7.647512189820898,
      6.109544210648375,
      6.928055267566847,
      10.222100500310953,
      24.94741949919738,
      11.065702159187428,
      15.422630279990754,
      7.664336442475637,
      22.179234645140607,
      12.186330117513089,
      10.972145387998244,
      6.426990788293735,
      7.452359055424862,
      9.674861791742572
    ],
    "MBRE": [
      0.17722843063851249,
      0.14327452643006888,
      0.14738282720947457,
      0.1321038967180999,
      0.08534818066716589,
      0.15426949293843759,
      0.07032314527248823,
      0.27216044042854515,
      0.07524945053507123,
      0.2684944006109402,
      0.24109364767608543,
      0.21128717975809314,
      0.20237804742815663,
      0.10494469558950743,
      0.07789622027159164,
      0.0712627695006834,
      0.0796685083009946,
      0.06388926682740446,
      0.07132339459363547,
      0.10866976548754274,
      0.27268993293457594,
      0.12662338566295897,
      0.17833949359622153,
      0.08083320073051353,
      0.2717198303252225,
      0.1276714131381632,
      0.1251287516303844,
      0.06759498453682608,
      0.07807169290918463,
      0.10617809406307185
    ],
    "MIBRE": [
      0.13475719471919445,
      0.11622195027678832,
      0.11753513798610105,
      0.10938854972330454,
      0.07501839049252074,
      0.12218277544819867,
      0.06311854366462188,
      0.18779662511626524,
      0.06600536449692554,
      0.18534484875775462,
      0.17554936408760666,
      0.15147904474507187,
      0.15378314740075502,
      0.08990282689706515,
      0.06919423970959111,
      0.06378165991109944,
      0.07117411269903681,
      0.056909352703929404,
      0.0631313962490036,
      0.09223203661185271,
      0.17900757919423216,
      0.1024866619277492,
      0.13396885371764036,
      0.07152251867552391,
      0.18772456547691566,
      0.10271504671203979,
      0.10200446617825386,
      0.061466381888899774,
      0.06980121336088584,
      0.09004742058779847
    ]
  },
  "Mean_MAE": 56.15424781796189,
  "Mean_MRE": 12.709404893752707,
  "Mean_MBRE": 0.13976996888032073,
  "Mean_MIBRE": 0.1088417089805542,
  "Median_MAE": 52.14249490892501,
  "Median_MRE": 11.018923773592835,
  "Median_MBRE": 0.12587606864667167,
  "Median_MIBRE": 0.10224556405300153,
  "Runs": [
    {},
    {},
    {},
    {},
    {},
    {},
    {},
    {},
    {},
    {},
    {},
    {},
    {},
    {},
    {},
    {},
    {},
    {},
    {},
    {},
    {},
    {},
    {},
    {},
    {},
    {},
    {},
    {},
    {},
    {}
  ]
}