{
  "Metrics": {
    "MAE": [
      42.391943428689885,
      57.4894378886816,
      72.75138820480927,
      48.03403070806681,
      39.04896295457238,
      79.04730826077943,
      40.639764158374795,
      48.63360864427861,
      60.4582584991708,
      76.00840082178394,
      50.6062677238806,
      27.620569851634688,
      116.47253125296137,
      78.64384539702283,
      32.841708851575454,
      58.3381411380597,
      28.632615658315558,
      55.825269610281914,
      44.82085993988392,
      79.3016700248756,
      69.27667692267828,
      39.59964123134328,
      57.32604950396826,
      69.70072167584695,
      39.429857794361524,
      74.05082251021678,
      74.08644773059308,
      118.59422439883915,
      35.13779538764511,
      74.42395160729093
    ],
    "MRE": [
      8.636063685222803,
      13.220889773680069,
      18.158617391962814,
      10.482880062861394,
      8.15444633932923,
      17.901477236281302,
      9.56301279568717,
      11.345749665869691,
      14.149837510128108,
      19.788127216016672,
      9.838894722145684,
      5.310892792067581,
      28.25882914349693,
      17.62943281474438,
      7.087356491510836,
      12.848269215023828,
      5.954609979134186,
      13.198705484751628,
      10.255335047199948,
      18.97400305290521,
      16.69421818644792,
      9.361351450104188,
      14.088458157996103,
      16.961313088953123,
      8.832146688566358,
      19.530755662442807,
      17.9593697813047,
      27.525430619303997,
      7.06252454828954,
      16.970356070270622
    ],
    "MBRE": [
      0.09267790451336144,
      0.13926912024856591,
      0.19527595373342643,
      0.11224665673624278,
      0.08546790969368726,
      0.1973315583344212,
      0.10032466349247783,
      0.1188956411339767,
      0.1518329990368901,
      0.20904838863892908,
      0.10553335844102317,
      0.05546510211748977,
      0.3228812189024705,
      0.19419842108488647,
      0.07318674293952185,
      0.14125787301436576,
      0.06155335338415171,
      0.1416831220322463,
      0.10649466153524625,
      0.20180750473028733,
      0.17858249121115133,
      0.09849865507866655,
      0.14971583066375482,
      0.17885724563092864,
      0.0943387451865849,
      0.20545211038013653,
      0.19641742255021105,
      0.3203192860853217,
      0.07357199182405676,
      0.18685652669254235
    ],
    "MIBRE": [
      0.08128523842356009,
      0.11627067748667293,
      0.14707500450565536,
      0.09608627080197028,
      0.07490981647412771,
      0.15433748680559,
      0.08721466949932535,
      0.10111764760817576,
      0.12379103640668175,
      0.15849463271670042,
      0.089472794870887,
      0.0506933004390169,
      0.2161690498612692,
      0.15304029542265143,
      0.06538460017776358,
      0.11369533486383782,
      0.056329923115587974,
      0.11391920163116126,
      0.09208416911741486,
      0.15777364450271852,
      0.13937106076359415,
      0.08519826160695324,
      0.12062155963536494,
      0.14172134143017132,
      0.08247240309493821,
      0.15609881827637354,
      0.15277699701798084,
      0.2234189996892142,
      0.06550608990304607,
      0.1461395289797628
    ]
  },
  "Mean_MAE": 59.64109239268275,
  "Mean_MRE": 13.858111822456628,
  "Mean_MBRE": 0.14963474863490075,
  "Mean_MIBRE": 0.11874899517093891,
  "Median_MAE": 57.40774369632493,
  "Median_MRE": 13.20979762921585,
  "Median_MBRE": 0.14147049752330604,
  "Median_MIBRE": 0.11509493955891709,
  "Runs": [
    {},
    {},
    {},
    {},
    {},
    {},
    {},
    {},
    {},
    {},
    {},
    {},
    {},
    {},
    {},
    {},
    {},
    {},
    {},
    {},
    {},
    {},
    {},
    {},
    {},
    {},
    {},
    {},
    {},
    {}
  ]
}