{
  "Metrics": {
    "MAE": [
      65.55266507011076,
      46.55818107564854,
      54.744131347725656,
      47.17342246014247,
      37.098334594882736,
      58.795167656912945,
      33.042385896410806,
      88.43775443541222,
      34.80852055422294,
      99.48116643234718,
      85.26458833807153,
      75.3545090233357,
      56.56803702025587,
      44.90054513259595,
      32.79382977856255,
      31.387251357054016,
      36.33708631026416,
      31.20422623933901,
      25.30358922648661,
      49.711078091684435,
      88.0344212619936,
      47.14548078136105,
      53.87575940387349,
      37.256923046597365,
      94.00386776779655,
      36.99186002162483,
      51.95080207222814,
      29.685132065120825,
      30.480911418758485,
      49.107688547959604
    ],
    "MRE": [
      13.496290298185128,
      9.059513109872874,
      10.086966193576522,
      9.723178147200366,
      7.312402896878412,
      15.495035478571706,
      6.564301888444281,
      21.796553891703788,
      7.021485038227181,
      25.45177903054512,
      21.6613658487522,
      15.897311530309144,
      12.790018995140576,
      8.72973966850817,
      6.9883658997869675,
      6.104984072313719,
      7.173430786957854,
      6.452273485867348,
      5.540607094478925,
      10.096492922743094,
      24.44879333961536,
      8.65645253879245,
      12.608532400554184,
      7.43871418088542,
      21.20578268090688,
      8.104922391399587,
      9.691937089604743,
      6.042058940314625,
      6.465186476561216,
      9.306252206260114
    ],
    "MBRE": [
      0.15381516512155555,
      0.09996611755287682,
      0.11621498774107082,
      0.1051826818567685,
      0.07800224494932273,
      0.1612490841077198,
      0.06975987782714539,
      0.2449971339476245,
      0.07752210077206327,
      0.2799087539911523,
      0.23532893488867745,
      0.1913072607428825,
      0.13680617925742045,
      0.09662811611853728,
      0.0722547869228584,
      0.0654485334264005,
      0.07463805607935099,
      0.06821053298185274,
      0.056796480564165856,
      0.10845121711721137,
      0.26057847028537323,
      0.10210643914451589,
      0.1378333167289525,
      0.07819268663945023,
      0.25672178962597175,
      0.08520340586171501,
      0.11278299220755272,
      0.06378194278613007,
      0.06780234120817569,
      0.10291968132116512
    ],
    "MIBRE": [
      0.12186047050896723,
      0.08475841481627108,
      0.0959557162530678,
      0.090556134256337,
      0.06891849676125147,
      0.12504344700176392,
      0.06258288046893984,
      0.16911910314876266,
      0.0683193315388814,
      0.1870625531528587,
      0.172739735483301,
      0.13923845728812767,
      0.11159283246887276,
      0.08308971471253868,
      0.06470902206508058,
      0.05889839432065689,
      0.06684843888597258,
      0.06122981499569072,
      0.05194863618730718,
      0.09156279887621498,
      0.1748597717400107,
      0.08353211129351393,
      0.1056121951233097,
      0.06928146587786446,
      0.17857885941655738,
      0.07518638666490977,
      0.09207015245366851,
      0.05791493723820166,
      0.06136940724274637,
      0.087165353925495
    ]
  },
  "Mean_MAE": 51.768310547626,
  "Mean_MRE": 11.380357617431933,
  "Mean_MBRE": 0.12534704372585534,
  "Mean_MIBRE": 0.09872016780557137,
  "Median_MAE": 47.15945162075176,
  "Median_MRE": 9.182882658066493,
  "Median_MBRE": 0.10251306023284051,
  "Median_MIBRE": 0.08596188437088303,
  "Runs": [
    {},
    {},
    {},
    {},
    {},
    {},
    {},
    {},
    {},
    {},
    {},
    {},
    {},
    {},
    {},
    {},
    {},
    {},
    {},
    {},
    {},
    {},
    {},
    {},
    {},
    {},
    {},
    {},
    {},
    {}
  ]
}