{
  "Metrics": {
    "MAE": [
      108.53578647608981,
      112.25253904300185,
      106.04938686441574,
      87.46411572459999,
      90.82326984471723,
      120.72074244328914,
      96.28740744337563,
      115.28416785349349,
      108.37112840701882,
      119.01998664365968,
      91.94861837813656,
      110.96864473602355,
      102.89711556843457,
      109.17940769987626,
      80.7478779320063,
      105.80067878347288,
      107.431492414503,
      105.02002439365447,
      100.96765278548307,
      112.44627154967131,
      132.0009243504107,
      109.13817831644435,
      131.05372279248567,
      93.79624727814334,
      115.82506609527104,
      105.55850245102634,
      79.18985843511574,
      89.25591326337987,
      74.12796770109618,
      99.00837733451259
    ],
    "MRE": [
      24.21711769489023,
      31.047616232108293,
      24.267870733068232,
      19.573188357373528,
      23.809001545723603,
      30.41058960983672,
      23.714366000464782,
      29.42968984289786,
      21.70060095667818,
      30.96199914650069,
      22.853073637384554,
      26.470558733626,
      24.68839770128214,
      26.410194135925398,
      17.76488553720373,
      21.996167713829585,
      27.28510322776434,
      25.628955942146114,
      26.81435463017593,
      29.85544128393206,
      33.00934821074466,
      25.919240650983827,
      31.978682467361512,
      24.298715488967122,
      24.689140422511066,
      28.31785530697998,
      17.452409587572525,
      20.72825293828705,
      15.801145746089615,
      24.848291650456517
    ],
    "MBRE": [
      0.2874335736183114,
      0.3257404641751073,
      0.2806903734709913,
      0.22544580718336077,
      0.2521679643657825,
      0.33910781102893445,
      0.25869802704725325,
      0.322534653283087,
      0.2781772236453053,
      0.3355381009078518,
      0.24698505943890411,
      0.29911221511553576,
      0.2764441407358161,
      0.29685366959174014,
      0.19991422936934847,
      0.2733315050065397,
      0.29815955641914943,
      0.2849204009611034,
      0.2845509991672403,
      0.3186556153029709,
      0.3743194999194204,
      0.29474770196155664,
      0.36784618034525557,
      0.25970170286725264,
      0.30746197612035314,
      0.300956881289856,
      0.19692215265402827,
      0.23240768322904753,
      0.17905308432084505,
      0.26784300150580065
    ],
    "MIBRE": [
      0.20563981593934558,
      0.21572633219908685,
      0.20248382023813308,
      0.1723461295923847,
      0.18154046056072162,
      0.22861098274644762,
      0.19057696868634552,
      0.22009397158411892,
      0.2044682129747279,
      0.2259261977708826,
      0.18274929589342734,
      0.21264970134702343,
      0.20054272181408525,
      0.20915437997286912,
      0.15665362656492215,
      0.1970958829048116,
      0.20866450195427924,
      0.20368457159969025,
      0.19850187259786625,
      0.21567472846093427,
      0.24551436942897378,
      0.2094551396113807,
      0.24567062301388712,
      0.18624639805894366,
      0.2162837214560182,
      0.20517631706701678,
      0.15310529978427959,
      0.17492699775840234,
      0.14319727304375204,
      0.1952693657043882
    ]
  },
  "Mean_MAE": 104.03903576676029,
  "Mean_MRE": 25.198075171092192,
  "Mean_MBRE": 0.28219070846825833,
  "Mean_MIBRE": 0.20025432267763818,
  "Median_MAE": 105.9250328239443,
  "Median_MRE": 24.76871603648379,
  "Median_MBRE": 0.2847357000641718,
  "Median_MIBRE": 0.20407639228720909,
  "Runs": [
    {},
    {},
    {},
    {},
    {},
    {},
    {},
    {},
    {},
    {},
    {},
    {},
    {},
    {},
    {},
    {},
    {},
    {},
    {},
    {},
    {},
    {},
    {},
    {},
    {},
    {},
    {},
    {},
    {},
    {}
  ]
}