{
  "Metrics": {
    "MAE": [
      38.691308528753005,
      40.01077613117563,
      42.52830405807793,
      44.047080741042905,
      40.46309613283289,
      46.7377704131907,
      41.698240319266574,
      35.508529779713875,
      38.19458871221244,
      37.78385565788682,
      45.035467848760995,
      44.759443504252914,
      36.591370946170805,
      43.26095802100714,
      34.573832019218244,
      42.780202987883186,
      33.980427371419644,
      33.66888993750604,
      32.25657236344313,
      36.57840806960704,
      38.853953277017276,
      41.5564064215323,
      43.05170583277755,
      41.53876018391844,
      45.13859761522414,
      39.57827352713098,
      37.775367740398295,
      38.20210628938616,
      38.43471325813246,
      41.605106428299806
    ],
    "MRE": [
      7.966502966119229,
      10.441669080339851,
      9.81729004097767,
      9.749219061170418,
      10.012474179436486,
      10.953453146511578,
      10.548539069112417,
      8.591887578596834,
      7.864449494742893,
      8.795419539165069,
      10.323461323421004,
      9.269974937187937,
      8.29476128950979,
      8.788270680599563,
      8.155622163525846,
      8.650825951036344,
      8.918508434706633,
      8.06864810670653,
      8.284033970654821,
      9.464591281782875,
      9.44669263665313,
      8.872309839084567,
      10.045742824357731,
      10.725411860098383,
      8.528317385092935,
      10.555544702061855,
      8.36162713295443,
      8.169193102120927,
      8.056214340269234,
      8.998961614473732
    ],
    "MBRE": [
      0.08558755658504409,
      0.10703167863350514,
      0.1034723646232054,
      0.10381454337348185,
      0.10358500293851305,
      0.11558153219047126,
      0.10879020124743402,
      0.08865092104327059,
      0.08469107352119257,
      0.09183022916795146,
      0.10889014116353493,
      0.10099226427139567,
      0.0871173077215866,
      0.09609820163230334,
      0.08450839716584772,
      0.0950589559325662,
      0.09099197146820101,
      0.08365940725945362,
      0.08445552550633531,
      0.09650598947046483,
      0.0978184853772599,
      0.09568057734411839,
      0.10559902288128285,
      0.10992928542765161,
      0.0962960821252069,
      0.10798420260809702,
      0.08826964012040331,
      0.08713503926011923,
      0.08646190897654327,
      0.09606580065065258
    ],
    "MIBRE": [
      0.07564041400261301,
      0.09050152636032344,
      0.08726951760962409,
      0.08920521039702002,
      0.08801052729224323,
      0.09761355192333236,
      0.09133425425999354,
      0.07689503313621136,
      0.07457482305486497,
      0.07984071357494557,
      0.09364818328824978,
      0.08694083522330019,
      0.0761460530617871,
      0.0829469904499437,
      0.07407315066718016,
      0.08174883798325065,
      0.07768600477079961,
      0.07306675596694003,
      0.07356879385691464,
      0.08208185823136219,
      0.08418369410437326,
      0.08242706883059267,
      0.08987136420144631,
      0.09122828699726619,
      0.08250735329778568,
      0.08960778476903164,
      0.07716626014694061,
      0.07648419326309625,
      0.0759839726759132,
      0.0835302567295121
    ]
  },
  "Mean_MAE": 39.82947047057464,
  "Mean_MRE": 9.157320591082357,
  "Mean_MBRE": 0.09641844365623646,
  "Mean_MIBRE": 0.08285944233756191,
  "Median_MAE": 39.7945248291533,
  "Median_MRE": 8.8954091368956,
  "Median_MBRE": 0.09608200114147797,
  "Median_MIBRE": 0.08246721106418917,
  "Runs": [
    {},
    {},
    {},
    {},
    {},
    {},
    {},
    {},
    {},
    {},
    {},
    {},
    {},
    {},
    {},
    {},
    {},
    {},
    {},
    {},
    {},
    {},
    {},
    {},
    {},
    {},
    {},
    {},
    {},
    {}
  ]
}