{
  "Metrics": {
    "MAE": [
      64.51340952599948,
      50.703250080683965,
      90.30412356106156,
      72.59519622617437,
      50.88291078707074,
      85.39445240506512,
      77.04713409521882,
      61.49328836982861,
      84.43642519933738,
      66.42151055005209,
      69.70364693892436,
      78.40275389381144,
      93.70308441034108,
      76.84662952236094,
      71.35578852874683,
      57.235945639858926,
      61.440676168884465,
      76.1344697593745,
      69.54775319938076,
      59.11095453780282,
      78.75869108383463,
      61.03323746957912,
      62.020080734902834,
      55.64532904588641,
      52.7252463553212,
      75.05385702777922,
      62.960773948411976,
      63.35198320575728,
      79.336454050743,
      61.45722008185088
    ],
    "MRE": [
      12.92888361401648,
      11.60143292418275,
      21.108181825074467,
      16.792601935794764,
      11.553415507657077,
      19.95781007822088,
      20.066615649140484,
      15.715403662451708,
      18.386417133063794,
      16.373819325816207,
      14.87408425614076,
      15.567538161875829,
      22.9958576850042,
      17.871353834470064,
      18.749451637149335,
      11.855875134975719,
      16.64554933025237,
      19.352251363669843,
      18.42451983259262,
      13.990457657813671,
      17.757744175863984,
      14.190443773890053,
      14.068959760264566,
      13.624215901488093,
      10.565452797543484,
      19.405572464037263,
      14.138453456666436,
      13.75728416807607,
      16.687316764944736,
      13.009190568632874
    ],
    "MBRE": [
      0.1470024759412933,
      0.12199869733865112,
      0.23552088640523094,
      0.1838500086086481,
      0.12257634254086087,
      0.22005566716523792,
      0.21066235246211057,
      0.1641388814449525,
      0.21131133745613948,
      0.17268133443096415,
      0.16586249337188835,
      0.18579578630202379,
      0.25219145605385784,
      0.19543235006549717,
      0.19625621683671082,
      0.13261405930713463,
      0.17172718929649813,
      0.20549828626938663,
      0.19123015977620328,
      0.14716877451744473,
      0.19749071589925044,
      0.152774291799572,
      0.1522800880777174,
      0.14222020873729427,
      0.11832818374143879,
      0.20400162826419796,
      0.1556971695250284,
      0.15194653155868035,
      0.19329654148095898,
      0.14368415075056268
    ],
    "MIBRE": [
      0.12095991795506178,
      0.10397596523014227,
      0.1762268257050195,
      0.1462419584996425,
      0.10445517166392877,
      0.16937750747760505,
      0.15940000980077842,
      0.13092746157791077,
      0.16433046449148245,
      0.13901446674542645,
      0.13518911908244066,
      0.14506508915708785,
      0.1853612881388669,
      0.1534483040738967,
      0.1481427304757939,
      0.11118275100385522,
      0.13433484527229686,
      0.15590481698845907,
      0.14708317738461696,
      0.12223920977222952,
      0.15514480610371778,
      0.12540203321769017,
      0.12568283298652388,
      0.11767747930601172,
      0.10119473505670222,
      0.15593940723105634,
      0.12705046273350734,
      0.12560441552541027,
      0.15277815709710887,
      0.11927680262469777
    ]
  },
  "Mean_MAE": 68.98720921346815,
  "Mean_MRE": 16.067205146025685,
  "Mean_MBRE": 0.17484314218084787,
  "Mean_MIBRE": 0.13862040707929893,
  "Median_MAE": 67.98463187471643,
  "Median_MRE": 16.044611494133957,
  "Median_MBRE": 0.17220426186373114,
  "Median_MIBRE": 0.13710179291393354,
  "Runs": [
    {},
    {},
    {},
    {},
    {},
    {},
    {},
    {},
    {},
    {},
    {},
    {},
    {},
    {},
    {},
    {},
    {},
    {},
    {},
    {},
    {},
    {},
    {},
    {},
    {},
    {},
    {},
    {},
    {},
    {}
  ]
}