{
  "Metrics": {
    "MAE": [
      5.069143165400054,
      7.651083966435319,
      6.54167006999738,
      7.9627082927243835,
      7.5172515438426455,
      6.187747325140339,
      6.391522244618168,
      6.530102019938902,
      6.587176453349027,
      6.641320626548453,
      7.786440876438123,
      7.477173680200487,
      5.8209147686138305,
      6.868285317867319,
      6.134311135150835,
      6.79202580180468,
      6.954467898402249,
      8.700947283295925,
      5.58856230087442,
      6.999331469724514,
      7.852584366617807,
      9.392323356914329,
      6.529339461153904,
      7.075957618257398,
      6.777220542858452,
      7.388868228271505,
      5.4415959189659935,
      7.259573130389826,
      8.373564424647947,
      5.916089808667632
    ],
    "MRE": [
      12.939871893925869,
      21.543274609888606,
      18.012944560473347,
      22.361475601062125,
      20.807756240644135,
      16.148635226476358,
      17.253927305025385,
      18.420052827972363,
      18.13307906451135,
      18.610129692099346,
      21.458688615242032,
      21.102762057704076,
      15.771808969627491,
      18.890748069018958,
      15.764912825750033,
      19.048246532620823,
      19.096180446485576,
      24.60735832796397,
      15.103049430832119,
      19.154495027498765,
      21.86132936611761,
      26.914981885779827,
      17.703529505362635,
      19.610408728394233,
      18.5097772405447,
      20.811266289794254,
      14.095683176862392,
      19.660075660503672,
      23.508664105498234,
      15.457385538337146
    ],
    "MBRE": [
      0.14272804055660668,
      0.24069023225224856,
      0.19853525123448346,
      0.2521095820545303,
      0.2349474514736404,
      0.18031426605280487,
      0.19155804438431484,
      0.20076469042574244,
      0.20081512017757241,
      0.20339425895185578,
      0.2436174020541606,
      0.2349077845355817,
      0.1722706465634666,
      0.2102544399380764,
      0.17765373896085554,
      0.20876483092850506,
      0.2148165192668848,
      0.27922618760921364,
      0.16425700385810904,
      0.2144172364059107,
      0.24717054421367357,
      0.3074434514936782,
      0.1975255017553495,
      0.2188042084569734,
      0.20656955673761182,
      0.230635177577551,
      0.1562379407030532,
      0.22295347234496682,
      0.26544567188712515,
      0.17359368788616747
    ],
    "MIBRE": [
      0.11622855368248011,
      0.17814156324177974,
      0.15447989471382081,
      0.18363977874309,
      0.17542530890546595,
      0.14044175758397479,
      0.14884531642185186,
      0.15560388679864523,
      0.15512298843311076,
      0.15633684227578348,
      0.17860152761489603,
      0.17444174065965634,
      0.13806508696552128,
      0.1606842303440526,
      0.1387578563009453,
      0.16125229368587823,
      0.16210128797779713,
      0.19894213464401087,
      0.13194360170464695,
      0.1634493444846613,
      0.18071741011279854,
      0.21451464654238708,
      0.15316690059615626,
      0.1649603956805852,
      0.1592709315329063,
      0.1726195996073622,
      0.12538067026783908,
      0.16727548400302764,
      0.1934383837929432,
      0.13672674485815675
    ]
  },
  "Mean_MAE": 6.940310103237063,
  "Mean_MRE": 19.078749960733912,
  "Mean_MBRE": 0.2130807313580238,
  "Mean_MIBRE": 0.16135253873920774,
  "Median_MAE": 6.830155559835999,
  "Median_MRE": 18.96949730081989,
  "Median_MBRE": 0.20950963543329074,
  "Median_MIBRE": 0.16096826201496542,
  "Runs": [
    {},
    {},
    {},
    {},
    {},
    {},
    {},
    {},
    {},
    {},
    {},
    {},
    {},
    {},
    {},
    {},
    {},
    {},
    {},
    {},
    {},
    {},
    {},
    {},
    {},
    {},
    {},
    {},
    {},
    {}
  ]
}