{
  "Metrics": {
    "MAE": [
      8.95478698336725,
      8.955018144669049,
      9.840663351405738,
      9.536121506248772,
      11.226229257373346,
      11.49217991420843,
      9.581881120194026,
      11.316387523991725,
      11.621641377165314,
      9.681504388063066,
      9.667675996823673,
      9.68837255714117,
      11.407141507877677,
      9.314275439704833,
      7.056797731722616,
      11.34831923801196,
      9.134763690875415,
      11.762791077014725,
      11.244594889588743,
      9.56555640321603,
      11.59876679005587,
      11.2996303511402,
      11.620285858786557,
      9.877166794645268,
      11.668003823010935,
      7.950624109752857,
      11.4283418849869,
      9.390072335181724,
      11.670034391351983,
      9.39559279037135
    ],
    "MRE": [
      24.382617896861948,
      24.818998194152464,
      27.559293911350345,
      26.67820194055309,
      31.127918229773694,
      33.5643511911877,
      26.82815624391014,
      32.92670039936716,
      33.45754057730687,
      27.820773926497555,
      26.36819655266122,
      27.42555873120349,
      33.32942484364628,
      25.676641065148402,
      18.19395572605201,
      32.8708995583312,
      25.85693174859077,
      33.91458053553302,
      32.63971438669554,
      26.503794491708355,
      33.1801072756314,
      31.689663239579506,
      33.41397241672096,
      28.258337753236017,
      33.451124210800884,
      21.39242751436124,
      32.46425890978269,
      26.330467449453543,
      33.5696658264333,
      25.667040689002658
    ],
    "MBRE": [
      0.28696496087901086,
      0.2890231321343631,
      0.3229373745161832,
      0.3127560753140799,
      0.38123121038390256,
      0.3916411721576283,
      0.3126242395715065,
      0.38468423325478157,
      0.397255688289585,
      0.3193818377863291,
      0.3159361855531907,
      0.3184670454784577,
      0.38568855993334067,
      0.3019655263634123,
      0.2092442579225777,
      0.3869243656163254,
      0.29732940686052,
      0.4056822256982332,
      0.3827958523073258,
      0.31390929128479567,
      0.3980943334630596,
      0.3858398332407211,
      0.39792593491674305,
      0.32574276065241903,
      0.40176751019128687,
      0.24622304038520276,
      0.391479148470051,
      0.3048708115739142,
      0.4008785572240151,
      0.30562253658856514
    ],
    "MIBRE": [
      0.20369421205214383,
      0.20408922551824482,
      0.22317455281233478,
      0.21633983721600775,
      0.24970702535544678,
      0.25730189634827777,
      0.2185407516992413,
      0.25193584690011267,
      0.2584755575754199,
      0.2211951365893777,
      0.2175220482425783,
      0.21975840068853772,
      0.2550158414043483,
      0.2115177146503416,
      0.15573804141436717,
      0.2537571000575754,
      0.20959242795409683,
      0.26065635271871773,
      0.2514250240617035,
      0.21602454931368864,
      0.25685681790685483,
      0.25145172673713395,
      0.2577192915880358,
      0.22347186594346652,
      0.25741716326214886,
      0.18196623242434193,
      0.2530521953861992,
      0.21444858592973176,
      0.2577121618178595,
      0.21231574728987793
    ]
  },
  "Mean_MAE": 10.276507374264908,
  "Mean_MRE": 29.045377181184445,
  "Mean_MBRE": 0.34249623693371756,
  "Mean_MIBRE": 0.23072911102860708,
  "Median_MAE": 9.858915073025504,
  "Median_MRE": 28.039555839866786,
  "Median_MBRE": 0.3243400675843011,
  "Median_MIBRE": 0.22332320937790065,
  "Runs": [
    {},
    {},
    {},
    {},
    {},
    {},
    {},
    {},
    {},
    {},
    {},
    {},
    {},
    {},
    {},
    {},
    {},
    {},
    {},
    {},
    {},
    {},
    {},
    {},
    {},
    {},
    {},
    {},
    {},
    {}
  ]
}