{
  "Metrics": {
    "MAE": [
      4.960559515010905,
      7.659637235679651,
      5.358646536531002,
      7.062156537815521,
      7.278559801043116,
      5.8982019659093545,
      6.043442386429799,
      6.574062655744755,
      5.2871134011774705,
      6.320110002255377,
      8.563421538538565,
      6.853513649649677,
      5.267038767788357,
      7.342534667942601,
      5.660483104570806,
      6.641360946954486,
      7.332512817648133,
      7.426046696790518,
      4.24487236569175,
      6.1629589403635565,
      6.296259759421458,
      6.78166672036288,
      5.8289627628183505,
      6.4343597011274305,
      5.898293830331667,
      5.98311114878768,
      5.172498715765517,
      7.660957313447458,
      8.879247976821988,
      4.87979052260867
    ],
    "MRE": [
      11.482574855396642,
      20.430776163616635,
      12.817560225723634,
      18.39151843757971,
      18.851673611617173,
      14.418253065679382,
      14.72995017673081,
      17.25205678264412,
      12.684885634521786,
      16.172577455113984,
      22.410260626357204,
      17.718581848757637,
      12.630408692022732,
      19.173970869229635,
      13.503288848140555,
      17.34380861668477,
      19.195438245048337,
      19.831860138604608,
      10.15383690061364,
      15.505108906525866,
      15.791390639275187,
      17.420938106324485,
      14.034169400502977,
      16.252826539352668,
      14.437320789694615,
      14.713723613362179,
      12.26665160763728,
      19.56581356880964,
      24.19456672141126,
      11.384496818962385
    ],
    "MBRE": [
      0.13684792991423525,
      0.23896312469308523,
      0.1507144024381646,
      0.21555315059957728,
      0.22230811282792282,
      0.16872049888623572,
      0.17616696366325388,
      0.20026390213831646,
      0.15031626282789368,
      0.18819542277337656,
      0.2718034553356196,
      0.20914591109624267,
      0.14683450464678524,
      0.22567619642314396,
      0.15979650919285932,
      0.20045236980955955,
      0.22646057420337526,
      0.23169940528281832,
      0.11413591395398064,
      0.18253738708006303,
      0.18839312195818417,
      0.2056437116096854,
      0.16812207225157083,
      0.19273498433995612,
      0.1702943547700737,
      0.1733686999030955,
      0.14619284987574588,
      0.23736593524320962,
      0.2846088239878337,
      0.13626385526794535
    ],
    "MIBRE": [
      0.10778636777315541,
      0.17364800560078011,
      0.11893266600781115,
      0.16036090267393907,
      0.16488409730843046,
      0.1304598231118617,
      0.13364832662936144,
      0.15076924119625396,
      0.11772264728112214,
      0.14320342350485263,
      0.19186523372021813,
      0.15505624574732746,
      0.11679483448335401,
      0.1666646965851887,
      0.12394880686755885,
      0.15273549596127128,
      0.16634163081422262,
      0.16916951553172815,
      0.09382427317693327,
      0.1392369373137473,
      0.1418945911086366,
      0.15390081335385425,
      0.12884294036877716,
      0.14403017646051558,
      0.13183373965144882,
      0.13355590241940782,
      0.1142604245117741,
      0.1721058432168003,
      0.20211950517217608,
      0.1066354047635466
    ]
  },
  "Mean_MAE": 6.3917460661676175,
  "Mean_MRE": 16.158676263531383,
  "Mean_MBRE": 0.190652680233127,
  "Mean_MIBRE": 0.1435410837438685,
  "Median_MAE": 6.308184880838418,
  "Median_MRE": 15.981984047194587,
  "Median_MBRE": 0.18829427236578036,
  "Median_MIBRE": 0.1425490073067446,
  "Runs": [
    {},
    {},
    {},
    {},
    {},
    {},
    {},
    {},
    {},
    {},
    {},
    {},
    {},
    {},
    {},
    {},
    {},
    {},
    {},
    {},
    {},
    {},
    {},
    {},
    {},
    {},
    {},
    {},
    {},
    {}
  ]
}