{
  "Metrics": {
    "MAE": [
      7.940953986565118,
      5.488663115682898,
      5.117525388595011,
      6.887493751904573,
      6.7774134404854625,
      5.302337749720082,
      6.043554186171449,
      7.854304237110993,
      8.646411111521987,
      6.0633114320765955,
      5.066993525949599,
      11.162113311973808,
      11.468981425072908,
      9.389483256675966,
      6.3066715158259505,
      7.057090364773805,
      5.791538947064382,
      10.736535485052254,
      6.2479759847248015,
      8.467347105057796,
      8.571073385119155,
      11.10847188966161,
      6.196859391519153,
      10.647351909459916,
      6.1279045536446155,
      5.737266385062978,
      5.673516556325644,
      10.643628452791683,
      8.80283408965896,
      8.230321109903523
    ],
    "MRE": [
      21.793273534387435,
      14.890310080595928,
      12.842414578545435,
      18.825388724020637,
      18.17025124940145,
      13.812407890019676,
      16.426801110756422,
      22.25471984830194,
      23.981155963711217,
      16.56429186602436,
      12.41790937123951,
      32.311043687732486,
      33.7062784385808,
      26.208399427465608,
      16.85991231877197,
      19.298029760362216,
      14.819428628477985,
      31.191014654535614,
      15.992595901555273,
      23.872595998570766,
      24.025746334752878,
      31.999812361802434,
      16.58153172499598,
      30.801228827092125,
      16.47766425099948,
      15.065869522393582,
      14.139661061150942,
      30.547017610254546,
      24.647464661248716,
      23.051130492284422
    ],
    "MBRE": [
      0.24977709248520522,
      0.1652840005958723,
      0.14725437049736534,
      0.209783932198935,
      0.20715211233833986,
      0.15184248362623054,
      0.17958874972121722,
      0.24888025759154117,
      0.27577491150544964,
      0.18116999097446698,
      0.13861585266421383,
      0.3807817843954829,
      0.3964285067489791,
      0.3068178836940993,
      0.18967270458324512,
      0.21597668699118372,
      0.1635556565440859,
      0.3612306393382539,
      0.18353164524748208,
      0.2707679613635356,
      0.2751118189742662,
      0.3760540263403025,
      0.1863239946319648,
      0.35604113382357083,
      0.18451866946626838,
      0.1711775455885382,
      0.16036687956194684,
      0.3551917190308044,
      0.28463343094192206,
      0.2630347285979846
    ],
    "MIBRE": [
      0.18271665352527516,
      0.13101393299554323,
      0.11450417564499146,
      0.15793905185580817,
      0.1556172745494989,
      0.12102442894202643,
      0.1415940168159232,
      0.1830117143736016,
      0.19655533914282847,
      0.1421783133503831,
      0.11169916899927244,
      0.24337254886607118,
      0.24924175363459078,
      0.20804773085028588,
      0.14806994153973008,
      0.160490767151759,
      0.12785796701288818,
      0.2381753318432703,
      0.13766722401420012,
      0.1968498766441157,
      0.1966099244715769,
      0.24544335682252874,
      0.14275787296045714,
      0.23749024517176584,
      0.1435471271304485,
      0.13388346501572915,
      0.12551296159910458,
      0.23898438659754107,
      0.1998786797053178,
      0.18715252212624747
    ]
  },
  "Mean_MAE": 7.651864234838422,
  "Mean_MRE": 21.119178329334392,
  "Mean_MBRE": 0.24121137233542508,
  "Mean_MIBRE": 0.17329625844509267,
  "Median_MAE": 6.972292058339189,
  "Median_MRE": 19.061709242191426,
  "Median_MBRE": 0.21288030959505938,
  "Median_MIBRE": 0.15921490950378359,
  "Runs": [
    {},
    {},
    {},
    {},
    {},
    {},
    {},
    {},
    {},
    {},
    {},
    {},
    {},
    {},
    {},
    {},
    {},
    {},
    {},
    {},
    {},
    {},
    {},
    {},
    {},
    {},
    {},
    {},
    {},
    {}
  ]
}