{
  "Metrics": {
    "MAE": [
      9.7918546785985,
      9.875880186631463,
      10.168430685797139,
      10.194584924893196,
      11.188501547710425,
      10.25448327057645,
      10.263476317998173,
      11.444558753705655,
      11.498924857830229,
      10.266385688047015,
      10.105343114892202,
      10.318888533596866,
      10.266294450840531,
      8.789568221823224,
      8.08903818906187,
      10.202456941231164,
      9.993652800262687,
      11.575000210864125,
      9.696201357334004,
      10.2209438436251,
      11.551192911746902,
      11.204461477182985,
      11.294891668001155,
      10.371824520624411,
      9.205513454465292,
      8.738617300471905,
      11.397148035953576,
      8.917787350987108,
      11.320805334595686,
      10.134016444422013
    ],
    "MRE": [
      26.987281224882402,
      27.74830595285856,
      28.576837999236453,
      28.866686365811944,
      31.20017390350486,
      29.520728166291587,
      29.035932818981763,
      33.429255908290564,
      32.989544257941446,
      29.843889647356942,
      27.682316302851888,
      29.432098118171208,
      29.376470798774722,
      24.0022541475337,
      21.747227141221646,
      29.26789835839542,
      28.38698236868481,
      33.20339951239084,
      27.821620150816184,
      28.851491149143442,
      32.96027667419266,
      31.561775642060514,
      32.125805276892414,
      29.862414881569034,
      25.637597387536896,
      24.086282562013714,
      32.416611558611066,
      24.733966867130086,
      32.342672221596445,
      28.08086004626048
    ],
    "MBRE": [
      0.3209315290601905,
      0.32592033079329585,
      0.33753644013178524,
      0.33982365447136137,
      0.3797147041529344,
      0.34120233704626235,
      0.34109867081810147,
      0.3901484671043399,
      0.3925573562569426,
      0.34201567324029203,
      0.3350955060033023,
      0.3445774971651199,
      0.34050654088751514,
      0.2811276083103432,
      0.25317464950135865,
      0.3398278259078198,
      0.33158504128385685,
      0.3957425119655658,
      0.32056368900580434,
      0.3408737669795264,
      0.3960834399280222,
      0.3815670498576849,
      0.3834383601478546,
      0.3464510349223709,
      0.2982794638331457,
      0.27741219647813947,
      0.3904063432366889,
      0.2862347972431257,
      0.38592430211006545,
      0.3361712744455859
    ],
    "MIBRE": [
      0.22074930959098257,
      0.22370221394489448,
      0.2303721345014909,
      0.2304515418010975,
      0.2487641949365485,
      0.23378896211188402,
      0.2324764285540658,
      0.25512274137268104,
      0.2563392788388051,
      0.23424945996092744,
      0.22691133089098528,
      0.23312912463281502,
      0.2332343425947264,
      0.20033829005631348,
      0.1847637457726703,
      0.2317002992341493,
      0.22702226746191256,
      0.25798622062222554,
      0.22223654267079776,
      0.2302691249255737,
      0.2563903236225314,
      0.24975581741722555,
      0.252242021851689,
      0.23478180843974394,
      0.21052513061266237,
      0.2010626293674605,
      0.2526377325587311,
      0.2044168380219386,
      0.25215024878058734,
      0.22797879721671782
    ]
  },
  "Mean_MAE": 10.278024235792369,
  "Mean_MRE": 29.059288580366786,
  "Mean_MBRE": 0.34253306874294676,
  "Mean_MIBRE": 0.23185163007882778,
  "Median_MAE": 10.237713557100776,
  "Median_MRE": 29.151915588688592,
  "Median_MBRE": 0.34069015393352076,
  "Median_MIBRE": 0.23208836389410756,
  "Runs": [
    {},
    {},
    {},
    {},
    {},
    {},
    {},
    {},
    {},
    {},
    {},
    {},
    {},
    {},
    {},
    {},
    {},
    {},
    {},
    {},
    {},
    {},
    {},
    {},
    {},
    {},
    {},
    {},
    {},
    {}
  ]
}