{
  "Metrics": {
    "MAE": [
      2.4018015504924746,
      2.3933103148493275,
      2.358454118814754,
      2.393525514485925,
      2.499017779168567,
      2.471492398971659,
      2.3251980865496,
      2.4735070366982552,
      2.336550597166767,
      2.5700764826346876,
      2.4632007614284364,
      2.3427790923636618,
      2.582306251019263,
      2.3716702431727383,
      2.327873824446246,
      2.5649555671755677,
      2.465073981739534,
      2.488158918616495,
      2.603217677726541,
      2.285153280204173,
      2.476261811237333,
      2.3241121529580884,
      2.4636351304110873,
      2.422213400635244,
      2.4654013942691573,
      2.5245408014967676,
      2.5196563844920368,
      2.5654942234850666,
      2.3923616634159854,
      2.4051501233818424
    ],
    "MRE": [
      6.236954195248483,
      6.355128221581754,
      6.323669828105223,
      6.350085656769984,
      6.495270971340933,
      6.683346625832461,
      6.2706748450523415,
      6.742864482036073,
      6.271793117237875,
      6.836102905885369,
      6.546237243607532,
      6.405467863382784,
      7.000673000506881,
      6.254258662535984,
      6.075536649393538,
      6.710487781484156,
      6.699513767461777,
      6.633884185580004,
      7.17533457717084,
      6.106066304936123,
      6.529900066602481,
      6.109692478298328,
      6.649153400570837,
      6.5043171852869355,
      6.66510703911658,
      6.689639543886298,
      6.656088479417835,
      6.7994158952034285,
      6.399397071000254,
      6.320374853629229
    ],
    "MBRE": [
      0.06678896016239443,
      0.06778902215294776,
      0.06745901922438212,
      0.06819188463932864,
      0.0707776718941073,
      0.07301180598377854,
      0.06720794900696904,
      0.07377065984569993,
      0.06746407057914072,
      0.07929548794226228,
      0.06951931227471991,
      0.06968852455890996,
      0.07548901641663755,
      0.06652456340753118,
      0.06477735294891887,
      0.07146034504277174,
      0.07115623587744165,
      0.07063087090793116,
      0.0779248640677253,
      0.06578288631209565,
      -0.022202428316692127,
      0.065084367275367,
      0.07082925568422684,
      0.0690092350213702,
      0.07150519751661484,
      0.07250663631126017,
      0.0714462268339861,
      0.08034519193623924,
      0.06891872543665507,
      0.06731108083774955
    ],
    "MIBRE": [
      0.05863075156410282,
      0.059151003829792125,
      0.05906891569629083,
      0.05885267940176905,
      0.06077300924059999,
      0.06243590639583773,
      0.05880493450383209,
      0.062442466606586707,
      0.0589302948615741,
      0.06407758105188097,
      0.060984769478699234,
      0.05965785903033589,
      0.06502793625635511,
      0.05860955099162424,
      0.05727232596994936,
      0.06211473401918232,
      0.06212309632202085,
      0.06128391960709462,
      0.06567248044186225,
      0.05747685437860445,
      0.06094054996828828,
      0.057138120122355196,
      0.061507029343101156,
      0.06025938303089341,
      0.062322842209830004,
      0.06185881174005919,
      0.06197561060954081,
      0.0633831073133496,
      0.06003226620854763,
      0.058828980744062696
    ]
  },
  "Mean_MAE": 2.4425383521169093,
  "Mean_MRE": 6.516547896605411,
  "Mean_MBRE": 0.06731546639274902,
  "Mean_MIBRE": 0.060721259031267426,
  "Median_MAE": 2.463417945919762,
  "Median_MRE": 6.517108625944708,
  "Median_MBRE": 0.06960391841681493,
  "Median_MIBRE": 0.06085677960444413,
  "Runs": [
    {},
    {},
    {},
    {},
    {},
    {},
    {},
    {},
    {},
    {},
    {},
    {},
    {},
    {},
    {},
    {},
    {},
    {},
    {},
    {},
    {},
    {},
    {},
    {},
    {},
    {},
    {},
    {},
    {},
    {}
  ]
}