{
  "Metrics": {
    "MAE": [
      10.775309678686362,
      11.061039812917727,
      11.077399362117482,
      11.25130216936205,
      11.264521145034738,
      11.128315897529427,
      11.119360093484822,
      11.702707100528782,
      11.451447013658765,
      10.482439153630386,
      10.9925236638088,
      10.968981968642206,
      10.863587740859202,
      9.950339442244742,
      9.934830241871921,
      11.262161885219145,
      11.223731502767158,
      11.756919182042225,
      10.93570510975377,
      11.285360590422505,
      11.522872034030698,
      11.383424283392198,
      10.935975619558366,
      11.20589363651472,
      9.487671635323489,
      8.888274890605622,
      11.71641304553298,
      10.747586298336655,
      11.530723325936005,
      11.034352359179701
    ],
    "MRE": [
      29.742516174569918,
      31.291235843874915,
      31.275080997785874,
      31.93024098139704,
      31.37473045048762,
      32.15828343781645,
      31.525047411985035,
      34.16224148094618,
      32.29522285210958,
      29.878279809109614,
      30.032209542315318,
      31.04936741803747,
      30.94440169689835,
      27.301697655912925,
      27.098000444844455,
      32.11212029230291,
      31.886575764013315,
      33.78763985470313,
      31.55559632977503,
      32.48388378546886,
      33.07871983145577,
      32.03613907917876,
      30.659564086039186,
      32.03089025799066,
      26.115946304023264,
      23.854689452445164,
      33.71114186906432,
      30.41889362188742,
      33.02133827913311,
      30.573843769375923
    ],
    "MBRE": [
      0.3621296538021306,
      0.37452512914326436,
      0.3750770604355659,
      0.38369141744183,
      0.38398357843827347,
      0.3776672230535704,
      0.37739586081897436,
      0.4020405059789318,
      0.39168030325483233,
      0.34994453478476123,
      0.3735620570808612,
      0.37280187887537514,
      0.36624444232022646,
      0.329072597472103,
      0.3294474680014792,
      0.3838653316738775,
      0.38224838033932274,
      0.4043143015607111,
      0.372420788212063,
      0.3841970889474608,
      0.3950442517251713,
      0.3896922386428527,
      0.36936491184162157,
      0.38066439290010123,
      0.3103110381820262,
      0.28283809148615235,
      0.40329769768032825,
      0.3627112640999978,
      0.3945583395567062,
      0.37372514204215584
    ],
    "MIBRE": [
      0.2391431103102105,
      0.24639033611169864,
      0.24806523078357248,
      0.25119010373741635,
      0.25009968002161,
      0.24986190633448355,
      0.2487040597710946,
      0.260346154239032,
      0.25533982631773294,
      0.2371253385847661,
      0.2444467907508401,
      0.2445335730080275,
      0.24433103284513197,
      0.22340517764247653,
      0.22331897835117895,
      0.25199594441671697,
      0.2508543044739044,
      0.26164648015471953,
      0.24616991707685656,
      0.25125094607283494,
      0.25590221935049356,
      0.2529066782332274,
      0.24446875946174337,
      0.2507912512565803,
      0.21440922516862687,
      0.20083267537376925,
      0.2597046279496543,
      0.24149261112379639,
      0.25641434894008985,
      0.24579921811439479
    ]
  },
  "Mean_MAE": 10.96470566276642,
  "Mean_MRE": 30.979517959164923,
  "Mean_MBRE": 0.37128389899309094,
  "Mean_MIBRE": 0.24503135019922265,
  "Median_MAE": 11.098379727801152,
  "Median_MRE": 31.449888931236327,
  "Median_MBRE": 0.3762364606272701,
  "Median_MIBRE": 0.24838464527733356,
  "Runs": [
    {},
    {},
    {},
    {},
    {},
    {},
    {},
    {},
    {},
    {},
    {},
    {},
    {},
    {},
    {},
    {},
    {},
    {},
    {},
    {},
    {},
    {},
    {},
    {},
    {},
    {},
    {},
    {},
    {},
    {}
  ]
}