{
  "Metrics": {
    "MAE": [
      11.483384914185523,
      9.973840192463829,
      10.896552122070197,
      10.289516782392466,
      9.549244605823231,
      10.814322440475438,
      11.829966372641348,
      11.297034929705799,
      10.117030019167933,
      11.411579635529549,
      11.641755059558697,
      11.350197636854556,
      11.025305553042857,
      11.327871788355782,
      10.766809721446977,
      7.6915047095711095,
      11.530569725209501,
      11.411072336322368,
      11.120705438273188,
      11.076867653321212,
      11.538704012680597,
      11.010254345024325,
      11.374229399739452,
      11.585592526124467,
      10.670619145461178,
      11.55329510982114,
      9.651233713160396,
      11.299302031513449,
      9.80454265084293,
      11.524615504260266
    ],
    "MRE": [
      32.04758626578569,
      27.94970781533791,
      30.61292764298961,
      28.828085297018426,
      26.00577525416962,
      30.887452420758216,
      34.20088385096752,
      32.20375064790588,
      28.136591129613294,
      32.915039514808406,
      32.63147836432201,
      32.27307208305597,
      31.438284646321257,
      31.899230920225037,
      29.723054983850837,
      19.763826160789343,
      32.68132980014684,
      32.58571046865888,
      31.815944163950554,
      31.37386448438475,
      32.958982876065875,
      30.854313759168843,
      32.141751554277675,
      33.25924267577709,
      30.004668779164245,
      32.89076632598366,
      26.788749371598207,
      32.30023255005131,
      27.180063524511578,
      32.560886596722455
    ],
    "MBRE": [
      0.39288246457797965,
      0.33159037442124634,
      0.36821952961606785,
      0.3440224602384847,
      0.31354490755785075,
      0.3656713836920407,
      0.40745218404777006,
      0.3844859995229122,
      0.3367750818497743,
      0.3896652583956427,
      0.40016839497746387,
      0.3848878173854396,
      0.3745613199101481,
      0.3874012681188595,
      0.36354005860402655,
      0.23475340096981592,
      0.39571951548981965,
      0.38701795778194736,
      0.3778069908331835,
      0.3743203889469876,
      0.395499737273899,
      0.3726880871798892,
      0.3877970388002149,
      0.3974891358951421,
      0.3568534914140618,
      0.3974646960439021,
      0.3152661380373587,
      0.38614524364559083,
      0.3236778189029946,
      0.394821297260481
    ],
    "MIBRE": [
      0.2544240706729008,
      0.22513736021827987,
      0.24452991449747793,
      0.23159496293575518,
      0.21575040770858292,
      0.24323171900223273,
      0.2627091272513082,
      0.25248846691749666,
      0.22701587570796358,
      0.25380006379798636,
      0.2580354079850835,
      0.25357572576317916,
      0.2465305201310229,
      0.25033436708907403,
      0.23998345939718618,
      0.17062060158799963,
      0.25626941410061327,
      0.2552787821930583,
      0.24758419520042005,
      0.24736142235276562,
      0.25636133589408294,
      0.24611287220839717,
      0.2526654856053939,
      0.2573841722717266,
      0.24081291537444502,
      0.2555262617758422,
      0.21865336489640746,
      0.2524398850641442,
      0.22075681084596957,
      0.2554920426482363
    ]
  },
  "Mean_MAE": 10.887250669167992,
  "Mean_MRE": 30.697108464279367,
  "Mean_MBRE": 0.36807298137969996,
  "Mean_MIBRE": 0.24308203370316775,
  "Median_MAE": 11.208870183989493,
  "Median_MRE": 31.857587542087796,
  "Median_MBRE": 0.38114649517804783,
  "Median_MIBRE": 0.24895928114474702,
  "Runs": [
    {},
    {},
    {},
    {},
    {},
    {},
    {},
    {},
    {},
    {},
    {},
    {},
    {},
    {},
    {},
    {},
    {},
    {},
    {},
    {},
    {},
    {},
    {},
    {},
    {},
    {},
    {},
    {},
    {},
    {}
  ]
}