{
  "Metrics": {
    "MAE": [
      10.757139439059547,
      8.34466183397969,
      9.409830071694632,
      8.311578257700141,
      8.389722512273615,
      9.332234075778434,
      10.736761787895997,
      10.532897894000637,
      8.47976921661929,
      9.49389038034928,
      10.877474760859414,
      10.702023515951112,
      9.258933294458988,
      10.798227565117346,
      9.371586945245102,
      7.861553515304485,
      10.615832614679668,
      10.663004747858619,
      9.624186358717393,
      9.538824854910226,
      10.558961818589227,
      9.54298372092894,
      10.527704539606528,
      10.850399096328376,
      9.248525141538568,
      10.790586167641035,
      8.471144272880823,
      9.57631005336887,
      8.537487039966917,
      10.861186245716993
    ],
    "MRE": [
      25.287197050141508,
      19.731252197697412,
      22.68043132646537,
      19.507990730574935,
      19.7359108401061,
      22.89826356028481,
      26.339537623494923,
      26.435674658969084,
      19.611399406567784,
      22.61703882693578,
      26.06136356422974,
      26.057769937192628,
      22.642591288714407,
      26.07190412950387,
      21.99110228490248,
      18.471610765710405,
      26.00863356971092,
      26.189495508899352,
      23.440712667704624,
      22.864820529690448,
      25.674636113633237,
      22.54304238586449,
      25.454381981187208,
      26.98443958332271,
      21.808337851748604,
      26.514272210602783,
      19.771335504675992,
      22.817630380451483,
      20.47350483956868,
      26.35688415188143
    ],
    "MBRE": [
      0.3785704274623023,
      0.26338366573826266,
      0.3085028408447236,
      0.2602472644536525,
      0.2645046065639529,
      0.30739202027965107,
      0.37389805439951634,
      0.3594894730603809,
      0.26984391406207753,
      0.31630812078982823,
      0.38152033118246614,
      0.37175687154663983,
      0.3020279848032679,
      0.3786493363353419,
      0.3083759224006455,
      0.2429310839850836,
      0.3674335942436216,
      0.36761571595585824,
      0.320075261084001,
      0.31563977388077663,
      0.36560248639888737,
      0.3169088547357533,
      0.363401293989634,
      0.37904462162650104,
      0.3033629861921969,
      0.37636703194719395,
      0.26881797011326763,
      0.3188535680028668,
      0.2714267502138952,
      0.38100807344291615
    ],
    "MIBRE": [
      0.23201226864822203,
      0.18115959580514093,
      0.2054423553791026,
      0.18062183070490778,
      0.18173610381590916,
      0.20495314591051905,
      0.2342915850768945,
      0.232627341192715,
      0.1828202682680785,
      0.2064725570497272,
      0.2361433225918761,
      0.23381216751913306,
      0.2033969159585545,
      0.23399335751933475,
      0.20245004348154774,
      0.1701050045413497,
      0.23182753622924038,
      0.23381612601129464,
      0.2103257185705416,
      0.20761600132414726,
      0.2304885803431254,
      0.20630391149093621,
      0.22936587852375612,
      0.23681590943669287,
      0.20081280251130168,
      0.2349658791098904,
      0.1825804911419543,
      0.2076473696042275,
      0.18604763932018112,
      0.2353062676289497
    ]
  },
  "Mean_MAE": 9.735514057967327,
  "Mean_MRE": 23.43477218234778,
  "Mean_MBRE": 0.326765329991172,
  "Mean_MIBRE": 0.21186526582364176,
  "Median_MAE": 9.559646887148904,
  "Median_MRE": 22.88154204498763,
  "Median_MBRE": 0.31788121136931,
  "Median_MIBRE": 0.20763168546418737,
  "Runs": [
    {},
    {},
    {},
    {},
    {},
    {},
    {},
    {},
    {},
    {},
    {},
    {},
    {},
    {},
    {},
    {},
    {},
    {},
    {},
    {},
    {},
    {},
    {},
    {},
    {},
    {},
    {},
    {},
    {},
    {}
  ]
}