{
  "Metrics": {
    "MAE": [
      7.458134480358968,
      6.654719784073005,
      8.545044837723648,
      6.611589266426656,
      6.704910780696749,
      8.72447620700453,
      7.151486271804648,
      8.290515219878632,
      6.512325573028915,
      6.328242770376195,
      8.51728351896549,
      7.924365277756344,
      8.76663462588174,
      6.537091813475775,
      7.756466012713244,
      7.401278407580262,
      6.345098411057463,
      7.791501455018486,
      8.117112749183514,
      5.873001318378687,
      6.363277437127642,
      7.316515112961838,
      7.102098284726491,
      6.8024764429829885,
      6.991028296797551,
      5.116435773419702,
      5.839362704129202,
      6.862855477718516,
      6.99423278687802,
      6.188051134368331
    ],
    "MRE": [
      525.9110996538902,
      387.9788948856373,
      683.0691441517766,
      386.8100657303096,
      361.22573409344227,
      633.9622093929224,
      471.8983114198237,
      662.5529874445838,
      335.5909850641702,
      382.0355652532422,
      638.3445660286718,
      545.3200467127579,
      672.0087434659685,
      400.93588367178734,
      500.8315547289437,
      470.8514734730828,
      373.6696713395993,
      546.5177291783793,
      595.7310178890119,
      410.80316194628523,
      375.5191590386219,
      469.98146948330873,
      517.3868794455489,
      352.79316886477864,
      355.7826858544933,
      225.51018635102386,
      284.73371142461275,
      516.2639867262411,
      432.5031898118218,
      378.5981979531145
    ],
    "MBRE": [
      5.395050472236916,
      4.054303289183025,
      6.949298989992177,
      4.033807705613492,
      3.786234853450107,
      6.668498483785898,
      4.826547903527033,
      6.721463392456665,
      3.570114821106431,
      3.9094049519142433,
      6.590231678531934,
      5.695455743752731,
      6.952195023677654,
      4.12954142010579,
      5.248050550677926,
      4.982819474393906,
      3.8694142390332282,
      5.650037794305423,
      6.141005362938483,
      4.1641042161280994,
      3.889402997519926,
      4.909841059891759,
      5.287017326989634,
      3.7991608374823396,
      3.901844604129413,
      2.2935892416605954,
      2.9713391570241905,
      5.251096072964035,
      4.510447180445251,
      3.8559241244218874
    ],
    "MIBRE": [
      0.6527003314640785,
      0.6329072588279774,
      0.6690293712211736,
      0.6216280454749433,
      0.6381904017779685,
      0.6825404470381281,
      0.6585421419659357,
      0.6627293290628098,
      0.6184300397298604,
      0.6305435955506795,
      0.6816193243763621,
      0.6669666909573161,
      0.6767070996130794,
      0.6268386726105514,
      0.6655367021242835,
      0.6413699769959544,
      0.6228268325595647,
      0.6748782985970122,
      0.6666086923597971,
      0.607601173037439,
      0.6306591750459135,
      0.6516960739710854,
      0.6356736565890826,
      0.641688865112631,
      0.6488930442235946,
      0.5613338682246757,
      0.613534776389443,
      0.618948489625574,
      0.6481926586166935,
      0.6334872597080301
    ]
  },
  "Mean_MAE": 7.119587074416441,
  "Mean_MRE": 463.17071601592846,
  "Mean_MBRE": 4.800241432311339,
  "Mean_MIBRE": 0.6427434097617212,
  "Median_MAE": 6.992630541837785,
  "Median_MRE": 451.24232964756527,
  "Median_MBRE": 4.668497541986142,
  "Median_MIBRE": 0.6415294210542928,
  "Runs": [
    {},
    {},
    {},
    {},
    {},
    {},
    {},
    {},
    {},
    {},
    {},
    {},
    {},
    {},
    {},
    {},
    {},
    {},
    {},
    {},
    {},
    {},
    {},
    {},
    {},
    {},
    {},
    {},
    {},
    {}
  ]
}