{
  "Metrics": {
    "MAE": [
      0.2445424841503266,
      0.10965842011192119,
      0.08680292812274622,
      0.08147604895896614,
      0.12489019238790626,
      0.12271482704476958,
      0.07752117009269557,
      0.7013680317366636,
      0.6020808447100514,
      0.1022376946104757,
      0.15362329239562852,
      0.07891537929969923,
      0.10030654466374425,
      0.1246536037484287,
      0.12268895801245548,
      0.14151631701633846,
      0.1018647364907864,
      0.21946360051774194,
      0.21681391325251315,
      0.12864723492149546,
      0.11206925071716811,
      0.1286433544382736,
      0.3208226140668669,
      0.22641468567083076,
      0.13814970682244215,
      1.302103696347391,
      0.40634321301095017,
      0.11302159668111118,
      0.06775309525151674,
      0.12306781823700803
    ],
    "MRE": [
      11.405610695102977,
      6.139970769504986,
      6.550524198669123,
      5.2973239077945395,
      9.181615485519671,
      7.785624442131186,
      5.241212261982845,
      49.17333276196205,
      13.376887486198207,
      6.594631513441314,
      9.277233905817633,
      5.852342618695824,
      6.22781314452124,
      7.047566019502899,
      6.914984102364094,
      5.283928862286101,
      5.709899666611005,
      7.1598964842613135,
      9.321656916343517,
      7.802261715369224,
      6.208681531072933,
      5.227022559222107,
      11.232367253181627,
      5.158695388715365,
      5.669806772496569,
      25.35830641095736,
      9.321046989239107,
      8.04994589336559,
      3.4529916983917386,
      6.146263508012945
    ],
    "MBRE": [
      0.12196873545005293,
      0.06977610260079196,
      0.0742984146623795,
      0.05467266530676306,
      0.09296102921167225,
      0.08651047923787546,
      0.05437881633325821,
      0.4947628402800299,
      0.14928408961165415,
      0.0675536585440439,
      0.09817607791074683,
      0.059915157448474976,
      0.0664507635851191,
      0.07250521212884428,
      0.07176248245277143,
      0.054618054231447444,
      0.05943454284906911,
      0.07542751889982546,
      0.1008360334166224,
      0.07968263321421393,
      0.06326608577278307,
      0.055348840121639174,
      0.1491982834437751,
      0.05324329172456923,
      0.06429419308395759,
      0.2608791517445622,
      0.09525804246823089,
      0.08508455376216544,
      0.03543858904032294,
      0.06527911337249599
    ],
    "MIBRE": [
      0.0876587536678463,
      0.05841408440447663,
      0.06108479829285909,
      0.04773566894468991,
      0.0739302422576306,
      0.06812828661260084,
      0.048000232183838386,
      0.14756830749155336,
      0.1030427231817063,
      0.05876801889770766,
      0.07896858015147297,
      0.051763935482590236,
      0.058501154167020925,
      0.062187530384789996,
      0.06268298384353528,
      0.044180322652943006,
      0.05213179360024755,
      0.06525883686265135,
      0.08499470222411543,
      0.06824765189428428,
      0.055168719685498455,
      0.046054872674783275,
      0.10393902706497665,
      0.04785783074966836,
      0.05500795274761051,
      0.12136964007144756,
      0.07020014830471237,
      0.0706324440264532,
      0.03291486293241151,
      0.05749703296007648
    ]
  },
  "Mean_MAE": 0.21933917511629708,
  "Mean_MRE": 9.23898149875784,
  "Mean_MBRE": 0.0977421817303386,
  "Mean_MIBRE": 0.06812970461387328,
  "Median_MAE": 0.12477189806816748,
  "Median_MRE": 6.754807807902704,
  "Median_MBRE": 0.07213384729080785,
  "Median_MIBRE": 0.061636164338824545,
  "Runs": [
    {},
    {},
    {},
    {},
    {},
    {},
    {},
    {},
    {},
    {},
    {},
    {},
    {},
    {},
    {},
    {},
    {},
    {},
    {},
    {},
    {},
    {},
    {},
    {},
    {},
    {},
    {},
    {},
    {},
    {}
  ]
}