{
  "Metrics": {
    "MAE": [
      6.037714520231085,
      7.4764159541837305,
      8.377747413477701,
      7.975181542040344,
      9.53296825573881,
      2.2816347647000796,
      7.493546868645815,
      5.4561178239089925,
      4.461807407470305,
      7.018554245594013,
      8.412391129630398,
      6.74088500511714,
      3.772203022287,
      4.314474182803614,
      8.943299831465708,
      4.361684906817636,
      6.401273143380651,
      7.994158831023506,
      9.135081320914704,
      7.887694472443476,
      7.127110859470864,
      8.7533517775567,
      8.237283314088542,
      7.774335887724572,
      6.949293163733212,
      7.073707084460427,
      3.0044585699803696,
      9.08886023321159,
      7.3752867843892025,
      9.146404166463803
    ],
    "MRE": [
      334.6562694685214,
      382.36064508305697,
      626.6397885517118,
      499.26046580942733,
      760.1956880925026,
      49.74655044672338,
      452.0691971362833,
      150.65147550405072,
      109.76690170697813,
      428.0017442572286,
      567.1684630263246,
      399.2631916472358,
      59.6192634521345,
      120.7215140341033,
      615.2170335592582,
      91.62859371974821,
      355.09972724835075,
      524.795134362727,
      657.0483213727263,
      502.7575951196402,
      390.1180587811871,
      594.8989950454861,
      500.6107305390035,
      346.0730191560648,
      358.9399300035315,
      366.66167264336565,
      53.68885213843598,
      675.1094935047903,
      461.00858915246994,
      679.713616550803
    ],
    "MBRE": [
      3.4902413344962055,
      4.179981657683166,
      6.43137243129568,
      5.389641549899273,
      7.8332881444744995,
      0.6190905574775346,
      4.5137317450998715,
      1.624588991353248,
      1.391403417354211,
      4.458417623567842,
      6.067803378406669,
      4.187087204373248,
      0.6996480616631479,
      0.9100467236726132,
      6.694933128333206,
      1.3063037925321688,
      3.716187653663281,
      5.40615576474992,
      7.127296890263449,
      5.288215826858721,
      4.148883476110998,
      6.548211241976159,
      5.43288542951812,
      4.968085965210149,
      4.019818444875914,
      4.168099801778617,
      0.6423583286100407,
      7.050499889293056,
      4.6596082344368925,
      7.2299337147408105
    ],
    "MIBRE": [
      0.5811471469985776,
      0.6726718484378965,
      0.6853025260189467,
      0.6660566295584192,
      0.7047620178792973,
      0.30809261776279273,
      0.7045910669848182,
      0.45213629516422627,
      0.487169464487658,
      0.5882324642557268,
      0.6750992576056962,
      0.6148628596971515,
      0.3649166291120928,
      0.40613067554446863,
      0.7037004072104244,
      0.42450940254309966,
      0.5984314724898889,
      0.7469522330770192,
      0.706958145013888,
      0.6827133840834816,
      0.6132970907736756,
      0.692423915841597,
      0.6901429298469193,
      0.6593416806704745,
      0.6133882235363588,
      0.5709721296063124,
      0.31471216918304845,
      0.6998742290059659,
      0.7895591116918343,
      0.6987098813193117
    ]
  },
  "Mean_MAE": 6.9534975494318,
  "Mean_MRE": 403.78301737046235,
  "Mean_MBRE": 4.34012734679229,
  "Mean_MIBRE": 0.6038952635133689,
  "Median_MAE": 7.425851369286466,
  "Median_MRE": 413.6324679522322,
  "Median_MBRE": 4.486074684333857,
  "Median_MIBRE": 0.6626991551144468,
  "Runs": [
    {},
    {},
    {},
    {},
    {},
    {},
    {},
    {},
    {},
    {},
    {},
    {},
    {},
    {},
    {},
    {},
    {},
    {},
    {},
    {},
    {},
    {},
    {},
    {},
    {},
    {},
    {},
    {},
    {},
    {}
  ]
}