{
  "Metrics": {
    "MAE": [
      3.6070015792697703,
      3.6334488369111897,
      3.7047690448022315,
      3.317916774444302,
      3.7975886502753764,
      3.979968710562435,
      3.922945327679956,
      4.09559451898393,
      4.222663561465452,
      3.636879698069539,
      3.83178695274326,
      4.126935755302455,
      3.2037129110396987,
      3.6088373505948184,
      3.823497247631166,
      4.0504093545444135,
      3.889067902274673,
      3.9490139708668086,
      3.832691356381619,
      4.045321223544725,
      3.287240408726897,
      3.9123400300075817,
      4.75122334417577,
      3.967469161393967,
      3.61042449576636,
      4.609046530482077,
      3.9320434581050683,
      3.520073227080927,
      3.30257708352514,
      3.576648004519465
    ],
    "MRE": [
      293.9785088675906,
      239.71086379430528,
      301.8736595058198,
      193.98043954946914,
      266.1281801429014,
      330.785231073904,
      305.09461522997935,
      323.865453770334,
      298.4851876693352,
      300.2232167372215,
      319.84716659743896,
      302.9896432964908,
      221.40594758448015,
      286.21160323796175,
      270.7093957232824,
      267.71736610544235,
      332.9833968901129,
      337.5106290983562,
      307.9494691146708,
      295.7829283751354,
      260.38628396082555,
      280.589357055907,
      435.46972341375874,
      273.15362707907514,
      245.8590625012007,
      308.13490938324173,
      217.0677592774891,
      249.2828434131397,
      242.18910499336008,
      268.6697918922029
    ],
    "MBRE": [
      0.7240151270928974,
      0.6482330881541071,
      1.4783687178242835,
      1.147821375630921,
      1.755815399833921,
      1.3442536614652438,
      2.9943878294310813,
      3.632565550225348,
      3.385515406445354,
      0.9060169641798629,
      -0.812796921549537,
      1.2189745258265845,
      0.7980779545752075,
      1.4501922912360317,
      -9.94955647519915,
      1.126537597572747,
      1.1704973244781285,
      0.5662503364149792,
      0.6681450995917606,
      1.7004697417495593,
      0.5715266897169916,
      0.9693507845168602,
      0.7766163434639677,
      0.30424644596087774,
      0.8722330195202073,
      0.8976694349600147,
      0.6224224775495978,
      1.9328430861074166,
      2.4003152169857644,
      0.6705409806381314
    ],
    "MIBRE": [
      2.2469296637995897,
      1.7281336542175332,
      1.751915873057471,
      1.2875387015608366,
      1.083887796690946,
      2.3587121108506452,
      1.960171093566884,
      1.643265509852606,
      2.1756393642413037,
      2.0929138591910994,
      2.046801314419384,
      1.8195637309375656,
      1.4765962890454456,
      1.6149217749201357,
      2.1112389014153883,
      1.7443852165102138,
      2.076223475269577,
      2.7770909684546172,
      2.304738190281371,
      1.4154934267234278,
      1.9060635176691794,
      1.7903981734321495,
      3.6691557790361538,
      1.934863357952918,
      1.7088457158642645,
      2.231561848914011,
      1.2935284183168558,
      1.2114048830471247,
      1.688157990823252,
      1.907519134187705
    ]
  },
  "Mean_MAE": 3.8249712157057028,
  "Mean_MRE": 285.93451217781444,
  "Mean_MBRE": 0.8657183024799721,
  "Mean_MIBRE": 1.901921991141655,
  "Median_MAE": 3.8322391545624397,
  "Median_MRE": 290.09505605277616,
  "Median_MBRE": 0.9376838743483615,
  "Median_MIBRE": 1.8628136243033726,
  "Runs": [
    {},
    {},
    {},
    {},
    {},
    {},
    {},
    {},
    {},
    {},
    {},
    {},
    {},
    {},
    {},
    {},
    {},
    {},
    {},
    {},
    {},
    {},
    {},
    {},
    {},
    {},
    {},
    {},
    {},
    {}
  ]
}