{
  "Metrics": {
    "MAE": [
      5.0482366224729835,
      5.0948888257350715,
      7.124836946026683,
      4.228328192477644,
      4.935560239515323,
      8.186109842668243,
      3.595929187627981,
      5.513738515527524,
      3.0710061860850555,
      4.10987618605522,
      4.98868219002857,
      6.872459790105411,
      4.187010595294165,
      2.42918940316697,
      6.342027138632165,
      6.665548736897377,
      3.2304402042797307,
      5.636845003721889,
      5.4122267953080865,
      2.186944873301912,
      4.625769483247858,
      4.435919879663634,
      3.37217995036545,
      3.6000282770342253,
      3.4650276035271492,
      3.082756084257258,
      2.338186192141723,
      5.43050427946457,
      4.436026845333955,
      4.157777266474582
    ],
    "MRE": [
      258.24089808877744,
      225.62321057073805,
      519.8070911454371,
      200.78848852834662,
      243.2280423257024,
      517.4615159121578,
      169.61753510832617,
      384.88093399848566,
      124.77966478551679,
      244.32316127377422,
      262.11736429561114,
      356.7161334482026,
      237.1952021636905,
      97.41054973315691,
      331.29862138355486,
      386.29180657850696,
      137.82694947740316,
      327.1635567476042,
      373.68030555343427,
      83.00463185929623,
      275.88065296805354,
      211.0054543511581,
      151.27894237646714,
      136.40321498802223,
      112.09813833213668,
      134.58493988824952,
      99.18333810744289,
      368.42414024373164,
      203.72028728349184,
      274.8657417633774
    ],
    "MBRE": [
      0.8737055484052073,
      2.673633450728754,
      5.184138622010981,
      2.717844561387397,
      2.0221575905558136,
      3.8156374450223796,
      1.3987592561094018,
      3.9191114128946114,
      1.2682369215138285,
      2.3611846234988003,
      1.8202052049262156,
      3.7820465380086437,
      1.675979898201192,
      0.6591596851798703,
      3.368609146137487,
      4.270288427099986,
      1.148040237891557,
      2.910580708453572,
      4.344885772269797,
      0.6762745093253684,
      2.169117217759879,
      1.8543315209402471,
      0.5864195337044807,
      2.1965549488939087,
      1.3518799760870595,
      1.3711568281423516,
      0.6250205829553568,
      3.4882027871164047,
      2.13261144424028,
      2.632316731059387
    ],
    "MIBRE": [
      0.7497986758264314,
      0.6898478104196025,
      0.7191660239206188,
      0.588655367293928,
      0.7194066376345324,
      0.7590862546771532,
      0.5949038560970533,
      0.7310102899099494,
      0.4353640047508953,
      0.7149418807634675,
      0.9217175839163938,
      0.7947093031931693,
      0.9706223509411825,
      0.3933473141209799,
      0.8091129768747652,
      0.5939385078462391,
      0.5253298519464306,
      0.7827551162819139,
      0.6985104775865354,
      0.5006457345275364,
      0.863521782249962,
      0.7568587097857388,
      0.9407064167719367,
      0.6759674699955978,
      0.44592364372093213,
      0.5081820736444838,
      0.4427282531960524,
      0.7067864469866808,
      0.6738575619608986,
      0.5328637191082451
    ]
  },
  "Mean_MAE": 4.593468711214613,
  "Mean_MRE": 248.29668377599512,
  "Mean_MBRE": 2.309936371017341,
  "Mean_MIBRE": 0.6746755365316435,
  "Median_MAE": 4.435973362498794,
  "Median_MRE": 240.21162224469646,
  "Median_MBRE": 2.1508643310000792,
  "Median_MIBRE": 0.702648462286608,
  "Runs": [
    {},
    {},
    {},
    {},
    {},
    {},
    {},
    {},
    {},
    {},
    {},
    {},
    {},
    {},
    {},
    {},
    {},
    {},
    {},
    {},
    {},
    {},
    {},
    {},
    {},
    {},
    {},
    {},
    {},
    {}
  ]
}