{
  "Metrics": {
    "MAE": [
      7.290766225381458,
      6.411912335528731,
      7.712535102779384,
      5.3447546368911985,
      5.402819842514575,
      8.317674375000426,
      6.078814130581418,
      7.337372245639039,
      6.411449707151724,
      4.55497040441652,
      8.344740834656605,
      7.762831736926287,
      8.520536599162247,
      5.175158893941577,
      7.300953729040845,
      7.2744849947841175,
      6.165730705134731,
      7.113476741477872,
      7.895392488066525,
      4.808701582576051,
      5.898553073465724,
      6.733147418052714,
      6.248018367218063,
      6.327584495430877,
      6.013027297949816,
      3.337824312745112,
      4.874874449866856,
      6.446571842440553,
      6.2717761703925134,
      4.5811163007818
    ],
    "MRE": [
      447.49804721041846,
      291.8453243795486,
      539.3331625238858,
      215.9737677239025,
      148.81738479300103,
      558.3459392173414,
      326.6868972498798,
      488.04843173491076,
      234.04377176861453,
      224.1905570813371,
      597.7264284101605,
      497.6609936247532,
      608.9622623676082,
      230.78468484935786,
      389.09472600174325,
      403.20005996007876,
      286.9198213798008,
      401.6219279238233,
      540.8247002522121,
      234.26914260926316,
      244.20752346800336,
      380.78470293851467,
      334.3304086736104,
      227.8897394527012,
      185.88299979246528,
      61.94373249187773,
      112.635739927027,
      420.1690884046095,
      327.0594686711844,
      165.08458517957192
    ],
    "MBRE": [
      4.729596407897628,
      3.274626096439014,
      5.569752752720079,
      2.3379924357158592,
      1.6919115789838788,
      5.961895132972274,
      3.4041565851241944,
      5.0680745305688495,
      2.812222549821549,
      2.3205001032995223,
      6.268041040278907,
      5.302992718264289,
      6.4135251136117635,
      2.509436164248641,
      4.254837124177434,
      4.449136973743598,
      3.1138218247590985,
      4.269994383737439,
      5.633501863556658,
      2.4476518241595793,
      2.6774533940776735,
      4.07887643414315,
      3.5473012775011052,
      2.663154265496157,
      2.2996620681559636,
      0.669600111870586,
      1.319360688262613,
      4.319445209479871,
      3.450683443879644,
      1.7347137202428686
    ],
    "MIBRE": [
      0.6445248729780948,
      0.6150697833022689,
      0.6364196438057127,
      0.5421841157007948,
      0.5034788744166734,
      0.6746833934952334,
      0.6215691216962194,
      0.6447718802436443,
      0.5964480928295415,
      0.5012999239597594,
      0.6740762725394329,
      0.6634309841649737,
      0.6778510423532524,
      0.5385894187637457,
      0.6698813653021708,
      0.6317080721750317,
      0.5930744166523427,
      0.6500455372400711,
      0.6594119040048058,
      0.5329639838049689,
      0.5739429245831706,
      0.6190217729668147,
      0.599283736011032,
      0.5916820044336302,
      0.5676470325046485,
      0.3349679207749973,
      0.4695458292493365,
      0.5863899596139595,
      0.6093877713439536,
      0.520574164394105
    ]
  },
  "Mean_MAE": 6.398585701333178,
  "Mean_MRE": 337.52786733537357,
  "Mean_MBRE": 3.6197972605729962,
  "Mean_MIBRE": 0.5914641938434796,
  "Median_MAE": 6.369517101291301,
  "Median_MRE": 326.87318296053206,
  "Median_MBRE": 3.4274200145019194,
  "Median_MIBRE": 0.6043357536774928,
  "Runs": [
    {},
    {},
    {},
    {},
    {},
    {},
    {},
    {},
    {},
    {},
    {},
    {},
    {},
    {},
    {},
    {},
    {},
    {},
    {},
    {},
    {},
    {},
    {},
    {},
    {},
    {},
    {},
    {},
    {},
    {}
  ]
}