{
  "Metrics": {
    "MAE": [
      251.9591929263756,
      480.6153739553983,
      299.49825885960314,
      325.9547673459913,
      258.4699989225044,
      243.3263841222544,
      219.20521579804966,
      361.0167650879406,
      209.87779498699584,
      349.80098336225,
      310.6106401036997,
      416.31890561463405,
      263.80193464352135,
      320.9617107120368,
      335.50537719101203,
      170.47877499314606,
      285.9656057118067,
      216.5887819925944,
      325.11869583338336,
      427.0228103721077,
      468.49423900875246,
      162.5457463665738,
      431.4459141382103,
      248.60569779859867,
      183.9585673493766,
      323.2549263938529,
      348.24068020679914,
      223.54544911931777,
      387.8444672464673,
      450.64534309053687
    ],
    "MRE": [
      16.756913789573762,
      32.70098720608887,
      19.757023190227944,
      20.03617530213651,
      20.22239751168081,
      18.160446621293993,
      16.45339655419544,
      27.256812688398487,
      13.079641217575604,
      23.895771712554357,
      19.401677618821882,
      32.94851632228757,
      20.94740720838788,
      21.743587141329122,
      25.087901064980134,
      13.083742344024046,
      21.184565734351036,
      15.84988277500777,
      22.659541928104485,
      26.03138609779811,
      30.29625804208328,
      12.691544490492774,
      32.49256597065602,
      18.110576645496415,
      13.484822564813804,
      26.406637728129446,
      23.600824781183302,
      15.248364891044616,
      33.319288745630985,
      38.247327942940274
    ],
    "MBRE": [
      0.19543503112796423,
      0.4814283600572238,
      0.2398689681884384,
      0.265079735516817,
      0.2193470289894876,
      0.19005962737045118,
      0.17066263669657364,
      0.30360789669318583,
      0.154519024026325,
      0.2884466064087158,
      0.24586440537444537,
      0.35593859785829224,
      0.2119938988698907,
      0.25964076359877436,
      0.2795355470858635,
      0.1379888551308382,
      0.23866329748498888,
      0.17224339890003376,
      0.2622872284098601,
      0.398661493184176,
      0.4666913053422877,
      0.13476502951003894,
      0.3755237047672163,
      0.19405008925489126,
      0.14307104804004578,
      0.27000366567154616,
      0.3052243122319871,
      0.16971084649816998,
      0.33456483520732205,
      0.3925670435329214
    ],
    "MIBRE": [
      0.14591560346528362,
      0.2830886331236357,
      0.17641470198338582,
      0.18631940362831767,
      0.1630586071239609,
      0.14590246844473798,
      0.13704403590353853,
      0.20668290102997816,
      0.12316983048844074,
      0.2038908119463358,
      0.17931858851402943,
      0.2371773734670875,
      0.14146542752789457,
      0.18518193149427334,
      0.19964481370757484,
      0.11356624319357403,
      0.17273614413908156,
      0.13706873447684162,
      0.19150810942924987,
      0.23986539093694303,
      0.2757369995238176,
      0.11175997117311799,
      0.24248176017337836,
      0.1492594964458773,
      0.11658890478294762,
      0.1922411078891747,
      0.21107247345620422,
      0.13570857513083226,
      0.2236664789684583,
      0.24855270495611634
    ]
  },
  "Mean_MAE": 310.022633441793,
  "Mean_MRE": 22.37186619437629,
  "Mean_MBRE": 0.26191480936762573,
  "Mean_MIBRE": 0.1825362742174697,
  "Median_MAE": 315.78617540786826,
  "Median_MRE": 21.065986471369456,
  "Median_MBRE": 0.25275258448660987,
  "Median_MIBRE": 0.1822502600041514,
  "Runs": [
    {},
    {},
    {},
    {},
    {},
    {},
    {},
    {},
    {},
    {},
    {},
    {},
    {},
    {},
    {},
    {},
    {},
    {},
    {},
    {},
    {},
    {},
    {},
    {},
    {},
    {},
    {},
    {},
    {},
    {}
  ]
}