{
  "Metrics": {
    "MAE": [
      400.9413738688484,
      316.6393352571081,
      365.89398032641805,
      340.8784404692102,
      385.37361334503674,
      227.7503975102159,
      251.0045509651059,
      359.4079049157314,
      390.6452378444984,
      388.15470080141165,
      408.83364849403256,
      374.7492389491347,
      391.41865548931185,
      373.56624860919885,
      388.2055709401115,
      218.80558826884285,
      385.3548225402833,
      331.2998047000072,
      321.044328126751,
      413.4010727178855,
      421.2128811945682,
      212.9896425340997,
      344.97272743475236,
      275.821301744805,
      347.5764885386483,
      261.7128683309086,
      361.4014665009546,
      347.60267945586656,
      517.1215790295211,
      390.84939745293286
    ],
    "MRE": [
      26.11929825996988,
      21.006725476180215,
      24.554511594229258,
      20.603306145358584,
      29.255242194730606,
      15.856938285109493,
      19.380967812781062,
      27.528910711312843,
      24.46696519698382,
      24.922133438978634,
      25.75920639761973,
      31.070092444560853,
      31.072514192270027,
      25.9502565030586,
      28.94551585201915,
      16.24078018805113,
      29.797756464479484,
      24.853782410046577,
      20.50578026587812,
      25.28309494909116,
      25.31892381853136,
      15.010001090782726,
      25.54625896031016,
      19.770438444268756,
      25.30289351835743,
      19.95268675591856,
      23.843095848367255,
      24.875200392723627,
      43.732271058179265,
      32.82546426047357
    ],
    "MBRE": [
      0.3415070449746053,
      0.2780718420320053,
      0.3037501622311925,
      0.2838621879567957,
      0.31904995378834644,
      0.17583863774171718,
      0.20237568228289934,
      0.3022206019247825,
      0.34301032021683514,
      0.3293293712352821,
      0.3590655743428667,
      0.32229668991448623,
      0.3317358690678159,
      0.3139351436751478,
      0.3277449038193718,
      0.17378513500924442,
      0.32898351459301783,
      0.27433462443309103,
      0.25656293423072196,
      0.3692235042800287,
      0.3843100083237033,
      0.16438834334084418,
      0.2835554182927698,
      0.21403894639609722,
      0.2838963867861893,
      0.2060926028568017,
      0.3067850296781285,
      0.2797752664035934,
      0.44776302731830475,
      0.3343721110918511
    ],
    "MIBRE": [
      0.2310040312270948,
      0.18882763005402067,
      0.21121167065659235,
      0.194717546334234,
      0.224795546217588,
      0.1376819707723102,
      0.14081176721445207,
      0.20912965831421146,
      0.22033595985957646,
      0.2225556955753262,
      0.23137327907586352,
      0.21244521637274846,
      0.21611028567989493,
      0.21443723721975189,
      0.22622685061610545,
      0.13412037152458484,
      0.21808218258256779,
      0.2010545863733629,
      0.17943392615116796,
      0.23218538180619266,
      0.2367396458122063,
      0.13332180937151727,
      0.20632751340889874,
      0.15774371401673515,
      0.2044546598651294,
      0.1452468769118011,
      0.20729229476481031,
      0.21069790894247784,
      0.2800556939351977,
      0.21936506612278653
    ]
  },
  "Mean_MAE": 350.48765154520675,
  "Mean_MRE": 24.978367097687396,
  "Mean_MBRE": 0.2947220279412845,
  "Mean_MIBRE": 0.20159286589264022,
  "Median_MAE": 363.6477234136863,
  "Median_MRE": 25.1026141940349,
  "Median_MBRE": 0.30526759595466046,
  "Median_MIBRE": 0.21095478979953508,
  "Runs": [
    {},
    {},
    {},
    {},
    {},
    {},
    {},
    {},
    {},
    {},
    {},
    {},
    {},
    {},
    {},
    {},
    {},
    {},
    {},
    {},
    {},
    {},
    {},
    {},
    {},
    {},
    {},
    {},
    {},
    {}
  ]
}