{
  "Metrics": {
    "MAE": [
      286.6953615782691,
      405.4981339835077,
      330.5155654740464,
      375.3518352404318,
      324.7020838565513,
      419.6898631424201,
      410.9368311772581,
      314.7195050911825,
      311.27412453531565,
      291.0325067249152,
      359.9424095466489,
      311.11250422326594,
      208.85191658103406,
      313.70323641000545,
      426.9794990060108,
      365.8761884345383,
      218.426416109429,
      230.72589990584575,
      232.43197705628444,
      440.94356037410887,
      219.49071431186036,
      242.34133959702453,
      396.75170948153635,
      324.6786041353569,
      336.7211175574631,
      220.53050643003698,
      341.1936951621634,
      335.95970028945004,
      359.8931101814646,
      407.3930349714769
    ],
    "MRE": [
      21.09979457278872,
      28.928772352705867,
      22.644635251927927,
      23.290492503921914,
      25.400661888639302,
      30.314815221513424,
      30.10544443746288,
      23.320064666066568,
      20.210715513584343,
      19.909300356756773,
      22.681800238186796,
      25.861771928815497,
      15.099648868999576,
      20.6125164708553,
      31.054169915690537,
      25.405613351762646,
      17.436578505601975,
      18.27723614309516,
      16.095803009699463,
      28.643903171645952,
      14.898464218369531,
      19.717350693099046,
      30.175953146477013,
      23.92692120536088,
      23.974315155300314,
      17.65732600305278,
      25.331618400828322,
      21.181865138834606,
      29.719232217521608,
      33.8543532057569
    ],
    "MBRE": [
      0.24078108772851523,
      0.32971050975911265,
      0.2767222913522435,
      0.32967209239338796,
      0.2763334541776998,
      0.3510826343890391,
      0.3443845197412983,
      0.2551217206450566,
      0.24355001093313491,
      0.23672710988718537,
      0.2999660790226129,
      0.27189990236272865,
      0.163279329334729,
      0.24523029300421015,
      0.3676578591821138,
      0.3213984156425426,
      0.1752708336584151,
      0.18870835556660506,
      0.17776864695827374,
      0.4131510770560717,
      0.17284760103134797,
      0.20362271093064435,
      0.34477906920511425,
      0.2822997417421847,
      0.28636691836575995,
      0.18441035262786298,
      0.2798712923654387,
      0.2735395220370915,
      0.30319748707420285,
      0.35544393880988734
    ],
    "MIBRE": [
      0.1770529118871563,
      0.21879479918056816,
      0.19517158361876852,
      0.2204445320451915,
      0.19489786948821136,
      0.2436387922754787,
      0.23284123319344766,
      0.18617436216992747,
      0.18041995576269354,
      0.17622150261091607,
      0.20876541980343702,
      0.18886465947589687,
      0.13212914613816917,
      0.18370960689839855,
      0.24326899868109303,
      0.20115160707820007,
      0.13099072742891973,
      0.13972270952434618,
      0.13885045434672505,
      0.25502454001160385,
      0.138269413217274,
      0.14732523567043324,
      0.23085249583911233,
      0.19750216591901135,
      0.20197381788294996,
      0.14377178307026936,
      0.20311540355968377,
      0.19385356297947007,
      0.2108957353818622,
      0.23443585669882852
    ]
  },
  "Mean_MAE": 325.47876501896343,
  "Mean_MRE": 23.561037925144053,
  "Mean_MBRE": 0.27315982856615034,
  "Mean_MIBRE": 0.1916710293946014,
  "Median_MAE": 327.60882466529887,
  "Median_MRE": 23.30527858499424,
  "Median_MBRE": 0.27652787276497165,
  "Median_MIBRE": 0.19503472655348994,
  "Runs": [
    {},
    {},
    {},
    {},
    {},
    {},
    {},
    {},
    {},
    {},
    {},
    {},
    {},
    {},
    {},
    {},
    {},
    {},
    {},
    {},
    {},
    {},
    {},
    {},
    {},
    {},
    {},
    {},
    {},
    {}
  ]
}