{
  "Metrics": {
    "MAE": [
      365.70066788099575,
      405.3825136612022,
      331.0218579234972,
      411.6338797814208,
      423.1530054644809,
      438.9590163934426,
      379.85792349726773,
      422.31329690346087,
      297.9417122040073,
      286.6520947176685,
      363.43351548269584,
      313.52459016393436,
      288.0837887067395,
      379.4489981785063,
      444.7857142857143,
      377.7466822794691,
      339.3351548269581,
      392.6385636221701,
      401.1311475409836,
      378.2012750455374,
      436.40072859744987,
      312.700364298725,
      418.89526411657556,
      298.4061930783242,
      417.97163674212857,
      300.3734061930784,
      436.2067395264117,
      400.6648451730419,
      322.0765027322405,
      485.5191256830601
    ],
    "MRE": [
      30.66245396664088,
      26.161285607744496,
      20.755373222856395,
      25.361256954544842,
      32.74923900474687,
      32.438961521294694,
      28.379754920002263,
      33.06468772059717,
      18.90357399555402,
      20.610098701004105,
      24.3915308134972,
      25.696379402579318,
      22.9950265883821,
      23.594128034096716,
      33.75695540874409,
      25.498726036893938,
      28.28903713907232,
      30.613204310841567,
      27.001001165458877,
      23.900798818789465,
      28.55325708632056,
      25.611086388637126,
      31.47639091014521,
      21.008389415059934,
      31.18889297658497,
      24.70270104784363,
      32.3015660298248,
      26.604313390173456,
      23.998194355720386,
      40.18354248875767
    ],
    "MBRE": [
      0.3146922465492125,
      0.3478668468471092,
      0.2760878539415487,
      0.364059354022509,
      0.366521969735022,
      0.36406355443141664,
      0.3176039570705878,
      0.35209020278189257,
      0.23099888931713547,
      0.22763481889384032,
      0.29748199173947926,
      0.26704133690209303,
      0.24224870999426526,
      0.32386111518245775,
      0.37658818086550105,
      0.3334025777887276,
      0.28692070116933294,
      0.32837927288167384,
      0.3391619701147896,
      0.3191840152021438,
      0.3858451414182933,
      0.25922844452006594,
      0.35923626618686755,
      0.24153421465472724,
      0.35934793209077953,
      0.25193436344322445,
      0.36488795362829957,
      0.33914035423059535,
      0.2655636315007463,
      0.4182345666939382
    ],
    "MIBRE": [
      0.21816316105264438,
      0.23010228441689565,
      0.18941099564142344,
      0.23367910092517713,
      0.24235871955945937,
      0.2573974866403668,
      0.2206705338862564,
      0.2443172540801968,
      0.17262546670789267,
      0.17049391562130348,
      0.20948987450473341,
      0.1832312990328367,
      0.17739954074663505,
      0.21625864247517051,
      0.25635231923630225,
      0.21226150546341624,
      0.1991477894343263,
      0.22751689332465866,
      0.22856012392843902,
      0.2164050806431191,
      0.24919551414665445,
      0.17682510151006786,
      0.24070642545798548,
      0.16859306684890835,
      0.2391036362663863,
      0.18252446531318958,
      0.2551837998952203,
      0.2322942369326018,
      0.1903003114447752,
      0.27445981728798274
    ]
  },
  "Mean_MAE": 375.67200682337295,
  "Mean_MRE": 27.348393580746976,
  "Mean_MBRE": 0.31736141445994254,
  "Mean_MIBRE": 0.21716761208083418,
  "Median_MAE": 379.653460837887,
  "Median_MRE": 26.382799498958974,
  "Median_MBRE": 0.3261201940320658,
  "Median_MIBRE": 0.2194168474694504,
  "Runs": [
    {},
    {},
    {},
    {},
    {},
    {},
    {},
    {},
    {},
    {},
    {},
    {},
    {},
    {},
    {},
    {},
    {},
    {},
    {},
    {},
    {},
    {},
    {},
    {},
    {},
    {},
    {},
    {},
    {},
    {}
  ]
}