{
  "Metrics": {
    "MAE": [
      370.297878735706,
      383.8973738512129,
      371.96080392089425,
      387.93982112375784,
      480.8554702592306,
      372.75701029131193,
      371.03533564545654,
      369.18754602797173,
      377.16948935071963,
      364.47321940574096,
      385.0950827474529,
      389.1823179678369,
      503.6447888846565,
      366.969188750923,
      453.9667022430516,
      371.60584307712105,
      361.339055153275,
      357.2506517688943,
      384.502191264531,
      383.0596537964972,
      394.6205527956184,
      524.7582939539876,
      444.42415613431007,
      355.555095706752,
      377.4678761610225,
      649.2328761912077,
      382.9547973014119,
      355.9078656363612,
      599.04603761642,
      449.87824280710277
    ],
    "MRE": [
      22.07085140855469,
      21.690058578082414,
      22.389224451598214,
      22.20264401975044,
      40.380857229089365,
      25.701507231746422,
      21.16046441957345,
      24.475813973606822,
      21.437457689928824,
      21.667576286228098,
      22.370334411371935,
      28.058586709345462,
      42.70544901290495,
      22.632262495850394,
      37.00997745160827,
      21.152195229298393,
      24.221700992161793,
      22.114622019086532,
      21.560584300317164,
      22.67866952716117,
      22.24680124696453,
      45.709775118586336,
      35.429189806543945,
      20.560423349941694,
      25.03654477099167,
      58.06194738949833,
      26.17992404046169,
      22.834520751857085,
      53.46220417729042,
      36.109497956930795
    ],
    "MBRE": [
      0.32095451853348417,
      0.3452572903456998,
      0.3210738822289139,
      0.3441125528168636,
      0.4158844720744392,
      0.3067896923617274,
      0.3290582312628326,
      0.30687672269570343,
      0.3313142552810567,
      0.30986286284712844,
      0.33846558755233075,
      0.32446321905549885,
      0.4377218324272418,
      0.3094239118418139,
      0.38733462560938137,
      0.3283822342583958,
      0.29944812723085107,
      0.29883627138939983,
      0.34512294020801537,
      0.335160671087491,
      0.3572890589681733,
      0.4629884543109735,
      0.3772663456720333,
      0.30492657308500637,
      0.3144816913027178,
      0.5825755403504232,
      0.318584529500346,
      0.2927604151854515,
      0.5367111426591364,
      0.3813950366975532
    ],
    "MIBRE": [
      0.20873442077026177,
      0.21125019180698285,
      0.20918389838838528,
      0.21441905680420834,
      0.27293092210155356,
      0.22065583046622164,
      0.20598548218510923,
      0.2158934171413525,
      0.20793550513101053,
      0.20491684289183099,
      0.2134458507302902,
      0.2302903977932723,
      0.2812031844374965,
      0.2088882310085811,
      0.2626174972002274,
      0.2057280639039727,
      0.21247217223005865,
      0.20400561582159307,
      0.2105097307693589,
      0.21419786673545232,
      0.21650960757056192,
      0.2859367257212112,
      0.2585104723517233,
      0.19808652904798874,
      0.22004247330810212,
      0.3245259829319763,
      0.22405150894820122,
      0.20585639581887133,
      0.3083282138820263,
      0.262439190071641
    ]
  },
  "Mean_MAE": 411.3345072856811,
  "Mean_MRE": 28.44372220154438,
  "Mean_MBRE": 0.3554840896280027,
  "Mean_MIBRE": 0.2306517092656508,
  "Median_MAE": 383.0072255489545,
  "Median_MRE": 22.756595139509127,
  "Median_MBRE": 0.3301862432719447,
  "Median_MIBRE": 0.21430846176983032,
  "Runs": [
    {},
    {},
    {},
    {},
    {},
    {},
    {},
    {},
    {},
    {},
    {},
    {},
    {},
    {},
    {},
    {},
    {},
    {},
    {},
    {},
    {},
    {},
    {},
    {},
    {},
    {},
    {},
    {},
    {},
    {}
  ]
}