{
  "Metrics": {
    "MAE": [
      372.15018934120485,
      377.20678518598504,
      368.86100299611144,
      397.4978905102638,
      319.0515526832172,
      325.8335624256562,
      306.5488039270043,
      345.4733504057335,
      394.32989635457074,
      379.5307150979989,
      393.78996560471876,
      417.0218635545091,
      384.1608256615617,
      368.94525813413844,
      371.62783036097,
      328.39793132725083,
      380.20078723090177,
      369.5219536465216,
      361.63038589419057,
      395.2619767379044,
      420.0642279236105,
      283.538702555909,
      364.63226700153655,
      350.99821692094963,
      367.52351099713076,
      506.3356274700475,
      368.6952867163538,
      358.304005475164,
      491.70066021202877,
      407.17928627391075
    ],
    "MRE": [
      21.626573454031217,
      21.956101556335692,
      22.496314781997594,
      22.510894958672807,
      19.458494117771437,
      21.90861853526201,
      18.82883124875062,
      23.83814825109633,
      22.072390192381047,
      22.65503630513193,
      24.761919920469072,
      31.930079261545423,
      28.032215109568725,
      23.888647757366616,
      23.16973118826251,
      19.174587037086347,
      26.359921413693865,
      26.26827307761858,
      20.290342322303648,
      22.576768641968126,
      23.67998865346056,
      17.260745909197656,
      23.914312958749534,
      20.482022614749702,
      21.976501808712435,
      44.45561783563729,
      22.052790023045702,
      21.840324747548628,
      41.18374373358731,
      31.238371118339803
    ],
    "MBRE": [
      0.3282123144104448,
      0.3313974358444395,
      0.3172920707812122,
      0.3561533932997842,
      0.25737790935354604,
      0.2595053433422435,
      0.24458179781671496,
      0.28095707570235684,
      0.35910243467627984,
      0.3291704408328513,
      0.3370574448077997,
      0.352596804389384,
      0.31770936259644733,
      0.30691558298424365,
      0.31864629849294496,
      0.2689628529703229,
      0.3176298794992454,
      0.3010374074992871,
      0.31354358818745437,
      0.35733351459094387,
      0.3936997026327696,
      0.2208360924724033,
      0.30290848742396154,
      0.2978076038654274,
      0.3143687231317363,
      0.44909742093085625,
      0.31576499046093637,
      0.3004035098831664,
      0.4246808366104337,
      0.3386275646206663
    ],
    "MIBRE": [
      0.2072544707164283,
      0.2105663030308663,
      0.20769271036827774,
      0.22059214939975094,
      0.18377032030703025,
      0.1940703963794722,
      0.17671586303460649,
      0.20471969893243586,
      0.21612811891775666,
      0.2133148592973221,
      0.22427531561300293,
      0.244109251551356,
      0.22796753393889468,
      0.2129809703563984,
      0.21190636086517098,
      0.18489120510112828,
      0.2234210018176247,
      0.22056975556331443,
      0.19747079779698373,
      0.21864480929576316,
      0.23222705799264845,
      0.16467974540412844,
      0.21219481481136454,
      0.19676574655863677,
      0.20761474835601512,
      0.2789591493889655,
      0.20745795409166365,
      0.2033426880768206,
      0.2778673159113744,
      0.2426963619518608
    ]
  },
  "Mean_MAE": 375.8671439542352,
  "Mean_MRE": 24.396276951144742,
  "Mean_MBRE": 0.3204459294703434,
  "Mean_MIBRE": 0.21416224916090207,
  "Median_MAE": 370.5748920037458,
  "Median_MRE": 22.54383180032047,
  "Median_MBRE": 0.3174609751402288,
  "Median_MIBRE": 0.21205058783826775,
  "Runs": [
    {},
    {},
    {},
    {},
    {},
    {},
    {},
    {},
    {},
    {},
    {},
    {},
    {},
    {},
    {},
    {},
    {},
    {},
    {},
    {},
    {},
    {},
    {},
    {},
    {},
    {},
    {},
    {},
    {},
    {}
  ]
}