{
  "Metrics": {
    "MAE": [
      58.813788088203275,
      104.42686917278094,
      42.914142557957256,
      52.636897513648684,
      34.20267991585225,
      61.04264093627218,
      39.76966616588351,
      102.29483880762493,
      35.35069207715265,
      69.0127826349955,
      83.31043183766286,
      98.6941333010803,
      67.0086966522609,
      58.66995603865537,
      34.19041718779241,
      35.974820372886306,
      33.85417953656548,
      35.002165465866085,
      63.237659114345334,
      50.113757470646554,
      115.08620420946727,
      34.63398595328485,
      38.79959979836801,
      45.171987935728254,
      111.13570908353407,
      71.03920202817046,
      39.725160648151316,
      41.742185888825944,
      35.691288723602554,
      65.60690169701417
    ],
    "MRE": [
      11.01455520326969,
      26.25125558209989,
      8.154906616159398,
      10.953980688236378,
      6.805689013510366,
      15.958474931932304,
      8.027179552521227,
      25.030097559559326,
      6.972518382211265,
      16.767930818640277,
      21.19533826282512,
      20.598972096356977,
      14.264972206293155,
      14.065110448240434,
      7.502768088021035,
      7.130745126629395,
      6.851331242426547,
      7.55703036089479,
      17.0833433735052,
      10.361657446780798,
      31.023768460270713,
      7.05005806856193,
      8.10948976798626,
      9.324379031523316,
      24.76367590010055,
      19.735069053176208,
      7.53850950143787,
      8.796914425094192,
      7.390406285581104,
      13.006014969822747
    ],
    "MBRE": [
      0.13029254835292006,
      0.29828797693419984,
      0.08971076169851384,
      0.1187537603865304,
      0.07175863873404517,
      0.17337296229421098,
      0.08489471226987312,
      0.29223513762605813,
      0.0759697926214838,
      0.177039525655193,
      0.23018796782850248,
      0.2828504331821062,
      0.153261177176531,
      0.1536657010090248,
      0.077451549965555,
      0.07591779035419237,
      0.07199724740659215,
      0.07939191158268406,
      0.18370737445663046,
      0.1112184455187039,
      0.342857472297353,
      0.07413359810348977,
      0.08706745542102698,
      0.09935220664340413,
      0.3224064555781587,
      0.20368151211790117,
      0.08135464464048943,
      0.09506446864525217,
      0.0783441045184272,
      0.14424723622248065
    ],
    "MIBRE": [
      0.10545735121730308,
      0.1898533923962566,
      0.0778289172345797,
      0.10012655537085342,
      0.06380188873105934,
      0.13094958380150315,
      0.07427502982885079,
      0.1826741942038039,
      0.06676504272495093,
      0.13386948071829072,
      0.1657975665736643,
      0.1720822731262751,
      0.12421252499073741,
      0.11474697944403145,
      0.06913976885974403,
      0.06755710975569523,
      0.06373145781129774,
      0.07018958833568917,
      0.13542518132920847,
      0.09335641776811436,
      0.21428749078321352,
      0.06604824975421125,
      0.07697644875386978,
      0.08580640101598681,
      0.20468742063188897,
      0.14675875529022928,
      0.07080621319355787,
      0.08263968926858141,
      0.06988117803413178,
      0.11672080384375264
    ]
  },
  "Mean_MAE": 58.638448027142665,
  "Mean_MRE": 13.309538082122286,
  "Mean_MBRE": 0.14868248564138448,
  "Mean_MIBRE": 0.11121509849304442,
  "Median_MAE": 51.37532749214762,
  "Median_MRE": 10.657819067508587,
  "Median_MBRE": 0.11498610295261716,
  "Median_MIBRE": 0.09674148656948389,
  "Runs": [
    {},
    {},
    {},
    {},
    {},
    {},
    {},
    {},
    {},
    {},
    {},
    {},
    {},
    {},
    {},
    {},
    {},
    {},
    {},
    {},
    {},
    {},
    {},
    {},
    {},
    {},
    {},
    {},
    {},
    {}
  ]
}