{
  "Metrics": {
    "MAE": [
      4.387554871421557,
      2.2230644388985326,
      3.354113474023407,
      3.2346779819349973,
      3.1417321630693227,
      2.8881491050896373,
      3.0287076502054724,
      2.7202758304524997,
      5.237063117713994,
      2.8715143521324964,
      3.3844723707097297,
      4.512480740762887,
      3.2854741686566515,
      2.3947599887322975,
      4.972941090257153,
      4.934589823921092,
      3.0657319268571075,
      3.1408471099805095,
      2.5509693595371865,
      5.3212569670725225,
      3.496894261873975,
      5.17016689623998,
      2.8002446677073274,
      3.832647808037763,
      3.474994530114574,
      3.0169425741662934,
      4.495162979935094,
      3.05609676134636,
      4.970447489121275,
      4.117112750701398
    ],
    "MRE": [
      0.7762756306163564,
      0.5178670078767722,
      0.836681396897649,
      0.6503579848575693,
      0.7792286473598631,
      0.6533214164248237,
      0.8135560300789794,
      0.5696361726958247,
      0.9934388149109299,
      0.6809327440968206,
      0.7063831518447228,
      0.8350349127986626,
      0.7447179758900582,
      0.48533795925858214,
      0.9601307555934395,
      0.9281365689559833,
      0.7312377732058237,
      0.636527079273416,
      0.5855596491218278,
      1.284833552340141,
      0.7255314297417481,
      1.091434009953266,
      0.5910751297536699,
      0.959959669154818,
      0.6262446383251713,
      0.6660128685047859,
      0.8620120888539877,
      0.6279645985068487,
      0.9585318337139926,
      0.6955863580488914
    ],
    "MBRE": [
      0.007952441721537177,
      0.005197895838156751,
      0.00839132968341871,
      0.006572020158779184,
      0.007829349135022859,
      0.006571250975725171,
      0.008147263450260825,
      0.005728068833852533,
      0.010012720434715149,
      0.0068480451362384715,
      0.007136557196881342,
      0.008450754096467299,
      0.007532632778299061,
      0.004891733479873644,
      0.009644681740299704,
      0.009398833874937845,
      0.007323763867647766,
      0.006420684927172124,
      0.005884454436191974,
      0.012943560430822176,
      0.007303307344494429,
      0.011004593686009681,
      0.0059316518280816905,
      0.009615593092749349,
      0.006336635512212143,
      0.006696452360749115,
      0.008726007290706028,
      0.006307525043139262,
      0.009672537375202581,
      0.007163430544553956
    ],
    "MIBRE": [
      0.0077436186927477045,
      0.005143887987467763,
      0.008129720034249006,
      0.006478160694246437,
      0.007681633562904129,
      0.006467169448705365,
      0.007965216066083433,
      0.005669068784882482,
      0.009776663365526898,
      0.006763470152432478,
      0.007031933255736194,
      0.008298302507353094,
      0.0074145028835340175,
      0.004844300695290912,
      0.009460640998138734,
      0.009219034950459212,
      0.007211783613003506,
      0.006324311160083801,
      0.005824914225149974,
      0.012503956732396843,
      0.00720282994760794,
      0.010717100893222621,
      0.005871072559276559,
      0.009357579660082226,
      0.006238593360022,
      0.006614464129947357,
      0.008553468201517195,
      0.006232361188980509,
      0.009478372735756104,
      0.006938755499937759
    ]
  },
  "Mean_MAE": 3.6360362416891028,
  "Mean_MRE": 0.7657849282885142,
  "Mean_MBRE": 0.007721192542473265,
  "Mean_MIBRE": 0.007571896266224742,
  "Median_MAE": 3.3197938213400295,
  "Median_MRE": 0.7283846014737859,
  "Median_MBRE": 0.007313535606071097,
  "Median_MIBRE": 0.007207306780305723,
  "Runs": [
    {},
    {},
    {},
    {},
    {},
    {},
    {},
    {},
    {},
    {},
    {},
    {},
    {},
    {},
    {},
    {},
    {},
    {},
    {},
    {},
    {},
    {},
    {},
    {},
    {},
    {},
    {},
    {},
    {},
    {}
  ]
}