{
  "Metrics": {
    "MAE": [
      72.27849638976865,
      139.4434981737602,
      71.59602720017277,
      70.80610822301541,
      65.18305701261953,
      85.50531180019115,
      78.64100576924285,
      138.83144236727708,
      88.0442519707574,
      138.44647762929802,
      82.97608428445045,
      113.65230600023547,
      112.126397171122,
      136.15083964066108,
      83.26479853994807,
      138.06165035636005,
      138.22832726649207,
      68.09996021665455,
      137.6697421732429,
      111.19989868930418,
      115.92035061131054,
      82.3733677116049,
      108.62315578377084,
      58.34892193621891,
      115.3544961095449,
      97.67540018036702,
      107.20933091345447,
      78.44022807276504,
      62.36141638191494,
      77.70403539153928
    ],
    "MRE": [
      16.48802839072196,
      38.77957675773149,
      15.550862340118762,
      16.96131452249608,
      16.025705072525167,
      22.93394595166161,
      16.95313989225851,
      36.295520689433936,
      20.54929441599967,
      34.986215497922615,
      20.157310213850312,
      27.1818508622886,
      28.4185405093966,
      33.30650982339573,
      17.860628204297647,
      31.717884766451228,
      35.44649756014871,
      17.396714754538234,
      37.94874991443876,
      28.458306626852714,
      31.570927359963246,
      19.6780000083987,
      27.716861424229506,
      14.226939823869628,
      26.858773811696473,
      27.36187925068265,
      26.012450835991665,
      18.407004753873277,
      15.840616576848893,
      17.385509946451084
    ],
    "MBRE": [
      0.178530815567374,
      0.41374293382135247,
      0.17168257360130654,
      0.18319308067402856,
      0.16791159596998137,
      0.2454607744488033,
      0.18691031983597825,
      0.3988152875794927,
      0.23768052888925684,
      0.394207065372427,
      0.2174925249025129,
      0.30903577271092414,
      0.3051890586418898,
      0.3868948269997453,
      0.19866543857258798,
      0.3902376253733009,
      0.3976741765902399,
      0.1817445916036246,
      0.40496235542851283,
      0.3047663651055944,
      0.3371359935331325,
      0.21476998773722158,
      0.30264905598934244,
      0.1501680557708799,
      0.3119224536230754,
      0.28551833044546826,
      0.2886093093453108,
      0.20172855844449794,
      0.1675896292373077,
      0.1914163870646906
    ],
    "MIBRE": [
      0.14332790287293765,
      0.250050999518867,
      0.13920391028230658,
      0.1464810424057424,
      0.13706316240505653,
      0.1808109300787907,
      0.14891222129367118,
      0.2540797560509054,
      0.18093865465713765,
      0.254717294917135,
      0.16734899187367575,
      0.21899212078503794,
      0.2159023032479134,
      0.2503383208975863,
      0.15554854002192348,
      0.2543887936960251,
      0.25383158384251736,
      0.14220661595660225,
      0.24872053730042357,
      0.21439160098122487,
      0.2209425923032894,
      0.16558563017511993,
      0.21158515018816762,
      0.12342749705049563,
      0.22289183304188054,
      0.19506583641414654,
      0.20623169277779008,
      0.15732278680056874,
      0.13278747994854512,
      0.15193751577470407
    ]
  },
  "Mean_MAE": 99.14054613223547,
  "Mean_MRE": 24.615852018617783,
  "Mean_MBRE": 0.27087684909599535,
  "Mean_MIBRE": 0.19150110991867295,
  "Median_MAE": 92.85982607556221,
  "Median_MRE": 24.473198393826635,
  "Median_MBRE": 0.2654895524471358,
  "Median_MIBRE": 0.1880022455356421,
  "Runs": [
    {},
    {},
    {},
    {},
    {},
    {},
    {},
    {},
    {},
    {},
    {},
    {},
    {},
    {},
    {},
    {},
    {},
    {},
    {},
    {},
    {},
    {},
    {},
    {},
    {},
    {},
    {},
    {},
    {},
    {}
  ]
}