{
  "Metrics": {
    "MAE": [
      43.24682058059807,
      58.79523132751355,
      73.65520711894655,
      47.518175714814745,
      40.475530973020064,
      77.23139778659544,
      40.29691554808116,
      44.61805847384349,
      64.97014072137294,
      75.40941281805648,
      52.6967417561792,
      27.098229410834282,
      118.48819475654571,
      79.72754921481288,
      33.26662759313729,
      59.007323162792524,
      31.021206836155162,
      56.53503808798745,
      45.46733292252094,
      76.41089004482915,
      67.34806950382882,
      39.55749275302134,
      56.06584422252757,
      67.09969786117516,
      38.60148841495497,
      72.83061548908341,
      74.12299162997454,
      120.41293346087606,
      35.922989506634124,
      71.00396619362287
    ],
    "MRE": [
      8.850478082703207,
      13.71151876808255,
      18.37749207574504,
      10.497062017316228,
      8.591260144247158,
      17.586936599178234,
      9.759083287526977,
      10.293292985128948,
      15.663145686887189,
      18.751883684299887,
      10.637624391974555,
      5.369260667456708,
      28.618576350179183,
      17.85056579265809,
      7.260092168613753,
      12.772961806813779,
      6.7001352796992,
      13.502863903142629,
      10.67302431798532,
      18.053383437905826,
      16.301972734013905,
      9.506824985497175,
      13.761671312276555,
      16.733242260680242,
      8.842704734229013,
      19.372660681774814,
      18.2144146032341,
      28.116309326807887,
      7.153705045023188,
      16.21450303172903
    ],
    "MBRE": [
      0.09480894915423058,
      0.14407439525860047,
      0.19816451198227672,
      0.11154495012571455,
      0.09021451683609187,
      0.19292220123659237,
      0.10140565089190803,
      0.10794923237659523,
      0.16675400116746955,
      0.20209031304630992,
      0.11364158296898225,
      0.05567100061325966,
      0.3257968363899178,
      0.19739314265664307,
      0.07547919830127243,
      0.14152580674542609,
      0.06970192201475606,
      0.14499120714081115,
      0.11036819008847175,
      0.19260433924022805,
      0.17324325308251456,
      0.09982092675712662,
      0.14535020961352604,
      0.17505159779073812,
      0.0932325583116225,
      0.20286257418349676,
      0.19775004017953324,
      0.3281545728447864,
      0.07513000818845941,
      0.17701235676891056
    ],
    "MIBRE": [
      0.08292864169541557,
      0.11873943674897593,
      0.15035669548782513,
      0.09595411167552595,
      0.07887543634518572,
      0.15134672717182962,
      0.08804723134827266,
      0.09291854696142003,
      0.1327153696219783,
      0.15511136968745018,
      0.09629107807286463,
      0.05113314728274468,
      0.21953090768583633,
      0.15373730160213292,
      0.06757424004983581,
      0.11419333846105058,
      0.0629713459011772,
      0.11603837443941528,
      0.09454874679187177,
      0.15119903508553562,
      0.13608365842679324,
      0.08640746717497534,
      0.11818662384546608,
      0.13899683815043087,
      0.0817993785147863,
      0.15395050713440012,
      0.15330005142104264,
      0.2249218130621291,
      0.06684967503157521,
      0.13914133204710077
    ]
  },
  "Mean_MAE": 59.63007046281119,
  "Mean_MRE": 13.924621672093677,
  "Mean_MBRE": 0.15015700153187575,
  "Mean_MIBRE": 0.11912828089750147,
  "Median_MAE": 57.6651347077505,
  "Median_MRE": 13.60719133561259,
  "Median_MBRE": 0.1445328011997058,
  "Median_MIBRE": 0.11711249914244068,
  "Runs": [
    {},
    {},
    {},
    {},
    {},
    {},
    {},
    {},
    {},
    {},
    {},
    {},
    {},
    {},
    {},
    {},
    {},
    {},
    {},
    {},
    {},
    {},
    {},
    {},
    {},
    {},
    {},
    {},
    {},
    {}
  ]
}