{
  "Metrics": {
    "MAE": [
      18.30098983208955,
      15.004574269278603,
      17.27817725435323,
      17.72897860696518,
      16.080278062810944,
      16.28690909514925,
      14.49257723880597,
      16.42255422885572,
      17.21264253731343,
      14.632771626243784,
      18.34160385572139,
      13.874406560945275,
      12.04506299751244,
      16.942180814676618,
      16.937717537313432,
      14.045291126954515,
      17.84409553793532,
      20.37331638681592,
      12.797404959577113,
      19.248322123756225,
      12.649744014303483,
      19.734426787935327,
      16.952332789179106,
      13.029721735074625,
      17.95707579291044,
      14.9162220460199,
      18.119956560945276,
      15.859173196517409,
      18.286496330845775,
      13.171394667288554
    ],
    "MRE": [
      3.5541946809961327,
      3.1242425900101596,
      3.577904588471764,
      3.6629369962882734,
      3.4529558311055366,
      3.212223150108767,
      2.794046283500974,
      3.2941087508641345,
      3.240629912265675,
      2.9391312223596677,
      3.7200312385112073,
      2.787370762329813,
      2.5182379827722,
      3.3062707728404224,
      3.341624463854632,
      2.6803674369613675,
      3.549387147787585,
      3.754320726695749,
      2.704148025281428,
      4.238464515437065,
      2.6323875748967684,
      3.87250262212096,
      3.3430124347576675,
      2.8820392281892007,
      3.290882814079094,
      3.061908964410068,
      3.506888122008444,
      3.00699458375995,
      3.4290246704726974,
      2.5896476518650915
    ],
    "MBRE": [
      0.036936443513187,
      0.03313329456680272,
      0.03667883719841391,
      0.038579398209742315,
      0.035967257593972644,
      0.03320910109450064,
      0.029780270490937073,
      0.03415135431599302,
      0.03457440679258818,
      0.030922134524072113,
      0.03865877581338422,
      0.028877288963530146,
      0.025619845556748053,
      0.03455519579265859,
      0.03399112307122909,
      0.027361314352858563,
      0.0366297095126581,
      0.03796745619171253,
      0.02738187609691256,
      0.04308528654252037,
      0.02719003146264695,
      0.039548159953535174,
      0.03463937517065907,
      0.029631523856538104,
      0.034378951622142856,
      0.031607744354958174,
      0.03678171975983519,
      0.03194865793566715,
      0.035894583806120095,
      0.026894979433710043
    ],
    "MIBRE": [
      0.033998089467285775,
      0.030569792122030235,
      0.0341324421890273,
      0.03503132864049327,
      0.03335645775876742,
      0.030807658862477723,
      0.027644779475775576,
      0.031551358960537935,
      0.03184735822144448,
      0.028780171637583247,
      0.03518645101707279,
      0.02695461797193825,
      0.02449531715372602,
      0.03188571275005627,
      0.0316186788697694,
      0.02589890634481638,
      0.033845998088865036,
      0.03440373908797787,
      0.025829939868300622,
      0.03941568623319961,
      0.025640938237648563,
      0.035688958015528884,
      0.032142764282464306,
      0.027473484599068735,
      0.03168701016071954,
      0.029514192016546568,
      0.03391228821416103,
      0.029543920051354013,
      0.033142044785460234,
      0.025464101725915806
    ]
  },
  "Mean_MAE": 16.218879952469795,
  "Mean_MRE": 3.2355961915000835,
  "Mean_MBRE": 0.03355253658500782,
  "Mean_MIBRE": 0.031048806227000427,
  "Median_MAE": 16.680135883084574,
  "Median_MRE": 3.2924957824716143,
  "Median_MBRE": 0.03426515296906794,
  "Median_MIBRE": 0.03165284451524447,
  "Runs": [
    {},
    {},
    {},
    {},
    {},
    {},
    {},
    {},
    {},
    {},
    {},
    {},
    {},
    {},
    {},
    {},
    {},
    {},
    {},
    {},
    {},
    {},
    {},
    {},
    {},
    {},
    {},
    {},
    {},
    {}
  ]
}