{
  "Metrics": {
    "MAE": [
      97.21321078939003,
      130.4877046033818,
      102.76672895289472,
      71.50780945781906,
      43.932027829669295,
      94.7100514033203,
      95.62405606058779,
      138.62650270958198,
      82.39764297805004,
      138.47926002725652,
      88.75010466929511,
      105.6420603161262,
      102.99143940931366,
      124.70177677664502,
      72.62175357068486,
      112.91569710164177,
      103.62746531007798,
      101.2311969029323,
      103.69914863078729,
      113.54991551951159,
      129.9336171192723,
      110.24066483262398,
      129.46940050243592,
      59.26506970002167,
      129.93846814728184,
      89.35886229844512,
      124.88924474280293,
      85.40029904515072,
      53.229565333776826,
      61.56492186121103
    ],
    "MRE": [
      21.074353770420696,
      36.086303734244204,
      24.421829325743534,
      16.35427769102725,
      8.687073115583374,
      25.704904603765694,
      23.765411109140665,
      36.313141646330635,
      20.293584796707943,
      35.37915146915551,
      22.021442800172846,
      24.644087149375558,
      26.22984400259274,
      29.83893695002467,
      14.738430756596706,
      25.582247888511,
      26.02708830475789,
      24.61072279858141,
      28.05253288075631,
      29.64438497508931,
      33.97744596120844,
      26.061376462912754,
      32.10914505140221,
      14.79815810058794,
      29.253354130210408,
      24.245110292721776,
      30.98791737627727,
      19.327098675079093,
      9.930720829073968,
      11.643408963792558
    ],
    "MBRE": [
      0.2500951196924368,
      0.3834641790342208,
      0.2729507061460932,
      0.18448878868481747,
      0.09429534481499584,
      0.2742081546612354,
      0.25452974379595716,
      0.39901461562505325,
      0.23386863337188546,
      0.3955334588324751,
      0.23850494102933337,
      0.28240162670043584,
      0.28538833825323695,
      0.34533155065865834,
      0.15970197745133397,
      0.3029541072761542,
      0.2854913784290492,
      0.2756356954194537,
      0.2961404628195335,
      0.31457769555835396,
      0.37408535212366817,
      0.2980864848308114,
      0.36665796962301034,
      0.15408891184523305,
      0.360162493949684,
      0.2527640696869225,
      0.351686361594495,
      0.21776480282451235,
      0.11565243897701581,
      0.13460754838003713
    ],
    "MIBRE": [
      0.18007079437824192,
      0.23937409632324305,
      0.19804886315607304,
      0.1467690552330057,
      0.0816370026942414,
      0.19314404225895399,
      0.18691003419151545,
      0.2534827564558207,
      0.17372331307419797,
      0.25446879783512527,
      0.17970570260636895,
      0.2026413278048528,
      0.2009664095015801,
      0.23342690813507824,
      0.1267742050578669,
      0.21385876040406096,
      0.20254838715532386,
      0.198581738794356,
      0.20139726041582873,
      0.2157179955632822,
      0.24020140291334163,
      0.21016046688844234,
      0.24361615788890728,
      0.12494857117767368,
      0.24258474736796934,
      0.18074522587416122,
      0.2324655283231809,
      0.16766434668003102,
      0.09512810335656736,
      0.10960025792774926
    ]
  },
  "Mean_MAE": 99.95885555339967,
  "Mean_MRE": 24.393449520394814,
  "Mean_MBRE": 0.2718044317363368,
  "Mean_MIBRE": 0.19101207531456804,
  "Median_MAE": 102.87908418110419,
  "Median_MRE": 25.11316751894328,
  "Median_MBRE": 0.2790186610599448,
  "Median_MIBRE": 0.19977407414796805,
  "Runs": [
    {},
    {},
    {},
    {},
    {},
    {},
    {},
    {},
    {},
    {},
    {},
    {},
    {},
    {},
    {},
    {},
    {},
    {},
    {},
    {},
    {},
    {},
    {},
    {},
    {},
    {},
    {},
    {},
    {},
    {}
  ]
}