{
  "Metrics": {
    "MAE": [
      122.68693966519804,
      89.90332529993765,
      72.8576126040652,
      52.49621921244572,
      46.6240924225468,
      112.00923314890694,
      103.70023865938808,
      122.84259072015203,
      104.19783843675532,
      78.2017912578128,
      124.6012001470389,
      68.26977236512879,
      118.61248561840705,
      84.77604371951193,
      105.79652433725224,
      79.71862760411223,
      119.81937040209066,
      120.09907222946381,
      74.37030674759951,
      104.76181614301923,
      83.98484673649725,
      122.27686584616607,
      135.69722255792234,
      69.10189599180633,
      127.16400213121254,
      112.56250251044655,
      123.36547568751348,
      132.40213797271454,
      127.07980762679298,
      61.96250026483817
    ],
    "MRE": [
      29.820105283185928,
      23.029207166201324,
      18.916427115565874,
      10.081641846930014,
      9.210890336655215,
      28.074575636129584,
      27.42716118134636,
      32.201051278679046,
      24.491186857794716,
      19.830098896648398,
      31.310031709816727,
      12.353154490634575,
      30.309364247464192,
      21.03506230973184,
      27.528784760552362,
      20.26654909043577,
      31.747483621884452,
      30.924889798610483,
      19.34843087400519,
      28.145534117042732,
      20.014249973933115,
      30.461423639782787,
      34.71991693095989,
      17.69736547121668,
      29.656703341803414,
      29.918708063185505,
      30.47357391312077,
      32.29385196213386,
      29.62562401297721,
      11.656223514368213
    ],
    "MBRE": [
      0.3390932540103154,
      0.2451845618710863,
      0.19750655676023365,
      0.11366698190749107,
      0.10079131086006268,
      0.3070359218544028,
      0.29337676657519,
      0.34944630685736117,
      0.2796416591550673,
      0.21041849777012198,
      0.3470797127980097,
      0.1500582626392531,
      0.33273629342615996,
      0.22580460540953753,
      0.29609861539023563,
      0.2174563713496876,
      0.3431192785036902,
      0.3393852722077669,
      0.20269800192885745,
      0.29731897978909355,
      0.21738589932532978,
      0.34090754285957753,
      0.38797920940233943,
      0.18473968505431346,
      0.3500791564121162,
      0.3210795416923864,
      0.3438252168778278,
      0.3699636174517327,
      0.34820124640594696,
      0.13466052175078969
    ],
    "MIBRE": [
      0.23124064558475027,
      0.17961058599550636,
      0.15158363999513458,
      0.09570907121679313,
      0.08689707278621597,
      0.21369960939671634,
      0.20204315523539265,
      0.23062178344823583,
      0.2025830499420969,
      0.1616073068754495,
      0.23474909613631936,
      0.11872353261558827,
      0.22593213523736352,
      0.17102883914114028,
      0.20393028573398342,
      0.1668385213573739,
      0.22577741552099925,
      0.2256484472761866,
      0.1561429449672419,
      0.20201273945269282,
      0.168762779987707,
      0.23090263499530814,
      0.2497399310862363,
      0.13796437553079208,
      0.23806580191004925,
      0.21487629291040788,
      0.23188827748743615,
      0.24713121145869918,
      0.23998334300239565,
      0.10970668826041141
    ]
  },
  "Mean_MAE": 100.06474526889143,
  "Mean_MRE": 24.752309048093206,
  "Mean_MBRE": 0.27289129494319947,
  "Mean_MIBRE": 0.1918467071514875,
  "Median_MAE": 105.27917024013573,
  "Median_MRE": 27.801680198340975,
  "Median_MBRE": 0.2967087975896646,
  "Median_MIBRE": 0.20325666783804014,
  "Runs": [
    {},
    {},
    {},
    {},
    {},
    {},
    {},
    {},
    {},
    {},
    {},
    {},
    {},
    {},
    {},
    {},
    {},
    {},
    {},
    {},
    {},
    {},
    {},
    {},
    {},
    {},
    {},
    {},
    {},
    {}
  ]
}