{
  "Metrics": {
    "MAE": [
      122.96250927997018,
      71.57264814432496,
      100.61568469761357,
      102.21011933687463,
      45.94293523093456,
      114.76552345885126,
      93.77660499361986,
      119.21604693536142,
      123.23021745993245,
      94.47801771202485,
      108.36155320375805,
      118.4889878791454,
      117.16812488124854,
      97.94216088657237,
      118.62270083190461,
      90.6136983915339,
      115.98921729317891,
      127.32675555792116,
      92.51425767207924,
      111.17656582271299,
      94.54169534169925,
      127.51575763858386,
      116.66593919000142,
      54.85562643075304,
      116.46949038185443,
      114.71384851723582,
      125.81327592563375,
      129.00938689070387,
      123.66323560311669,
      116.43222318500014
    ],
    "MRE": [
      29.831096970395087,
      16.546920340439968,
      24.616197519796497,
      24.7841833238941,
      9.078916678545243,
      28.891474745666066,
      24.76977582706915,
      31.230580812265764,
      29.146033059819864,
      24.15112271032186,
      26.613174133773416,
      27.177479480723182,
      29.66756874823427,
      24.109487714601638,
      31.21925948383036,
      21.87858852009115,
      30.714905567174167,
      33.16816730399955,
      24.80337705517865,
      29.826825308558686,
      23.180499046355123,
      31.784783609895236,
      29.747595318403636,
      12.957093109399647,
      26.82646727063131,
      30.536228150763257,
      30.674448514731534,
      31.50217593088386,
      28.606178155622576,
      28.99831689258134
    ],
    "MBRE": [
      0.3396160299438874,
      0.17957621092055065,
      0.2717717603201379,
      0.27501377040391334,
      0.09885946524976423,
      0.3158484293763226,
      0.26283646142161454,
      0.3385218824590274,
      0.3381741922175362,
      0.25865094061008753,
      0.2937148718262908,
      0.3200988762136389,
      0.32660512722457924,
      0.2633813458184343,
      0.3385673663708726,
      0.2408716375043,
      0.3310110799819743,
      0.36409219057048575,
      0.2603120412664801,
      0.3154473452542635,
      0.2512912845379983,
      0.3578832495407289,
      0.32610914791127776,
      0.13559590612965708,
      0.31449431721316656,
      0.3268822252522667,
      0.3509386315818139,
      0.35982766572754965,
      0.3364067887807722,
      0.3216429654679346
    ],
    "MIBRE": [
      0.23174857114220515,
      0.14347180938058673,
      0.19709033491968259,
      0.19831241256925156,
      0.08538469172129179,
      0.21958942186889455,
      0.18790157424517662,
      0.2250233173174043,
      0.23259032274353147,
      0.1887293752458082,
      0.20965653403198695,
      0.22345173000550564,
      0.22364336676574534,
      0.19219754164689476,
      0.2225558845420092,
      0.1812687486937302,
      0.21981652818238162,
      0.2361094175205318,
      0.18599264239970129,
      0.2125996610359095,
      0.1878225204325616,
      0.23823773681291338,
      0.2216847081058315,
      0.11243852064230636,
      0.2203615179512473,
      0.21855992133413846,
      0.235878995579635,
      0.24126613946312328,
      0.2340394291880142,
      0.22159511158334166
    ]
  },
  "Mean_MAE": 106.88849362580484,
  "Mean_MRE": 26.567964043454875,
  "Mean_MBRE": 0.2938014402365775,
  "Mean_MIBRE": 0.20496728290237806,
  "Median_MAE": 115.37737037601508,
  "Median_MRE": 28.748826450644323,
  "Median_MBRE": 0.3179736527949808,
  "Median_MIBRE": 0.21970297502563807,
  "Runs": [
    {},
    {},
    {},
    {},
    {},
    {},
    {},
    {},
    {},
    {},
    {},
    {},
    {},
    {},
    {},
    {},
    {},
    {},
    {},
    {},
    {},
    {},
    {},
    {},
    {},
    {},
    {},
    {},
    {},
    {}
  ]
}