{
  "Metrics": {
    "MAE": [
      95.50277931574631,
      123.29141146393832,
      96.63720492244609,
      62.03590798929984,
      69.15825573243987,
      101.90283330474924,
      88.86483107599267,
      138.20215097262385,
      91.84968146824173,
      137.76023017178142,
      89.62874865598882,
      100.1979074701753,
      99.195162756175,
      116.89049311728647,
      76.99525430792197,
      102.713214856705,
      93.80033769096092,
      89.23769247261494,
      99.13344700214051,
      107.0535478104801,
      124.23310238863942,
      104.39946845921749,
      118.07112376489067,
      65.64927696287077,
      123.94196380579416,
      91.49354492405702,
      118.3490953729173,
      78.2828593928645,
      56.885442913688145,
      80.90090727805269
    ],
    "MRE": [
      21.596008685149023,
      33.60943220610949,
      22.591726891191723,
      14.145530701418032,
      17.074746167107417,
      26.622667056172112,
      22.650253892738846,
      35.84130064112416,
      21.846969168788892,
      35.07211368432767,
      22.29098711989073,
      23.818659226285277,
      25.330249400543593,
      27.705662513622453,
      16.188577357264506,
      23.6480451032895,
      23.606726883628415,
      22.308105211147193,
      26.735108152129587,
      27.47393077394365,
      33.08289967379353,
      25.00592419920852,
      30.020886091629684,
      16.493871699633694,
      28.167355155493727,
      25.13354595224815,
      28.79816623152054,
      18.47420366472334,
      12.736474726459349,
      18.95218597206159
    ],
    "MBRE": [
      0.24599920702569872,
      0.3569683149063698,
      0.2520535531433798,
      0.15335854734146312,
      0.18048475799660454,
      0.28719632891372215,
      0.2394183083501528,
      0.39625111410717023,
      0.2471082742214546,
      0.3916512415725049,
      0.24096202257852078,
      0.2662196774003259,
      0.27239290200779126,
      0.31867456200292055,
      0.17591386574065696,
      0.2705498207668627,
      0.25426564601211055,
      0.24073473945647433,
      0.28172998029096363,
      0.2927536718524105,
      0.3570305397057866,
      0.2797844411068391,
      0.3314537296950706,
      0.1731234561877955,
      0.3365321431116518,
      0.2613475736311664,
      0.32590985966496716,
      0.20196865568141448,
      0.13732100835645547,
      0.206245989732676
    ],
    "MIBRE": [
      0.18433428417755082,
      0.23147024611507652,
      0.1882159719951419,
      0.12667877414296935,
      0.1440167716359954,
      0.20328504130520283,
      0.18008842122058732,
      0.25344898881671196,
      0.18750118148301884,
      0.2541603037497276,
      0.17977415666146523,
      0.1945789087021225,
      0.19541625170800728,
      0.22145261996382593,
      0.1402942761868153,
      0.19783486074789175,
      0.1869856266317189,
      0.17806992354212534,
      0.19527855670170885,
      0.20846443755455368,
      0.23262781420107853,
      0.2027506340417202,
      0.22475229323796692,
      0.1385165252160781,
      0.23373513142267685,
      0.18416957311367022,
      0.22373246553835283,
      0.15685692560682407,
      0.11433704023878834,
      0.16090047395135318
    ]
  },
  "Mean_MAE": 98.07526259402336,
  "Mean_MRE": 24.234077140088143,
  "Mean_MBRE": 0.26584679775204606,
  "Mean_MIBRE": 0.19079094932035756,
  "Median_MAE": 97.88532596229331,
  "Median_MRE": 23.73335216478739,
  "Median_MBRE": 0.2637836255157462,
  "Median_MIBRE": 0.1913974403486322,
  "Runs": [
    {},
    {},
    {},
    {},
    {},
    {},
    {},
    {},
    {},
    {},
    {},
    {},
    {},
    {},
    {},
    {},
    {},
    {},
    {},
    {},
    {},
    {},
    {},
    {},
    {},
    {},
    {},
    {},
    {},
    {}
  ]
}