{
  "Metrics": {
    "MAE": [
      48.15961129746239,
      50.36539775819721,
      101.48531841923169,
      65.49503726835297,
      44.941388991727536,
      73.26847276488469,
      62.788382575776374,
      76.25062912149305,
      60.76816229509703,
      71.25505881510308,
      74.82224830226154,
      53.41590670882749,
      89.08796215141207,
      76.20670849500135,
      51.36399269106188,
      55.58555809777464,
      59.27452063199854,
      65.55190168737687,
      62.51526847611678,
      65.71713406358161,
      63.95337174686816,
      50.733137391979874,
      75.684404049077,
      61.80566822617994,
      48.444414502703005,
      102.3386640090799,
      83.58026777170953,
      88.0357944825414,
      59.53212152088222,
      63.58308212776683
    ],
    "MRE": [
      9.285440789927161,
      11.390262457952169,
      23.190973455948363,
      14.94358670575111,
      8.879285258696171,
      15.827959966231454,
      16.213941795395606,
      20.312191737382683,
      12.851001120564328,
      18.718989731604815,
      15.69164684787118,
      10.89864532293296,
      21.19809601697517,
      17.07718385027575,
      11.939493686697219,
      10.823641664114263,
      15.045782449587355,
      16.01523315569225,
      16.297673820096286,
      15.18539141099978,
      14.253840363358966,
      12.113319769328204,
      17.8669784459567,
      14.798779520613369,
      9.856750635690876,
      27.79857107766742,
      19.31364164281984,
      20.831479513893797,
      12.215758644206819,
      13.177684383467847
    ],
    "MBRE": [
      0.10374805007504619,
      0.11985735148930968,
      0.26660450782507616,
      0.16205247364902606,
      0.09645333622583761,
      0.17700582224986905,
      0.16861500967766782,
      0.21197269284127682,
      0.1434419290419335,
      0.19564606705021492,
      0.17767194983765858,
      0.12082515942515303,
      0.23495381254210007,
      0.18810148456567644,
      0.12618934442105043,
      0.12333698521364204,
      0.15683260458055637,
      0.17016884816789576,
      0.1691712823433887,
      0.16154837024022567,
      0.15607129416709023,
      0.12854298221099056,
      0.19418318379256266,
      0.1564602094053423,
      0.10829989477275666,
      0.29351397448986044,
      0.21693684506529878,
      0.22912566623754077,
      0.1377006056054551,
      0.14830675649697098
    ],
    "MIBRE": [
      0.08899097226167445,
      0.10217553369038579,
      0.19487513155924763,
      0.13197137706693102,
      0.0835626191177734,
      0.1418502863160418,
      0.13384728441145077,
      0.1587475124176855,
      0.1189558255034345,
      0.1507603402343496,
      0.1426736599972245,
      0.10263888198767651,
      0.17647591404730395,
      0.1495516243287444,
      0.10526383266734562,
      0.1026326827794655,
      0.12679630077248352,
      0.13561484215775912,
      0.1342506618446166,
      0.13267957591380014,
      0.12609977825626667,
      0.10769785719538132,
      0.15283316275786307,
      0.12731956596221003,
      0.0935036736352223,
      0.19998672648303872,
      0.16579651809423787,
      0.17552321673123783,
      0.11429895987280314,
      0.12087831992517285
    ]
  },
  "Mean_MAE": 66.86698621471754,
  "Mean_MRE": 15.467107508056664,
  "Mean_MBRE": 0.16811128312354912,
  "Mean_MIBRE": 0.13327508793296092,
  "Median_MAE": 63.76822693731749,
  "Median_MRE": 15.115586930293567,
  "Median_MBRE": 0.16180042194462585,
  "Median_MIBRE": 0.13232547649036558,
  "Runs": [
    {},
    {},
    {},
    {},
    {},
    {},
    {},
    {},
    {},
    {},
    {},
    {},
    {},
    {},
    {},
    {},
    {},
    {},
    {},
    {},
    {},
    {},
    {},
    {},
    {},
    {},
    {},
    {},
    {},
    {}
  ]
}