{
  "Metrics": {
    "MAE": [
      100.4690375555267,
      127.72477872507356,
      98.84125805706971,
      75.5589233617388,
      74.2848255853919,
      107.86868353507973,
      95.98341490536502,
      137.69724087529204,
      101.8354334656191,
      141.16358209341126,
      97.94004042760479,
      103.54043941064504,
      102.97295153092197,
      118.77998644566755,
      79.18722819579735,
      111.99783244192568,
      95.75784603372061,
      90.10550587526852,
      106.35756155504646,
      105.61353550005946,
      125.28374869070637,
      105.90522590489168,
      125.97213838502368,
      70.39365589034423,
      125.10441549064626,
      95.55505513150986,
      123.9119757680939,
      84.57327957437307,
      62.00179276350976,
      87.70654323842327
    ],
    "MRE": [
      21.349483864904897,
      36.08380121647815,
      22.277522201504798,
      17.18750440719973,
      18.784791250018493,
      27.094879674967228,
      23.310304904863806,
      34.2417274793321,
      21.01613797254566,
      37.85377005657837,
      24.012983268359598,
      22.623736559249245,
      25.621725836718095,
      28.066110422310146,
      15.948081500464637,
      22.39629986483593,
      23.156395968559877,
      21.96296072952174,
      27.895767116372067,
      27.136663832060943,
      30.34705018986998,
      24.24881528763626,
      30.209867932327256,
      18.124723978935293,
      27.68423396997598,
      26.178930072619593,
      28.350339543765067,
      19.073606953269554,
      13.574037933439625,
      21.68173402505114
    ],
    "MBRE": [
      0.25802119995439027,
      0.3777212517317003,
      0.25690600301212035,
      0.19205274009072795,
      0.197948426445734,
      0.3017900718674999,
      0.255092078700902,
      0.3915054427252755,
      0.26358784875695795,
      0.40817031549773747,
      0.2639657394345067,
      0.26885610224988,
      0.28035279727547785,
      0.32735047187048855,
      0.18160176338436648,
      0.2955846796175357,
      0.25657149116379224,
      0.24048594439942586,
      0.2989255957674987,
      0.2909639451176256,
      0.3510620490879994,
      0.279575159907253,
      0.3518671299080687,
      0.19014361123830711,
      0.340578288699773,
      0.2736472639799238,
      0.3421266344538002,
      0.2162649848205327,
      0.1492017951225778,
      0.23192415319354062
    ],
    "MIBRE": [
      0.18721103914813864,
      0.23585686176477805,
      0.18859095248297153,
      0.15161198860996986,
      0.15376911105437807,
      0.21150909971309026,
      0.18913757000297232,
      0.2542697302506049,
      0.1965441276900632,
      0.25613494403117865,
      0.19218138673629642,
      0.1965757631100558,
      0.201238291372573,
      0.22298881283383834,
      0.1427707862744777,
      0.20404158145847118,
      0.18745209626899892,
      0.17741968073010267,
      0.20612120839982523,
      0.20570271816735558,
      0.23507783243258684,
      0.20404434389768566,
      0.2389591651931181,
      0.1480745208472154,
      0.2344900110267797,
      0.19001143442770926,
      0.23075210396734475,
      0.16469326469383727,
      0.1222091084752647,
      0.17540792543916953
    ]
  },
  "Mean_MAE": 102.66959788045826,
  "Mean_MRE": 24.58313293379117,
  "Mean_MBRE": 0.27779483264918065,
  "Mean_MIBRE": 0.19682824868336174,
  "Median_MAE": 102.40419249827053,
  "Median_MRE": 23.6616440866117,
  "Median_MBRE": 0.2712516831149019,
  "Median_MIBRE": 0.1965599454000595,
  "Runs": [
    {},
    {},
    {},
    {},
    {},
    {},
    {},
    {},
    {},
    {},
    {},
    {},
    {},
    {},
    {},
    {},
    {},
    {},
    {},
    {},
    {},
    {},
    {},
    {},
    {},
    {},
    {},
    {},
    {},
    {}
  ]
}