{
  "MAEp0": 15.733007522028295,
  "Sp0": 0.11448128733365524,
  "Q5p0": 15.548487849475583,
  "SA_5": 0.011728188160741726
}