{
  "Metrics": {
    "MAE": [
      6.08200556432203,
      7.703638023231602,
      6.331479712119019,
      7.561106596662675,
      7.627275968055347,
      6.205995054572431,
      6.777705490150928,
      7.469734237191925,
      6.297788466239873,
      6.9719017923812014,
      8.501107792174487,
      7.572787370279061,
      5.903929019273036,
      7.522925608960177,
      6.097816828624787,
      6.981826403183796,
      7.653545142715542,
      7.71647978700712,
      5.176815479036996,
      7.143889834574661,
      7.232867523626136,
      7.496836313243701,
      6.52428098819337,
      7.352050802398722,
      6.545625617903536,
      6.855059436189383,
      5.782457354567471,
      8.045156272669145,
      8.855547396458947,
      5.843719406266024
    ],
    "MRE": [
      16.307664305773923,
      21.819453882216617,
      17.271001760923287,
      21.25673295914587,
      21.27458061113299,
      16.614620742841936,
      18.43693504285747,
      21.462700163227634,
      17.229118807159807,
      19.550781154703742,
      23.54171020870841,
      21.377758199370163,
      15.947945289306912,
      20.970132068817303,
      15.926466959819646,
      19.632127626724134,
      21.51081306873609,
      21.71221041596234,
      13.849894937501112,
      19.812652619489203,
      19.99420883664614,
      20.989158084951885,
      17.589437589439942,
      20.68481606801077,
      17.91040611897402,
      19.042725983563518,
      15.414067486495592,
      22.273378189154826,
      25.090106441932043,
      15.415103196835256
    ],
    "MBRE": [
      0.1811572773878184,
      0.2425205731242254,
      0.19070150227091495,
      0.236249562867125,
      0.23844217370523432,
      0.18356978226608683,
      0.2064654092971792,
      0.2357019308622586,
      0.18965685241541733,
      0.21567712748327844,
      0.27043905084765285,
      0.23788662721257123,
      0.1746830634719647,
      0.2340216931768049,
      0.17819965141826327,
      0.2154584060090555,
      0.2412355685784738,
      0.24247251822696123,
      0.14928795201192926,
      0.22005419531244033,
      0.2244078734069692,
      0.23529192157064813,
      0.19684574638744246,
      0.2295828994261255,
      0.19857121520566742,
      0.21046210701277016,
      0.16965681894380688,
      0.25378041329714535,
      0.2839301365468058,
      0.17169679649820233
    ],
    "MIBRE": [
      0.1423828610597893,
      0.1801520053908082,
      0.1496780263560302,
      0.17656383151372698,
      0.17843982636495845,
      0.14485278003985466,
      0.15805519715822625,
      0.1766240409993573,
      0.14922167220367613,
      0.16362804957170374,
      0.19459174175409605,
      0.17712378034460283,
      0.1400450269564873,
      0.17586385581406003,
      0.14018907725531496,
      0.1659238154247008,
      0.17822748665928442,
      0.17985700863159093,
      0.12261199140514088,
      0.16803029712461628,
      0.1682940569314817,
      0.17567688382881716,
      0.15306276235810728,
      0.17167652331106362,
      0.1549044011989486,
      0.16178197008554063,
      0.1364937116125746,
      0.18586784699584424,
      0.20401169160693003,
      0.13630113763617
    ]
  },
  "Mean_MAE": 6.994445176075771,
  "Mean_MRE": 19.330290294014087,
  "Mean_MBRE": 0.21527022820804131,
  "Mean_MIBRE": 0.16367111191978345,
  "Median_MAE": 7.0628581188792285,
  "Median_MRE": 19.72239012310667,
  "Median_MBRE": 0.2178656613978594,
  "Median_MIBRE": 0.16697705627465853,
  "Runs": [
    {},
    {},
    {},
    {},
    {},
    {},
    {},
    {},
    {},
    {},
    {},
    {},
    {},
    {},
    {},
    {},
    {},
    {},
    {},
    {},
    {},
    {},
    {},
    {},
    {},
    {},
    {},
    {},
    {},
    {}
  ]
}