{
  "Metrics": {
    "MAE": [
      1.2022343319169506,
      1.2392343843713276,
      1.0118884814319566,
      1.1290422245797351,
      1.1822921784012168,
      1.0270785585308817,
      1.05263683869125,
      1.05756074028732,
      1.0396969519525823,
      1.1257525907111756,
      1.0591895016444148,
      1.0621527423069363,
      1.073726625564061,
      1.0591720939751499,
      1.0655609601679015,
      1.1417878292584764,
      1.0211147330916985,
      1.0647971791372683,
      1.0334174119087962,
      1.0097432801850923,
      1.0464498646621228,
      1.044972087393044,
      1.0326136963791632,
      1.0423843710243428,
      1.04214428955282,
      1.1135894238956159,
      1.1822653137326273,
      1.0345827272936179,
      1.0843723971023471,
      1.0394201005208428
    ],
    "MRE": [
      2.9592303710090335,
      3.1168678375979573,
      2.5377722640752847,
      2.8566784570034995,
      2.8549974481082265,
      2.612507764363548,
      2.627578485747021,
      2.725472487862221,
      2.611724506551831,
      2.826483663393491,
      2.6553690236341385,
      2.7215296039279817,
      2.710044642712143,
      2.6636361351438786,
      2.600882505173157,
      2.8704634522088477,
      2.5775716383216314,
      2.6628714391609885,
      2.6265561483417974,
      2.5209697289606146,
      2.6549733471010812,
      2.6249710853084807,
      2.612568142886597,
      2.6207054740065137,
      2.6935444510583455,
      2.808428678180719,
      2.854432965292152,
      2.6287341248911402,
      2.7052308402691083,
      2.581575416223265
    ],
    "MBRE": [
      0.03108670244445393,
      0.03228105949735215,
      0.026305591250211945,
      0.029503238322515394,
      0.02952742167854,
      0.027185293963305487,
      0.027133626242001257,
      0.02812162474929431,
      0.027017366818663957,
      0.029814697149855508,
      0.027662671500451038,
      0.02785258924179392,
      0.027999060835022398,
      0.027479462421011194,
      0.02713006188984244,
      0.02949209402038927,
      0.026558727325055518,
      0.027307976050127004,
      0.027000438709024507,
      0.02628687993409671,
      0.0276367189401058,
      0.027086158145971113,
      0.02702414185700022,
      0.027182202763202337,
      0.027950126601948122,
      0.02897603597224744,
      0.030370616369477518,
      0.027143083181782778,
      0.02812115756330707,
      0.026759352372371877
    ],
    "MIBRE": [
      0.028524854209981722,
      0.029517239211490985,
      0.024784918390896814,
      0.02740421372980548,
      0.027692261144776104,
      0.025481933418272276,
      0.02554193251692308,
      0.02631617425150138,
      0.0253904540784996,
      0.02727647222535344,
      0.025758812847531853,
      0.02601620970451064,
      0.026112708516577526,
      0.025617178085361222,
      0.025322745546220854,
      0.027510192173030037,
      0.024932794337049896,
      0.025574465811829195,
      0.025490726473659887,
      0.024521227675187943,
      0.025748443315668144,
      0.025400432651628797,
      0.02522745748566298,
      0.025442789785830967,
      0.026057210294370806,
      0.026708430963689075,
      0.027817617212825576,
      0.025363464082565353,
      0.026284041307964558,
      0.025061398260133285
    ]
  },
  "Mean_MAE": 1.077362463655691,
  "Mean_MRE": 2.7041457376171563,
  "Mean_MBRE": 0.02803320592701407,
  "Mean_MIBRE": 0.026129959990293317,
  "Median_MAE": 1.0583664171312348,
  "Median_MRE": 2.6591202313975635,
  "Median_MBRE": 0.0275580906805585,
  "Median_MIBRE": 0.02568281070051468,
  "Runs": [
    {},
    {},
    {},
    {},
    {},
    {},
    {},
    {},
    {},
    {},
    {},
    {},
    {},
    {},
    {},
    {},
    {},
    {},
    {},
    {},
    {},
    {},
    {},
    {},
    {},
    {},
    {},
    {},
    {},
    {}
  ]
}