{
  "Metrics": {
    "MAE": [
      7.807268896001145,
      5.465128348302786,
      4.90249336650288,
      6.267306872457064,
      6.3414067462558785,
      5.365861352565095,
      5.769722310162682,
      7.548205528850615,
      8.008788429595272,
      5.855242493268973,
      5.115863029819791,
      10.437297412388796,
      10.798219658124994,
      8.709211656784882,
      6.306853001438119,
      6.443234262490547,
      5.528488241327307,
      10.376996456776228,
      5.97457363926292,
      8.459549784743126,
      8.206658822087917,
      10.646118780722054,
      5.92730874630419,
      10.389444461104581,
      5.874459218376163,
      5.752346109335541,
      5.535046856532972,
      10.637337277947704,
      8.471436743267695,
      7.651645577606606
    ],
    "MRE": [
      21.476489558341815,
      14.851280948336964,
      12.43020093714298,
      16.928041857907026,
      16.899571623478707,
      13.970527087066806,
      15.77243233806526,
      21.430810510477567,
      22.382696881875063,
      15.978220255976089,
      12.524157027618624,
      30.127755443997117,
      31.43235588033637,
      24.249924093821555,
      16.864734079648766,
      17.53779147579262,
      14.240060224518189,
      30.040469795828468,
      15.339432832053292,
      23.849577269211075,
      23.025960658483875,
      30.490068191798215,
      15.757775311034248,
      29.887428572584042,
      15.85553362939473,
      15.164563530966738,
      13.865448594821103,
      30.456838969503703,
      23.81992453621921,
      21.430715374825116
    ],
    "MBRE": [
      0.24469944455748496,
      0.16522464585785676,
      0.14082580849167647,
      0.18841912067481675,
      0.19129109347498294,
      0.1539149000767396,
      0.17165318782953762,
      0.2385591445716992,
      0.2532892322776187,
      0.1737752758140583,
      0.13987571211770222,
      0.3489756191789893,
      0.36449834337897186,
      0.27909592627508334,
      0.18972456808592988,
      0.19410911684629129,
      0.15586155056851372,
      0.34452213261519815,
      0.1749227213210577,
      0.2705299420855527,
      0.26119808221678503,
      0.3528325442657388,
      0.17701282555350195,
      0.34439484425460837,
      0.17653823371838903,
      0.1721030321229586,
      0.15637897861499303,
      0.3545202858839072,
      0.27083220813011566,
      0.2413502930493097
    ],
    "MIBRE": [
      0.18136737303686076,
      0.1310466799620366,
      0.111042877247718,
      0.14650930147862484,
      0.14741588443711143,
      0.12246121582210179,
      0.13750222284091335,
      0.1781865858161512,
      0.18730115635241615,
      0.13874417899154295,
      0.11255937685542709,
      0.23342119216936966,
      0.2401500749302832,
      0.19882465829480747,
      0.1481050533543511,
      0.15105618178466323,
      0.12384043000358048,
      0.233141741060936,
      0.1334874205146596,
      0.19667615575865444,
      0.19009410186623169,
      0.23909041070517342,
      0.13861197675781556,
      0.23406323542441373,
      0.13910286510082245,
      0.1354472862402352,
      0.12332065595995179,
      0.2388844284292986,
      0.19485680396629984,
      0.17917448454742863
    ]
  },
  "Mean_MAE": 7.352450469346818,
  "Mean_MRE": 20.269359583037513,
  "Mean_MBRE": 0.22969762713033562,
  "Mean_MIBRE": 0.168849533656996,
  "Median_MAE": 6.392320504373213,
  "Median_MRE": 17.232916666849825,
  "Median_MBRE": 0.19270010516063713,
  "Median_MIBRE": 0.14958061756950716,
  "Runs": [
    {},
    {},
    {},
    {},
    {},
    {},
    {},
    {},
    {},
    {},
    {},
    {},
    {},
    {},
    {},
    {},
    {},
    {},
    {},
    {},
    {},
    {},
    {},
    {},
    {},
    {},
    {},
    {},
    {},
    {}
  ]
}