{
  "Metrics": {
    "MAE": [
      5.223592299338511,
      7.754739779688837,
      5.563725112697878,
      7.153494742330417,
      7.514442788690577,
      6.001594572353785,
      6.1235537353817,
      6.8126478856377854,
      5.491963762778201,
      6.413665746810747,
      8.58640803620541,
      7.02665303931017,
      5.28556046755057,
      7.451384625841388,
      5.6180978691628525,
      6.716519648571495,
      7.449370879591138,
      7.621961528481264,
      4.568316288711404,
      6.306295617700189,
      6.478408725430644,
      6.911911733057211,
      5.941870275196872,
      6.562373311479342,
      5.953147797026138,
      6.210053100993971,
      5.389006712531213,
      7.71089628319668,
      8.928907028138296,
      5.145628735784459
    ],
    "MRE": [
      12.24651198992402,
      20.791364794664197,
      13.491411685517793,
      18.753167993125352,
      19.500499402592173,
      14.682608917109736,
      15.161859241012854,
      18.038079541966358,
      13.239036868195383,
      16.43227640091214,
      22.68048424205129,
      18.237621114661266,
      12.654490418651015,
      19.613050275529258,
      13.460818256801705,
      17.604357008978294,
      19.80960220646847,
      20.543651982938137,
      11.197668947272012,
      16.08095274941583,
      16.393429937085003,
      17.843739409578518,
      14.505641460023643,
      16.685700654431535,
      14.62721841040481,
      15.406271417644533,
      12.802377045551951,
      19.911619942108015,
      24.454582431089296,
      12.160473964168922
    ],
    "MBRE": [
      0.1454304421847988,
      0.2425309276930166,
      0.15762790255817893,
      0.2190133547125345,
      0.23068581131269475,
      0.17244025488744405,
      0.17997828080799538,
      0.20876598309309446,
      0.15625576413572675,
      0.19141031020064547,
      0.27244565989078573,
      0.21493593703052943,
      0.14713054298580233,
      0.23002166226771673,
      0.15844882175427966,
      0.20336037481207633,
      0.23085586345698147,
      0.2392502503075703,
      0.12475767033814918,
      0.18764013106957786,
      0.19483848676996293,
      0.21018276181394135,
      0.17233879547549508,
      0.19705924674911388,
      0.17225010924078435,
      0.1811609529942537,
      0.15271329061872133,
      0.23956168456843824,
      0.286491585736348,
      0.14483466669756426
    ],
    "MIBRE": [
      0.11382433226126583,
      0.1760985744808966,
      0.12447728253441545,
      0.1631271630774823,
      0.1703627850581606,
      0.13265522963786539,
      0.13655730575517244,
      0.15642829886522877,
      0.12211027114775905,
      0.14541950957076616,
      0.19320741953956844,
      0.15892603806803957,
      0.11700410389721697,
      0.16936933973267074,
      0.12326561693347622,
      0.1546946130054764,
      0.17010177788831515,
      0.17460408464161334,
      0.1018749511384477,
      0.14357011452967897,
      0.14646012132146857,
      0.15720099373827504,
      0.13226177544496737,
      0.14734281096892446,
      0.13325554902359182,
      0.13884030280436238,
      0.1188740320123465,
      0.1739438173874329,
      0.20346910991437542,
      0.11330909141891232
    ]
  },
  "Mean_MAE": 6.530539737655638,
  "Mean_MRE": 16.63368562366245,
  "Mean_MBRE": 0.19548058420547407,
  "Mean_MIBRE": 0.1470878805266058,
  "Median_MAE": 6.446037236120696,
  "Median_MRE": 16.412853168998573,
  "Median_MBRE": 0.19312439848530422,
  "Median_MIBRE": 0.14593981544611737,
  "Runs": [
    {},
    {},
    {},
    {},
    {},
    {},
    {},
    {},
    {},
    {},
    {},
    {},
    {},
    {},
    {},
    {},
    {},
    {},
    {},
    {},
    {},
    {},
    {},
    {},
    {},
    {},
    {},
    {},
    {},
    {}
  ]
}