{
  "Metrics": {
    "MAE": [
      3.175548441094066,
      2.9966723432455704,
      2.973764830857092,
      2.9500424240050482,
      3.1326066318084,
      2.9987355143270045,
      2.9560806230255774,
      2.9740836941379754,
      2.9581832203859877,
      2.982303480442595,
      2.9666577423804905,
      2.8338463479630076,
      2.9332046621362022,
      2.964682163124954,
      2.9562980007937996,
      2.996847409553947,
      2.9036335246440146,
      2.9599303443333858,
      2.96831595913125,
      2.9211309973116215,
      3.056822653622398,
      2.9779960362109814,
      3.0533798411185935,
      2.910106439108359,
      2.944191243940571,
      3.0931756716323555,
      3.093559869218358,
      3.023999949705602,
      2.9343144054464263,
      2.908690752115495
    ],
    "MRE": [
      7.492261094960753,
      7.295373247252185,
      7.240325873142833,
      7.3331908019614565,
      7.400923822736999,
      7.659703179540683,
      7.168341519672639,
      7.360609638633861,
      7.244272912055191,
      7.511411425367967,
      7.185553686660443,
      6.975557248159507,
      7.199243136943674,
      7.137661714607068,
      7.14784961995099,
      7.330051537447129,
      7.330866361421984,
      7.495896589368188,
      7.383385519032994,
      7.0213662110726895,
      7.484185388738568,
      7.1551736271567705,
      7.46223013064051,
      7.242221005203672,
      7.408985328278041,
      7.507772709151955,
      7.485329555779137,
      7.274499741133678,
      7.1250656123996805,
      6.923435712271443
    ],
    "MBRE": [
      0.08233650944196229,
      0.07920098957222663,
      0.07847291446202422,
      0.07901542517375353,
      0.08218951982864349,
      0.08288372495722848,
      0.07764849909795123,
      0.07925214669887753,
      0.07786342322211635,
      0.08137472047826559,
      0.07756209191047755,
      0.07526982017086772,
      0.07809337491332695,
      0.07714074763748274,
      0.07716562507761165,
      0.07904510442132626,
      0.07800260599216743,
      0.07998254179832028,
      0.07937160808739997,
      0.07647167529876256,
      0.08160847053581312,
      0.07774402525273005,
      0.08071717572216841,
      0.07847607665398912,
      0.07994614857778153,
      0.08258556387527889,
      0.0815124104584332,
      0.07909209110370519,
      0.07802281028123968,
      0.07549331259421366
    ],
    "MIBRE": [
      0.06948772706777283,
      0.0665159302830364,
      0.06714879426225115,
      0.06673761780790113,
      0.0692962714410703,
      0.07003176175025237,
      0.0659757204414617,
      0.06717715492381628,
      0.06654768021870813,
      0.06818902058674668,
      0.06538600252765475,
      0.06447772937039546,
      0.06684288987046179,
      0.06587847913590067,
      0.06608196748191739,
      0.06717476765497338,
      0.06645612065050972,
      0.06819331123739086,
      0.06720460979000248,
      0.06433082757877587,
      0.06829435911157251,
      0.06606842259382648,
      0.06832367812328445,
      0.06663769630645465,
      0.06798111057796875,
      0.06830213753189632,
      0.06870031140534555,
      0.06741231365822964,
      0.06615010779400733,
      0.06454213745875508
    ]
  },
  "Mean_MAE": 2.9832935072273705,
  "Mean_MRE": 7.29942479835809,
  "Mean_MBRE": 0.07911803844320484,
  "Mean_MIBRE": 0.067051555288078,
  "Median_MAE": 2.9674868507558703,
  "Median_MRE": 7.312712392349656,
  "Median_MBRE": 0.07903026479753988,
  "Median_MIBRE": 0.06699584206635648,
  "Runs": [
    {},
    {},
    {},
    {},
    {},
    {},
    {},
    {},
    {},
    {},
    {},
    {},
    {},
    {},
    {},
    {},
    {},
    {},
    {},
    {},
    {},
    {},
    {},
    {},
    {},
    {},
    {},
    {},
    {},
    {}
  ]
}