{
  "Metrics": {
    "MAE": [
      3.022610538172351,
      3.019438167284729,
      2.801021844061351,
      2.8719807222850386,
      3.015676768144152,
      2.903260333558038,
      2.845276615701643,
      2.9681130862511664,
      2.819810528447474,
      2.878473869443209,
      2.905391020502165,
      2.783210911375438,
      2.894032651381398,
      2.837367864888083,
      2.8573315567670194,
      2.971101483474906,
      2.786302308546307,
      2.907588701261449,
      2.9410343801549748,
      2.825329996724583,
      2.9765963702579668,
      2.8887688376927616,
      2.980237035816007,
      2.8803735402828172,
      2.9612977498157247,
      3.0565390229876543,
      2.974268662847518,
      2.956185611873169,
      2.896744426140484,
      2.825236576250242
    ],
    "MRE": [
      7.176463218500999,
      7.3631846307016415,
      6.7721440582371395,
      7.110047642410078,
      7.131188361532647,
      7.28329673434081,
      6.954386718111596,
      7.3615985233354015,
      6.895531653385369,
      7.12849102507644,
      6.986855137667314,
      6.897250495697397,
      7.131546653066072,
      6.9144731668085475,
      6.846633273816892,
      7.375353693857825,
      7.0075382196131075,
      7.334124561185858,
      7.380265370138325,
      6.840659256335033,
      7.30941945328525,
      6.987943871482622,
      7.273383703634682,
      7.180206512552852,
      7.432173337569448,
      7.314065819550971,
      7.201817301038166,
      7.1162914118676435,
      7.096959862374956,
      6.8781808160029465
    ],
    "MBRE": [
      0.07776438676493913,
      0.07892784494672361,
      0.07271296447544723,
      0.07617366596103982,
      0.07815296377379466,
      0.07847123329571616,
      0.07435436657396656,
      0.07865144425774011,
      0.07344949017505763,
      0.07681844131946988,
      0.07532743415462399,
      0.07357955820008773,
      0.0765762416439098,
      0.07422686157755509,
      0.07401128884441267,
      0.07865206004873063,
      0.0739555511638022,
      0.07769133264878435,
      0.07848344032717769,
      0.07393700748539356,
      0.07892513103434945,
      0.07515452076727855,
      0.07847041134662303,
      0.0772607048397794,
      0.07944849439311406,
      0.07999939099826897,
      0.0778371252640896,
      0.07676893640782162,
      0.07683152919363787,
      0.07407624954307737
    ],
    "MIBRE": [
      0.0667627640137783,
      0.06714728546548852,
      0.06335010636098427,
      0.06513004713651314,
      0.06690662033328745,
      0.06738833510843739,
      0.06449548579370266,
      0.06733040045313354,
      0.06367907108473803,
      0.06519629326062494,
      0.06500994137930467,
      0.0637382254347453,
      0.06620273992973058,
      0.06422821395463621,
      0.06424535256781878,
      0.06770347368510682,
      0.06420897134411899,
      0.06704394839358119,
      0.06728192053577095,
      0.06327438441118825,
      0.0669657181770436,
      0.06484756791124102,
      0.06727928336074913,
      0.06644159127698113,
      0.06836740283316636,
      0.06695081634313182,
      0.06649131515232717,
      0.06601337484725303,
      0.06604077629043584,
      0.06425397174511087
    ]
  },
  "Mean_MAE": 2.9083533727463275,
  "Mean_MRE": 7.122715816105935,
  "Mean_MBRE": 0.07655633571421375,
  "Mean_MIBRE": 0.06579917995280433,
  "Median_MAE": 2.900002379849261,
  "Median_MRE": 7.129839693304543,
  "Median_MBRE": 0.07682498525655387,
  "Median_MIBRE": 0.06612175811008321,
  "Runs": [
    {},
    {},
    {},
    {},
    {},
    {},
    {},
    {},
    {},
    {},
    {},
    {},
    {},
    {},
    {},
    {},
    {},
    {},
    {},
    {},
    {},
    {},
    {},
    {},
    {},
    {},
    {},
    {},
    {},
    {}
  ]
}