{
  "Metrics": {
    "MAE": [
      10.967249632766485,
      10.787370409577708,
      9.398848928854814,
      10.050318611236104,
      9.555973508048353,
      9.823643945920915,
      10.833292123250251,
      10.514899073793895,
      10.376386587581095,
      10.367616455581993,
      11.02862779170962,
      10.777523774462521,
      10.773324350708688,
      10.794791834174264,
      10.874000810282794,
      6.942010957874252,
      10.96511585328091,
      10.680610003773339,
      10.15718166049976,
      10.039722111317985,
      10.86383268357855,
      10.852892984271774,
      10.667342706447531,
      10.925820689689566,
      10.664628048927819,
      10.989161482199371,
      7.249827690689697,
      10.912981091209309,
      10.132707099649458,
      10.853711843972276
    ],
    "MRE": [
      25.92700453664833,
      26.628617543811405,
      21.871603712871202,
      23.837163475347264,
      22.53511990292992,
      24.218259207570902,
      26.73612842869767,
      26.17241909135138,
      24.06648680468688,
      24.631002385002983,
      26.211732335303534,
      26.0634968619118,
      26.22207592563938,
      26.03808683007967,
      25.913535995371895,
      15.788557882956145,
      27.258376951700704,
      25.878515477334123,
      24.729897606192612,
      23.745247337038098,
      26.63147364671421,
      26.068289466621835,
      25.636536063803934,
      26.847681009687573,
      25.159220229656924,
      27.12096748989432,
      16.587129757930455,
      26.514307985006326,
      24.28213178896192,
      26.488166775877666
    ],
    "MBRE": [
      0.3909375563868626,
      0.3786053721539323,
      0.31355484299821873,
      0.34336345591946454,
      0.32200071152148396,
      0.3309179446981571,
      0.37819486706553535,
      0.36303094888639986,
      0.36420003635217807,
      0.3611618204276255,
      0.39110301379234846,
      0.37981693783403825,
      0.37785927191032603,
      0.37994436094363726,
      0.38424264328122193,
      0.20628142993552268,
      0.38621657197986453,
      0.3732692032768138,
      0.34823583199759534,
      0.342574367028366,
      0.380125883458371,
      0.3811139678507533,
      0.37120253810881204,
      0.3851194829853086,
      0.3741343872719506,
      0.38619798816334044,
      0.2164078691875126,
      0.38454124090126257,
      0.3467919486766544,
      0.38093284209359335
    ],
    "MIBRE": [
      0.23592200016128745,
      0.23356204650311488,
      0.20221944397737004,
      0.2159378037333122,
      0.20707682502475977,
      0.2157992680692453,
      0.23650866962669143,
      0.23177519497601018,
      0.22305742519954894,
      0.22411508879412032,
      0.238674102561592,
      0.2324097929614279,
      0.23451163595508046,
      0.23323971710751665,
      0.23481537834426533,
      0.14554487923824902,
      0.23860686674127415,
      0.2319932614823656,
      0.22225685012693994,
      0.21614306607187495,
      0.23653515175388928,
      0.23553212896051967,
      0.23108193679025343,
      0.23772638229239273,
      0.23138770311598358,
      0.23912671187302467,
      0.1505943789541351,
      0.23754267570256407,
      0.21934551955719087,
      0.23474985542839066
    ]
  },
  "Mean_MAE": 10.327380491511036,
  "Mean_MRE": 24.860307750220038,
  "Mean_MBRE": 0.35740264456957177,
  "Mean_MIBRE": 0.223593058702813,
  "Median_MAE": 10.726967177241013,
  "Median_MRE": 25.920270266010114,
  "Median_MBRE": 0.37599682959113834,
  "Median_MIBRE": 0.23220152722189674,
  "Runs": [
    {},
    {},
    {},
    {},
    {},
    {},
    {},
    {},
    {},
    {},
    {},
    {},
    {},
    {},
    {},
    {},
    {},
    {},
    {},
    {},
    {},
    {},
    {},
    {},
    {},
    {},
    {},
    {},
    {},
    {}
  ]
}