{
  "Metrics": {
    "MAE": [
      7.662579685150676,
      5.448147763216791,
      4.773859733814555,
      6.018007260226337,
      6.254956863127512,
      5.072500367185602,
      5.6913038749792975,
      7.322442739510577,
      7.826538017257053,
      5.658547783761051,
      5.058097731183821,
      10.32027372748766,
      10.403742770316207,
      8.298396293684444,
      6.176501736969132,
      6.092366039568265,
      5.25510285533731,
      10.02681664428086,
      5.736003547750404,
      8.059582081484793,
      7.981914469229468,
      10.426377567618426,
      5.8838646842587075,
      10.219635497346346,
      5.751560014531733,
      5.876760197328656,
      5.484594763773432,
      10.22571364315248,
      8.18715177908162,
      7.534283745545142
    ],
    "MRE": [
      18.703261352596584,
      13.339274464071204,
      10.97038206676553,
      14.084467526221195,
      14.572192445715086,
      11.679559036818816,
      13.259926429232829,
      18.09174167056625,
      18.43999498705968,
      13.395321283693107,
      11.574294476238052,
      27.219720892485565,
      27.320295653871906,
      20.43238919261078,
      14.33471326389289,
      14.57194399254631,
      12.033224137595875,
      26.029867043534438,
      13.273774441737402,
      19.453882620290127,
      19.602935379658597,
      26.114673876170524,
      13.848385836973229,
      26.111909518514377,
      13.56341187556412,
      13.890924473426661,
      12.436832142328795,
      25.76921250318167,
      20.36890323645936,
      18.660585598744422
    ],
    "MBRE": [
      0.2373281881525484,
      0.15939426822356012,
      0.1349124819741165,
      0.17440045817628072,
      0.1814972238730158,
      0.14090948632523506,
      0.15950317859886123,
      0.2239932809370742,
      0.24383365174081567,
      0.1609598985210669,
      0.13702325008975796,
      0.3479026063163052,
      0.3571316999210863,
      0.26292637762935406,
      0.17833524637008147,
      0.17598579865357253,
      0.14343436054751388,
      0.33871740969305975,
      0.16776280678620134,
      0.25145531345837635,
      0.24870514406076832,
      0.35511858103595106,
      0.1695566382352596,
      0.3459722509743081,
      0.16671950206677977,
      0.1706089006421824,
      0.15294568466420877,
      0.35108280714914153,
      0.2578793520975731,
      0.23100660640650023
    ],
    "MIBRE": [
      0.16736999922628362,
      0.12270007150210613,
      0.10260336790710008,
      0.13117240164411953,
      0.13631251340895242,
      0.10851926340020338,
      0.1242215904702858,
      0.1636186198472205,
      0.1704536955428218,
      0.12444116242848505,
      0.10760252756728045,
      0.2275019399236267,
      0.2265291473096131,
      0.18147352033273012,
      0.13443841785775523,
      0.1325408759350832,
      0.11239195059581181,
      0.22135971916311695,
      0.12299775015292769,
      0.17636100243098357,
      0.17540884931390577,
      0.22822894584442946,
      0.12889456124452633,
      0.22510733163222427,
      0.12669673327191236,
      0.12858754372182557,
      0.11683562424924579,
      0.22248641982945294,
      0.18006559023525168,
      0.16675319758383367
    ]
  },
  "Mean_MAE": 7.157587462605278,
  "Mean_MRE": 17.43826671395218,
  "Mean_MBRE": 0.22090008177735188,
  "Mean_MIBRE": 0.15645581111910384,
  "Median_MAE": 6.215729300048322,
  "Median_MRE": 14.572068219130697,
  "Median_MBRE": 0.17991623512154864,
  "Median_MIBRE": 0.13537546563335384,
  "Runs": [
    {},
    {},
    {},
    {},
    {},
    {},
    {},
    {},
    {},
    {},
    {},
    {},
    {},
    {},
    {},
    {},
    {},
    {},
    {},
    {},
    {},
    {},
    {},
    {},
    {},
    {},
    {},
    {},
    {},
    {}
  ]
}