{
  "Metrics": {
    "MAE": [
      57376.601052353566,
      59138.46653073138,
      87775.79546473398,
      98967.17553950072,
      73411.48623638698,
      60809.4922923448,
      69626.21495850052,
      80943.73829040736,
      55884.42577161262,
      86407.94438549671,
      67353.36200152605,
      84961.78467652097,
      74470.78583560255,
      85045.38016891852,
      68887.99724537038,
      99193.60385478979,
      87438.02742908633,
      61777.19362123239,
      77117.730398901,
      63678.78337471165,
      60816.49714775375,
      70881.02756592105,
      50524.75543050009,
      55886.1743428182,
      72855.4333069869,
      67798.88216822673,
      99852.9704514522,
      89841.2842974221,
      86012.14872424843,
      81306.42733185523
    ],
    "MRE": [
      66.29096608961314,
      46.217768921101715,
      74.73235882617476,
      79.05363227549014,
      45.930725238974155,
      46.19867427678157,
      46.01935602572047,
      69.0912031747888,
      46.67426914505503,
      67.44067018969767,
      38.838799878309985,
      61.726276577308944,
      44.9635076528964,
      69.26283071237313,
      41.82732348343407,
      124.51784887927056,
      56.7408473683939,
      40.83516268817938,
      79.21198534765075,
      40.89279203954543,
      37.37158672038866,
      70.59668528696318,
      37.363746843230324,
      34.47841288481,
      45.36357837642663,
      51.528150071154975,
      117.80699461259607,
      94.11647824346241,
      99.41431472945601,
      48.941932742865504
    ],
    "MBRE": [
      0.8757105007842909,
      0.6736847481618952,
      1.048762807660741,
      1.6062033270768812,
      0.7409513550811743,
      0.6083786662684233,
      0.6502411210012724,
      0.9159415061111496,
      0.5725207579343075,
      0.8648204215522537,
      0.5098096373385813,
      0.7990942656993396,
      0.7403834954089883,
      1.0647617884172489,
      0.5791109141243284,
      2.289704847724635,
      0.8446686297277745,
      0.568232454747427,
      1.0075373561913603,
      0.517857602429676,
      0.464316068219806,
      0.8418721290806184,
      0.4339983579435101,
      0.4791949302938186,
      0.6790338841583551,
      0.7382621348682306,
      1.5569445768595602,
      1.2218779569910878,
      1.3029445035886595,
      0.7149158727165407
    ],
    "MIBRE": [
      0.3114455668234567,
      0.28596897864501986,
      0.3375305287016447,
      0.3791751469658232,
      0.3100246491323614,
      0.28881763957950296,
      0.2830318242142314,
      0.3493146451376461,
      0.28134020992681363,
      0.3461114152819668,
      0.24920703148302042,
      0.3058230725175268,
      0.29692752271173367,
      0.313693190548587,
      0.2692801438784188,
      0.4198920809848164,
      0.32681790644592934,
      0.26475696330867493,
      0.34590447104990396,
      0.26444913448564206,
      0.24745056163938484,
      0.3416932408218105,
      0.24738460961704492,
      0.2516256370037881,
      0.294353680510613,
      0.3006562514232292,
      0.400201473197799,
      0.3734700382032198,
      0.4083535191540503,
      0.3047562768652205
    ]
  },
  "Mean_MAE": 74534.7196631971,
  "Mean_MRE": 60.78162931007045,
  "Mean_MBRE": 0.8637245539387312,
  "Mean_MIBRE": 0.3133152470086293,
  "Median_MAE": 73133.45977168693,
  "Median_MRE": 50.23504140701024,
  "Median_MBRE": 0.7406674252450813,
  "Median_MIBRE": 0.30528967469137364,
  "Runs": [
    {},
    {},
    {},
    {},
    {},
    {},
    {},
    {},
    {},
    {},
    {},
    {},
    {},
    {},
    {},
    {},
    {},
    {},
    {},
    {},
    {},
    {},
    {},
    {},
    {},
    {},
    {},
    {},
    {},
    {}
  ]
}