{
  "Metrics": {
    "MAE": [
      90089.00272980327,
      78358.15359659752,
      98144.61292871633,
      109843.84645654308,
      62199.39615119654,
      98710.51980415109,
      74521.7860283796,
      92952.58033031918,
      55837.749484740474,
      101875.63287832557,
      74031.0331751805,
      93665.45908280536,
      85918.27184793873,
      103026.1964013031,
      101443.02942624084,
      113417.25982012191,
      83019.91224543253,
      77259.58139510562,
      110147.30280958595,
      36414.90960013995,
      72535.85902602928,
      49485.638539488835,
      65389.366547960104,
      91636.08311494814,
      78877.80698774345,
      55711.41044187606,
      90012.86942333072,
      82245.36008478093,
      116695.11410532202,
      85042.5206621346
    ],
    "MRE": [
      183.29744319415053,
      79.42216025750925,
      107.49985732525073,
      99.53454801543096,
      58.57991383763827,
      142.56201169212878,
      50.58273134786842,
      117.21257766442619,
      56.19940003332323,
      92.69321680141793,
      47.134040753453505,
      83.36356163298161,
      71.37199779427563,
      133.2354681164494,
      61.44528640651837,
      195.80756554158532,
      77.04326338583122,
      82.39115532948055,
      227.7427287883895,
      41.75725983809174,
      43.906641872384995,
      42.987306411076055,
      69.48378981324811,
      90.33984188654053,
      55.81855956499208,
      47.24741747670082,
      108.71587977088227,
      74.10725512572832,
      218.12114050179355,
      57.08550070965364
    ],
    "MBRE": [
      2.4115992636018855,
      1.1361804455895164,
      1.4494132264446762,
      2.8002073042788123,
      0.7599074168222225,
      2.4740175209736823,
      0.7704385462412503,
      1.829522117157899,
      0.6764406551341265,
      1.2245336125025523,
      0.5977719931277086,
      1.0940007902735307,
      1.379448384050019,
      2.6447136613323776,
      0.8420519611246948,
      3.4870297357729196,
      1.125991012678189,
      1.0569638525224292,
      3.1745166390091413,
      0.4923695181614963,
      0.5734312343645719,
      0.5114411744089865,
      0.7882321423853599,
      1.5447949526982616,
      1.0013597179123637,
      0.6422239053606162,
      1.3596373394698757,
      1.029835856496779,
      2.788764868405998,
      0.7566475546213227
    ],
    "MIBRE": [
      0.4008909711708558,
      0.35611057762370385,
      0.3608095444983818,
      0.4035140284504072,
      0.29005549940086905,
      0.3978175602344476,
      0.29696074566639924,
      0.40530772446410074,
      0.2796767589294041,
      0.3767997025129159,
      0.24974011821740624,
      0.3319211157196089,
      0.3675300197097045,
      0.37713808233556145,
      0.2794031604268379,
      0.44989911062626126,
      0.3412128441881051,
      0.32599120576185925,
      0.39578021453751944,
      0.25558669580739823,
      0.2635384010222885,
      0.25859414771437406,
      0.32713532056882316,
      0.3380731345512906,
      0.3335835428375926,
      0.28703846274484834,
      0.34089518996606727,
      0.34865291762629164,
      0.48430647663743265,
      0.3099183595663338
    ]
  },
  "Mean_MAE": 84283.60883754137,
  "Mean_MRE": 93.88965069630672,
  "Mean_MBRE": 1.4141162134307759,
  "Mean_MIBRE": 0.34112938778390295,
  "Median_MAE": 85480.39625503667,
  "Median_MRE": 78.23271182167024,
  "Median_MBRE": 1.1099959014758598,
  "Median_MIBRE": 0.33948416225867895,
  "Runs": [
    {},
    {},
    {},
    {},
    {},
    {},
    {},
    {},
    {},
    {},
    {},
    {},
    {},
    {},
    {},
    {},
    {},
    {},
    {},
    {},
    {},
    {},
    {},
    {},
    {},
    {},
    {},
    {},
    {},
    {}
  ]
}