{
  "Metrics": {
    "MAE": [
      108470.30730273141,
      162141.14317751463,
      100302.40545407654,
      96946.97405200964,
      127257.24471044903,
      130567.5838155573,
      69455.72044184637,
      146463.49081795962,
      117247.59693693243,
      128864.58405156161,
      96572.14675869465,
      112326.00145151315,
      128599.93458151982,
      134287.68490414583,
      132883.39134618873,
      143454.8183223572,
      138882.49103880822,
      137916.21347389824,
      136743.7887604711,
      125838.42214692858,
      135261.48126044736,
      166206.51468506223,
      103318.63729580696,
      95265.85701183873,
      116957.01656043335,
      84696.11398874884,
      115256.8498721787,
      100980.96294975995,
      123344.4706085815,
      110682.48363485081
    ],
    "MRE": [
      153.17873029919755,
      506.2616300883709,
      116.76082433671546,
      88.10817396704897,
      227.06923490479096,
      246.7278339574984,
      94.89647325215951,
      372.8891981230051,
      260.4871875149732,
      250.28172424721714,
      141.5908488331733,
      202.24711786413428,
      186.35201084854114,
      246.06457663547704,
      267.7227993976222,
      277.1185699814618,
      268.7897154211841,
      311.3197087167693,
      343.99975085592575,
      274.7619381521646,
      299.8445814321195,
      542.6925170563921,
      158.62975540092194,
      79.42679550020614,
      202.49038099358154,
      74.716385732155,
      250.14943847823758,
      140.44834828786657,
      221.76040648252376,
      151.3280997453868
    ],
    "MBRE": [
      1.9915850855293846,
      5.487521143281813,
      1.4554293201644162,
      1.2151286021850674,
      2.8097443295571023,
      2.924415832751377,
      1.175739262399722,
      4.121547330938542,
      2.760150333297928,
      2.9320194383837572,
      1.6231217695761782,
      2.233766665072716,
      3.3890371377189403,
      2.987958996627346,
      3.0965451626676663,
      3.5777123512538496,
      3.5128702206597757,
      3.525062645089827,
      3.7365777477705095,
      3.044579282785886,
      3.3748018297827076,
      5.783593598316692,
      1.8119754995130797,
      1.1353378695246583,
      2.616173197101646,
      1.0448872083021077,
      2.7569757780378166,
      1.7732752126792406,
      2.7089475314500726,
      2.0984954976761685
    ],
    "MIBRE": [
      0.4885531325750442,
      0.6635432596266794,
      0.4390546929124784,
      0.458696962502877,
      0.6067174438927019,
      0.5519340599101031,
      0.4298495521310077,
      0.6649780616828415,
      0.4957445512791012,
      0.6171127675340774,
      0.48097470818209626,
      0.525768246325474,
      0.5217337566706639,
      0.5928576540755516,
      0.5896477146480539,
      0.6175015089321253,
      0.6186683909797152,
      0.621485986787512,
      0.6412898326499086,
      0.5660577268015999,
      0.5893606001202174,
      0.6589979339519797,
      0.5427549450619491,
      0.41792083216212245,
      0.5105289658501609,
      0.4214674723708652,
      0.5811457311116005,
      0.48331959602919505,
      0.572733145922706,
      0.4953370891773892
    ]
  },
  "Mean_MAE": 120906.41104709575,
  "Mean_MRE": 231.93715855022734,
  "Mean_MBRE": 2.7568325293365334,
  "Mean_MIBRE": 0.54885787739526,
  "Median_MAE": 124591.44637775504,
  "Median_MRE": 236.56690577013399,
  "Median_MBRE": 2.784947331427515,
  "Median_MIBRE": 0.5589958933558515,
  "Runs": [
    {},
    {},
    {},
    {},
    {},
    {},
    {},
    {},
    {},
    {},
    {},
    {},
    {},
    {},
    {},
    {},
    {},
    {},
    {},
    {},
    {},
    {},
    {},
    {},
    {},
    {},
    {},
    {},
    {},
    {}
  ]
}