{
  "Metrics": {
    "MAE": [
      174126.7990619531,
      146570.11711622015,
      143775.31049547688,
      148318.91030194014,
      97639.86781172185,
      164774.3384089265,
      124947.34999840127,
      121460.37764518477,
      143098.04994215668,
      168660.1400478086,
      135387.85405955225,
      135213.55924285247,
      111849.8920548857,
      166126.89056529707,
      136379.18927909652,
      165853.11532328642,
      146439.37378826152,
      121752.83970912776,
      173669.72763327337,
      104398.48037811747,
      150350.32289652526,
      90529.46036586179,
      140381.48608444983,
      164458.77208030882,
      176787.34557099093,
      124577.82113863969,
      167106.49702216045,
      144344.484876054,
      143298.44017949508,
      124586.60996831635
    ],
    "MRE": [
      598.6427353625173,
      402.29327940406137,
      389.22303033439454,
      333.5522828621247,
      199.0320744926166,
      480.361886086592,
      386.3146693073133,
      343.5180774673602,
      475.7724170089422,
      456.91752981702155,
      364.53233042339593,
      347.0549737300345,
      230.37927689509053,
      454.34990934884985,
      358.84608812226367,
      459.4851119005197,
      290.0360251765075,
      336.150274176096,
      506.2262452166049,
      290.2350933783019,
      464.766213392784,
      173.4649533345929,
      427.2056752381313,
      439.6154874295343,
      552.9596462557677,
      274.17096369604235,
      541.7072662268253,
      326.3764483734991,
      411.23492962507663,
      292.51090600716554
    ],
    "MBRE": [
      6.221576662772686,
      4.193219752177049,
      4.078129708605119,
      4.041347417663291,
      2.1559407061565254,
      5.185446354755758,
      3.947680225604996,
      3.515592461187371,
      4.8338973877346465,
      4.971030456495876,
      3.818150466200282,
      3.645444265266263,
      2.4920047685611335,
      4.975374121965637,
      3.8107910265327964,
      5.129059293780861,
      3.7166609366750873,
      3.452019010165199,
      5.441990152604069,
      2.978320717539915,
      4.808532494420592,
      1.8170368921248319,
      4.363708438189272,
      4.8284335354755745,
      5.823969179027446,
      2.9179455470104654,
      5.609716579184699,
      3.618482177912945,
      4.2611816737238515,
      3.106638454757924
    ],
    "MIBRE": [
      0.7158530358017927,
      0.7136096502696123,
      0.6943807316632263,
      0.704024129257134,
      0.56544658461066,
      0.6986931859169329,
      0.6624615241552293,
      0.653552710254946,
      0.6960960351808856,
      0.738588375928671,
      0.6527843303445233,
      0.6919560299642918,
      0.5873067765383853,
      0.7345957190557493,
      0.6687110287552087,
      0.6903307995329786,
      0.7032242586754829,
      0.6330460026660355,
      0.7448074670452339,
      0.5936049091166608,
      0.7040504511038062,
      0.5066811455076299,
      0.6725702572193611,
      0.7271521818640785,
      0.7347500045160422,
      0.6545929688550691,
      0.726039857126853,
      0.6877623256115901,
      0.7018442523926386,
      0.6424252292884702
    ]
  },
  "Mean_MAE": 141895.44743487806,
  "Mean_MRE": 386.89786000300086,
  "Mean_MBRE": 4.125310695475738,
  "Mean_MIBRE": 0.6766980652739727,
  "Median_MAE": 143536.87533748598,
  "Median_MRE": 387.7688498208539,
  "Median_MBRE": 4.059738563134205,
  "Median_MIBRE": 0.6931683808137591,
  "Runs": [
    {},
    {},
    {},
    {},
    {},
    {},
    {},
    {},
    {},
    {},
    {},
    {},
    {},
    {},
    {},
    {},
    {},
    {},
    {},
    {},
    {},
    {},
    {},
    {},
    {},
    {},
    {},
    {},
    {},
    {}
  ]
}