{
  "Metrics": {
    "MAE": [
      142924.0409666726,
      162449.1881332217,
      121960.57570761038,
      117021.36586537935,
      141128.733128789,
      154525.56137735728,
      112030.62400613204,
      158726.59800801863,
      109164.49257968823,
      155828.15310432186,
      101038.99798233528,
      153236.07819814092,
      118743.88310444485,
      124568.13486219122,
      172086.59969500505,
      136409.8263125201,
      147383.62515439358,
      118322.54645817196,
      113738.77517146707,
      110751.39937823208,
      125080.86291502096,
      178906.79423537126,
      95880.35581140222,
      108384.95855843386,
      101380.56528479088,
      94360.70866267315,
      153833.53101010324,
      105644.11320883036,
      151372.46978145945,
      148292.40163851393
    ],
    "MRE": [
      297.38754925149203,
      442.8713467330433,
      199.8925279575037,
      115.80770578632556,
      314.36425411187423,
      360.9430242824827,
      159.8756412332363,
      382.9672381551548,
      167.95792981246777,
      360.3984026778181,
      148.19462568391833,
      349.3962750363734,
      128.49864013885696,
      210.43600123641474,
      477.57968042539665,
      237.3104344309775,
      316.4612005899016,
      220.7244594549746,
      243.11089704880882,
      245.47709387381366,
      205.9510720542854,
      571.2996732750474,
      133.35932533158345,
      126.05064753170387,
      103.83304307522035,
      102.30358107475588,
      371.6809207303109,
      146.56711433001362,
      370.8094208243031,
      344.89917535262407
    ],
    "MBRE": [
      3.905852948865313,
      5.5749802849737105,
      2.4694852992239458,
      1.8030174633204774,
      3.7022575045542347,
      4.29815675934813,
      2.3076976475199933,
      4.430142542489401,
      1.835495522380362,
      4.539995277965407,
      1.6804079672659273,
      3.821454291679959,
      3.83454086834977,
      2.4330664336660295,
      5.31668006864303,
      3.3596055042591004,
      4.81745900791439,
      2.5775762949509957,
      2.6481618237422837,
      3.200959248541733,
      2.6313288137712667,
      6.342399207922264,
      1.5877417837023764,
      1.9146020035596336,
      1.4276746797445374,
      1.3826495794913864,
      4.131622063297314,
      1.8760134491356943,
      4.3514570760781055,
      4.456352295857487
    ],
    "MIBRE": [
      0.6066315292085542,
      0.6540250002277277,
      0.5912364024535599,
      0.5031195164892088,
      0.6772738948039742,
      0.5881368805611648,
      0.4688732882529925,
      0.6774653092133905,
      0.47919199521494066,
      0.6554146745282522,
      0.5035131536109637,
      0.544263564727342,
      0.48951136797130274,
      0.578509154165314,
      0.701010157090164,
      0.5836383349434361,
      0.6157560441029726,
      0.5406161523372922,
      0.5000143890540395,
      0.5030396869821573,
      0.49826399929724197,
      0.6725293481956436,
      0.5051277727771214,
      0.4873686304806319,
      0.43035619575410855,
      0.42205711332006357,
      0.6158088297110498,
      0.5076109343172798,
      0.6267510448662919,
      0.5786527558716946
    ]
  },
  "Mean_MAE": 131172.5320100231,
  "Mean_MRE": 261.88029671668943,
  "Mean_MBRE": 3.288627790407142,
  "Mean_MIBRE": 0.5601922373509958,
  "Median_MAE": 124824.49888860609,
  "Median_MRE": 240.21066573989316,
  "Median_MBRE": 3.2802823764004168,
  "Median_MIBRE": 0.561386359446328,
  "Runs": [
    {},
    {},
    {},
    {},
    {},
    {},
    {},
    {},
    {},
    {},
    {},
    {},
    {},
    {},
    {},
    {},
    {},
    {},
    {},
    {},
    {},
    {},
    {},
    {},
    {},
    {},
    {},
    {},
    {},
    {}
  ]
}