{
  "Metrics": {
    "MAE": [
      123434.6556105403,
      123839.2192536835,
      124031.0880625789,
      125221.85769402856,
      125116.0267181792,
      124256.21411204833,
      123788.00472855275,
      124125.39253986691,
      123042.48170436067,
      124414.70270953893,
      124159.39251986823,
      123888.32578065005,
      125465.83476656,
      124443.74601998429,
      124360.60601241683,
      124140.10491781108,
      125517.45998169246,
      124105.0348928152,
      123959.99335985542,
      123780.87347958285,
      123608.01761211174,
      123615.95754730086,
      122988.91238194863,
      124863.24906129962,
      123668.05147264832,
      124792.95094168617,
      123567.30840492103,
      124722.2208604386,
      124305.07396155351,
      124667.50015786242
    ],
    "MRE": [
      60.706677084822594,
      71.80611395978764,
      62.632828515000874,
      65.05882093076237,
      65.19653210014191,
      69.36736717742981,
      60.671722300725214,
      67.41220868072566,
      70.67594951561385,
      73.33186642623082,
      69.3960510488623,
      64.7157047315463,
      56.761737346479066,
      68.9587496354996,
      63.60587490910176,
      62.99174202642474,
      65.09443731794693,
      67.10472480090552,
      67.89625408988289,
      63.35220472677315,
      73.6274810551915,
      72.36316115199077,
      68.72770007764652,
      59.08923989227507,
      63.52848165425554,
      62.77215897786391,
      69.24929171858251,
      64.68340903890903,
      77.30111013214656,
      63.25302781043304
    ],
    "MBRE": [
      5.357823388079667,
      4.810052538752765,
      5.352782519929901,
      5.307713619056463,
      5.18074148065474,
      4.992312140409324,
      5.597273074595795,
      5.032665216516385,
      4.774456237109539,
      4.771696335357241,
      4.852255779377288,
      5.1425743542448155,
      5.938614422950514,
      4.9769430085705215,
      5.267470785455266,
      5.430105522241643,
      5.322003450032287,
      5.144503226080824,
      4.991569756522965,
      5.335492198555632,
      4.648688688116044,
      4.535377142751487,
      4.6647630831314455,
      5.893002484412774,
      5.390724504848225,
      5.526255604752444,
      4.945445479992064,
      5.2246864436642815,
      4.512129085815782,
      5.345582857806624
    ],
    "MIBRE": [
      0.47479669988100554,
      0.4981861482990386,
      0.4835579530684763,
      0.4871050913575586,
      0.48818448295295824,
      0.49492567854122893,
      0.4842705336455157,
      0.4911019796859299,
      0.4943437798540364,
      0.5013100070771656,
      0.49246410631787113,
      0.4820496407670975,
      0.4832206135682375,
      0.49110784792593964,
      0.48511577641978415,
      0.48238250092049656,
      0.4888220342914255,
      0.4915521795194936,
      0.490004594877333,
      0.4848831476505908,
      0.501366468071187,
      0.4987683141943415,
      0.4890201027846104,
      0.48498639133610494,
      0.48716766346700663,
      0.4879610579698065,
      0.49373750090577273,
      0.48614474317065615,
      0.5095323609700342,
      0.4840261308297869
    ]
  },
  "Mean_MAE": 124196.34190887952,
  "Mean_MRE": 66.37775429446525,
  "Mean_MBRE": 5.142190147659491,
  "Mean_MIBRE": 0.4897365176773497,
  "Median_MAE": 124132.748728839,
  "Median_MRE": 65.14548470904441,
  "Median_MBRE": 5.162622353367782,
  "Median_MIBRE": 0.4885032586221919,
  "Runs": [
    {},
    {},
    {},
    {},
    {},
    {},
    {},
    {},
    {},
    {},
    {},
    {},
    {},
    {},
    {},
    {},
    {},
    {},
    {},
    {},
    {},
    {},
    {},
    {},
    {},
    {},
    {},
    {},
    {},
    {}
  ]
}