{
  "Metrics": {
    "MAE": [
      396.6882575649064,
      399.61869908166113,
      383.6564712165442,
      394.2756078806547,
      398.7311165617981,
      419.00040476527727,
      414.33591654539543,
      384.3329280203639,
      454.98390900236706,
      456.5023225767462,
      446.95751661905433,
      530.8113488983855,
      417.82952700465114,
      396.96807558163044,
      483.98001065837025,
      400.57449841715817,
      371.2844591723178,
      466.19726547077005,
      497.13970024109557,
      406.6263384386731,
      422.3002336619618,
      385.86111516911956,
      418.4886371733029,
      421.40674644862344,
      395.77410903761717,
      394.63407840516544,
      413.65694404276894,
      407.4608494297332,
      394.8007423810155,
      393.01136583943025
    ],
    "MRE": [
      264.34963954013574,
      418.49382494745083,
      218.53272387463812,
      365.1733272232474,
      362.33940513725764,
      705.4580617596505,
      505.55092910909815,
      479.95332014692326,
      526.50204867507,
      474.4756889587246,
      393.28013981697313,
      758.2110662352707,
      285.81001372751274,
      400.61294139693507,
      809.3814569235245,
      316.8725152794155,
      375.126329727264,
      737.0636339275334,
      909.3882752739507,
      482.86796167744745,
      419.61744206785045,
      277.60376371645964,
      323.8519342735625,
      631.5216563390384,
      438.41431439122437,
      227.03570397831743,
      527.1045894933889,
      389.63894161061,
      299.382362608352,
      221.6019308846269
    ],
    "MBRE": [
      4.558434800729918,
      3.856581690192278,
      2.201554379795259,
      3.594578424065867,
      4.247183057397608,
      6.475537733708144,
      51.90680531677904,
      4.32707469046231,
      5.453464412956462,
      5.407545264094126,
      3.592391462609251,
      7.663312788387203,
      4.295246346978738,
      4.4215481648905826,
      8.441073034199785,
      4.122152450282697,
      3.030801776576603,
      7.47861643002991,
      -1.7541601924052295,
      4.981083269353724,
      4.134048229457074,
      4.1685923737308554,
      4.127751616490281,
      6.961498989843858,
      4.810029971872704,
      3.383366602816972,
      5.3430692377211315,
      4.317207263195054,
      3.805320638382953,
      6.221454258764453
    ],
    "MIBRE": [
      0.6666686269049722,
      0.8907763868083366,
      0.5940396596662203,
      0.7399265007595065,
      0.7294584171107198,
      1.164249403078262,
      0.9177227250064938,
      0.7922561387995586,
      0.6985894878528413,
      0.6671053284053954,
      0.7066915124589369,
      0.7663288670610309,
      0.5806538350393017,
      0.5953711819674411,
      0.6858733620149237,
      0.5742515229737813,
      1.427529531749357,
      0.7000859176624192,
      1.0678108906201376,
      0.7294959562473733,
      0.6783950694733195,
      0.6659603262923754,
      0.7296502058467483,
      0.7149726658809556,
      0.8128218940388379,
      0.559175130508855,
      0.8494690277174256,
      0.6381195314713968,
      0.7004397954288342,
      0.7042061446149122
    ]
  },
  "Mean_MAE": 418.9296398435519,
  "Mean_MRE": 451.50719809071506,
  "Mean_MBRE": 6.185772149445322,
  "Mean_MIBRE": 0.7582698347820223,
  "Median_MAE": 407.04359393420316,
  "Median_MRE": 409.553383172193,
  "Median_MBRE": 4.322140976828682,
  "Median_MIBRE": 0.7054488285369245,
  "Runs": [
    {},
    {},
    {},
    {},
    {},
    {},
    {},
    {},
    {},
    {},
    {},
    {},
    {},
    {},
    {},
    {},
    {},
    {},
    {},
    {},
    {},
    {},
    {},
    {},
    {},
    {},
    {},
    {},
    {},
    {}
  ]
}