{
  "Metrics": {
    "MAE": [
      369.4648025315474,
      379.04293446124007,
      391.42659707164347,
      438.6335474687699,
      482.81148917435576,
      659.0799151663815,
      435.87826424938197,
      548.2061055228255,
      395.39423728236955,
      500.2752705900285,
      478.79382395986715,
      380.1004058733057,
      401.24160671820687,
      407.3793476982868,
      437.60250694996114,
      392.69684070135645,
      458.74062492698005,
      514.7615600550573,
      520.5154914383377,
      391.8725358552008,
      430.4557355045431,
      382.6349931412049,
      450.9281440549467,
      388.6640226112735,
      481.0963454208694,
      405.0342424912622,
      664.4966615991939,
      481.60164259560406,
      477.02560275867427,
      407.9253289476413
    ],
    "MRE": [
      206.8304038920369,
      390.35621960906764,
      350.20636966871524,
      567.8087053136803,
      705.6899351000017,
      1344.4650713156948,
      465.87265607798906,
      845.9819338415444,
      368.760181164125,
      560.2845054922108,
      384.7906429572533,
      457.36475453787114,
      229.03878982545973,
      356.253499082172,
      577.0743931655569,
      301.9730877918124,
      584.3404046057525,
      964.1496387555295,
      932.2232392152924,
      424.63901783966566,
      523.894526015553,
      351.94676784300253,
      334.4756742002878,
      585.6535367660239,
      755.170322277156,
      335.57592651992127,
      1150.745404054569,
      511.6503727639844,
      431.3809320449748,
      320.93710205346906
    ],
    "MBRE": [
      2.6326889524484773,
      2.431547236140916,
      3.712306326611266,
      5.258518174288424,
      7.852856979676304,
      11.849148361174558,
      0.25811243990420024,
      6.929303196799992,
      4.322817047646544,
      4.614519283914243,
      7.801188653817164,
      3.2884101126252876,
      2.7521159651839486,
      -2.8332656552996625,
      5.119075532343152,
      2.627889291914591,
      1.0768442846240114,
      9.386924036777707,
      7.923569992827267,
      4.411357723391116,
      4.218232333959761,
      3.3526085277307467,
      4.328536005690863,
      6.135796979892035,
      6.281607280075226,
      3.6057404676585465,
      9.072294594101102,
      4.815289211906954,
      4.283292509451367,
      2.5533303474553293
    ],
    "MIBRE": [
      0.6964082088254594,
      2.043273589358164,
      0.776524096703254,
      1.2939478117514287,
      1.1898617219189445,
      2.014232646069667,
      1.2878377234341039,
      0.8884872325635385,
      0.853415502538642,
      1.1671502982674589,
      1.1537265952374989,
      1.4801326947022768,
      0.6115934120804745,
      1.0104401727820331,
      1.404722124214738,
      0.613023494324471,
      1.5569365840528477,
      0.9666472626204571,
      1.7338881140762392,
      0.6399877243555271,
      1.5733971926662753,
      2.2664848433697236,
      0.8828197616786703,
      0.855997748200879,
      1.7764119604013264,
      0.6340612075361625,
      2.5213241368268906,
      1.550499128029434,
      1.281427518433306,
      1.2282607075136045
    ]
  },
  "Mean_MAE": 451.7926875606772,
  "Mean_MRE": 543.9844671263457,
  "Mean_MBRE": 4.668755206491047,
  "Mean_MIBRE": 1.2650973738177833,
  "Median_MAE": 436.7403855996715,
  "Median_MRE": 461.6187053079301,
  "Median_MBRE": 4.325676526668703,
  "Median_MIBRE": 1.2090612147162745,
  "Runs": [
    {},
    {},
    {},
    {},
    {},
    {},
    {},
    {},
    {},
    {},
    {},
    {},
    {},
    {},
    {},
    {},
    {},
    {},
    {},
    {},
    {},
    {},
    {},
    {},
    {},
    {},
    {},
    {},
    {},
    {}
  ]
}