{
  "Metrics": {
    "MAE": [
      454.45662365862364,
      419.9312714223988,
      441.5681046748712,
      499.1101436814038,
      502.9172415642825,
      690.137460741237,
      505.5156880626419,
      528.7457905415396,
      513.4894343579098,
      532.1004318601576,
      533.3776038007246,
      555.0782319156524,
      415.6854734246354,
      509.98146469019093,
      544.2502663652616,
      411.5165044935957,
      473.02491463523745,
      677.7217301045365,
      741.7291488016664,
      456.29847800445714,
      541.1687111452794,
      537.5155669494783,
      472.34044231411826,
      592.2847122879238,
      527.7807602327135,
      453.280898463323,
      564.7631801510017,
      438.21707540472687,
      425.3139359196575,
      466.58379477559924
    ],
    "MRE": [
      469.94619289551576,
      514.7890482318858,
      442.6421302157359,
      804.223218375167,
      802.770398114705,
      1489.2740474107454,
      695.6091530817852,
      928.5894302216489,
      588.494853146906,
      750.6321286474302,
      648.9517332027829,
      871.7999945843528,
      295.6630795797383,
      667.3281894358303,
      1017.9123697232342,
      439.66634319874044,
      896.7812357678952,
      1458.5557736781823,
      1589.7657221102634,
      580.0439378756203,
      904.633279047788,
      694.3066427704723,
      518.727923825046,
      1134.8673086702454,
      704.5300206172251,
      447.0555417759898,
      972.6748504420882,
      480.79384780495644,
      412.95270494576005,
      442.7887810751379
    ],
    "MBRE": [
      5.177577335974075,
      5.349867521648956,
      4.440257153615454,
      8.039539395748546,
      8.713602440210137,
      14.842929079841863,
      8.252026455838624,
      9.532516357084395,
      6.3193494069990255,
      8.09836585940649,
      7.43825619435463,
      9.03747996356252,
      3.937226670925609,
      7.388851473236412,
      10.353041791925937,
      4.812338458376647,
      9.237430473424178,
      14.760467757988884,
      15.852537006547255,
      6.155565117128067,
      9.551036764639209,
      10.532883158300924,
      6.779919858509466,
      10.931369066075916,
      -100.62603456930088,
      22.796469672059835,
      9.776289304627637,
      5.4052092261697435,
      6.780983443859021,
      4.524197178484821
    ],
    "MIBRE": [
      0.6611465340403824,
      0.6459481627906979,
      0.9610322306008547,
      0.7702977688935269,
      0.702364251977587,
      0.8385139961117278,
      0.6951467454585966,
      0.7148518355350738,
      0.8168259489424403,
      0.7545115337880374,
      0.7267664469137539,
      0.8804956312030318,
      0.6181500168692323,
      0.7127130355844093,
      0.7121582820648665,
      0.6737557678188727,
      0.6763921657075309,
      0.7573832539371612,
      0.9831750610646555,
      0.8144948371345035,
      0.7063642406924988,
      1.0120070082954145,
      0.6829742584608057,
      0.9473786369660194,
      0.7654849230187878,
      0.7050762129801474,
      0.7454529469678041,
      0.6475892640680272,
      0.7109277580819867,
      0.6774003143452896
    ]
  },
  "Mean_MAE": 514.1961694814948,
  "Mean_MRE": 755.5589960157625,
  "Mean_MBRE": 5.1397183005754465,
  "Mean_MIBRE": 0.7572259690104576,
  "Median_MAE": 507.7485763764164,
  "Median_MRE": 694.9578979261287,
  "Median_MBRE": 8.068952627577518,
  "Median_MIBRE": 0.7137824355597415,
  "Runs": [
    {},
    {},
    {},
    {},
    {},
    {},
    {},
    {},
    {},
    {},
    {},
    {},
    {},
    {},
    {},
    {},
    {},
    {},
    {},
    {},
    {},
    {},
    {},
    {},
    {},
    {},
    {},
    {},
    {},
    {}
  ]
}