{
  "Metrics": {
    "MAE": [
      429.5911982730699,
      423.48757147281407,
      420.0099628494814,
      531.0769708513072,
      539.4236895445445,
      788.9577279862265,
      489.90308476973576,
      513.9227424956479,
      514.1380266789164,
      536.8623804926003,
      548.2230509785805,
      528.8913958136197,
      412.90210718441915,
      505.9487245424892,
      545.9348268190198,
      446.6503574029899,
      454.4321763286501,
      716.3939450346558,
      710.9683185538336,
      474.8375906556618,
      541.0778751899146,
      604.393985872995,
      473.2606912007382,
      591.3357227177862,
      533.6842338041514,
      451.7999698149756,
      616.573807006846,
      457.0326566626398,
      412.8402900745919,
      479.13737971795086
    ],
    "MRE": [
      445.2331558500848,
      508.70310995804965,
      398.4352336675347,
      883.4875811888047,
      865.7450243585295,
      1787.0874659459894,
      614.7033827782203,
      848.5283339570736,
      542.1034045453493,
      795.7826343456643,
      630.9729406899746,
      826.6913591091278,
      290.3586250867529,
      667.5830774277059,
      960.5208559756414,
      547.0047197126114,
      910.3710755666141,
      1553.867148806536,
      1561.0737094738831,
      605.3258508597353,
      830.6735914486376,
      855.0932196681445,
      501.96953589793293,
      1122.3957828973957,
      738.3385330465327,
      434.2809451006543,
      1022.1449886866038,
      501.777524363611,
      422.33800185055816,
      490.2194106792343
    ],
    "MBRE": [
      5.054141824775236,
      5.486252515726375,
      8.902918791854654,
      9.035008254113583,
      8.787974401812054,
      17.74665126039996,
      5.683999317018304,
      8.685590861654049,
      6.001201980691998,
      8.269700560857755,
      6.964816974931423,
      7.630742275851808,
      3.863343087803392,
      7.365846309297596,
      9.783591127658108,
      5.955493840396018,
      9.236436961199434,
      15.753257388863318,
      16.699920080686837,
      6.401671047456975,
      12.83210380183535,
      8.372664819932595,
      2.765699483042888,
      11.167590826867524,
      7.3952493894888285,
      9.024589161520423,
      10.445370574545564,
      6.182107923029624,
      3.3395958906574985,
      8.247688747737511
    ],
    "MIBRE": [
      0.6390684747840947,
      0.6532728540836692,
      0.6324652535106611,
      0.7870813706841984,
      0.7519128887568582,
      0.9149619382596554,
      0.7152093386843644,
      0.7186289044954677,
      1.2464230381613273,
      0.7982562373583337,
      0.7610818638664582,
      1.3695285649407867,
      0.6321898307852767,
      0.7076341654121447,
      0.7145738968774827,
      0.6922598597117243,
      0.6813250698676377,
      0.7619622064792526,
      0.7991905642751855,
      0.9252316910026898,
      0.7097037818968738,
      1.226611422744076,
      0.7049616954609563,
      1.0799750673290571,
      0.7782995318111297,
      0.7737325198594748,
      0.785786633254217,
      0.6543352096837057,
      0.7725355451385735,
      0.6870656239282323
    ]
  },
  "Mean_MAE": 523.1230820263618,
  "Mean_MRE": 772.0936740981062,
  "Mean_MBRE": 8.436040649390224,
  "Mean_MIBRE": 0.8025088347701189,
  "Median_MAE": 514.0303845872821,
  "Median_MRE": 702.9608052371193,
  "Median_MBRE": 8.258694654297633,
  "Median_MIBRE": 0.7564973763116583,
  "Runs": [
    {},
    {},
    {},
    {},
    {},
    {},
    {},
    {},
    {},
    {},
    {},
    {},
    {},
    {},
    {},
    {},
    {},
    {},
    {},
    {},
    {},
    {},
    {},
    {},
    {},
    {},
    {},
    {},
    {},
    {}
  ]
}