{
  "Metrics": {
    "MAE": [
      452.8603365457046,
      435.8211073678657,
      416.6222989481633,
      501.77105052963685,
      534.1921632662032,
      694.9811176630476,
      514.6896436569076,
      530.6977701599255,
      535.0131788765964,
      539.0050535561434,
      541.7401592842086,
      633.558827703944,
      415.40204492960225,
      514.8266490030771,
      567.7771521366394,
      436.58419701647085,
      505.1561033055245,
      686.6999788311845,
      728.1345944356847,
      457.0494163222921,
      505.2035352941303,
      536.2388770043669,
      491.1162377244548,
      528.7695169891235,
      499.635794919734,
      442.0620068002898,
      612.1329037235835,
      425.97455393922104,
      425.8968378144909,
      419.4043194647808
    ],
    "MRE": [
      462.5657922537499,
      573.0301518546074,
      367.5297005890032,
      835.6015222649419,
      915.4752648761271,
      1499.0794772540576,
      727.2277947920504,
      870.5496548517237,
      719.6518620347681,
      796.1291883434327,
      698.0111856031565,
      1088.9336192893263,
      300.47595899800535,
      714.9593258408779,
      1077.8103760206473,
      474.5131809785423,
      932.8066765180511,
      1450.3464149892357,
      1616.544771364265,
      592.1417999577864,
      792.2349939127064,
      758.6372888727321,
      582.0102170145062,
      982.3200051651156,
      696.5670270791875,
      411.49949477203717,
      1120.38068656321,
      471.68346280230475,
      439.2556540385545,
      370.9779386177466
    ],
    "MBRE": [
      5.137565748871994,
      5.966654834426861,
      4.397445684111441,
      8.53285336424943,
      9.737700048027186,
      15.082632495556627,
      8.141056225952186,
      8.918831529723425,
      7.585423306682862,
      8.500575788046053,
      7.684997861035178,
      11.02626750753745,
      3.904148249620646,
      7.732712991898903,
      10.897206786953404,
      5.183117990261844,
      9.49376420253925,
      14.659389362318505,
      16.27529256245748,
      6.57135367542992,
      8.42670967471299,
      8.097901122739975,
      7.374805205084113,
      10.147362764034096,
      7.419076458112859,
      5.274871994043604,
      11.360235495783254,
      5.107070553011109,
      4.905777562413733,
      4.394215044238569
    ],
    "MIBRE": [
      0.6577990857834498,
      0.6397425340053557,
      0.6231459567119368,
      0.6618584855086935,
      0.7113066288054658,
      0.7431487645130472,
      0.6981210833687942,
      0.7250119775296829,
      0.7303115493331266,
      0.6987147196241813,
      0.739021169249391,
      0.760869452934512,
      0.6045480133457286,
      0.7219588674562325,
      0.7276261454398727,
      0.65232986376754,
      0.688137286314335,
      0.769759628587447,
      0.767067281365108,
      0.6229486294659651,
      0.701768537556533,
      0.697626029594982,
      0.7017895998827137,
      0.6881566240453032,
      0.6958596353081463,
      0.6415250919676451,
      0.7554218518820051,
      0.6438427204050359,
      0.6655130982492931,
      0.6219160918493026
    ]
  },
  "Mean_MAE": 517.6339142404332,
  "Mean_MRE": 777.9650162504154,
  "Mean_MBRE": 8.264567202995831,
  "Mean_MIBRE": 0.6918948801283608,
  "Median_MAE": 509.946589475519,
  "Median_MRE": 723.4398284134093,
  "Median_MBRE": 7.915307057319438,
  "Median_MIBRE": 0.6978735564818881,
  "Runs": [
    {},
    {},
    {},
    {},
    {},
    {},
    {},
    {},
    {},
    {},
    {},
    {},
    {},
    {},
    {},
    {},
    {},
    {},
    {},
    {},
    {},
    {},
    {},
    {},
    {},
    {},
    {},
    {},
    {},
    {}
  ]
}