{
  "Metrics": {
    "MAE": [
      432.22203346379223,
      418.5042052535951,
      421.3734203139921,
      424.5297613075906,
      423.8566247687249,
      432.0438768268847,
      424.5015585300959,
      426.7790236004839,
      422.38484672636895,
      418.9575537356333,
      429.09457987132214,
      437.77863258344627,
      418.06902295074025,
      428.6864932050726,
      424.2796542947238,
      413.1051714255522,
      409.811652928307,
      443.3817847666587,
      429.476404188329,
      425.8201716127738,
      430.68481760654515,
      429.2702070061312,
      429.3562169005803,
      424.07452982272855,
      418.3012266461173,
      429.1287756705076,
      431.32606955643183,
      425.3577063396292,
      429.22660042100796,
      425.90189348437224
    ],
    "MRE": [
      88.87047231420749,
      122.27694664752507,
      142.00796066618688,
      150.7224335309147,
      159.0677119584015,
      238.6214064018651,
      101.40863450185769,
      245.1493651811844,
      145.4942568269243,
      191.33324641358027,
      131.6431640038609,
      340.0474845382602,
      106.08003565773313,
      166.6000369056413,
      244.05989014207802,
      98.65092995641567,
      135.68951563499897,
      288.02767243475813,
      315.1275993836538,
      87.72227137969006,
      179.75306067382257,
      194.72431803954018,
      183.23344973957714,
      208.8041036626322,
      197.4342970679053,
      107.08401019186834,
      217.81951842713508,
      148.61769379458113,
      121.58658917057332,
      100.50855042752791
    ],
    "MBRE": [
      7.94621707920793,
      4.3164290784834565,
      4.977132352120149,
      5.83286356341305,
      6.723083582882942,
      5.944017595417934,
      8.434755573551872,
      4.859656810060637,
      6.400807858797188,
      4.393980766713936,
      7.510958102483094,
      4.8750448767915815,
      4.570541170629551,
      5.62666253653998,
      4.575521058754156,
      4.781147410924093,
      3.8731775334759186,
      4.923796473502412,
      5.313048073235697,
      7.513277525402995,
      6.017302361326308,
      6.076241742156176,
      5.773870293235507,
      4.412614154811056,
      4.368409772922848,
      7.059065767560761,
      4.330961802106876,
      4.807921005345231,
      6.90774195923761,
      6.605360233252896
    ],
    "MIBRE": [
      0.5889651972443156,
      0.5830738320662371,
      0.5419469176136187,
      0.5656832654982548,
      0.5643062837234551,
      0.6134111856522526,
      0.5464280221781483,
      0.6142301204232195,
      0.5502502428732029,
      0.5783740055629802,
      0.5688806464457626,
      0.6496786245111168,
      0.5410497457935869,
      0.5871948234154065,
      0.5988199387541289,
      0.5251113645505787,
      0.5532904987413682,
      0.6504340651753232,
      0.6122603474053983,
      0.5472641327117395,
      0.5918082799301055,
      0.5846074921065776,
      0.5851841445767033,
      0.5881684110296002,
      0.5797584570730304,
      0.557777806733017,
      0.6180851047613735,
      0.596412581010038,
      0.5706271226121783,
      0.547999106122892
    ]
  },
  "Mean_MAE": 425.90948386027134,
  "Mean_MRE": 171.9388875224967,
  "Mean_MBRE": 5.658386937144795,
  "Mean_MIBRE": 0.5800360588765204,
  "Median_MAE": 425.861032548573,
  "Median_MRE": 154.8950727446581,
  "Median_MBRE": 5.469855304887838,
  "Median_MIBRE": 0.5814161445696338,
  "Runs": [
    {},
    {},
    {},
    {},
    {},
    {},
    {},
    {},
    {},
    {},
    {},
    {},
    {},
    {},
    {},
    {},
    {},
    {},
    {},
    {},
    {},
    {},
    {},
    {},
    {},
    {},
    {},
    {},
    {},
    {}
  ]
}