{
  "Metrics": {
    "MAE": [
      406.8232112784162,
      408.21975088459305,
      411.8820495142151,
      407.6199109311657,
      420.41222059761225,
      413.71189639850843,
      408.6067974204759,
      426.45337445805245,
      404.545941607122,
      417.3787523884764,
      419.55429438688157,
      424.5113520270636,
      413.36306171476303,
      416.6320113186261,
      405.3285447411501,
      409.73276608015436,
      411.0754124444984,
      425.2898299127517,
      416.4584477157818,
      415.4477744264355,
      414.597617142115,
      409.16304886692507,
      427.3145752587605,
      409.6645630416374,
      411.4866009660802,
      416.03397701189226,
      431.3560098017231,
      416.331001039021,
      417.1812369022743,
      421.7500879632658
    ],
    "MRE": [
      86.85041623994042,
      117.95216329736758,
      116.4887671898855,
      129.54855320208304,
      163.0901432446169,
      188.79192578777136,
      107.4544925768374,
      231.6218538681808,
      138.01978280090546,
      157.49795217095667,
      110.84711128274971,
      307.90874072428045,
      111.84286613273137,
      195.10300466294257,
      242.31806468394038,
      99.10448275085972,
      129.07983631914493,
      242.63227556399065,
      275.9846931055414,
      110.91284937806063,
      162.1411324487997,
      147.71113223404697,
      168.26218108557566,
      211.7173034939561,
      212.22799370170557,
      87.49835989651793,
      227.04690175542316,
      117.38038658167665,
      125.157574776737,
      89.48721806211505
    ],
    "MBRE": [
      4.026648327092442,
      3.6104854692346207,
      4.15206487005121,
      3.7430068700256,
      4.814023643498677,
      4.217968510792537,
      3.835377154461481,
      4.761230492154955,
      3.3887357852375044,
      4.0770684023162715,
      5.453418046347903,
      3.9247739614945454,
      3.931419729239942,
      3.9985865091853823,
      3.6505573295434717,
      3.9862170390099734,
      4.118116517011468,
      4.0750133306367315,
      4.071049189615937,
      4.301722741687037,
      4.101867659196941,
      3.789873286813916,
      5.190942038881931,
      3.7177521564564997,
      3.723347329173313,
      4.454515965869552,
      4.027899344924493,
      4.353487696300941,
      4.6052491612977144,
      5.075259965105723
    ],
    "MIBRE": [
      0.4871002510801019,
      0.5202564262346416,
      0.5070646659868636,
      0.5144716009134316,
      0.5720318164869369,
      0.5724854522818029,
      0.5319480997137257,
      0.6043948788456386,
      0.5306328440125821,
      0.5689478166127141,
      0.5378763839395252,
      0.6481588289821254,
      0.5367916311106362,
      0.5819418901941584,
      0.576904053629638,
      0.5027576032309494,
      0.5399104315345571,
      0.627665508859803,
      0.6041079394973222,
      0.5270529102712027,
      0.5624571920517646,
      0.5316905724825013,
      0.5813429943840448,
      0.563294799767117,
      0.5845831122637366,
      0.5072163330707744,
      0.6184268749537968,
      0.554407733129824,
      0.5420690629632315,
      0.5342967416827055
    ]
  },
  "Mean_MAE": 415.2642039413479,
  "Mean_MRE": 160.38933863397804,
  "Mean_MBRE": 4.172589284088624,
  "Mean_MIBRE": 0.5557428816722617,
  "Median_MAE": 415.02269578427524,
  "Median_MRE": 142.86545751747622,
  "Median_MBRE": 4.073031260126334,
  "Median_MIBRE": 0.5482383980465277,
  "Runs": [
    {},
    {},
    {},
    {},
    {},
    {},
    {},
    {},
    {},
    {},
    {},
    {},
    {},
    {},
    {},
    {},
    {},
    {},
    {},
    {},
    {},
    {},
    {},
    {},
    {},
    {},
    {},
    {},
    {},
    {}
  ]
}