{
  "Metrics": {
    "MAE": [
      11.528379957401441,
      10.029525046126933,
      10.89770009496207,
      10.364779343824965,
      9.608596309034843,
      10.682814230469472,
      11.71887814932207,
      11.243793427846347,
      10.218602942152337,
      11.341991259751659,
      11.782771367916439,
      11.383542725745043,
      11.027247254135474,
      11.435244605000687,
      10.839677789184597,
      7.520619872478381,
      11.5438249858613,
      11.307799008000652,
      11.062683770037632,
      11.071789238090716,
      11.624838557118535,
      10.958988753297891,
      11.389117960620334,
      11.566952302205458,
      10.765823152620923,
      11.644310460758554,
      9.541031226702893,
      11.320121468789898,
      9.948444809891262,
      11.609825436577351
    ],
    "MRE": [
      32.43349366157741,
      28.230871801848785,
      30.614086849074628,
      29.291266061982164,
      26.415763782681985,
      30.469442306510373,
      33.62469810558515,
      31.930173294259838,
      28.341933556100972,
      32.49077975628863,
      33.63136862245176,
      32.28051932106111,
      31.356727677995895,
      32.566811858148384,
      29.99321016545017,
      19.361294932784755,
      33.02371599598472,
      32.038653051247714,
      31.592982109093576,
      31.210556654702078,
      33.59472195006825,
      30.530727770424964,
      32.256161964692325,
      33.31339696745901,
      30.229637582200137,
      33.33392336389433,
      26.468979540224215,
      32.82592032231713,
      27.891137951792484,
      33.05273970938255
    ],
    "MBRE": [
      0.394285704171661,
      0.3336934385512345,
      0.3679114115745935,
      0.3466427162027282,
      0.31521830398766637,
      0.36081806795966853,
      0.40331427694856614,
      0.3822726811249505,
      0.340485024022579,
      0.3874021836317366,
      0.4054435161963759,
      0.385101394345137,
      0.3744681855851784,
      0.39101920430278153,
      0.36566174817941777,
      0.22880000381594762,
      0.39649720143450173,
      0.38235963908690135,
      0.3751581081203612,
      0.37441203523431466,
      0.39902413546605603,
      0.37017698220351913,
      0.3878973308808551,
      0.39743690057764974,
      0.3603848981607203,
      0.40060592898490915,
      0.3102728155200203,
      0.38731638919000827,
      0.33004677568992635,
      0.3977510628885238
    ],
    "MIBRE": [
      0.2551641451975383,
      0.2265391262695814,
      0.2447027254996657,
      0.23374413598075736,
      0.2175025119289815,
      0.2405332900932773,
      0.2602801895417805,
      0.2512734205079029,
      0.22934460495721748,
      0.25231384370053317,
      0.2614933524650422,
      0.25389799575478517,
      0.24694811382116832,
      0.2535407913829269,
      0.24107120629498952,
      0.16785524189720852,
      0.25725814683094383,
      0.2530751702833067,
      0.24631759235310002,
      0.24676443800422448,
      0.2585269911771175,
      0.24458240252453134,
      0.2530038444120663,
      0.2575289200412418,
      0.24252877676964077,
      0.2578064537457169,
      0.21656107465702518,
      0.25357937152263366,
      0.22456434820483873,
      0.2572742678591946
    ]
  },
  "Mean_MAE": 10.899323850197538,
  "Mean_MRE": 30.81318988957618,
  "Mean_MBRE": 0.3683959354679497,
  "Mean_MIBRE": 0.2435192164559646,
  "Median_MAE": 11.157791332968532,
  "Median_MRE": 31.761577701676707,
  "Median_MBRE": 0.37871539462265585,
  "Median_MIBRE": 0.24911076716453562,
  "Runs": [
    {},
    {},
    {},
    {},
    {},
    {},
    {},
    {},
    {},
    {},
    {},
    {},
    {},
    {},
    {},
    {},
    {},
    {},
    {},
    {},
    {},
    {},
    {},
    {},
    {},
    {},
    {},
    {},
    {},
    {}
  ]
}