{
  "Metrics": {
    "MAE": [
      11.601732559353053,
      9.212622420812822,
      10.275700998989098,
      10.621679272208775,
      10.212849939872639,
      11.090380824366022,
      11.576737092694346,
      11.333914949509435,
      10.016585128838448,
      11.064071009428359,
      11.527338570512498,
      10.816480842034688,
      11.082235321809586,
      11.507785628760303,
      11.163284101833867,
      9.55947470502272,
      11.132419471560226,
      11.32123388089796,
      11.351855953465213,
      11.286027516887296,
      11.679111138529228,
      11.026816540228188,
      11.416206578007637,
      11.63029948743425,
      11.131691988344954,
      11.588114218582538,
      10.878123203025424,
      11.53399241225722,
      10.810060555575774,
      11.669460415867686
    ],
    "MRE": [
      32.84849564660303,
      25.662965402888165,
      28.93741585588503,
      30.072968669638932,
      28.455797564721212,
      32.16169424841955,
      33.017281801852505,
      32.328502677697145,
      27.677272672613384,
      31.56568660290162,
      32.7963884693043,
      30.559104611751653,
      31.451264655459514,
      32.79782309349776,
      31.115577399382367,
      27.05867574706166,
      31.683719500819674,
      31.991098147860807,
      32.611595199081556,
      32.0397755909749,
      33.67668867605932,
      30.766395100833478,
      32.25577381196229,
      33.681010380131674,
      31.345847820924572,
      32.86967043269144,
      30.388496397596843,
      33.515948130983624,
      30.974403506740305,
      33.22428846154363
    ],
    "MBRE": [
      0.39806141589390565,
      0.29877538207400844,
      0.3421027676246487,
      0.3560702123357913,
      0.3392561265401326,
      0.3780036356629579,
      0.3975256857155558,
      0.38573395420667544,
      0.33236102449770566,
      0.3758271728512196,
      0.39456511229690977,
      0.36210836247159267,
      0.37654100438194477,
      0.3941051864230598,
      0.3793297243054002,
      0.3130002088619564,
      0.37877015778644313,
      0.3851203454107826,
      0.38705413145846795,
      0.38347447390748385,
      0.40159784313549124,
      0.37275972952411196,
      0.38958137575459634,
      0.3996192330424079,
      0.3769775547128087,
      0.39747170743392046,
      0.36666779895344026,
      0.3961181536440178,
      0.36598402293421856,
      0.4004029018344407
    ],
    "MIBRE": [
      0.2564623277437109,
      0.20970714411555247,
      0.23280902434784123,
      0.23869703343500218,
      0.2299700460874268,
      0.24924680313830097,
      0.25741607416742146,
      0.25293444321433306,
      0.22525572389317536,
      0.24697959892920163,
      0.25661054171722397,
      0.24311014496492805,
      0.24811300383657914,
      0.25548068607011754,
      0.24823016931540892,
      0.21915505366503157,
      0.24983929361295631,
      0.25314135589748066,
      0.25299744750020114,
      0.25120519571644634,
      0.2598523586473127,
      0.24676879900583232,
      0.25311897397186006,
      0.25920424848550533,
      0.24923697409833376,
      0.25731813144659027,
      0.24248009967646905,
      0.2575687619899112,
      0.24333304454270377,
      0.25854257604055636
    ]
  },
  "Mean_MAE": 11.037276224223676,
  "Mean_MRE": 31.3177208759294,
  "Mean_MBRE": 0.3741655468558699,
  "Mean_MIBRE": 0.2468261693091138,
  "Median_MAE": 11.147851786697046,
  "Median_MRE": 31.83740882434024,
  "Median_MBRE": 0.37904994104592166,
  "Median_MIBRE": 0.24954304837562863,
  "Runs": [
    {},
    {},
    {},
    {},
    {},
    {},
    {},
    {},
    {},
    {},
    {},
    {},
    {},
    {},
    {},
    {},
    {},
    {},
    {},
    {},
    {},
    {},
    {},
    {},
    {},
    {},
    {},
    {},
    {},
    {}
  ]
}