{
  "Metrics": {
    "MAE": [
      10.516404438889923,
      10.730975496210318,
      10.652340163541405,
      10.50565015890491,
      11.283466992454072,
      10.004501257034141,
      10.738364141726578,
      10.735691913609928,
      10.621209077598921,
      10.919076839034327,
      11.358038898302093,
      11.368528915936272,
      10.133595610774442,
      10.65254104951967,
      9.447617765078228,
      10.879393628858328,
      9.994998728486054,
      11.241881088951642,
      11.142795138607324,
      11.312810188151628,
      9.952133526319122,
      10.142307527874037,
      10.670736841528244,
      9.927580002685065,
      9.869830858135078,
      10.11751910943457,
      10.027624339456517,
      10.553962002970552,
      11.39158754901694,
      10.11665104129497
    ],
    "MRE": [
      29.549315002507033,
      30.748194263804844,
      30.128756363673364,
      29.90161474353345,
      31.8800884891145,
      28.73373226392041,
      30.44737154208816,
      30.937617143325657,
      29.923576674440415,
      31.5469376921498,
      32.401962821760286,
      32.4411463716528,
      28.701709149654448,
      30.24346837548886,
      26.132441271086986,
      31.59009530535676,
      28.643311576654956,
      32.049293975256774,
      32.18824433697047,
      32.22350020448075,
      28.445354552506057,
      28.50548450367942,
      30.118046336344406,
      28.43974155861971,
      27.844245473090734,
      28.43075728581631,
      28.172699117945417,
      30.378748055572043,
      32.697393834486896,
      28.278999460299904
    ],
    "MBRE": [
      0.3500014361936803,
      0.36108285516760935,
      0.3560911421806379,
      0.35024999380245475,
      0.3808210994776867,
      0.3311006956093832,
      0.36083917677185695,
      0.3621002093614067,
      0.3561373321236712,
      0.3680150397644038,
      0.3866234617933291,
      0.38671618005770225,
      0.33626213551449646,
      0.3575727554865749,
      0.3073457143967815,
      0.36784633981356446,
      0.33057243520632,
      0.3811941239066999,
      0.37750246891167477,
      0.38462088167119207,
      0.32953980963375695,
      0.33492909048532055,
      0.3566838168002083,
      0.32832770772403197,
      0.32506070414867355,
      0.3357652215110657,
      0.3304253712459573,
      0.35348218515175733,
      0.38775503501430914,
      0.33439086049538286
    ],
    "MIBRE": [
      0.236262294100321,
      0.24181178045116114,
      0.2404743163624991,
      0.23800843179675882,
      0.2518521982039184,
      0.22912213475438284,
      0.2417665181222663,
      0.24154863488547626,
      0.2392519882416026,
      0.2460168712129416,
      0.2532170043107571,
      0.2534706231797026,
      0.2303638802053279,
      0.2397066549461094,
      0.2145696829412221,
      0.24534291421577353,
      0.22848436296186597,
      0.25188335479474366,
      0.2496286021311127,
      0.25224047325944043,
      0.22711650705877398,
      0.22989064508393964,
      0.23995828852786905,
      0.2275486843187406,
      0.2245292382976651,
      0.2289950499017777,
      0.227669894870289,
      0.23967599612851478,
      0.25449671316341016,
      0.22861681550888505
    ]
  },
  "Mean_MAE": 10.56699380967951,
  "Mean_MRE": 30.057461591509384,
  "Mean_MBRE": 0.35363517598071964,
  "Mean_MIBRE": 0.23845068513124165,
  "Median_MAE": 10.636774620570163,
  "Median_MRE": 30.123401350008884,
  "Median_MBRE": 0.35611423715215457,
  "Median_MIBRE": 0.2396913255373121,
  "Runs": [
    {},
    {},
    {},
    {},
    {},
    {},
    {},
    {},
    {},
    {},
    {},
    {},
    {},
    {},
    {},
    {},
    {},
    {},
    {},
    {},
    {},
    {},
    {},
    {},
    {},
    {},
    {},
    {},
    {},
    {}
  ]
}