{
  "Metrics": {
    "MAE": [
      7.679819503617792,
      4.436203513507196,
      5.762908976449587,
      7.536281533597224,
      7.960616101515927,
      8.406257395853801,
      8.51064848582504,
      7.725683215137399,
      5.383922809070365,
      4.872951600144066,
      5.779220519503242,
      8.737978345287976,
      9.206873830900612,
      5.816431827790175,
      5.820048404761269,
      8.10847840407904,
      5.412712066200018,
      9.524829753372861,
      5.810870933245995,
      5.979617491901994,
      8.788857812228684,
      7.69536420737426,
      7.43863618772101,
      7.757578471885602,
      5.823039574865263,
      7.791980061568754,
      4.683890738978016,
      8.555548464652508,
      5.465580439113092,
      8.911175985980663
    ],
    "MRE": [
      20.386083770318276,
      11.061265411902534,
      14.456814725317901,
      20.603301907994865,
      21.14520807111349,
      23.275974713257536,
      23.30962044556005,
      21.489146299601956,
      13.015146821790028,
      11.921164718992799,
      14.207990025890746,
      24.009712772002,
      25.60715050436987,
      14.476165966618998,
      14.493694476563016,
      22.848495001325478,
      13.438934590110083,
      26.4114563225802,
      14.725574378635528,
      15.292578646900854,
      24.467645555972794,
      20.824477129446052,
      20.00519825189344,
      21.226323236433256,
      14.484004471433323,
      21.09107624768443,
      11.711767085809667,
      23.85353284968737,
      13.371028836042026,
      24.467686081709207
    ],
    "MBRE": [
      0.23619494608576386,
      0.12342473187769001,
      0.1689752621762723,
      0.23437134274705157,
      0.24870048944039577,
      0.2678991250240404,
      0.271179678779418,
      0.2435575633251281,
      0.15264592155860543,
      0.13470633628658873,
      0.164594182311048,
      0.2792745301576658,
      0.29811201959626776,
      0.16839978331521085,
      0.16778330262619012,
      0.25859232423848827,
      0.15381427593686714,
      0.30861288809891896,
      0.17148267071461026,
      0.18003957032562357,
      0.2812574589193909,
      0.23903198394534736,
      0.23253253176288088,
      0.24289949415108616,
      0.1673402744132324,
      0.24437277980382333,
      0.13461488830026463,
      0.2744029946506717,
      0.15514939071687325,
      0.28517306091122513
    ],
    "MIBRE": [
      0.1759968234495579,
      0.10108438209028126,
      0.13145155704415992,
      0.1736395009548729,
      0.18052175636171944,
      0.19148059680936189,
      0.1947825197796137,
      0.1792258412299256,
      0.11973854577356437,
      0.10800396464807466,
      0.1291273766116396,
      0.19831776579175817,
      0.20890881431897496,
      0.13137423864029418,
      0.1319262157004519,
      0.18694123076624272,
      0.1202155467648688,
      0.21703893948296663,
      0.13118890710721212,
      0.1376458674341763,
      0.19957429805519789,
      0.177727921778144,
      0.16996788260435375,
      0.17889638819652354,
      0.1317416024156253,
      0.1785259671416306,
      0.1077288210900217,
      0.19614631626700801,
      0.12241839637543292,
      0.2020073472152908
    ]
  },
  "Mean_MAE": 7.046133555204315,
  "Mean_MRE": 18.722607310565255,
  "Mean_MBRE": 0.216304526739888,
  "Mean_MIBRE": 0.16044484439663145,
  "Median_MAE": 7.608050518607508,
  "Median_MRE": 20.49469283915657,
  "Median_MBRE": 0.2352831444164077,
  "Median_MIBRE": 0.1748181622022154,
  "Runs": [
    {},
    {},
    {},
    {},
    {},
    {},
    {},
    {},
    {},
    {},
    {},
    {},
    {},
    {},
    {},
    {},
    {},
    {},
    {},
    {},
    {},
    {},
    {},
    {},
    {},
    {},
    {},
    {},
    {},
    {}
  ]
}