{
  "Metrics": {
    "MAE": [
      1.2098149030615646,
      1.15673156949449,
      1.1382807776527197,
      1.1527444688935429,
      1.1082451036627092,
      1.1756884795754947,
      1.1621162079641651,
      1.2099868563962537,
      1.1988525153609246,
      1.097889819377438,
      1.181165759436656,
      1.1623659340200847,
      1.210182683360607,
      1.2582613183387383,
      1.306916352633632,
      1.1722876960585986,
      1.1571134299108943,
      1.2110750162116333,
      1.1941271596546692,
      1.1885004028137258,
      1.2018050653259402,
      1.1394831739237359,
      1.134769094310778,
      1.117920648184111,
      1.2094423167079729,
      1.292845303168692,
      1.169553646117232,
      1.1169461378252716,
      1.241602968087286,
      1.1602040316757005
    ],
    "MRE": [
      2.968856660770514,
      2.937780893782316,
      2.7704717929413274,
      2.8807963449986933,
      2.8013420457516256,
      3.0276424375729363,
      2.938479231078275,
      3.1814214148310724,
      2.9952622074200215,
      2.762872100107384,
      3.017028132673488,
      2.91280046381816,
      3.082940676966686,
      3.0954734695109702,
      3.3055607796250377,
      2.9793889393011543,
      2.9973628785438056,
      2.981763676170355,
      3.0600068346396774,
      2.9434033954010475,
      3.0623611661344916,
      2.85593808329484,
      2.7669808148041617,
      2.8091881172106503,
      3.0547932005457827,
      3.2541851936915513,
      2.9191302193126845,
      2.8187896469232725,
      3.16600808943568,
      2.826624306902304
    ],
    "MBRE": [
      0.031453871454997735,
      0.031030941450651977,
      0.029301845768381116,
      0.03021626809574426,
      0.029301500235209738,
      0.03209071144663772,
      0.03108102820659715,
      0.03369104183116765,
      0.03184619625353738,
      0.029013978053359625,
      0.031847726469035914,
      0.030672410939708253,
      0.032322167801804136,
      0.032777982873178964,
      0.03520242911174626,
      0.03139308705649056,
      0.031312965262404714,
      0.03147837924581659,
      0.03216740641828277,
      0.03124649185650531,
      0.03199643294459095,
      0.030177851645495725,
      0.02925053360410638,
      0.029530342944622024,
      0.032648197042548954,
      0.034515757583576306,
      0.030802144641052614,
      0.030020067475474626,
      0.033907435710274984,
      0.0298993430184301
    ],
    "MIBRE": [
      0.02859846458844828,
      0.028372501789509622,
      0.026733821448274846,
      0.027497506392068435,
      0.02696111016899186,
      0.028998700149885134,
      0.028308137713004007,
      0.029883161871530273,
      0.02873329440949585,
      0.026666725993574707,
      0.029062064161794923,
      0.027978589524545856,
      0.02938012023067983,
      0.029810402625058404,
      0.03139246426464568,
      0.028526274897858712,
      0.028598426928792456,
      0.028587270489721196,
      0.029378570577135315,
      0.02820696447705759,
      0.029028911039288386,
      0.027584930172414236,
      0.026840870304716075,
      0.02701794311953775,
      0.029157962430237314,
      0.03087638247962794,
      0.027960604222703273,
      0.0272494677691903,
      0.030276463244832102,
      0.027232798136293243
    ]
  },
  "Mean_MAE": 1.1812306279735088,
  "Mean_MRE": 2.9724884404719996,
  "Mean_MBRE": 0.03140655121471434,
  "Mean_MIBRE": 0.028496696854030452,
  "Median_MAE": 1.1739880878170466,
  "Median_MRE": 2.9741228000358344,
  "Median_MBRE": 0.03135302615944764,
  "Median_MIBRE": 0.028556772693789954,
  "Runs": [
    {},
    {},
    {},
    {},
    {},
    {},
    {},
    {},
    {},
    {},
    {},
    {},
    {},
    {},
    {},
    {},
    {},
    {},
    {},
    {},
    {},
    {},
    {},
    {},
    {},
    {},
    {},
    {},
    {},
    {}
  ]
}