{
  "Metrics": {
    "MAE": [
      9.869376989959326,
      11.39309843285417,
      10.221258835393833,
      9.9246501993726,
      11.40233369314963,
      10.02827611017421,
      10.226412266413439,
      10.160067469344735,
      9.921455501585347,
      11.011110895172092,
      11.495426240731478,
      11.410748847742441,
      10.0043617502052,
      10.136733515557696,
      9.022831566017606,
      11.479292943861036,
      11.277864955457984,
      11.273288417256806,
      11.302870469289616,
      11.386763413465209,
      9.887666641123387,
      10.23180642768416,
      11.459176254713766,
      9.96242302230779,
      11.274476693390415,
      9.165313209054357,
      9.948822584948932,
      10.225940674068216,
      11.399719989792066,
      11.288553191780943
    ],
    "MRE": [
      27.492757801024798,
      32.821409399942524,
      28.741415448778724,
      28.190077327211238,
      32.19625442760015,
      28.790878597215602,
      28.806652958381584,
      29.151765410888093,
      27.6182522663012,
      31.84935088797851,
      32.74750804940989,
      32.784316460396305,
      28.288911159806755,
      28.57643190773333,
      24.856150696895718,
      33.32937341982064,
      32.807840404047425,
      32.171471025581624,
      32.61885835647611,
      32.42051174311904,
      28.28616512423061,
      28.72013896820633,
      32.569939240413774,
      28.59591438547529,
      32.249020087515746,
      25.539549103862885,
      28.04773172534035,
      29.183717920677495,
      32.64172690975455,
      32.0695517030811
    ],
    "MBRE": [
      0.32377287210210354,
      0.3886125135536641,
      0.33946684238656333,
      0.32686705190757465,
      0.38597731695377413,
      0.3318819926465926,
      0.34016693584343594,
      0.3390467375495462,
      0.3269568527292136,
      0.3716777826551471,
      0.39169773897506666,
      0.38930860236103165,
      0.3305806766698394,
      0.336183216010511,
      0.2901916511641934,
      0.39152995539509,
      0.38408751054055695,
      0.38228714988515816,
      0.3836655726269794,
      0.38810743031476796,
      0.3271548733335328,
      0.33887486742200035,
      0.38986679788342177,
      0.32934471097092954,
      0.3819544390852592,
      0.2981057618287714,
      0.3282085953161372,
      0.34083580687749804,
      0.38646941690633063,
      0.3820378449417657
    ],
    "MIBRE": [
      0.2230507170736108,
      0.25487725559913493,
      0.2316264098077271,
      0.2269019454289871,
      0.25432444561732476,
      0.22926441109831272,
      0.23144572602549351,
      0.2300205383820645,
      0.2251391502627314,
      0.24769261767333486,
      0.2562570554387137,
      0.2538876090127558,
      0.22773408204686008,
      0.22922931855098452,
      0.2059921973440984,
      0.2566498509811005,
      0.25219476295014076,
      0.2526240071837428,
      0.25223115126731627,
      0.2534743222438821,
      0.225621400258077,
      0.23141864084298183,
      0.254824904325644,
      0.2280173530733941,
      0.25227037656270596,
      0.20964335755439537,
      0.22570874821628578,
      0.23269169898474043,
      0.25506041068624824,
      0.252197439399406
    ]
  },
  "Mean_MAE": 10.59307070672895,
  "Mean_MRE": 30.13878809723891,
  "Mean_MBRE": 0.3548306505612152,
  "Mean_MIBRE": 0.2387357301297398,
  "Median_MAE": 10.2291093470488,
  "Median_MRE": 29.167741665782792,
  "Median_MBRE": 0.340501371360467,
  "Median_MIBRE": 0.23215905439623377,
  "Runs": [
    {},
    {},
    {},
    {},
    {},
    {},
    {},
    {},
    {},
    {},
    {},
    {},
    {},
    {},
    {},
    {},
    {},
    {},
    {},
    {},
    {},
    {},
    {},
    {},
    {},
    {},
    {},
    {},
    {},
    {}
  ]
}