{
  "Metrics": {
    "MAE": [
      6.982515148294927,
      4.328697037772887,
      5.513992531656169,
      7.082242172128767,
      7.7673765542663675,
      7.778604431239954,
      8.261249991717195,
      6.998499600860389,
      5.361247341698167,
      4.814972727731561,
      5.650036625710751,
      8.317715113037266,
      8.762180906622165,
      5.402330016264446,
      5.788206131443043,
      7.221523313552118,
      5.153789178183546,
      9.248134118557424,
      5.296214639848425,
      5.704694609449879,
      8.121100528780824,
      7.484182641949361,
      7.042166438784218,
      7.417152660494022,
      5.443967216308304,
      6.894249004248058,
      4.641183101821786,
      8.054941372847257,
      5.409212039850344,
      8.838920432921453
    ],
    "MRE": [
      15.143520288094573,
      9.546365345816326,
      11.77249362934687,
      16.244024785421338,
      17.10946167031268,
      17.887442249667057,
      18.656722148087624,
      16.073689117512686,
      11.12630592431535,
      10.400915965239376,
      12.269723861188323,
      19.566278790764756,
      20.455549368287866,
      11.51582867360439,
      12.299744475327296,
      16.932901792885712,
      11.170705513377166,
      21.90807489600143,
      11.756369328208415,
      12.55363394390849,
      19.040025540131865,
      16.117684005937683,
      15.960879293486748,
      16.980531600005186,
      11.481579951705537,
      15.690706331292393,
      10.340805533355809,
      19.132866664762822,
      11.382225873008558,
      20.774216383126504
    ],
    "MBRE": [
      0.21066986956806763,
      0.11742490241854156,
      0.15532984889954535,
      0.21864804739586058,
      0.24314585641482728,
      0.24705131525351973,
      0.2684767285724157,
      0.2123862457456468,
      0.14881072140517357,
      0.13054219479322884,
      0.1574968468594398,
      0.2667802747624985,
      0.2884032596051069,
      0.15045106064740418,
      0.16229658509610811,
      0.22159802898725062,
      0.1443518354525425,
      0.30929840671237663,
      0.1534265994506631,
      0.16576552419283017,
      0.2602840802690842,
      0.22855807380107696,
      0.21737499472974794,
      0.23071480615686543,
      0.14992476636818913,
      0.21313753767254223,
      0.1317939763568891,
      0.25854744009394537,
      0.14903947682025218,
      0.28811885651387775
    ],
    "MIBRE": [
      0.14452903690725086,
      0.09131717022263887,
      0.11404292421834675,
      0.15119768925832106,
      0.1614592057858225,
      0.16422849087492788,
      0.17511195397156365,
      0.14999811147758596,
      0.1081082578226235,
      0.09890418257621911,
      0.11726148232464395,
      0.1793566531516246,
      0.1876295345862084,
      0.11051295599471476,
      0.1187439541203655,
      0.15510454230485485,
      0.10680834684766564,
      0.20030468089198786,
      0.11189790025785204,
      0.12050995039109004,
      0.17371728441648185,
      0.15445239168708247,
      0.14978541988129568,
      0.15833190534220262,
      0.1110041217280178,
      0.14722650974883517,
      0.09923409721310174,
      0.17382573404766546,
      0.10972983920090823,
      0.1883730677827418
    ]
  },
  "Mean_MAE": 6.692709920934701,
  "Mean_MRE": 15.043042431472694,
  "Mean_MBRE": 0.20332827203385054,
  "Mean_MIBRE": 0.14109024650115468,
  "Median_MAE": 6.990507374577658,
  "Median_MRE": 15.82579281238957,
  "Median_MBRE": 0.2127618917090945,
  "Median_MIBRE": 0.14850596481506542,
  "Runs": [
    {},
    {},
    {},
    {},
    {},
    {},
    {},
    {},
    {},
    {},
    {},
    {},
    {},
    {},
    {},
    {},
    {},
    {},
    {},
    {},
    {},
    {},
    {},
    {},
    {},
    {},
    {},
    {},
    {},
    {}
  ]
}