{
  "Metrics": {
    "MAE": [
      250.9022988505747,
      207.91954022988506,
      200.47413793103448,
      356.3136288998358,
      358.2298850574713,
      201.566091954023,
      323.3169129720854,
      289.3965517241379,
      151.38793103448276,
      381.4942528735632,
      323.2553366174056,
      203.0632183908046,
      258.17528735632186,
      246.04269293924466,
      339.85057471264366,
      355.5316091954023,
      316.08620689655174,
      267.3448275862069,
      256.1925287356322,
      248.79310344827587,
      344.06609195402297,
      415.99343185550083,
      215.45730706075534,
      192.98850574712642,
      195.7471264367816,
      249.367816091954,
      323.4568965517241,
      265.2701149425287,
      400.0,
      324.18390804597703
    ],
    "MRE": [
      15.525635133201444,
      15.349474196741495,
      13.284839961687497,
      21.53149433355271,
      27.707598693268615,
      15.672934432322643,
      21.16578015857763,
      23.055634152247045,
      11.643975907182892,
      26.148065131593196,
      24.647428863927395,
      15.886921777812478,
      18.243855232142554,
      19.36822489962139,
      25.095897301884442,
      29.330509131111075,
      22.99210185820351,
      20.937913713354472,
      16.721226511677607,
      15.412443510338475,
      22.251647360349867,
      31.276064496162114,
      17.20461421786927,
      12.847510017392661,
      12.079861151963694,
      19.417614180457992,
      20.556932596718617,
      17.507484023505253,
      29.788156243937543,
      21.926888407166995
    ],
    "MBRE": [
      0.21668721800548654,
      0.16214612357375455,
      0.15082680650104172,
      0.3078707549780426,
      0.30328843367268743,
      0.16331472188941135,
      0.2704227515683867,
      0.23955045802005662,
      0.12077310188281246,
      0.3269668909371426,
      0.26927896274601076,
      0.16869011588090244,
      0.21369660477004676,
      0.20424806089229577,
      0.2864144222849157,
      0.3001165916197294,
      0.26850384422467855,
      0.2167985413235763,
      0.21745803352139043,
      0.19876901353119,
      0.2838608063157531,
      0.35995658646387874,
      0.17339276430327355,
      0.15179836285069798,
      0.1432988682689607,
      0.19849713779569386,
      0.2811496261135928,
      0.20445679277810117,
      0.3389122530074337,
      0.2779193551014354
    ],
    "MIBRE": [
      0.148103057532673,
      0.12334094893726939,
      0.11812742911529972,
      0.2013843483151092,
      0.2009621873258687,
      0.12608313299660306,
      0.18287155755041964,
      0.16680978070219724,
      0.10040878841994881,
      0.20690857300325655,
      0.18158473858468596,
      0.13316444958636744,
      0.1593160271846206,
      0.14682260127218097,
      0.20060490253222998,
      0.1940332925618694,
      0.18293133866653338,
      0.15491779277530096,
      0.1553176304021745,
      0.14665445820215983,
      0.1922777256326595,
      0.23391629838346287,
      0.12782907841959262,
      0.12059568527064439,
      0.1170602579275223,
      0.13954345053972583,
      0.18471861060954672,
      0.1522480392205581,
      0.22089783338278546,
      0.18868748898905924
    ]
  },
  "Mean_MAE": 282.06226053639847,
  "Mean_MRE": 20.152624253199086,
  "Mean_MBRE": 0.23396880016074598,
  "Mean_MIBRE": 0.16360405013474422,
  "Median_MAE": 266.3074712643678,
  "Median_MRE": 19.987273388588306,
  "Median_MBRE": 0.21712828742248336,
  "Median_MIBRE": 0.15731682879339753,
  "Runs": [
    {},
    {},
    {},
    {},
    {},
    {},
    {},
    {},
    {},
    {},
    {},
    {},
    {},
    {},
    {},
    {},
    {},
    {},
    {},
    {},
    {},
    {},
    {},
    {},
    {},
    {},
    {},
    {},
    {},
    {}
  ]
}