{
  "Metrics": {
    "MAE": [
      314.60714285714283,
      206.67816091954023,
      191.48850574712642,
      294.13793103448273,
      199.873973727422,
      287.5545977011494,
      197.49353448275863,
      195.70545977011494,
      214.21592775041051,
      295.63013136289,
      291.5840517241379,
      321.63793103448273,
      218.17097701149424,
      302.4384236453202,
      332.7816091954023,
      337.60919540229884,
      267.30890804597703,
      261.1307471264368,
      207.70977011494253,
      365.375,
      375.5488505747126,
      176.1551724137931,
      331.98132183908046,
      245.86412151067324,
      276.0451559934319,
      193.95114942528735,
      356.8139367816092,
      288.3903256704981,
      255.9985632183908,
      367.83045977011494
    ],
    "MRE": [
      22.890240659569095,
      13.663711108732985,
      13.257988650595037,
      18.719712937833904,
      14.724554980107863,
      21.6794777844534,
      12.818183100273128,
      16.02730048089713,
      17.115288638689396,
      19.56433765482756,
      21.00939263385454,
      23.61128489103116,
      15.074050745340376,
      22.586284406574574,
      25.845988968764207,
      27.176171372089268,
      19.639477302374093,
      16.143103489224462,
      14.6678063442274,
      22.488828684562012,
      23.64217442595708,
      12.343059939627556,
      24.70093803411137,
      16.58030174824846,
      16.864797458796666,
      14.59488387391423,
      24.766861401570296,
      19.8956184867552,
      19.450290208077345,
      26.10271570623976
    ],
    "MBRE": [
      0.2516865197006604,
      0.15978706230712952,
      0.14503530992111993,
      0.23909928907821784,
      0.1565378306222153,
      0.22685198082263938,
      0.147783866883678,
      0.16390674279949657,
      0.17702119463181779,
      0.25282858151946686,
      0.23095355199970585,
      0.26336976348663793,
      0.16755263889125732,
      0.24169393528242394,
      0.27315377391472295,
      0.2804328327132326,
      0.2126792148563764,
      0.1954987649252801,
      0.16114915343536357,
      0.3058420398871798,
      0.3168029418268109,
      0.13411733766467848,
      0.2716167527809117,
      0.19309941729543542,
      0.2097313622298854,
      0.1515178493763886,
      0.2925138367481142,
      0.227826151940333,
      0.20611020238265382,
      0.3012833121255213
    ],
    "MIBRE": [
      0.18937999087798896,
      0.12892302853630055,
      0.11917277245617507,
      0.1727035915147034,
      0.12631853675045607,
      0.17410891717028618,
      0.12095588511314834,
      0.1279602737789032,
      0.13840747806972276,
      0.17384349143931277,
      0.1723976947341013,
      0.19093657464237612,
      0.13447159523194166,
      0.18082765771278508,
      0.19552984333404347,
      0.20103871162378745,
      0.16557806768537858,
      0.14893401466256775,
      0.1306166958450379,
      0.2068691894156683,
      0.21471444290095307,
      0.11370771214571297,
      0.19796833517666784,
      0.14752912617595382,
      0.15943196498125048,
      0.1166208123621878,
      0.20895592636300786,
      0.17128791184665232,
      0.15073912108829046,
      0.21751479752964636
    ]
  },
  "Mean_MAE": 272.3903678617041,
  "Mean_MRE": 19.25482753724399,
  "Mean_MBRE": 0.21858277373497847,
  "Mean_MIBRE": 0.16324813870550023,
  "Median_MAE": 281.79987684729065,
  "Median_MRE": 19.50731393145245,
  "Median_MBRE": 0.2197655978395079,
  "Median_MIBRE": 0.16843298976601545,
  "Runs": [
    {},
    {},
    {},
    {},
    {},
    {},
    {},
    {},
    {},
    {},
    {},
    {},
    {},
    {},
    {},
    {},
    {},
    {},
    {},
    {},
    {},
    {},
    {},
    {},
    {},
    {},
    {},
    {},
    {},
    {}
  ]
}