{
  "Metrics": {
    "MAE": [
      376.7202335505064,
      329.4783830433214,
      356.04580357221397,
      389.22495992469345,
      262.298922575811,
      314.52822789984185,
      322.8061411409471,
      347.4700373914078,
      331.08648564471383,
      366.67514408773303,
      396.11461556318346,
      392.07705781629994,
      361.9262335583282,
      370.1959284998869,
      326.67720722850316,
      400.5236648277437,
      366.2013182602521,
      342.2852759394334,
      356.11021975780767,
      398.5952672909433,
      389.32663563131797,
      263.00825719388826,
      342.15338683319976,
      340.8820090612158,
      384.12587189445946,
      228.25917123370624,
      381.4748061669345,
      346.7302827246193,
      327.3032867160719,
      378.3050982095518
    ],
    "MRE": [
      22.654837975692377,
      19.40089855907992,
      21.63791020143261,
      22.263316838372756,
      18.122199631608133,
      23.93521997599602,
      19.27763022166368,
      24.689530690455808,
      25.957838414027623,
      21.856808444480574,
      25.095414039602325,
      28.326630175839863,
      23.449424524652223,
      24.303654983839063,
      21.783042872572995,
      33.83939823590156,
      23.32497360705303,
      19.125987656286796,
      22.935235067988643,
      23.832293385309438,
      22.430115178095306,
      17.512619405118617,
      23.931466402191376,
      20.123450071744966,
      22.433548043017392,
      16.913408876090966,
      24.3163573899269,
      20.77189548928334,
      19.146534086579873,
      22.83116749788009
    ],
    "MBRE": [
      0.3278229268795244,
      0.2694418414416903,
      0.3006566456326831,
      0.3424226753078028,
      0.20390060991196393,
      0.25454542824274357,
      0.2603070784982521,
      0.2859160686472825,
      0.2765042191065172,
      0.31726487407264,
      0.3396637926428861,
      0.32754323442884814,
      0.30454321406676854,
      0.3085555628304698,
      0.26870647360604544,
      0.34537096140185275,
      0.3120508940640207,
      0.28423622664551695,
      0.3000001243165109,
      0.3499805212398833,
      0.3428704157803926,
      0.20281070269878287,
      0.27922192571278215,
      0.2873177129704304,
      0.33260217410046417,
      0.1819045456284431,
      0.32431226018929904,
      0.28682123733013315,
      0.27555363266243293,
      0.32980548764615775
    ],
    "MIBRE": [
      0.2130021807226006,
      0.18548552472057975,
      0.20028040590512688,
      0.216487245105261,
      0.15924373788410873,
      0.19322961647648754,
      0.18451170049410004,
      0.20768730495082174,
      0.19924700359873102,
      0.20692122933399185,
      0.22513613460102613,
      0.23045773140801384,
      0.20894030947960449,
      0.2155165009735523,
      0.1933586825097452,
      0.23364233035064683,
      0.21073636842096585,
      0.1870673090471491,
      0.20677492907440936,
      0.22267076500284,
      0.2151014938707556,
      0.15867282803170066,
      0.20305865289010172,
      0.1914835411434738,
      0.21386553946482698,
      0.1446617949985083,
      0.21868117415729899,
      0.19531658057127918,
      0.18382683275689873,
      0.21271519610545392
    ]
  },
  "Mean_MAE": 349.6203311079513,
  "Mean_MRE": 22.540760264726146,
  "Mean_MBRE": 0.29408844892344077,
  "Mean_MIBRE": 0.20125935480166868,
  "Median_MAE": 356.0780116650108,
  "Median_MRE": 22.544193009354885,
  "Median_MBRE": 0.300328384974597,
  "Median_MIBRE": 0.20684807920420062,
  "Runs": [
    {},
    {},
    {},
    {},
    {},
    {},
    {},
    {},
    {},
    {},
    {},
    {},
    {},
    {},
    {},
    {},
    {},
    {},
    {},
    {},
    {},
    {},
    {},
    {},
    {},
    {},
    {},
    {},
    {},
    {}
  ]
}