{
  "Metrics": {
    "MAE": [
      7.261757186330873,
      7.159566338767378,
      6.908177371871575,
      6.783865649336745,
      5.4045035326420265,
      6.237598239720861,
      6.226629106933364,
      7.845633998514936,
      5.905159193920988,
      6.0864158417123635,
      8.694517962803062,
      7.7585108709951465,
      8.626745778816321,
      7.559439510279721,
      7.460531949001397,
      6.247463120197161,
      7.63065774942174,
      8.087232071426298,
      7.658394040095254,
      5.397601982676001,
      8.197359890928293,
      7.324752494956257,
      7.7060082164920045,
      7.057163934859664,
      7.348483037122709,
      6.515787382809325,
      6.074217421459464,
      8.336329537780482,
      6.9305165431600235,
      6.413686469262039
    ],
    "MRE": [
      479.33971426952644,
      443.8839373964508,
      432.6537955188297,
      349.1065605381601,
      285.60540739481,
      312.54351100079157,
      407.2753249204837,
      579.0872755512737,
      296.7326910121625,
      339.5086339151814,
      623.1297998230823,
      506.34103004033665,
      643.715430474326,
      509.77768380213735,
      450.119378604605,
      325.14230701226626,
      411.5164207165485,
      540.5563639863584,
      547.9160034492437,
      291.57206868344906,
      600.0297323060986,
      406.72130572726235,
      533.4945114229625,
      363.1099803059761,
      406.6862514424241,
      380.13129164714894,
      365.27621776021124,
      650.6796590157531,
      400.2031382024476,
      425.4309936354245
    ],
    "MBRE": [
      4.965701822278855,
      4.625285782017824,
      4.43134195523573,
      3.608321138278527,
      2.9374740644728075,
      3.2588836766903846,
      4.147091383816895,
      5.899854387845401,
      3.123145240665139,
      3.4934170256142685,
      6.512110124542572,
      5.298442266402107,
      6.676506608784139,
      5.325813112156128,
      4.743676580365432,
      3.440904502273284,
      4.4956899496872165,
      5.63340997260841,
      5.640795270523829,
      2.9366077874388625,
      6.208326103683665,
      4.361116133656882,
      5.557879912720011,
      3.9784719022279944,
      4.4134811320243195,
      3.955147195383943,
      3.7945781657983986,
      6.614001356764074,
      4.194621367522161,
      4.352995878229564
    ],
    "MIBRE": [
      0.6620349011644061,
      0.6598052325057528,
      0.6530960458669451,
      0.6344194756562328,
      0.583142067470802,
      0.6177491694185759,
      0.6225850031027396,
      0.6614230490159593,
      0.6063562475272297,
      0.6090882051705486,
      0.6915539435287514,
      0.666506409540881,
      0.6754174697997205,
      0.6430170097268028,
      0.657238167444341,
      0.6201512983060206,
      0.67960240334443,
      0.6822311291044836,
      0.6569721205516836,
      0.5914918212046083,
      0.6772659102360277,
      0.6647976840525126,
      0.656253885467761,
      0.6456336600484027,
      0.6605730000141484,
      0.6333726720081692,
      0.6015638263618707,
      0.6637922683608087,
      0.6480798867126223,
      0.6322135624588696
    ]
  },
  "Mean_MAE": 7.094823547476448,
  "Mean_MRE": 443.57621398585775,
  "Mean_MBRE": 4.620836393323628,
  "Mean_MIBRE": 0.6452475841724036,
  "Median_MAE": 7.210661762549125,
  "Median_MRE": 418.47370717598653,
  "Median_MBRE": 4.422411543630025,
  "Median_MIBRE": 0.6546749656673531,
  "Runs": [
    {},
    {},
    {},
    {},
    {},
    {},
    {},
    {},
    {},
    {},
    {},
    {},
    {},
    {},
    {},
    {},
    {},
    {},
    {},
    {},
    {},
    {},
    {},
    {},
    {},
    {},
    {},
    {},
    {},
    {}
  ]
}