{
  "Metrics": {
    "MAE": [
      8.163179543295124,
      6.689903857197183,
      6.810784265251248,
      7.4603669740009675,
      4.985624677303607,
      6.317784325166903,
      7.8512814786588745,
      7.67638175884023,
      6.208999259240654,
      6.3549610911931556,
      8.52536576022636,
      8.538149301688406,
      8.406008269686895,
      8.079802316352758,
      8.190384689691294,
      6.88807594739649,
      7.566676367075262,
      8.645089755905293,
      7.839396356341486,
      6.066030227750931,
      7.6174317064765695,
      6.636644648423601,
      7.3741073388883,
      8.014082596236447,
      7.992729626505875,
      7.1480706098231,
      5.063721883049483,
      8.213900059536869,
      6.34696030022882,
      6.195535951731113
    ],
    "MRE": [
      554.5452061417878,
      423.8263063306797,
      452.684421343968,
      454.21214713498193,
      260.01215026668365,
      345.38505742092036,
      546.0252775701441,
      547.6216831683763,
      342.8625252599225,
      377.7216469625649,
      606.5130272391394,
      587.8865096896125,
      605.4095958390816,
      558.1254118197586,
      537.7774907239213,
      345.555568662822,
      411.41635553235966,
      596.5772246496618,
      563.3001750020996,
      378.40847675218095,
      533.0548921697962,
      308.54656978596574,
      499.8012152422946,
      471.77229838929753,
      475.78710425865614,
      418.6558864099431,
      270.22737287006646,
      633.3732415071818,
      329.59816523347524,
      404.6801798175977
    ],
    "MBRE": [
      5.7870054356482985,
      4.369526596894043,
      4.619065788061468,
      4.688152345234026,
      2.6592486328281892,
      3.5709111799895172,
      5.598197103524087,
      5.587234417811567,
      3.631930023219681,
      3.873881627515852,
      6.348856434105196,
      6.182167208163867,
      6.2754865588307025,
      5.866151528763162,
      5.71844326970991,
      3.785783160622166,
      4.555179315513401,
      6.312231252236777,
      5.813521853570838,
      3.8257972186030766,
      5.509346496886861,
      3.346569311726693,
      5.18773496424423,
      5.310698947261292,
      5.237925881996237,
      4.389122864211225,
      2.8010706240385566,
      6.445884684884754,
      3.4815418929961717,
      4.120991088330963
    ],
    "MIBRE": [
      0.6902858484027815,
      0.6391949975316994,
      0.6429712454120576,
      0.6595125564215424,
      0.5553616156550786,
      0.6183488773381245,
      0.6727469471167056,
      0.6607087813910874,
      0.6178346855809406,
      0.6169753648033155,
      0.6838038717504803,
      0.6817680794979479,
      0.676159203923431,
      0.6446684155045096,
      0.6689985651967818,
      0.6362673436126183,
      0.6617157849766732,
      0.6962560163418281,
      0.6650980511739565,
      0.602797593371471,
      0.6637861975329848,
      0.6408848182378656,
      0.6483950276930833,
      0.663750922416858,
      0.6712992069230673,
      0.6461838884516252,
      0.5540002475513199,
      0.6595976879482935,
      0.6205935192973803,
      0.6316281163350392
    ]
  },
  "Mean_MAE": 7.262247698105442,
  "Mean_MRE": 461.3787727731647,
  "Mean_MBRE": 4.829988590247426,
  "Mean_MIBRE": 0.6463864492463515,
  "Median_MAE": 7.513521670538115,
  "Median_MRE": 462.9922227621397,
  "Median_MBRE": 4.9379436547391276,
  "Median_MIBRE": 0.6539537920573129,
  "Runs": [
    {},
    {},
    {},
    {},
    {},
    {},
    {},
    {},
    {},
    {},
    {},
    {},
    {},
    {},
    {},
    {},
    {},
    {},
    {},
    {},
    {},
    {},
    {},
    {},
    {},
    {},
    {},
    {},
    {},
    {}
  ]
}