{
  "Metrics": {
    "MAE": [
      2.8588287092497606,
      3.0969441403413476,
      3.0124252711448825,
      2.922374891445388,
      3.573504000901637,
      3.512028861390547,
      2.891004603748342,
      3.404485601527788,
      3.194816393280107,
      3.119114686938657,
      3.428684427493739,
      3.476648060693716,
      2.390805363822417,
      3.0397137287183194,
      3.1915877541242534,
      3.781297237969944,
      3.1281840695036833,
      3.163628038335015,
      3.229548907593346,
      3.3437230568656933,
      2.8966324057083597,
      2.8897201926828218,
      3.6299339121481062,
      3.669401975550266,
      3.2127504251243533,
      3.3969069463119714,
      3.341705460049613,
      3.2115257994211786,
      2.9370463931536372,
      3.0081233167265014
    ],
    "MRE": [
      262.09507206697356,
      238.41877941847204,
      243.63019225575943,
      189.87603787247295,
      218.65971350771528,
      281.57458945288846,
      257.7247686499094,
      288.09377840278296,
      234.7648993706891,
      281.7472353046387,
      288.75435188556736,
      224.9676104402116,
      169.2809716880909,
      217.52337962420322,
      199.2938380988106,
      236.02936475486106,
      225.8947062511453,
      255.06471958066825,
      239.68377302518985,
      274.9188458234426,
      246.1694516850007,
      230.25136736146038,
      373.18507956317694,
      270.6900580159548,
      216.17472921970443,
      228.8496682936122,
      202.8443524475295,
      248.31800525796984,
      216.39831517276585,
      228.99842438414572
    ],
    "MBRE": [
      0.6809632931730747,
      0.5794352214146946,
      1.0922922460089013,
      0.7557401315505236,
      1.5300154750703274,
      0.6929944413912231,
      0.8012280562103441,
      1.170044638609293,
      -0.9533686233426748,
      1.6992854397699704,
      0.6573419834635329,
      0.2688082397300673,
      0.7817773132814583,
      0.7466092739275049,
      0.6345273315111549,
      1.3563321882989121,
      0.9308602198875077,
      -0.8620754080663139,
      0.5703391143418204,
      0.8451963704173263,
      0.31089594686068733,
      0.6245208938379634,
      0.47154174911321356,
      0.6284985737019505,
      0.5612146194841386,
      0.782202477942773,
      0.852509218595684,
      1.0206591115228372,
      0.711449523480836,
      0.462901013285696
    ],
    "MIBRE": [
      1.898372766574506,
      1.7437952541489148,
      1.692888597424727,
      1.0644966185718567,
      0.967090578675016,
      1.949490517651105,
      1.9353140945073566,
      1.8357466267531626,
      1.5513934212662355,
      1.7631915661458581,
      1.9875068069365762,
      1.2832796960854504,
      0.9249940468618241,
      1.2818281228158923,
      1.3513625186348428,
      1.4637547144893963,
      1.3268694933085652,
      2.0200446341335874,
      1.681064439300929,
      1.9892770680629728,
      1.97340086678733,
      1.5484874332845524,
      3.340824383849816,
      1.896825355849394,
      1.6068986095289335,
      1.4915894616838674,
      1.1700420129843507,
      1.4490899760068994,
      1.436312721388082,
      1.6789632905687073
    ]
  },
  "Mean_MAE": 3.1984364877321796,
  "Mean_MRE": 242.99586929586042,
  "Mean_MBRE": 0.6801580024824808,
  "Mean_MIBRE": 1.643473189809357,
  "Median_MAE": 3.1932020737021802,
  "Median_MRE": 237.22407208666655,
  "Median_MBRE": 0.7022219824360296,
  "Median_MIBRE": 1.6429309500488203,
  "Runs": [
    {},
    {},
    {},
    {},
    {},
    {},
    {},
    {},
    {},
    {},
    {},
    {},
    {},
    {},
    {},
    {},
    {},
    {},
    {},
    {},
    {},
    {},
    {},
    {},
    {},
    {},
    {},
    {},
    {},
    {}
  ]
}