{
  "Metrics": {
    "MAE": [
      3.377374057050122,
      5.513438305324157,
      6.191668492266444,
      7.0712230030192,
      6.488567848220587,
      1.60482670203001,
      5.578534058182096,
      5.9131952817055815,
      4.905354005383884,
      4.12001240295483,
      2.294742849543246,
      3.852616460039217,
      1.5182345058185882,
      2.9281166041928985,
      4.838233162261534,
      4.704568623109776,
      0.24547081489984154,
      4.5262500303199165,
      5.418122451533376,
      3.1701273232751594,
      5.134527611879211,
      7.264892607622943,
      5.7526281626072775,
      5.598345905614662,
      4.498071731192829,
      5.704279247490979,
      0.4682781623256658,
      7.326034687782828,
      6.329830840882342,
      4.673612180692394
    ],
    "MRE": [
      159.31546094684407,
      292.82699659662205,
      393.35595810339,
      417.8693346159638,
      409.3848684924888,
      59.70208150633678,
      349.48927855902735,
      313.46430483142564,
      217.25536057967423,
      184.25963595160727,
      95.96144208211741,
      159.22565697818618,
      65.7326284296759,
      114.24143457098963,
      215.9717327318774,
      158.86846186705992,
      13.974289510157487,
      216.68979275853545,
      287.664279340906,
      164.79868704583083,
      292.9878721543779,
      416.9518339827311,
      301.38148410297066,
      227.51181519931959,
      149.27231019913566,
      255.63742533402868,
      23.641200386934365,
      528.9199880035942,
      321.2469265025045,
      254.91573437629853
    ],
    "MBRE": [
      1.0421548314965463,
      2.5960666306685547,
      3.7571595699934766,
      4.2786232465326375,
      4.06735924759894,
      0.4635615807726954,
      2.7652010372994242,
      25.52387694834701,
      1.6839702147634033,
      1.8440734341986127,
      0.8511049369444833,
      0.7843492899689742,
      0.7808577601791471,
      8.256684972263502,
      2.0692943096749516,
      1.408048150759547,
      0.15196822403349025,
      1.3428956763809436,
      2.553958876722298,
      1.4491865991134334,
      3.0784964360288787,
      4.3476507568461065,
      2.9414493447569656,
      2.508768476939776,
      1.8157818837198338,
      -1.5500743037964042,
      0.30515791757025756,
      8.064481156150583,
      3.3713671889369876,
      2.1239599434476033
    ],
    "MIBRE": [
      0.6791466608239556,
      0.6175615588839585,
      0.5949666158716642,
      0.6645788680780302,
      0.6839523559714811,
      0.3514487401216397,
      1.1045674258066547,
      1.041544992904059,
      0.6681299621753845,
      0.562841446773107,
      0.3545734561926369,
      0.6638100416815117,
      0.3436010052133814,
      0.5169139581409171,
      0.5836483642661102,
      0.804029989690357,
      0.10863647918855356,
      0.7166862823523291,
      0.5989084829800965,
      0.5677323083123945,
      0.570134527573536,
      0.7201272315737194,
      0.760936730696783,
      0.6416617996901675,
      0.5948997446478196,
      0.8966056508191139,
      0.16865768221028724,
      0.636649801128223,
      0.7219568322470394,
      0.7482452900723557
    ]
  },
  "Mean_MAE": 4.567039270640719,
  "Mean_MRE": 235.4172758580204,
  "Mean_MBRE": 3.155914477943755,
  "Mean_MIBRE": 0.6229051428695754,
  "Median_MAE": 4.8717935838227096,
  "Median_MRE": 222.3835878894969,
  "Median_MBRE": 2.0966271265612777,
  "Median_MIBRE": 0.6391558004091953,
  "Runs": [
    {},
    {},
    {},
    {},
    {},
    {},
    {},
    {},
    {},
    {},
    {},
    {},
    {},
    {},
    {},
    {},
    {},
    {},
    {},
    {},
    {},
    {},
    {},
    {},
    {},
    {},
    {},
    {},
    {},
    {}
  ]
}