{
  "Metrics": {
    "MAE": [
      0.07512559465416324,
      0.11879043080954776,
      0.04274810344809725,
      0.11353980859692972,
      0.16126195435078922,
      0.06576767444618747,
      0.05988954533758422,
      0.17341627461344816,
      0.12889904316363024,
      0.0577331241201147,
      0.11569413672432513,
      0.040254169694824565,
      0.04070030474459516,
      0.15222863751286775,
      0.15414447221067482,
      0.1001276514486504,
      0.08424184083779343,
      0.08014755661302969,
      0.1046955031008097,
      0.06821866834973,
      0.12421288973103915,
      0.1480162673262484,
      0.0901437036203239,
      0.1296395729317003,
      0.15896500219400142,
      0.09503080596767881,
      0.06459201508866369,
      0.06663837424918355,
      0.10432053040455479,
      0.09828552991936566
    ],
    "MRE": [
      4.54056145094686,
      6.25060521753681,
      3.986532774891913,
      6.075033545652294,
      8.839542471927103,
      4.576032014046971,
      3.31020719416336,
      9.274050709942752,
      5.2484686794359625,
      4.701736856881796,
      7.038722167918481,
      2.788434828801053,
      3.697398027138927,
      6.922246634472376,
      5.7798110807257475,
      6.439867147413707,
      2.6174535352942443,
      4.079602849885802,
      5.0076090196646525,
      4.34344037078848,
      5.644290042936882,
      6.17083646583516,
      5.664529696709829,
      5.311121843778389,
      5.435121712449523,
      3.6154922268049594,
      6.129998035568971,
      4.879667311448148,
      5.993440250678844,
      5.432336188279666
    ],
    "MBRE": [
      0.07000822736813232,
      0.06973646152038758,
      0.04859874901292636,
      0.06517513650820185,
      0.09317168102982641,
      0.05410837964561673,
      0.0382743866692873,
      0.13139871002068906,
      0.06816391295597467,
      0.048293912894055074,
      0.07712391242195786,
      0.032575389047028024,
      0.04493930912647654,
      0.07516228169877208,
      0.06355693665387332,
      0.06680351556342466,
      0.03316345103861076,
      0.0439378082570463,
      0.06140794566586986,
      0.04422901494849438,
      0.07508397882765848,
      0.10163549668196353,
      0.07735637165255146,
      0.062423852403916465,
      0.0922375682236061,
      0.04475331339990702,
      0.07437845444759666,
      0.0580045243640709,
      0.0733449027446676,
      0.05864901689119027
    ],
    "MIBRE": [
      0.04487748474688512,
      0.05570321561618065,
      0.03908158248951539,
      0.04742316677109116,
      0.06690358104933088,
      0.04306430472904066,
      0.02988638197323056,
      0.0810931718882124,
      0.0507414709846205,
      0.034478030952305186,
      0.0577039528086111,
      0.02711271906910706,
      0.03501252066105921,
      0.05511876638713442,
      0.04694894220009297,
      0.048402595023498196,
      0.02591014888028685,
      0.035587530192125696,
      0.04819136934671971,
      0.03575916664391663,
      0.0545979197358508,
      0.05981768416064054,
      0.05370307806633693,
      0.04973841102944607,
      0.05414231996516939,
      0.03524483319585749,
      0.052055816832481026,
      0.04524801380415028,
      0.05460678663346706,
      0.04402252922778878
    ]
  },
  "Mean_MAE": 0.1005823062070184,
  "Mean_MRE": 5.32647301173399,
  "Mean_MBRE": 0.06492322005612598,
  "Mean_MIBRE": 0.047072583168805075,
  "Median_MAE": 0.09920659068400803,
  "Median_MRE": 5.371729016029027,
  "Median_MBRE": 0.0643660365810376,
  "Median_MIBRE": 0.047807268058905436,
  "Runs": [
    {},
    {},
    {},
    {},
    {},
    {},
    {},
    {},
    {},
    {},
    {},
    {},
    {},
    {},
    {},
    {},
    {},
    {},
    {},
    {},
    {},
    {},
    {},
    {},
    {},
    {},
    {},
    {},
    {},
    {}
  ]
}