{
  "Metrics": {
    "MAE": [
      8.820607562861122,
      6.574579157823649,
      4.6670984235600885,
      8.199899095715349,
      3.6279654657434293,
      6.623076788709772,
      6.598033385686047,
      6.283504293646093,
      7.181350453976042,
      5.849826844818258,
      7.924592838815276,
      7.930230698007867,
      8.25339649952961,
      8.237334610347713,
      7.7280784557235505,
      7.045265750341797,
      7.334872417588478,
      8.969454679118865,
      8.854636639238244,
      5.564382426657475,
      8.952204122887636,
      6.457165867465396,
      6.604643770970239,
      8.520765992923982,
      8.241275395368223,
      6.5359011884257505,
      5.384316983634281,
      8.065982225485753,
      4.731354681093558,
      3.4598554435295683
    ],
    "MRE": [
      669.3002716727059,
      267.8706752401083,
      83.99936755553558,
      526.1772550664548,
      56.48272430803242,
      349.33008292261445,
      430.03666655825396,
      344.0069900858,
      360.94587147100765,
      289.1915476176862,
      504.6338812181677,
      487.0182427762531,
      555.088815425677,
      546.2257569191939,
      414.2611909977072,
      317.02345774373,
      387.71133246918896,
      579.6090966057843,
      607.5083913556107,
      271.4089889030855,
      621.0224252833502,
      283.50959854696873,
      327.5302054942702,
      528.2410052414886,
      430.2195141608279,
      274.93418632978455,
      268.16074888955603,
      542.9301163538506,
      79.24268614827275,
      71.63984808970922
    ],
    "MBRE": [
      6.96733792518847,
      3.095742572008675,
      0.9728111607297376,
      5.44379372320219,
      0.6658441838032332,
      3.7706126427258555,
      4.377104949098303,
      3.591545240649007,
      4.001188913070576,
      3.0658577434111773,
      5.764600875226111,
      5.22747401092812,
      5.921210627718562,
      5.800560147600338,
      4.87923574204416,
      3.805155565239058,
      4.282773446209578,
      6.498452612156955,
      6.55859496285177,
      2.8628512629484,
      6.989772355238661,
      3.2424343121264063,
      3.628805775350176,
      6.394159111907643,
      5.28086211890243,
      3.204339030315673,
      2.8391520292289636,
      5.62803091754749,
      0.9651046976006707,
      0.7645358538498396
    ],
    "MIBRE": [
      0.6920402090082958,
      0.6370300518283338,
      0.38704490543328984,
      0.6400895068145687,
      0.30726225546895597,
      0.618418930183267,
      0.5849391052850781,
      0.6012202539471394,
      0.6363262272547721,
      0.5402957137257808,
      0.647771089260722,
      0.660771094952063,
      0.6780314508904087,
      0.6465992535845676,
      0.660446456368509,
      0.6017729045073307,
      0.623324590836294,
      0.7134073826253623,
      0.7002393451997808,
      0.5613909871488743,
      0.6812456852783241,
      0.5941079457412852,
      0.5702214065540465,
      0.6750268615305514,
      0.7003282897079064,
      0.5861723469188522,
      0.5620769295995652,
      0.659125557714934,
      0.40377604814502965,
      0.3506382385526841
    ]
  },
  "Mean_MAE": 6.974055071989771,
  "Mean_MRE": 382.50869804835594,
  "Mean_MBRE": 4.216331483629275,
  "Mean_MIBRE": 0.5973713674688858,
  "Median_MAE": 7.1133081021589195,
  "Median_MRE": 374.3286019700983,
  "Median_MBRE": 4.1419811796400765,
  "Median_MIBRE": 0.6298254090455331,
  "Runs": [
    {},
    {},
    {},
    {},
    {},
    {},
    {},
    {},
    {},
    {},
    {},
    {},
    {},
    {},
    {},
    {},
    {},
    {},
    {},
    {},
    {},
    {},
    {},
    {},
    {},
    {},
    {},
    {},
    {},
    {}
  ]
}