{
  "Metrics": {
    "MAE": [
      3.395800325238559,
      3.5677733219682337,
      3.4873738329643897,
      3.8347382617007684,
      4.139534146681539,
      3.8545700725110583,
      3.6727204873383754,
      3.888010998332579,
      4.008642677355621,
      3.736896009814876,
      4.027488544467468,
      4.016489499015666,
      3.461465343367531,
      4.059246048170247,
      3.7223018457595525,
      4.670051284924668,
      3.8379403229823836,
      3.525569917003731,
      3.4264080242412143,
      3.729077832767976,
      3.5821375189817957,
      4.034961466572648,
      3.3838671061733745,
      3.88894686879713,
      4.119349498371623,
      3.6722564945146012,
      4.3607217316136095,
      3.5274496616905924,
      3.609239063396744,
      3.4849260689927113
    ],
    "MRE": [
      189.3637464883405,
      153.89878466529822,
      208.04330387267362,
      206.63250607850276,
      222.2527076961975,
      182.471610457685,
      215.62754022750948,
      251.0335389936599,
      178.84603151037643,
      194.32259051557875,
      195.45547499531366,
      184.74547547854496,
      179.771554827321,
      216.96155147743394,
      157.07398027717855,
      212.94608189938432,
      172.76573080663456,
      158.7590924369889,
      187.12574802379268,
      202.88753902793619,
      171.90142692729762,
      206.99455777542423,
      186.70673525118517,
      175.33179350412956,
      153.274148173767,
      153.48326170256547,
      230.9767093911553,
      218.26938365583075,
      186.18815211913486,
      174.2980902383674
    ],
    "MBRE": [
      1.6607530952494283,
      1.3364364474046515,
      1.7414783797852453,
      24.466800239233237,
      1.623709523503086,
      1.382866532545048,
      1.819073846570775,
      2.2518959782874024,
      1.2993152944338144,
      1.5806631490522192,
      1.7873121203595264,
      1.6563602545265868,
      1.6314506874728503,
      1.7069768550769382,
      1.0296702361069066,
      2.0257506811643213,
      1.3886080547200093,
      0.8867753611161985,
      1.2827472534090067,
      1.5256634776344133,
      1.3181092705437645,
      1.6212069304401957,
      0.7983593715090379,
      0.7945162096119698,
      0.9166418849409568,
      1.2294011737715795,
      2.2598218737727724,
      1.8475733808628847,
      1.3652311128212469,
      1.3038223188532494
    ],
    "MIBRE": [
      0.6481597934817979,
      0.5510074990541107,
      0.7585873634067052,
      0.544067926685579,
      0.5706748454876581,
      0.6982074166891984,
      0.7741947288226683,
      0.7856693313156686,
      0.7189308271195011,
      0.6431018844791714,
      0.5588086718832446,
      0.5987849501090353,
      0.6053661421587508,
      0.7442211254212134,
      0.6530461165501288,
      0.5984389829152954,
      0.6507357235859109,
      0.7706458716916477,
      0.7809953246849535,
      0.7084749355828593,
      0.6230792715962454,
      0.7460095279868195,
      1.1369956654385016,
      0.7228386532850654,
      0.6844224400330247,
      0.6008851644807441,
      0.6140745858598567,
      0.6657713495590306,
      0.7096239773086622,
      0.6689019687462026
    ]
  },
  "Mean_MAE": 3.790865142523709,
  "Mean_MRE": 190.94696161650694,
  "Mean_MBRE": 2.2512996998259776,
  "Mean_MIBRE": 0.684490735513975,
  "Median_MAE": 3.7329869212914257,
  "Median_MRE": 186.91624163748892,
  "Median_MBRE": 1.5531633133433163,
  "Median_MIBRE": 0.6673366591526166,
  "Runs": [
    {},
    {},
    {},
    {},
    {},
    {},
    {},
    {},
    {},
    {},
    {},
    {},
    {},
    {},
    {},
    {},
    {},
    {},
    {},
    {},
    {},
    {},
    {},
    {},
    {},
    {},
    {},
    {},
    {},
    {}
  ]
}