{
  "Metrics": {
    "MAE": [
      6.404706666518285,
      7.507694564635841,
      6.825951290406633,
      6.395304788969329,
      6.482752536485086,
      5.498941794031937,
      6.070925131311296,
      5.880965948620809,
      5.9252195896791,
      6.255821960840694,
      6.482389924293015,
      6.118247439134345,
      5.952779646086997,
      5.770886742875171,
      6.571444386172848,
      5.655143059584581,
      6.903664473588346,
      6.4703227147694555,
      6.904103938582693,
      7.022005282137847,
      5.417383998135134,
      7.3613005215563385,
      6.798498932631819,
      5.913300586361753,
      6.627233072611316,
      5.60107143293445,
      5.13379255059146,
      7.185960359170439,
      6.530513380940878,
      6.860170125055029
    ],
    "MRE": [
      317.1150232740911,
      239.4278526616173,
      320.5127637100925,
      231.90823951168827,
      261.91695740338776,
      248.91991471332474,
      225.06443709238107,
      244.0292897776973,
      166.88638847162784,
      245.29819843859278,
      265.54998736354986,
      232.95873324826655,
      245.85743122916185,
      131.2922082274676,
      199.8237335583524,
      177.3366466043422,
      217.12726661938726,
      189.03214153522507,
      206.56106516868368,
      313.13833792972895,
      257.85421866773805,
      288.32454333167965,
      215.70710551268158,
      168.92201981053717,
      130.9291366839589,
      104.19416925142701,
      195.40905762392632,
      322.5605172176531,
      200.91075376570853,
      262.1806981216416
    ],
    "MBRE": [
      3.3377443590319547,
      4.072177999288333,
      3.5615707996917716,
      3.1341700096678116,
      3.1143761708435895,
      2.6811973775473112,
      2.6088536096110366,
      2.6485288923420223,
      2.0762744572275604,
      2.8230717998498314,
      3.079986074711946,
      2.6626252237450663,
      2.7494297781777806,
      1.7543136487856827,
      2.7574262894530497,
      2.276550175117347,
      2.996210102829616,
      2.6455998681372064,
      3.0436211658573695,
      3.5538800507494126,
      2.7502674020515596,
      3.8496522403485223,
      2.932345181830775,
      2.148533527893357,
      2.643289452561594,
      1.5303698095151064,
      2.1473419021752798,
      4.0429094820836005,
      2.773237196541529,
      3.4646096551600847
    ],
    "MIBRE": [
      0.6023676094229765,
      0.6862567721798628,
      0.6300668217928673,
      0.5931018657100751,
      0.6043343909858225,
      0.578534864205636,
      0.5849375742570176,
      0.5882835264065044,
      0.5684828356643385,
      0.6148339870084661,
      0.6141347795044226,
      0.5981872340377323,
      0.585530979387426,
      0.5154935352233548,
      0.6300959372291839,
      0.550427870218832,
      0.6041936780418089,
      0.5935538682807353,
      0.6219774089776875,
      0.6621887286961158,
      0.5612767628846905,
      0.6601649401631902,
      0.6315132046138233,
      0.5740526781766615,
      0.5706048820960231,
      0.493096673312361,
      0.5227919641538274,
      0.6406929473605111,
      0.5970782991420194,
      0.6124492824445565
    ]
  },
  "Mean_MAE": 6.350949894623765,
  "Mean_MRE": 227.5582945508539,
  "Mean_MBRE": 2.8620054567609037,
  "Mean_MIBRE": 0.5963568633859511,
  "Median_MAE": 6.43751469064387,
  "Median_MRE": 232.4334863799774,
  "Median_MBRE": 2.7653317429972892,
  "Median_MIBRE": 0.5976327665898759,
  "Runs": [
    {},
    {},
    {},
    {},
    {},
    {},
    {},
    {},
    {},
    {},
    {},
    {},
    {},
    {},
    {},
    {},
    {},
    {},
    {},
    {},
    {},
    {},
    {},
    {},
    {},
    {},
    {},
    {},
    {},
    {}
  ]
}