{
  "Metrics": {
    "MAE": [
      166553.0734906364,
      125346.46701320168,
      150381.05585531282,
      163672.7842941175,
      99613.50349026526,
      126807.01638537619,
      116043.03016576059,
      113207.42532537744,
      123132.45246923882,
      153949.96555221616,
      110766.84265853108,
      124559.34150122607,
      116343.7820831121,
      169411.03686795355,
      114449.2215585615,
      166058.8687533262,
      142899.3460155276,
      106635.56339272292,
      175223.08483637453,
      110143.26466361905,
      135096.26870772554,
      97235.74836909752,
      133238.76738923622,
      142425.86273173825,
      145839.1748143995,
      129708.87106390286,
      163244.2458725483,
      144166.11437199567,
      146076.77005627975,
      127838.30202044312
    ],
    "MRE": [
      523.0142430617424,
      340.2971102058557,
      408.0066776843739,
      458.0476545665551,
      188.9375078284063,
      317.1275424363186,
      312.11524407537587,
      279.0101417224969,
      361.130995676931,
      411.13610837428826,
      215.7821642260017,
      284.950336468857,
      320.3085039888199,
      479.3331058386152,
      288.34069624529593,
      485.77584440949056,
      351.19773852555653,
      268.19220764282494,
      500.72927493039714,
      280.6399394826135,
      387.89956460888254,
      217.63133496411683,
      387.2170199685379,
      366.1775412277206,
      402.16019204319696,
      303.7026885188797,
      492.6079601457939,
      333.1635555355321,
      400.47088273314495,
      283.7022795368766
    ],
    "MBRE": [
      5.476206659631581,
      3.4878634413985936,
      4.309011796039439,
      5.014253388582137,
      1.9952623733156467,
      3.3821568180493085,
      3.2255002362143173,
      2.8950364250864506,
      3.69511138099203,
      4.372581403714174,
      2.314176890222945,
      3.072106849174855,
      3.2772754935451176,
      5.199978123008993,
      2.985981883706616,
      5.252923623798372,
      3.8313409280697996,
      2.828708601997115,
      5.342377387086757,
      2.906860809637013,
      4.021872966644074,
      2.246449817113121,
      3.9649423955967804,
      3.8923573316319673,
      4.234016306259363,
      3.267261276654599,
      5.17809410179345,
      3.6678496103713076,
      4.181183738372767,
      3.0939402680249857
    ],
    "MIBRE": [
      0.7310585759899082,
      0.6823343826231791,
      0.7127082531917872,
      0.7313016492279366,
      0.5646018633627317,
      0.6323746680219074,
      0.6460344083674486,
      0.6326207916922246,
      0.672278635413661,
      0.7238784053031292,
      0.592300233120098,
      0.6563854211127236,
      0.635357262326914,
      0.7395409127940626,
      0.6385182490151151,
      0.7038673530362601,
      0.6935060117488663,
      0.599588558830862,
      0.7448403594148664,
      0.6348510507660827,
      0.6733987453488208,
      0.5785064227715666,
      0.6797649403479907,
      0.6896266111917569,
      0.6972786445458755,
      0.6680472145764399,
      0.7290219555050652,
      0.693841149675035,
      0.7174329774653312,
      0.6543804208310382
    ]
  },
  "Mean_MAE": 134668.90839232746,
  "Mean_MRE": 354.9602018891165,
  "Mean_MBRE": 3.7537560775244554,
  "Mean_MIBRE": 0.6716415375872895,
  "Median_MAE": 131473.81922656955,
  "Median_MRE": 345.74742436570614,
  "Median_MBRE": 3.6814804956816687,
  "Median_MIBRE": 0.6765818428484058,
  "Runs": [
    {},
    {},
    {},
    {},
    {},
    {},
    {},
    {},
    {},
    {},
    {},
    {},
    {},
    {},
    {},
    {},
    {},
    {},
    {},
    {},
    {},
    {},
    {},
    {},
    {},
    {},
    {},
    {},
    {},
    {}
  ]
}