{
  "Metrics": {
    "MAE": [
      142494.59119994094,
      117281.23168232526,
      115768.90316247096,
      89038.79118401048,
      129693.69406691332,
      70696.8348222851,
      118526.329335788,
      82234.3997870784,
      80746.26039455958,
      84621.61845487272,
      72854.2536136384,
      107202.33882336445,
      87984.83530716244,
      94249.32329054216,
      76155.6827645063,
      76145.38768900972,
      123409.27534543976,
      94620.02834678782,
      77843.11665597411,
      106292.96607739168,
      123276.99371576606,
      128741.03219613974,
      92998.1911484904,
      77176.77608826346,
      90284.4405991692,
      107382.31920497821,
      90925.2047463742,
      96392.35038129089,
      98987.41490683364,
      82779.8606580546
    ],
    "MRE": [
      438.2272707762036,
      310.74015395472713,
      255.25152226436637,
      193.00338214311634,
      334.09793346311295,
      121.72540045163854,
      322.947182086186,
      144.42008855363267,
      245.5597031363743,
      180.66924100399655,
      101.86514064915826,
      216.62709146213763,
      188.5911133697673,
      184.15601953922152,
      130.46470692003055,
      165.201066676472,
      322.9582154653943,
      248.64690310066155,
      168.52451493217012,
      255.4563934332354,
      396.0348872319118,
      343.8378215537314,
      161.06010018959952,
      126.8830528534254,
      223.9848990158836,
      229.0818407696275,
      212.47655002722024,
      273.340481237034,
      234.22659457282634,
      142.797975522108
    ],
    "MBRE": [
      4.549160651040727,
      3.166001344866862,
      2.663565173544784,
      1.9936682885522439,
      3.538301971006251,
      1.3491306900947873,
      3.3484478131657465,
      1.5159685658624726,
      2.5023791048321717,
      1.8484861477606436,
      1.0609739656893322,
      2.278562518812803,
      1.9204866005046106,
      1.9242573319279528,
      1.3768162981845231,
      1.7058943095544497,
      3.442286423462176,
      2.5888299785345716,
      1.7390304409375252,
      2.637910676949356,
      4.030586147907133,
      3.586535679187979,
      1.696737353861669,
      1.337704408430575,
      2.311416486980794,
      2.4110965501517203,
      2.1853470132527697,
      2.812491624273357,
      2.4224105725867293,
      1.483201456638739
    ],
    "MIBRE": [
      0.6281452562486015,
      0.5764761617370757,
      0.6287021126378864,
      0.49201817905541745,
      0.6179119356064732,
      0.4352332230105145,
      0.6120035595252753,
      0.4834102711247315,
      0.4932819615073123,
      0.44474932330186245,
      0.38062272581680967,
      0.5595990059627444,
      0.4785441826766794,
      0.49195335076321356,
      0.4116651498128452,
      0.46602215504853195,
      0.5893391917160822,
      0.5271059982475815,
      0.4468044245172928,
      0.5237313371374966,
      0.603159627416215,
      0.6135967144229693,
      0.4808708464668609,
      0.44689947263065155,
      0.5085978479323375,
      0.5233950464228979,
      0.5136303946572588,
      0.5546358615290641,
      0.4750395629657826,
      0.4322514903992607
    ]
  },
  "Mean_MAE": 97893.48152164742,
  "Mean_MRE": 229.09524154516566,
  "Mean_MBRE": 2.3809228529518487,
  "Mean_MIBRE": 0.514646545676591,
  "Median_MAE": 93623.75721951628,
  "Median_MRE": 220.3059952390106,
  "Median_MBRE": 2.294989502896798,
  "Median_MIBRE": 0.5009399047198249,
  "Runs": [
    {},
    {},
    {},
    {},
    {},
    {},
    {},
    {},
    {},
    {},
    {},
    {},
    {},
    {},
    {},
    {},
    {},
    {},
    {},
    {},
    {},
    {},
    {},
    {},
    {},
    {},
    {},
    {},
    {},
    {}
  ]
}