{
  "Metrics": {
    "MAE": [
      164784.80279610123,
      101210.33999063408,
      152507.77436850016,
      164802.3552419321,
      75923.28666896647,
      124642.26958904084,
      108335.17247227041,
      116121.52115887987,
      115304.54294547476,
      157291.39477384294,
      106141.93794479861,
      110259.56428688283,
      98599.33760988149,
      167899.79321652467,
      103315.66346693346,
      150371.165079154,
      154550.1249741102,
      115933.4566751532,
      162088.0458137214,
      93395.9020579797,
      127010.02945183065,
      79782.67217027141,
      129668.64295718489,
      141111.41216698432,
      144848.32065534807,
      126119.43088215707,
      154559.21088030172,
      138347.82012014222,
      157396.76315722472,
      124919.76438512873
    ],
    "MRE": [
      516.8543394775176,
      165.6623794315609,
      383.6637350865745,
      454.35441588915444,
      92.2478438079218,
      240.90241922291057,
      205.48149049109364,
      205.74627795468427,
      246.91880801331146,
      386.31251298054804,
      134.0052706936869,
      151.52290620295165,
      169.1938460569943,
      457.53540913227494,
      128.90683034353847,
      391.0900444811555,
      370.48044990134616,
      189.34563500375182,
      403.8391656029393,
      97.01466141733059,
      305.4063799912727,
      130.19943391012393,
      282.52650235562055,
      314.43987862749043,
      353.6257008869917,
      234.80135942707244,
      438.6978581106973,
      280.68646291931276,
      388.89997119257373,
      212.25164313977524
    ],
    "MBRE": [
      5.470767221968419,
      1.8624448716151898,
      4.163006263240411,
      5.029623849078979,
      1.0452092799006656,
      2.888824258003055,
      2.3056472835900994,
      2.333255804188583,
      2.6694885271401168,
      4.257515244793003,
      1.6747481365919368,
      1.9320191874223553,
      1.8528501828094974,
      5.035865432730141,
      1.5595812779968368,
      4.385816596938081,
      4.255803996628655,
      2.3452420323969316,
      4.397770884436916,
      1.2307190196501507,
      3.3709518944009416,
      1.4459593506451849,
      3.066412536738024,
      3.5364612278180836,
      3.9244971972164255,
      2.771214462496468,
      4.6630081437332525,
      3.170725781452729,
      4.23452277158108,
      2.5690022262963486
    ],
    "MIBRE": [
      0.6684633222682188,
      0.5396860421280988,
      0.7067844894002487,
      0.7284714878576367,
      0.4327480765915176,
      0.596447157708592,
      0.5167578709450451,
      0.5943544321222977,
      0.6069043261786056,
      0.7219869192922951,
      0.4844746876618736,
      0.5411824393350608,
      0.5378247307894334,
      0.7249244453506853,
      0.4978950443983866,
      0.6479606541706364,
      0.707561041777485,
      0.5522760605337544,
      0.6264935306382824,
      0.47347381125421406,
      0.5781248570882341,
      0.43720075318418444,
      0.6162535745145651,
      0.656308459696931,
      0.6517482985846894,
      0.6140068451917889,
      0.6721005001045475,
      0.5697968109145258,
      0.6333306169320385,
      0.5920800400284252
    ]
  },
  "Mean_MAE": 128908.08393191191,
  "Mean_MRE": 277.7537877250725,
  "Mean_MBRE": 3.1149651647832854,
  "Mean_MIBRE": 0.5975873775547432,
  "Median_MAE": 126564.73016699386,
  "Median_MRE": 263.8026354663121,
  "Median_MBRE": 2.9776183973705397,
  "Median_MIBRE": 0.6016757419435987,
  "Runs": [
    {},
    {},
    {},
    {},
    {},
    {},
    {},
    {},
    {},
    {},
    {},
    {},
    {},
    {},
    {},
    {},
    {},
    {},
    {},
    {},
    {},
    {},
    {},
    {},
    {},
    {},
    {},
    {},
    {},
    {}
  ]
}