{
  "Metrics": {
    "MAE": [
      150900.29191582568,
      112713.59825606582,
      130088.91065661261,
      143934.8055149323,
      150205.4780458345,
      113514.30279226445,
      173642.81448361624,
      112249.68211009269,
      87883.79522624577,
      86478.11291012415,
      130667.91879537016,
      123840.22814263744,
      130587.4997333548,
      112935.48915322358,
      116062.18774049441,
      121168.03491669975,
      142296.09580008133,
      137419.14161265455,
      130646.28887529396,
      158726.85378065612,
      157819.1152769744,
      145953.27438486443,
      141316.94384873298,
      78051.1725699127,
      110985.06641719265,
      131625.55854439744,
      100638.79141096282,
      128834.305071331,
      103411.12321341042,
      138477.2947449572
    ],
    "MRE": [
      437.418935474364,
      199.51646504106307,
      262.93481328097073,
      312.0638866836715,
      328.2376562851779,
      190.28291125775723,
      529.8506783950653,
      190.5222974961906,
      203.11633770595736,
      111.66209605033907,
      216.87392769930085,
      236.61866562330096,
      301.7987082220336,
      197.0275348295007,
      228.81146396149745,
      220.16578473141425,
      331.8224544816684,
      303.9971490375485,
      247.98196846168855,
      408.1812650090702,
      402.2182036405561,
      357.1090079300493,
      403.30892100459994,
      126.08479951632488,
      167.10868416293786,
      253.14154092100551,
      162.3875795565256,
      251.1875649375297,
      201.75651390961207,
      335.29365853123625
    ],
    "MBRE": [
      4.683946797568375,
      2.1727205616362575,
      2.9940678782210415,
      3.5173788807040154,
      3.7863276259575294,
      2.2016679181953247,
      5.745867277265299,
      2.2557968354201448,
      2.157376411129258,
      1.254016263527185,
      2.787958748620731,
      2.708770899850317,
      3.2367394272664525,
      2.2320543406678213,
      2.596676425066062,
      2.623736076597179,
      3.814318762292836,
      3.5017020857980743,
      2.6882995744687888,
      4.5699519030999065,
      4.404655501143944,
      3.842876922350068,
      4.268899215417239,
      1.4667119121237648,
      1.9930698649140992,
      3.0279615464152143,
      1.8554685127820438,
      2.9857097699751454,
      2.2212089701660394,
      3.7647850285369437
    ],
    "MIBRE": [
      0.6594384686943245,
      0.5239550676808764,
      0.6367083623382741,
      0.6073864547620428,
      0.6819411715348263,
      0.5613205548496177,
      0.7214338901993169,
      0.47087522231283035,
      0.5484098793960361,
      0.44544790124511596,
      0.6297152229840813,
      0.5897955071528603,
      0.587010639876356,
      0.5467802153139854,
      0.5721138796335219,
      0.5895717970241511,
      0.6718280676295642,
      0.6372927220964411,
      0.5780129445471345,
      0.6940000096484535,
      0.6936062018843281,
      0.5877099749539421,
      0.6354614295201317,
      0.45976234010639183,
      0.49602042469421714,
      0.6381536494399922,
      0.4869797234551019,
      0.5999612975843613,
      0.5470902316792298,
      0.59645444828804
    ]
  },
  "Mean_MAE": 126769.13919816053,
  "Mean_MRE": 270.6160491279319,
  "Mean_MBRE": 3.045357397905904,
  "Mean_MIBRE": 0.5898079233508516,
  "Median_MAE": 130338.2051949837,
  "Median_MRE": 249.58476669960913,
  "Median_MBRE": 2.886834259297938,
  "Median_MIBRE": 0.5896836520885057,
  "Runs": [
    {},
    {},
    {},
    {},
    {},
    {},
    {},
    {},
    {},
    {},
    {},
    {},
    {},
    {},
    {},
    {},
    {},
    {},
    {},
    {},
    {},
    {},
    {},
    {},
    {},
    {},
    {},
    {},
    {},
    {}
  ]
}