{
  "Metrics": {
    "MAE": [
      122908.12292637263,
      122579.00723653196,
      123379.29060253172,
      124626.52464725172,
      125914.40894391527,
      125331.25885218829,
      124125.33050126127,
      125142.99186497004,
      122653.97882681413,
      124032.86083687186,
      126138.1554062898,
      125024.58476930205,
      123330.96450454107,
      124324.487238476,
      123561.97510535087,
      123640.67431422324,
      125378.47306232346,
      124615.52667534922,
      122869.89085688994,
      124180.80305773253,
      123868.90710603667,
      122603.81425174016,
      122758.0063166475,
      124839.8653525701,
      124266.28843456758,
      125003.33712781966,
      122942.5369955543,
      125079.62924000833,
      124142.57509847276,
      126048.87679791219
    ],
    "MRE": [
      63.85929895166043,
      69.36917228468648,
      57.801352520096806,
      66.15281054695113,
      63.79046112266048,
      66.49847173980758,
      62.673605202891835,
      66.45486541080655,
      66.88373813700024,
      65.72187255389389,
      63.14307798925398,
      64.79475663343088,
      66.80571882813973,
      63.78429617698315,
      58.597211121155254,
      64.24421931107098,
      66.93161088078358,
      62.463848644684425,
      68.93973147356878,
      61.467039517353214,
      67.21034193650456,
      65.29424361862941,
      67.219540280623,
      66.05713227449557,
      63.24524058043441,
      59.67093898944618,
      67.566738573177,
      61.00066775687242,
      71.9664780467953,
      61.527817030283835
    ],
    "MBRE": [
      5.055197493131392,
      4.600980043291143,
      5.2551113320687834,
      5.148310475414033,
      5.145303697866415,
      5.1189931267922875,
      5.236717831654056,
      5.1381567287601095,
      4.810434237539353,
      5.070262739874417,
      5.244494171458622,
      5.070660158146783,
      5.006478076689241,
      5.170018508784333,
      5.075001000446319,
      5.099020371500912,
      5.052219745499735,
      4.8375705369408095,
      4.751983787334826,
      5.179107754385891,
      4.988612213398502,
      4.593529221245677,
      4.808704162827579,
      5.121849684822972,
      5.338624678537804,
      5.399190605605474,
      4.8411435809950545,
      5.289354165906972,
      4.746200104675848,
      5.5371285654880635
    ],
    "MIBRE": [
      0.4810721903176799,
      0.49194155852413485,
      0.4656776421744358,
      0.48834325436959575,
      0.4833136178703597,
      0.48999060192514743,
      0.482782269221244,
      0.4912113854873283,
      0.4830654438949192,
      0.48625416643367786,
      0.48349866747017534,
      0.4838138386271824,
      0.4896910785435454,
      0.4831477718505598,
      0.46889359929028585,
      0.48270715544095943,
      0.48773729882132755,
      0.47835529468757954,
      0.4885789001978105,
      0.4778057032805864,
      0.4905484876409406,
      0.48025762897765323,
      0.48707562722247993,
      0.4890476148359511,
      0.4849676369353929,
      0.47250773573350224,
      0.4882818466418112,
      0.4777623964575391,
      0.497836697826831,
      0.48406513258257855
    ]
  },
  "Mean_MAE": 124177.10489835055,
  "Mean_MRE": 64.70454327113804,
  "Mean_MBRE": 5.057678626702781,
  "Mean_MIBRE": 0.4840077414427738,
  "Median_MAE": 124161.68907810264,
  "Median_MRE": 65.04450012603014,
  "Median_MBRE": 5.087010685973615,
  "Median_MIBRE": 0.4839394856048805,
  "Runs": [
    {},
    {},
    {},
    {},
    {},
    {},
    {},
    {},
    {},
    {},
    {},
    {},
    {},
    {},
    {},
    {},
    {},
    {},
    {},
    {},
    {},
    {},
    {},
    {},
    {},
    {},
    {},
    {},
    {},
    {}
  ]
}