{
  "Metrics": {
    "MAE": [
      122513.85212166642,
      122139.98839607871,
      123363.8598031447,
      123897.05499528431,
      125461.54532484629,
      124598.48619728845,
      123536.36883443093,
      124391.08621018127,
      122841.4466529832,
      123397.01702007557,
      125685.76097743266,
      124610.59287962559,
      122571.30087412047,
      123820.26916804188,
      123646.87285272115,
      123190.55061907487,
      124942.14015123254,
      124732.99924768541,
      122491.23407450033,
      123915.36737636798,
      123163.65046601184,
      122763.08560947354,
      122391.23205498289,
      124241.81651833575,
      123524.56646240491,
      124622.06753366621,
      122485.61262809199,
      124749.30204675421,
      123606.66400000679,
      125309.78845632162
    ],
    "MRE": [
      63.56776970082966,
      64.58919676960181,
      57.75298385023165,
      61.181734734113434,
      62.547516704842444,
      62.92818757777581,
      58.81669311131134,
      58.05361579957818,
      75.4903934544586,
      61.5683583653572,
      62.22935607066232,
      61.920464915403905,
      65.9518975174425,
      64.10642598462313,
      62.330934261895486,
      57.53266053932029,
      67.93048721132105,
      64.76942212295549,
      67.23817969358251,
      56.599008894626934,
      62.93428491988398,
      68.11764044326249,
      65.26470773073511,
      56.93993936466578,
      58.71125224130361,
      58.3305797610715,
      65.05455679581543,
      58.47249688428941,
      69.51223730070785,
      57.84410609785273
    ],
    "MBRE": [
      4.770421097476828,
      4.693658395001248,
      5.216074411065526,
      5.002771057490984,
      4.983533355398872,
      4.9220503122088965,
      5.123295452760363,
      5.267575461281141,
      4.284061589715342,
      4.934715753762254,
      5.0724153597301225,
      4.991420526839434,
      4.633765498585995,
      4.827040422882089,
      4.932460439724758,
      5.220032519893531,
      4.6913587445415486,
      4.85988774903203,
      4.603673808219354,
      5.325088247347364,
      4.860925349873937,
      4.575514813557071,
      4.704628575100164,
      5.315490378026435,
      5.134676883127112,
      5.215416126143586,
      4.70158329453604,
      5.247414160555121,
      4.588902748875841,
      5.298284554587685
    ],
    "MIBRE": [
      0.4786184843996774,
      0.4791566134181677,
      0.4669417813853514,
      0.47338462558085664,
      0.47694759237807816,
      0.4775084146080069,
      0.4692637333322665,
      0.4679104405666461,
      0.501819626721475,
      0.4737593061458466,
      0.47685578777558607,
      0.47514627335593385,
      0.48218855155844437,
      0.4799765143536317,
      0.4769329777119943,
      0.46576509782618375,
      0.48721531817275054,
      0.482317637572737,
      0.4844172687379462,
      0.46458550328328757,
      0.47667841635503505,
      0.48646750386729126,
      0.4811651131038943,
      0.46655176074933885,
      0.46879154775168697,
      0.46749740931239137,
      0.4810039342925153,
      0.46957509346156945,
      0.489942872696507,
      0.4683616585733874
    ]
  },
  "Mean_MAE": 123753.51931842775,
  "Mean_MRE": 62.60956962731739,
  "Mean_MBRE": 4.93327123624469,
  "Mean_MIBRE": 0.4765582286349495,
  "Median_MAE": 123626.76842636397,
  "Median_MRE": 62.439225483368965,
  "Median_MBRE": 4.933588096743506,
  "Median_MIBRE": 0.47689438274379015,
  "Runs": [
    {},
    {},
    {},
    {},
    {},
    {},
    {},
    {},
    {},
    {},
    {},
    {},
    {},
    {},
    {},
    {},
    {},
    {},
    {},
    {},
    {},
    {},
    {},
    {},
    {},
    {},
    {},
    {},
    {},
    {}
  ]
}