{
  "Metrics": {
    "MAE": [
      352.7629461900889,
      254.1433050908987,
      220.4148660681083,
      217.77414641631879,
      229.3672463778087,
      314.8353255991969,
      263.3287626761726,
      139.1094370382083,
      291.97591894365877,
      178.48910652688159,
      287.902144285277,
      236.28486643948528,
      266.94938122451634,
      271.38730458450857,
      222.40303905132734,
      318.53927308912387,
      318.38090831618007,
      302.75184387268166,
      230.7051567531779,
      191.93450693840927,
      242.11401193862375,
      336.6821904544069,
      249.26065099933479,
      266.7281814750344,
      291.971984731003,
      222.09065700743935,
      323.4817564568555,
      209.31989148290134,
      306.285114333511,
      257.07209509660566
    ],
    "MRE": [
      90.4072759988274,
      58.3909841441592,
      45.170637697115794,
      49.14911974572461,
      46.91317078766487,
      76.94151632715885,
      58.12101963525874,
      24.396489186664517,
      68.22027715244133,
      33.74679975222901,
      67.88584354034533,
      47.36171065329706,
      51.4295972040402,
      61.15254924268265,
      48.221380423437765,
      64.84439582405882,
      80.8809053066073,
      61.20259165832832,
      50.40435041559456,
      39.38451196846251,
      51.065352143216266,
      76.3260745174983,
      50.15698575793888,
      55.50834158601591,
      71.76137924966038,
      49.895695763101315,
      75.3830726129322,
      45.551207924287915,
      75.15371038181814,
      52.912654038861525
    ],
    "MBRE": [
      0.9441374742419328,
      0.6069333916548658,
      0.4775910500485632,
      0.5075372123275674,
      0.4968855012304383,
      0.8148058150383675,
      0.6125824017545347,
      0.25811488299133634,
      0.7166227626414038,
      0.361924659403119,
      0.7158488400940699,
      0.5082876907940207,
      0.5639208934761478,
      0.6523367255883084,
      0.5016508455740893,
      0.7141836911340883,
      0.84358612448444,
      0.6715086581318196,
      0.5249723585074832,
      0.4075597168481877,
      0.540188322489833,
      0.8165221681912672,
      0.5434299065470416,
      0.6036669191884609,
      0.7465144490927803,
      0.5147772717934878,
      0.7968005763065312,
      0.47127869680434875,
      0.7844304802325308,
      0.5644090599455853
    ],
    "MIBRE": [
      0.41037303382647367,
      0.3161233870867099,
      0.27492669245437695,
      0.2928821973041873,
      0.2791803097294493,
      0.3838290970277276,
      0.32478203121893084,
      0.1820320842330175,
      0.34043552084038475,
      0.22725925782478587,
      0.35513807570223205,
      0.28598087735171634,
      0.3013791876033189,
      0.30820646181103684,
      0.2870339337529171,
      0.34389136734969206,
      0.3644193603271271,
      0.34696867850971297,
      0.29733403584196894,
      0.24695292642282088,
      0.2968126202802614,
      0.39388038729594116,
      0.30080334118485275,
      0.3073470679471597,
      0.35295556993842897,
      0.28564441059158757,
      0.3783009446985317,
      0.27161374289575757,
      0.37776033505474826,
      0.31140177425632565
    ]
  },
  "Mean_MAE": 260.4815339819249,
  "Mean_MRE": 57.59798668798099,
  "Mean_MBRE": 0.6094336182185549,
  "Mean_MIBRE": 0.3148549570120727,
  "Median_MAE": 260.2004288863891,
  "Median_MRE": 54.21049781243872,
  "Median_MBRE": 0.5840379895670231,
  "Median_MIBRE": 0.3077767648790983,
  "Runs": [
    {},
    {},
    {},
    {},
    {},
    {},
    {},
    {},
    {},
    {},
    {},
    {},
    {},
    {},
    {},
    {},
    {},
    {},
    {},
    {},
    {},
    {},
    {},
    {},
    {},
    {},
    {},
    {},
    {},
    {}
  ]
}