{
  "Metrics": {
    "MAE": [
      551.0807323831417,
      527.3957293840962,
      352.18326475948174,
      535.1726442607417,
      502.28102805469473,
      362.7755886300257,
      208.14489431388355,
      377.77923918951456,
      376.82945764659627,
      352.77498046201623,
      567.003716808727,
      330.55829673501876,
      455.9032951413397,
      506.05625997180255,
      510.7154053717688,
      230.50609418673898,
      554.469216520677,
      395.47144512694763,
      547.3667940748329,
      534.3010197297135,
      527.8336902026585,
      365.8390332502099,
      471.69967133524426,
      366.802147970319,
      406.39531672087264,
      526.4836753938754,
      394.8373028759202,
      381.1179152748981,
      532.3823226569632,
      363.75821934641783
    ],
    "MRE": [
      136.6763786392937,
      106.31144221165553,
      70.140338301796,
      132.30718312383652,
      107.97345895423717,
      85.54389963889577,
      41.30349233932854,
      86.68002536601004,
      82.47737147433205,
      82.48852537519778,
      137.16930848515844,
      76.97611520010756,
      79.45491024415973,
      108.79972354439388,
      114.95226399249783,
      53.07754942116698,
      138.79995729603024,
      98.34634641870514,
      140.06906261639486,
      130.55251982132273,
      126.23131135773006,
      81.02051123530146,
      93.05336698588835,
      80.37996919822147,
      113.8962155246642,
      123.14512898677926,
      106.31296278604938,
      95.75257942744894,
      117.86798388196867,
      85.03310691362623
    ],
    "MBRE": [
      1.6135503487954677,
      1.408624780950224,
      0.8365277409836843,
      1.4743869001079932,
      1.3575061369928654,
      0.9142773169744193,
      0.44429242696866295,
      0.9670739467959449,
      0.9386453395647407,
      0.9039178842709026,
      1.6550924263319116,
      0.8485685883829072,
      1.2763071839108169,
      1.4327720313849748,
      1.4768971374200648,
      0.5697015386535018,
      1.5937491252694098,
      1.0644143480332084,
      1.57406344614122,
      1.555716085740815,
      1.407765788915781,
      0.9125936283190926,
      1.3422034861408951,
      0.8945445028786757,
      1.1988573210267823,
      1.4970800815847756,
      1.1174951700872753,
      1.0260752241594744,
      1.5505863834488816,
      0.9361841239733251
    ],
    "MIBRE": [
      0.5298384330305267,
      0.482338356812422,
      0.38236161814570196,
      0.5452670704688588,
      0.4923984265056327,
      0.39609995033510587,
      0.25090951605925405,
      0.4082270209163446,
      0.4080677953756486,
      0.40179533663499084,
      0.538482147605536,
      0.3899697271498853,
      0.42737133714479264,
      0.49157831359409543,
      0.5051917092111781,
      0.30709361938641244,
      0.5200755464396406,
      0.43113590447902606,
      0.5283215726524669,
      0.5191112636977274,
      0.5218594321478691,
      0.3851026723210977,
      0.4604496699007639,
      0.40718482772151304,
      0.44177534486130265,
      0.5125860043524834,
      0.43308374648422804,
      0.4364188266693262,
      0.5136520259397555,
      0.40050043467231716
    ]
  },
  "Mean_MAE": 437.1972799259713,
  "Mean_MRE": 101.09310029207327,
  "Mean_MBRE": 1.1929823481402901,
  "Mean_MIBRE": 0.4489415883571967,
  "Median_MAE": 431.14930593110614,
  "Median_MRE": 102.32889431518034,
  "Median_MBRE": 1.2375822524687996,
  "Median_MIBRE": 0.4390970857653144,
  "Runs": [
    {},
    {},
    {},
    {},
    {},
    {},
    {},
    {},
    {},
    {},
    {},
    {},
    {},
    {},
    {},
    {},
    {},
    {},
    {},
    {},
    {},
    {},
    {},
    {},
    {},
    {},
    {},
    {},
    {},
    {}
  ]
}