{
  "Metrics": {
    "MAE": [
      460.3568809105243,
      416.24931296929697,
      334.0900613080706,
      460.05803276019753,
      449.96146019566487,
      420.6007127602267,
      239.7217829956933,
      368.8165755727052,
      261.33057937863003,
      328.1560512115256,
      481.0191326174978,
      457.79352954904,
      432.0673738381737,
      431.2184653897582,
      509.7218192940186,
      268.79909983255766,
      446.04183615782136,
      315.1815410540613,
      335.39906937167916,
      512.5409836346471,
      418.256528587452,
      423.5683663139271,
      440.03348889749793,
      423.37174455864294,
      456.9392546042232,
      489.42614993472336,
      398.40488103678643,
      378.17036329420716,
      478.7323650762747,
      410.5170633469195
    ],
    "MRE": [
      112.60670859733924,
      98.20225746588687,
      60.80033918077902,
      110.03858556413356,
      97.0355614765211,
      96.98970148462553,
      56.4481926534228,
      82.85925849306281,
      59.253946316435744,
      75.15006422883651,
      119.08898081587695,
      108.10185213793602,
      85.24531517878656,
      97.22639455130304,
      118.52369354225519,
      60.634676112219395,
      111.39129565461232,
      71.45176785578114,
      86.20589894040936,
      116.56318621106338,
      96.03649291055211,
      102.36563656031585,
      94.89851646339129,
      93.70668317473168,
      121.25889544887328,
      116.45317141274134,
      106.94356189647742,
      87.02018897355471,
      114.06222455041821,
      94.85286068685622
    ],
    "MBRE": [
      1.2423637605961293,
      1.0781272037921994,
      0.7339516258999838,
      1.2297472655411252,
      1.1338260955166484,
      1.0796913265476058,
      0.5882375502995109,
      0.9260038190096158,
      0.6254475725481357,
      0.8167401506550034,
      1.326171832767253,
      1.234979084863362,
      1.0877494581611402,
      1.1245823211337969,
      1.4700182768190133,
      0.639225244911185,
      1.218017110504104,
      0.7783548122441563,
      0.9062049796133698,
      1.422650050677348,
      1.0507036542767723,
      1.105755975944204,
      1.1781757744201822,
      1.075440873621976,
      1.3059404418325087,
      1.3140838428225452,
      1.13562122703512,
      0.946408954527579,
      1.3046762330800532,
      1.0650130790492849
    ],
    "MIBRE": [
      0.5087172964830696,
      0.47370113629058264,
      0.35923265754238043,
      0.5058049712179198,
      0.48671875267354,
      0.4726680556390365,
      0.3090569657773492,
      0.4134023455000649,
      0.33009627911407646,
      0.3903262302400245,
      0.5189160167120387,
      0.48773865969247054,
      0.4561933110893601,
      0.46370859902497885,
      0.5160369528608472,
      0.3363729516081058,
      0.488106861708259,
      0.37420636144350855,
      0.4174295950448451,
      0.529122148204685,
      0.4589682154292023,
      0.476506364286204,
      0.45632414500680984,
      0.4701443804042001,
      0.501868703872755,
      0.51775814932682,
      0.457309376592212,
      0.4383312451990495,
      0.5078838121191556,
      0.4548987189311494
    ]
  },
  "Mean_MAE": 408.21815021508144,
  "Mean_MRE": 95.04719695130665,
  "Mean_MBRE": 1.0714636532903639,
  "Mean_MIBRE": 0.4525849753011567,
  "Median_MAE": 423.470055436285,
  "Median_MRE": 97.0126314805733,
  "Median_MBRE": 1.096752717052672,
  "Median_MIBRE": 0.4669264897145895,
  "Runs": [
    {},
    {},
    {},
    {},
    {},
    {},
    {},
    {},
    {},
    {},
    {},
    {},
    {},
    {},
    {},
    {},
    {},
    {},
    {},
    {},
    {},
    {},
    {},
    {},
    {},
    {},
    {},
    {},
    {},
    {}
  ]
}