{
  "Metrics": {
    "MAE": [
      363.8090612449443,
      183.00833508393887,
      145.3346948251828,
      318.0447898622201,
      272.27101171427427,
      351.51456762851916,
      489.27183905224484,
      177.44571496009718,
      453.72587898214175,
      116.0611708760263,
      425.9514701569096,
      227.99293747408623,
      175.47383387375757,
      225.1806119372875,
      225.54100952338894,
      186.71441580587526,
      117.45912599260811,
      302.2125576042306,
      161.04324793303687,
      211.715011957304,
      143.4543253726517,
      201.87604023825963,
      326.04049841078256,
      246.49779798444754,
      202.2637103756208,
      170.52468033125936,
      225.71333913280742,
      308.0064810462107,
      205.39366963127262,
      305.56746232147236
    ],
    "MRE": [
      91.35273018249302,
      33.695864478478335,
      28.504660783525416,
      64.51444082961967,
      52.570727636455125,
      84.25635692917042,
      111.76933988805781,
      26.21936003311359,
      103.14223208568487,
      19.788846771976125,
      96.19152950311967,
      49.20767295427182,
      31.56031694195283,
      46.27427616737541,
      45.36684515162077,
      36.2937176887173,
      22.96472901458342,
      62.17507535396499,
      26.79750685587909,
      41.569132853101024,
      26.566723876074544,
      47.35702189459916,
      65.10878008186933,
      55.7527698213488,
      49.5107126933709,
      30.553657495944602,
      51.39816012306998,
      68.72104873999928,
      56.42822393732045,
      61.798927077320045
    ],
    "MBRE": [
      0.9853518880923247,
      0.3570322471118455,
      0.29721081809942695,
      0.7105295405181257,
      0.5717717895226613,
      0.910949429381173,
      1.2973021112714036,
      0.2867376346174992,
      1.1670178362314987,
      0.2145588866451829,
      1.2040990532907416,
      0.5124998388638268,
      0.35182933874135375,
      0.502402288732507,
      0.4870416416386848,
      0.3825676188903487,
      0.24405513721579677,
      0.6813097215979828,
      0.34842704092327625,
      0.4430084460883002,
      0.2921761126167346,
      0.48894623013851873,
      0.749320651656122,
      0.6055767940259298,
      0.7539601702801931,
      0.32762348064955354,
      0.5397293187444593,
      0.7317091512289888,
      0.5880416144477856,
      0.6825834725449164
    ],
    "MIBRE": [
      0.4050255988329668,
      0.2304202016299519,
      0.20179910266530704,
      0.3791119984120082,
      0.31916856393046394,
      0.368184597207166,
      0.49721693059778443,
      0.2001235113307536,
      0.4368314063108259,
      0.15552891579273137,
      0.41253419676236286,
      0.30422739346688205,
      0.21940792917080873,
      0.27800182571761906,
      0.27316334410947646,
      0.23746461611565803,
      0.16878292542998152,
      0.3507242399089089,
      0.2138365584028887,
      0.2530661178418024,
      0.19189593694802154,
      0.29180274812693113,
      0.3676136835633627,
      0.3104554972142606,
      0.2896174338324777,
      0.2069614373327044,
      0.29148137063766816,
      0.35448127660964257,
      0.2923957472419794,
      0.35341824024578694
    ]
  },
  "Mean_MAE": 248.83697637776197,
  "Mean_MRE": 52.91371292813593,
  "Mean_MBRE": 0.5905123101269054,
  "Mean_MIBRE": 0.2951581115129727,
  "Median_MAE": 225.36081073033822,
  "Median_MRE": 49.35919282382136,
  "Median_MBRE": 0.526114578804143,
  "Median_MIBRE": 0.29164205938229965,
  "Runs": [
    {},
    {},
    {},
    {},
    {},
    {},
    {},
    {},
    {},
    {},
    {},
    {},
    {},
    {},
    {},
    {},
    {},
    {},
    {},
    {},
    {},
    {},
    {},
    {},
    {},
    {},
    {},
    {},
    {},
    {}
  ]
}