{
  "Metrics": {
    "MAE": [
      74.93046219920804,
      107.8911673926287,
      109.4026171743324,
      80.39532231190984,
      100.97361676819982,
      83.5010211950452,
      95.1749309117677,
      82.51974852269268,
      76.28064978025326,
      81.48380068027213,
      91.03674965478729,
      83.70847460655905,
      93.71201117227274,
      107.80190081226522,
      97.1867333637933,
      80.7924711341253,
      79.83589604020712,
      85.2540398220269,
      78.94416407757133,
      94.29902955630014,
      84.4376299319728,
      81.00150570108642,
      87.07320698548078,
      88.84509588283075,
      90.03764934511119,
      94.5635169052696,
      95.00574003959794,
      78.564815742715,
      94.21701504213627,
      94.34140896465196
    ],
    "MRE": [
      13.203011103065126,
      17.391405216352293,
      13.969257822916298,
      13.552528474272574,
      15.474085631211556,
      13.149341180200347,
      14.363931827527962,
      13.29496132714848,
      12.999960504097057,
      12.293195454713453,
      13.89167418939936,
      12.93306371220526,
      14.056645404680499,
      13.963029171179613,
      14.844967923834462,
      14.229580806163616,
      13.919371793598184,
      13.400006127806446,
      14.404779155041183,
      13.548552357598243,
      13.128657626555917,
      13.215784854755173,
      12.943744591560394,
      13.82655502578,
      13.699831401236079,
      15.470774223190306,
      14.931829801389403,
      13.48647046353166,
      15.84988985996733,
      15.472251004275655
    ],
    "MBRE": [
      0.14327028290685453,
      0.18419114685395885,
      0.1766587879412677,
      0.15222417356512413,
      0.17013134513253364,
      0.14239382972798184,
      0.158872370916347,
      0.14873390706400216,
      0.13989917646935376,
      0.13523225403754324,
      0.15591724921117184,
      0.14421055568723887,
      0.15456186434904448,
      0.14942799362361964,
      0.16270026162144338,
      0.15171409500082242,
      0.14907475238676202,
      0.14568077995711076,
      0.15885007685125993,
      0.15005041094968655,
      0.1475253616543496,
      0.14101438571424782,
      0.1430831551135487,
      0.15100588958377748,
      0.1556797148955615,
      0.16669664195157957,
      0.16393155809995746,
      0.15178225006890014,
      0.17309637025978658,
      0.16832522005543812
    ],
    "MIBRE": [
      0.1127139904140555,
      0.13198317641614787,
      0.12579828074416335,
      0.12058542695984137,
      0.13069256165553428,
      0.11241692843569195,
      0.12372843625221132,
      0.11872630775062572,
      0.11164442444991582,
      0.10956015488533903,
      0.11604231848961032,
      0.11487000748899294,
      0.1205288494953104,
      0.11695839721946066,
      0.12189482720952946,
      0.11910584570429422,
      0.11970990162434701,
      0.11795506081938217,
      0.12561723736728359,
      0.11789935861632603,
      0.11871559401996903,
      0.11284497732591912,
      0.11502388577275717,
      0.12057960867655178,
      0.12214127514366974,
      0.1251907928898403,
      0.12811638317960344,
      0.11915276533900276,
      0.13175103999130178,
      0.12490730871522573
    ]
  },
  "Mean_MAE": 89.10707972390239,
  "Mean_MRE": 14.03030460117513,
  "Mean_MBRE": 0.15453119538834245,
  "Mean_MIBRE": 0.12022850410173014,
  "Median_MAE": 87.95915143415576,
  "Median_MRE": 13.85911460758968,
  "Median_MBRE": 0.15174817253486128,
  "Median_MIBRE": 0.1194313334816749,
  "Runs": [
    {},
    {},
    {},
    {},
    {},
    {},
    {},
    {},
    {},
    {},
    {},
    {},
    {},
    {},
    {},
    {},
    {},
    {},
    {},
    {},
    {},
    {},
    {},
    {},
    {},
    {},
    {},
    {},
    {},
    {}
  ]
}