{
  "Metrics": {
    "MAE": [
      523.1023747868109,
      451.72472975612527,
      332.62451003963747,
      449.8150255149325,
      400.7420969523831,
      399.45844894932014,
      539.7021658329038,
      339.95685523785596,
      394.08625607579546,
      354.3963910672332,
      428.2858944880861,
      480.57736867035777,
      208.85234320578192,
      431.2661352043861,
      433.3708564018596,
      457.13124409411154,
      184.92742643473173,
      428.57312622869665,
      331.233915288908,
      533.5919610629174,
      432.68990820058235,
      576.2484079194766,
      415.96866069045893,
      461.9993631755217,
      569.3410112180611,
      485.60998702834144,
      468.35381684845294,
      474.73616274946556,
      463.54186122107143,
      511.0359084594925
    ],
    "MRE": [
      120.0837261018324,
      95.70771801823443,
      44.272344979118024,
      88.3418244233124,
      73.91966692421644,
      76.95232458498859,
      132.3047544403608,
      46.65481611614875,
      78.26564419086507,
      56.33648430170774,
      83.09099948236096,
      100.00659394365572,
      39.62304491330861,
      75.23915166704988,
      92.96895954182895,
      85.97164391679759,
      37.527415684901925,
      84.5072970403991,
      58.73106576344328,
      131.0516321642144,
      89.17037738546884,
      146.94298565471541,
      79.90558105394065,
      97.0252275479582,
      144.73466458485802,
      116.48820822044328,
      99.47442589510435,
      103.49957324291196,
      111.4543623082131,
      112.30405845474884
    ],
    "MBRE": [
      1.407193346343908,
      1.1729494198861332,
      0.6895012699502135,
      1.1095464969554123,
      0.9881138511692441,
      0.97132780641923,
      1.5946895839785271,
      0.7225273958345269,
      0.9505325059619617,
      0.7876396877707917,
      1.026558642863742,
      1.2939813262365845,
      0.43107208062862756,
      1.0899555097795264,
      1.151404210977816,
      1.1447906848196678,
      0.4014712685382465,
      1.1425855247853436,
      0.7320710488376859,
      1.5541207751496102,
      1.114355912637798,
      1.7107698483380553,
      1.0354375908879028,
      1.265791522336541,
      1.6388770921352105,
      1.3649861149196698,
      1.189759257158516,
      1.2807312706404212,
      1.2971489001112195,
      1.405751986324973
    ],
    "MIBRE": [
      0.5009040443199602,
      0.44996253362929045,
      0.3126635796874846,
      0.42537808328020255,
      0.40799603229973264,
      0.40655888591841444,
      0.5382460252636286,
      0.32040348384850004,
      0.4039645227584702,
      0.342821485420682,
      0.42456511581121986,
      0.4427479807144256,
      0.2477036150888025,
      0.40695749294628103,
      0.42056397780500476,
      0.4122699860870169,
      0.241495892961089,
      0.4243603959510834,
      0.33365006865584884,
      0.5245340228525639,
      0.452447953827716,
      0.5690803798742433,
      0.39693550779711556,
      0.46204739870914113,
      0.5606337353530978,
      0.48477464542896537,
      0.44324736152907657,
      0.46355741306540466,
      0.4591160142760778,
      0.5038008363435654
    ]
  },
  "Mean_MAE": 432.098140426792,
  "Mean_MRE": 90.0852190849036,
  "Mean_MBRE": 1.1221880644125701,
  "Mean_MIBRE": 0.4261129490501368,
  "Median_MAE": 441.59294095839607,
  "Median_MRE": 88.75610090439062,
  "Median_MBRE": 1.1436881048025058,
  "Median_MIBRE": 0.4249715995457112,
  "Runs": [
    {},
    {},
    {},
    {},
    {},
    {},
    {},
    {},
    {},
    {},
    {},
    {},
    {},
    {},
    {},
    {},
    {},
    {},
    {},
    {},
    {},
    {},
    {},
    {},
    {},
    {},
    {},
    {},
    {},
    {}
  ]
}