{
  "Metrics": {
    "MAE": [
      544.0361768512129,
      468.81915014680135,
      405.30003350194414,
      505.76438710578014,
      461.05598473314876,
      347.1691640018436,
      207.20535085277862,
      456.96635627441214,
      381.37777763311493,
      415.2671606625639,
      540.3967724699,
      415.7751218455467,
      421.7387449028398,
      470.6101500178716,
      500.80814681201366,
      182.8092017983715,
      542.139558105041,
      373.4202028881179,
      511.44114018506673,
      517.4801445564625,
      480.6271303564356,
      357.5941775258241,
      449.8345998289527,
      388.070107356647,
      396.4469500266507,
      491.68896615337684,
      454.7640015429907,
      423.11515769834,
      510.3782605898453,
      503.23573887247136
    ],
    "MRE": [
      132.2470668832203,
      78.44773412608639,
      69.21340412877753,
      118.18586363213768,
      89.65339286423342,
      60.39193875189183,
      40.61381124198963,
      93.08330498638323,
      67.23082808593873,
      79.55528672338686,
      126.54702178152846,
      78.31863712487797,
      67.28580962525655,
      93.03237207730217,
      111.20185292166383,
      34.95905927065894,
      134.65320308468534,
      75.84559617230487,
      123.32137321516193,
      121.5058917166527,
      106.90099528357658,
      56.9722207160199,
      81.65266706458881,
      69.75176940611914,
      98.18625711576425,
      108.28953229635707,
      113.59724484869696,
      88.69519975679205,
      110.42034574806026,
      112.95170102538063
    ],
    "MBRE": [
      1.570480847704018,
      1.3170573514873283,
      1.066415348875803,
      1.3403754507764611,
      1.2134663688227998,
      0.7618015606883969,
      0.44046707152310793,
      1.3138556456177772,
      0.9821893401528887,
      1.0355152211032046,
      1.593938217193078,
      1.0538498677051755,
      1.1582767589286607,
      1.3115190746882306,
      1.4378648656524347,
      0.38978893042570906,
      1.5807789824747596,
      0.9409743381502224,
      1.42999060234351,
      1.4786203943850742,
      1.2346360809960548,
      0.8683676736258644,
      1.29312678507273,
      0.9223375950476594,
      1.0782818652146104,
      1.3992823863241637,
      1.2859024637900627,
      1.0748051809674446,
      1.514651558882384,
      1.435112271063391
    ],
    "MIBRE": [
      0.5132736005661322,
      0.40306064561084676,
      0.3978068110779303,
      0.47535680857131024,
      0.4377507545625812,
      0.3368444619193712,
      0.2501093346926288,
      0.4308875505636904,
      0.3729199110667332,
      0.39307095852561785,
      0.5133323600689907,
      0.3938886562047416,
      0.3969431555297556,
      0.4464662583655434,
      0.488072868471929,
      0.24029831222014003,
      0.4849256162972705,
      0.3755967864617046,
      0.4792509521197848,
      0.49937900139494185,
      0.4608711356346944,
      0.34465298531845673,
      0.429716483665923,
      0.38424071187731723,
      0.39223948248215795,
      0.4632478126800152,
      0.4528009272298193,
      0.4222578094144436,
      0.49169346140048503,
      0.4841705911068917
    ]
  },
  "Mean_MAE": 437.51119384321225,
  "Mean_MRE": 91.42371272251648,
  "Mean_MBRE": 1.1841243366561,
  "Mean_MIBRE": 0.4218375401700616,
  "Median_MAE": 455.8651789087014,
  "Median_MRE": 91.34288247076779,
  "Median_MBRE": 1.2602692723930589,
  "Median_MIBRE": 0.4303020171148067,
  "Runs": [
    {},
    {},
    {},
    {},
    {},
    {},
    {},
    {},
    {},
    {},
    {},
    {},
    {},
    {},
    {},
    {},
    {},
    {},
    {},
    {},
    {},
    {},
    {},
    {},
    {},
    {},
    {},
    {},
    {},
    {}
  ]
}