{
  "Metrics": {
    "MAE": [
      167.85352692659154,
      437.92323331157627,
      342.65523544594816,
      212.9820280415222,
      406.87152271458103,
      161.56830664241082,
      201.87764402723832,
      178.3917059802849,
      158.79899203393316,
      179.19146473978202,
      152.29111104487282,
      370.91503986481587,
      288.62654926512215,
      359.23474635423463,
      337.79066515294573,
      167.23773306020476,
      303.07732944733795,
      343.8350320838382,
      156.07088517883832,
      305.27495600811545,
      187.203807852864,
      335.97631248350086,
      433.173996391947,
      140.80357419721867,
      155.80804074421704,
      150.14896266783188,
      179.29338185971892,
      238.59921018596407,
      322.0948732612448,
      330.0925521185595
    ],
    "MRE": [
      29.267442309950543,
      73.34949678051562,
      47.480646953093995,
      39.56986063414586,
      68.32821516694428,
      28.918392922878066,
      36.727702470565745,
      31.049833950493248,
      24.67923340911689,
      29.88723489266625,
      25.6710227907979,
      64.19169966478259,
      34.979085406909554,
      48.72086095651112,
      46.5670137033605,
      29.426508792218897,
      55.28854626821267,
      62.412646685617055,
      24.68700021739351,
      67.94288176272673,
      31.54447649723654,
      52.11522726400201,
      64.80121010788682,
      27.8214314436307,
      27.289890127260602,
      27.27748280016179,
      32.42625413023805,
      37.5144769791998,
      60.49046638929083,
      56.32522708378972
    ],
    "MBRE": [
      0.33930994412168297,
      1.324343774923894,
      0.8829475354203428,
      0.43416594099574735,
      1.124325433172232,
      0.3066815916211037,
      0.39529345094025936,
      0.3586578746707411,
      0.277165468619579,
      0.3430816578929724,
      0.27997247827219435,
      1.0000907272241017,
      0.6000933356376749,
      1.0293456128911878,
      0.9355345497916182,
      0.33488691139946175,
      0.7416417491664948,
      0.93974096714899,
      0.2824056066027555,
      0.7638937388423059,
      0.3655286298216796,
      0.9039367825392896,
      1.3910587391234936,
      0.3184712056133195,
      0.3083246185832715,
      0.30476020660559255,
      0.35808095209904667,
      0.47139865697248146,
      0.8100194212555769,
      0.8177398145514321
    ],
    "MIBRE": [
      0.21370718718083986,
      0.3312965957501082,
      0.29077503449665165,
      0.24829452593809745,
      0.3365662032386802,
      0.19730140062096002,
      0.22825319260168891,
      0.22263097045377142,
      0.18456673573616025,
      0.2182863716831065,
      0.18643340822714438,
      0.31386245589337325,
      0.269761272052357,
      0.3076601150267989,
      0.2883749758035961,
      0.21793749882970007,
      0.28641551547434424,
      0.33527465376150867,
      0.1902551064158415,
      0.3055401613728436,
      0.2273997091621861,
      0.30897705371032075,
      0.3485315687257781,
      0.2070588283355029,
      0.2009152727562074,
      0.20186677044454765,
      0.21736894382119443,
      0.2622084754259089,
      0.28115293917402334,
      0.30557270566225936
    ]
  },
  "Mean_MAE": 256.85541396957535,
  "Mean_MRE": 42.89171561871993,
  "Mean_MBRE": 0.6247632458840174,
  "Mean_MIBRE": 0.25780818825918334,
  "Median_MAE": 225.79061911374313,
  "Median_MRE": 37.12108972488277,
  "Median_MBRE": 0.4527822989841144,
  "Median_MIBRE": 0.2552515006820032,
  "Runs": [
    {},
    {},
    {},
    {},
    {},
    {},
    {},
    {},
    {},
    {},
    {},
    {},
    {},
    {},
    {},
    {},
    {},
    {},
    {},
    {},
    {},
    {},
    {},
    {},
    {},
    {},
    {},
    {},
    {},
    {}
  ]
}