{
  "Metrics": {
    "MAE": [
      214.1930703318304,
      211.64988785746976,
      353.18765027322297,
      216.98380632437437,
      240.33662985994522,
      357.4174867904864,
      346.5439223273077,
      234.92959362077184,
      348.15522785831024,
      238.9266459162361,
      358.6921001150903,
      225.42286772580795,
      250.6661343263162,
      280.40940241122996,
      216.71977919570892,
      349.37908592455153,
      220.5497961457173,
      351.3021612301816,
      223.34370792191385,
      232.3064617733554,
      224.66534865978596,
      347.89307055346103,
      274.1922926584455,
      238.05504542551242,
      339.8483404167783,
      205.22542598601547,
      323.02700518930374,
      253.2470295276452,
      216.61226337649703,
      313.4910243856183
    ],
    "MRE": [
      21.28275707093973,
      24.496007019815377,
      26.018998593024307,
      22.38444104344609,
      26.031346141636348,
      37.69757076990658,
      31.21263702089469,
      25.9441238151186,
      35.315726169612624,
      24.022663489220747,
      35.42783792757791,
      26.533944730882503,
      31.191396026303703,
      33.55672224465439,
      31.06260590643916,
      29.858644076964314,
      29.23671087532917,
      30.83251586351156,
      28.75925498430648,
      31.293422673860626,
      29.663597723677686,
      30.731609278166914,
      34.11217786240975,
      30.04335709224803,
      33.925258808349604,
      29.321491394483644,
      33.16875553718388,
      27.125398333906325,
      24.304269197142652,
      29.241156723309647
    ],
    "MBRE": [
      0.2955745074152915,
      0.3186205954831516,
      1.0130761728061002,
      0.3068992940879826,
      0.366922226913599,
      0.9431747007835345,
      0.9439777810319959,
      0.3604865680994392,
      0.8795095491629407,
      0.349861107230152,
      1.0154017431877393,
      0.3497566871242156,
      0.41944636206145025,
      0.4895964997079889,
      0.3786467754515081,
      0.9335043375566003,
      0.36545077243469093,
      0.9496323302759251,
      0.3665029118640009,
      0.3925166307965583,
      0.3726257846787922,
      1.0003045642704056,
      0.48778315227844565,
      0.3945203254927593,
      0.830502986748215,
      0.34786008453395156,
      0.6896420026861372,
      0.4025639860590498,
      0.3249259318302005,
      0.636998435418853
    ],
    "MIBRE": [
      0.1812221893096633,
      0.19550211409828583,
      0.2424345078330999,
      0.18518176057263827,
      0.21298592521093102,
      0.2957291541794609,
      0.2585317240707645,
      0.2091504695340915,
      0.2811795417051708,
      0.2051388893908086,
      0.29472169058660674,
      0.21640884947240593,
      0.23995097547818295,
      0.2622345008642418,
      0.23341909132916283,
      0.26681072012063756,
      0.21937328399848915,
      0.26205464336112827,
      0.22517863729478166,
      0.23095610702709554,
      0.22643091953956074,
      0.26047273169790897,
      0.25586448207553575,
      0.23598336051559565,
      0.27328030469561787,
      0.21921420467261826,
      0.26433055562896335,
      0.22213505495214286,
      0.19561842993607514,
      0.2468613970840867
    ]
  },
  "Mean_MAE": 273.5790754702964,
  "Mean_MRE": 29.459879946477432,
  "Mean_MBRE": 0.5642094935823891,
  "Mean_MIBRE": 0.23727854054119174,
  "Median_MAE": 245.5013820931307,
  "Median_MRE": 29.761120900321,
  "Median_MBRE": 0.39854215577590457,
  "Median_MIBRE": 0.23470122592237924,
  "Runs": [
    {},
    {},
    {},
    {},
    {},
    {},
    {},
    {},
    {},
    {},
    {},
    {},
    {},
    {},
    {},
    {},
    {},
    {},
    {},
    {},
    {},
    {},
    {},
    {},
    {},
    {},
    {},
    {},
    {},
    {}
  ]
}