{
  "Metrics": {
    "MAE": [
      388.1086135180576,
      374.4679881515495,
      397.6484234107937,
      376.59550921969156,
      383.76232268522995,
      368.20654245397725,
      217.83216448246563,
      394.0217774040948,
      377.8708935372459,
      388.680429220305,
      385.9873624663135,
      389.4138019762452,
      386.9352591427737,
      388.09956680930753,
      395.0227643003319,
      201.773360075806,
      383.1135034040519,
      380.3777928074051,
      374.90359043076063,
      385.25479410577805,
      369.6791843073708,
      367.4105469075568,
      392.43238188931036,
      379.38848898848823,
      384.0161422043919,
      385.5775824680333,
      372.9076693319036,
      376.8436464425428,
      386.59955181884743,
      388.8607690314715
    ],
    "MRE": [
      45.31287900713099,
      35.67323374801114,
      45.49802566630731,
      44.821070158604456,
      38.22471250662659,
      40.70523665295799,
      38.05494223903114,
      42.75051987088453,
      39.47149018443061,
      40.07559568070086,
      42.916621079707355,
      43.14767480237449,
      39.782527387930415,
      42.15465072655924,
      42.498059025940286,
      34.634461151263515,
      44.87298553220893,
      39.214722732345194,
      38.914493115246245,
      42.28147109852523,
      39.53634648747635,
      34.6959340735583,
      44.79138422663228,
      41.330993725115974,
      45.86718204534125,
      42.516001695568626,
      41.349828965594575,
      39.824954211228416,
      43.16775458912114,
      42.14194244089982
    ],
    "MBRE": [
      1.278541354220959,
      1.232099387645372,
      1.329272602697139,
      1.10333921776432,
      1.308056138856283,
      1.0277748375673128,
      0.4398301094620848,
      1.3308815437050485,
      1.2210852749514924,
      1.3004377929955764,
      1.2872480495812193,
      1.2804172466269492,
      1.306911623332531,
      1.2490861423152093,
      1.4063968928345159,
      0.40934763230088894,
      1.246070714385393,
      1.2031295683362704,
      1.189641145643797,
      1.2645830926883215,
      1.0742352290117587,
      1.1070207963342957,
      1.3092136464411746,
      1.1413838297089527,
      1.2269862581768514,
      1.302008491731985,
      1.1312668140630908,
      1.141055035556204,
      1.297960859618399,
      1.2832110855311576
    ],
    "MIBRE": [
      0.3403094622149234,
      0.30463523580248947,
      0.3440748006144663,
      0.3262959405133873,
      0.31548638151365727,
      0.3117376617693701,
      0.2564270738735071,
      0.3372173076445679,
      0.3180786591714746,
      0.3315421740069498,
      0.33227985047362096,
      0.33641672022316255,
      0.3189015456615199,
      0.3274723035409105,
      0.34214052613738155,
      0.249561374422974,
      0.33092878180754576,
      0.31837985251468165,
      0.31670839492243524,
      0.33019132549507185,
      0.30729924450445867,
      0.30206873550749064,
      0.3386953239821992,
      0.325324668476431,
      0.33691342082563186,
      0.3333856873875384,
      0.31898255053842606,
      0.3241026247588378,
      0.33359635457089515,
      0.33854130168786745
    ]
  },
  "Mean_MAE": 371.3930807664034,
  "Mean_MRE": 41.207589827577436,
  "Mean_MBRE": 1.1809497471361516,
  "Mean_MIBRE": 0.32158984281879577,
  "Median_MAE": 383.8892324448109,
  "Median_MRE": 41.7458857032472,
  "Median_MBRE": 1.2475784283503013,
  "Median_MIBRE": 0.3268841220271489,
  "Runs": [
    {},
    {},
    {},
    {},
    {},
    {},
    {},
    {},
    {},
    {},
    {},
    {},
    {},
    {},
    {},
    {},
    {},
    {},
    {},
    {},
    {},
    {},
    {},
    {},
    {},
    {},
    {},
    {},
    {},
    {}
  ]
}