{
  "Metrics": {
    "MAE": [
      419.6984678996693,
      298.8374811345881,
      379.39458462108263,
      351.8779123063521,
      243.08115864146842,
      299.97653142755684,
      248.57986744967374,
      352.68222138838337,
      328.72935935280543,
      410.6251508539373,
      421.06267300692474,
      377.0232889626243,
      394.01813794916325,
      427.3637223677202,
      381.99222845597694,
      287.221078005704,
      391.1878927265514,
      356.00321128151637,
      419.39133927778755,
      404.78828383012245,
      402.44628481084646,
      184.46852727716617,
      333.4502019084583,
      300.93758494984024,
      351.09453369140624,
      189.70361137390134,
      411.11921705766156,
      302.6255626262318,
      381.338779518821,
      331.86146104986017
    ],
    "MRE": [
      30.676604522771665,
      22.493589938229178,
      27.744889221038704,
      21.51901830323224,
      17.097805619149657,
      21.54418052713771,
      18.024798679960956,
      26.913824785235235,
      26.299366111139232,
      29.67156056266741,
      31.06758616089339,
      28.523864473584904,
      29.530780627320453,
      30.88970548905984,
      30.536948691528487,
      23.095560357328356,
      28.334012693123732,
      24.8866854201216,
      30.93323248475306,
      27.36131780897407,
      24.704207940261483,
      14.430013105600409,
      24.05408605588485,
      21.796746202221055,
      23.905029567494847,
      12.98906525140067,
      28.559610674535374,
      19.860233333050292,
      29.076986198918593,
      24.28693340951428
    ],
    "MBRE": [
      0.3526106277713002,
      0.2399736037421415,
      0.30689483663757144,
      0.28670231785929223,
      0.187943384540635,
      0.23560596879571472,
      0.19375831200396282,
      0.2893506290081005,
      0.2770317367039457,
      0.34338712996528675,
      0.351713894058938,
      0.31075424916652955,
      0.3270757666375633,
      0.3586967710494279,
      0.3229005527692985,
      0.24002923502448792,
      0.32374022726640894,
      0.28829043130070353,
      0.35126229508070667,
      0.33925367971589376,
      0.34361335418190597,
      0.15037185602703337,
      0.26926157790686805,
      0.24010756217202459,
      0.28477920664010536,
      0.14131874179068288,
      0.3438786795890358,
      0.23520531659263696,
      0.31301596204838933,
      0.26973041532561254
    ],
    "MIBRE": [
      0.2467281787674203,
      0.1810617810458595,
      0.22785468925207136,
      0.19989751838936867,
      0.1488290536170417,
      0.1807003132827573,
      0.15167239107078423,
      0.20936801512057826,
      0.19649956624351586,
      0.24161866734116327,
      0.2478815628117626,
      0.22076952266744576,
      0.23429284047981566,
      0.25093799518121135,
      0.2295859377518113,
      0.1781386535112663,
      0.23067751046244805,
      0.209227563003191,
      0.24794990101496497,
      0.23491369259227524,
      0.22657377248770239,
      0.12219518340078808,
      0.19967183583885653,
      0.18348445429469912,
      0.20618791918437812,
      0.11688230887245743,
      0.23938279299549034,
      0.17651398088424447,
      0.22853581557843347,
      0.20237688069543505
    ]
  },
  "Mean_MAE": 346.08601184012673,
  "Mean_MRE": 25.026941473871055,
  "Mean_MBRE": 0.28394194404574014,
  "Mean_MIBRE": 0.20568034326130794,
  "Median_MAE": 354.34271633494984,
  "Median_MRE": 25.593025765630415,
  "Median_MBRE": 0.288820530154402,
  "Median_MIBRE": 0.20929778906188462,
  "Runs": [
    {},
    {},
    {},
    {},
    {},
    {},
    {},
    {},
    {},
    {},
    {},
    {},
    {},
    {},
    {},
    {},
    {},
    {},
    {},
    {},
    {},
    {},
    {},
    {},
    {},
    {},
    {},
    {},
    {},
    {}
  ]
}