{
  "Metrics": {
    "MAE": [
      358.3065127286044,
      228.40067504651617,
      370.99139743920534,
      342.82966133348873,
      266.7771573685155,
      281.39038837317264,
      421.4918694929643,
      445.4808797801624,
      410.24087695035075,
      377.4421177395908,
      394.264012631503,
      326.38507463859787,
      280.93174343687116,
      390.1350184030244,
      365.3768374749386,
      414.4757288152521,
      397.2356355609316,
      364.45412558815696,
      335.60524622136893,
      333.68838319258253,
      359.3359461998217,
      295.09191637443774,
      404.6853094991048,
      378.2554248185591,
      387.1190514674331,
      304.239621591279,
      397.58630673495213,
      389.9989254506429,
      361.47842363762135,
      396.2470433992328
    ],
    "MRE": [
      26.445562303346883,
      15.197022070064866,
      25.05599813053135,
      20.27970465452733,
      19.916278440959054,
      22.148518568038867,
      32.90528986732095,
      35.233537192352884,
      33.18021520175562,
      27.007308187143025,
      31.556486794579726,
      25.102440051439412,
      21.62701489787853,
      28.75361165932528,
      28.338809077661587,
      32.21381072103097,
      28.325172560172017,
      26.208698379313105,
      23.44734232021733,
      20.808350335539842,
      24.07287291611243,
      22.293982895641808,
      28.504380021844256,
      27.579072966485796,
      27.145078028425207,
      21.38071341385336,
      26.05568646596244,
      25.09828772576227,
      29.08623947932922,
      29.04374544566542
    ],
    "MBRE": [
      0.2919732718471511,
      0.1724402694419263,
      0.3099384205351832,
      0.27394948378344086,
      0.21417459218728305,
      0.23183999628058977,
      0.34755996651306803,
      0.376791542039149,
      0.350223978086897,
      0.31218555489187355,
      0.3311891107473871,
      0.26705780680180485,
      0.2306765221841889,
      0.32333824264320143,
      0.30825790130555675,
      0.3451371878223291,
      0.328860450275103,
      0.2976530785150202,
      0.2718281102194559,
      0.26690775354879265,
      0.2880201372461218,
      0.23949151197359306,
      0.34017357878197857,
      0.31085403501468806,
      0.3148961488764132,
      0.2448406741713377,
      0.33574081191860355,
      0.32693535391569095,
      0.3044104815683347,
      0.3278172375467187
    ],
    "MIBRE": [
      0.20974914000414352,
      0.13901950269859611,
      0.2147438735558217,
      0.19345826923448037,
      0.16572208496937194,
      0.174184599774696,
      0.24386497251384162,
      0.2614864206008955,
      0.24192827775141776,
      0.22131038849419474,
      0.22919304579273114,
      0.19939187705541273,
      0.1728322151984028,
      0.2293657678679138,
      0.21303078156467586,
      0.24588710969839847,
      0.2343614779468577,
      0.21247120193727764,
      0.19920826552255286,
      0.19242696823735048,
      0.20950847610527065,
      0.18421008451367266,
      0.23690706395664476,
      0.22452371564857582,
      0.22907349362152096,
      0.18164754073664965,
      0.22897423819589052,
      0.222293582941753,
      0.21868459744472846,
      0.23377496194380695
    ]
  },
  "Mean_MAE": 359.3313770462962,
  "Mean_MRE": 26.133707692409367,
  "Mean_MBRE": 0.2961721070227627,
  "Mean_MIBRE": 0.21210779985091827,
  "Median_MAE": 368.184117457072,
  "Median_MRE": 26.327130341329994,
  "Median_MBRE": 0.30909816092037,
  "Median_MIBRE": 0.21671423550027508,
  "Runs": [
    {},
    {},
    {},
    {},
    {},
    {},
    {},
    {},
    {},
    {},
    {},
    {},
    {},
    {},
    {},
    {},
    {},
    {},
    {},
    {},
    {},
    {},
    {},
    {},
    {},
    {},
    {},
    {},
    {},
    {}
  ]
}