{
  "Metrics": {
    "MAE": [
      324.7224121131273,
      340.86579896625244,
      363.6744700431885,
      355.1673583664092,
      320.155828740837,
      292.00221072786843,
      387.40252456478345,
      358.13383069017806,
      368.1127572040817,
      382.81382010049845,
      366.55054862647285,
      378.0705434201911,
      337.14935833562214,
      379.6113524690843,
      366.84923128470194,
      396.0108260347041,
      385.1500244277827,
      340.9811210673074,
      379.03072830213137,
      325.11219352035056,
      369.0404956482434,
      345.5564967249718,
      287.6535497130263,
      290.4382766716028,
      298.8381769156878,
      313.47065685949207,
      338.95282735993464,
      324.0104652380883,
      352.26441839193745,
      403.3923057402818
    ],
    "MRE": [
      24.10969892704532,
      24.42496596194883,
      25.039858865837612,
      21.708509787527955,
      24.17143750654437,
      22.095907720280668,
      27.039096387636146,
      28.156282492905248,
      30.351118272700607,
      27.609789739841297,
      27.843613166107957,
      27.42782749770511,
      25.354553753348696,
      27.874296831029895,
      29.318440172491343,
      31.577329627296834,
      28.311809901433378,
      24.113700107598326,
      26.915255533080323,
      21.08651246187277,
      22.85117078924645,
      27.270022300730606,
      21.217197213532206,
      21.478953068054075,
      20.443622096551906,
      22.275498569683073,
      23.072756605052,
      20.622452126615425,
      27.447912805496795,
      29.693869518630567
    ],
    "MBRE": [
      0.26199068744466325,
      0.2744734945732681,
      0.29712468338512255,
      0.28844954101571796,
      0.2624817291683333,
      0.23359576433644916,
      0.3151476644366736,
      0.296676456134982,
      0.3163015143282365,
      0.3151995240485509,
      0.3012175529959599,
      0.30998897835834865,
      0.2762515855024899,
      0.3132797587244019,
      0.308132915417704,
      0.3319723748761097,
      0.31330097596184814,
      0.2739644411751983,
      0.30907489607616395,
      0.25837233560875095,
      0.3025582943370783,
      0.28659578646958506,
      0.22955814327683893,
      0.23324889885470124,
      0.23243750706486777,
      0.251691231135857,
      0.27275818573860405,
      0.2536675229929521,
      0.29116898892098364,
      0.3336626001114732
    ],
    "MIBRE": [
      0.19751538773536903,
      0.20555258685752725,
      0.21515584118189782,
      0.20167637503573002,
      0.194367052231196,
      0.1816640957642298,
      0.22765704552907276,
      0.21861185127276186,
      0.22363747318873706,
      0.22471168261179547,
      0.21770677869558058,
      0.22519440115613332,
      0.19988276034591246,
      0.22567016748390217,
      0.2235385027087121,
      0.23781378351285912,
      0.2317125821219462,
      0.20092898551329777,
      0.2252419693611994,
      0.18954912635272564,
      0.20982219083355072,
      0.21256576617430378,
      0.17585742940283042,
      0.17851302203943112,
      0.18067889104189194,
      0.18728905717752062,
      0.19922927829847747,
      0.1879163820230366,
      0.21609365212853135,
      0.23846221199303547
    ]
  },
  "Mean_MAE": 349.03948694229473,
  "Mean_MRE": 25.36344866026086,
  "Mean_MBRE": 0.2848114677490638,
  "Mean_MIBRE": 0.2084738776591065,
  "Median_MAE": 353.7158883791733,
  "Median_MRE": 25.197206309593156,
  "Median_MBRE": 0.2898092649683508,
  "Median_MIBRE": 0.21119397850392724,
  "Runs": [
    {},
    {},
    {},
    {},
    {},
    {},
    {},
    {},
    {},
    {},
    {},
    {},
    {},
    {},
    {},
    {},
    {},
    {},
    {},
    {},
    {},
    {},
    {},
    {},
    {},
    {},
    {},
    {},
    {},
    {}
  ]
}