{
  "Metrics": {
    "MAE": [
      321.5469150669647,
      270.7386566328406,
      325.61021135010776,
      350.18365811838476,
      255.7454892880105,
      235.56136958331228,
      394.8924915281661,
      385.0468017623609,
      425.1066875592935,
      358.56338894554136,
      336.45415540901973,
      315.2445268688193,
      303.6392549678943,
      402.65700118991805,
      412.14501030611547,
      445.48765576586754,
      393.2176522189311,
      359.997603575873,
      378.5492748282156,
      300.33553802826026,
      349.63561285759187,
      327.40772542862317,
      318.5582917465011,
      341.6187457426983,
      294.3075535468107,
      281.863540866796,
      356.4309052744092,
      345.5556807137341,
      403.2712754587348,
      383.9388473445959
    ],
    "MRE": [
      23.29117809070615,
      16.32659830915007,
      20.88789499418866,
      20.46501436167074,
      18.074884872193927,
      17.13702592338799,
      29.115236446123127,
      29.28288432075118,
      34.10993729111305,
      25.243787535517836,
      26.051980861953584,
      23.223838529901357,
      21.133057315877053,
      27.795948701823143,
      33.005578123036884,
      36.02688967570265,
      28.26656133823724,
      25.674765769286257,
      24.988501144164783,
      18.428890523473264,
      21.15133001050679,
      25.21816445143293,
      21.885496023769537,
      24.480197625475807,
      19.56080045466523,
      19.826443358921104,
      23.59719305492148,
      21.809325578660054,
      31.561226738638364,
      27.580724063884972
    ],
    "MBRE": [
      0.2560780024664158,
      0.20917937384766183,
      0.26781498980978047,
      0.2886515702782186,
      0.20012255064369172,
      0.18456935943129957,
      0.3221559195568518,
      0.3205530560728671,
      0.3662207601504592,
      0.29288920839089666,
      0.2756999667665309,
      0.2542305155182745,
      0.2491296118393989,
      0.33809993544481476,
      0.3505790559563302,
      0.3749175042956864,
      0.3259011800060457,
      0.2966098408715078,
      0.31409655142397275,
      0.2347074956355209,
      0.2863840228555771,
      0.2699629944661258,
      0.2573361022757342,
      0.2848070539449723,
      0.2293107561225922,
      0.22478121238457596,
      0.2958902549684318,
      0.2833872227438507,
      0.33515084021419594,
      0.31599818835541577
    ],
    "MIBRE": [
      0.190502676813434,
      0.15778532325466574,
      0.18963110832928884,
      0.19679161740258985,
      0.15543482228685176,
      0.14775603388084202,
      0.23208611231819315,
      0.2302101104099881,
      0.24759161554373413,
      0.20984482273804544,
      0.20287001014697797,
      0.18811384754245797,
      0.17698454412337158,
      0.23426512762392493,
      0.23828005604090946,
      0.25754450967937453,
      0.23268647797459546,
      0.20801786943122505,
      0.21634753082782754,
      0.17239900668039984,
      0.19569469480378537,
      0.19625698631373584,
      0.18596697025551315,
      0.19820569886851677,
      0.17536305430251853,
      0.17144297284271245,
      0.20496842290856546,
      0.19809501101887184,
      0.24318955087137964,
      0.22627829147093523
    ]
  },
  "Mean_MAE": 345.7770507324797,
  "Mean_MRE": 24.50671184963784,
  "Mean_MBRE": 0.28350716989125657,
  "Mean_MIBRE": 0.2026868292235077,
  "Median_MAE": 347.595646785663,
  "Median_MRE": 24.038695340198643,
  "Median_MBRE": 0.28559553840027474,
  "Median_MIBRE": 0.19815035494369432,
  "Runs": [
    {},
    {},
    {},
    {},
    {},
    {},
    {},
    {},
    {},
    {},
    {},
    {},
    {},
    {},
    {},
    {},
    {},
    {},
    {},
    {},
    {},
    {},
    {},
    {},
    {},
    {},
    {},
    {},
    {},
    {}
  ]
}