{
  "Metrics": {
    "MAE": [
      399.9383603359978,
      307.4931317518358,
      337.34628991091796,
      278.4579136242421,
      252.15488411669128,
      261.4065872004501,
      265.6003566396257,
      275.45284551346435,
      332.57663209350454,
      349.7384009352499,
      368.99046823345105,
      382.81734495531305,
      398.7400897013879,
      404.7812081360734,
      354.5331895579197,
      280.74238620674157,
      369.1510335461102,
      277.7669330848169,
      355.5581637759705,
      349.5649250394522,
      365.73891097450246,
      156.01630087269453,
      304.39444016554995,
      316.63256073143094,
      311.54219080164285,
      238.86980510661527,
      374.32679516808355,
      277.5920237376458,
      343.9029148887351,
      350.8954412596167
    ],
    "MRE": [
      29.598031043279633,
      22.91172545184326,
      24.052590055854317,
      18.174330978738436,
      18.69284982594304,
      19.075159853672517,
      19.539024404005428,
      21.500399337160864,
      26.960257684829138,
      24.87302956411733,
      28.653650024373068,
      28.57337229001716,
      31.004077718373797,
      29.507703691113317,
      28.502102840166284,
      22.48219503802321,
      26.845336386522867,
      19.28354502546803,
      26.368510571291647,
      23.839663381160253,
      22.999384800394417,
      12.053330440087212,
      21.73466446595836,
      23.2234424530994,
      21.242490123621945,
      16.89210278313194,
      26.102712700570752,
      18.59418702626561,
      26.487426410977633,
      25.649185302661305
    ],
    "MBRE": [
      0.3311098990792156,
      0.24702813801049786,
      0.2697257553007329,
      0.2127537956291557,
      0.1995976187163616,
      0.20547551074914713,
      0.2079984114446744,
      0.22473093269858901,
      0.2814658083500307,
      0.2841720532315404,
      0.3095902028996793,
      0.3156048795815466,
      0.3329977005988079,
      0.3364702606060014,
      0.2994345508457391,
      0.23364502517915056,
      0.3022035247359578,
      0.21685676950654184,
      0.2926074316017376,
      0.2823383018902389,
      0.29711864080387496,
      0.12638577093713474,
      0.24279562924450765,
      0.25377616586807156,
      0.24687388236406843,
      0.1835897888892319,
      0.30614273397646724,
      0.21254475350820012,
      0.2809853580391205,
      0.28410642382732926
    ],
    "MIBRE": [
      0.23678699888702134,
      0.18775225463885956,
      0.2049424686835248,
      0.164950998651497,
      0.158153729621787,
      0.16183480178274748,
      0.16388726642485743,
      0.1737861851759259,
      0.2034831534744535,
      0.20866518688441388,
      0.2185235398915978,
      0.22466186748118905,
      0.23456930767139275,
      0.2382760389125555,
      0.21582620339452782,
      0.17775302067233592,
      0.21701814750093434,
      0.16798044386317387,
      0.21438449557491585,
      0.20613860265332024,
      0.209291034443362,
      0.10697438825096811,
      0.18320817972546782,
      0.19351338490666545,
      0.18453513223779097,
      0.1475390892578518,
      0.2198685820583434,
      0.16556609714015585,
      0.2114521486394155,
      0.21186697016414854
    ]
  },
  "Mean_MAE": 321.4240842688577,
  "Mean_MRE": 23.513882722424068,
  "Mean_MBRE": 0.2606708572704451,
  "Mean_MIBRE": 0.19377299062217335,
  "Median_MAE": 334.96146100221125,
  "Median_MRE": 23.531552917129826,
  "Median_MBRE": 0.2753555566699267,
  "Median_MIBRE": 0.20421281107898914,
  "Runs": [
    {},
    {},
    {},
    {},
    {},
    {},
    {},
    {},
    {},
    {},
    {},
    {},
    {},
    {},
    {},
    {},
    {},
    {},
    {},
    {},
    {},
    {},
    {},
    {},
    {},
    {},
    {},
    {},
    {},
    {}
  ]
}