{
  "Metrics": {
    "MAE": [
      124.35151515151514,
      115.66666666666667,
      128.0,
      140.23636363636365,
      92.15151515151516,
      116.9090909090909,
      134.54545454545453,
      179.4090909090909,
      108.0909090909091,
      122.51515151515152,
      174.76969696969698,
      107.74242424242425,
      130.83636363636364,
      150.4848484848485,
      127.43939393939394,
      149.36363636363637,
      102.5909090909091,
      106.87878787878788,
      271.42424242424244,
      124.89090909090909,
      150.63636363636363,
      94.18181818181819,
      106.0909090909091,
      210.5878787878788,
      95.53030303030303,
      119.43939393939394,
      103.50909090909092,
      138.12121212121212,
      108.77272727272727,
      135.3181818181818
    ],
    "MRE": [
      8.3695883810302,
      7.798551176282055,
      8.335792704486215,
      9.617923721930772,
      6.483378803457046,
      8.60563705510891,
      9.332345080679891,
      14.062055511877295,
      7.662536517678636,
      8.683156130139146,
      13.443197199008436,
      7.872579231519686,
      9.306807144215385,
      11.647349862412351,
      8.94270234871222,
      10.421100160951985,
      7.004978463176657,
      7.278466549233049,
      18.598943449010473,
      8.433601268206461,
      9.873266863598905,
      6.945178176131778,
      7.550894744406253,
      12.729995609995164,
      6.767034315635241,
      8.8856763272109,
      7.045074142168871,
      9.040283545193203,
      7.826873485187834,
      9.50198874472355
    ],
    "MBRE": [
      0.08874480613985535,
      0.08165393829263258,
      0.0900272608616672,
      0.10449477200934902,
      0.06956331678029679,
      0.08856282097181552,
      0.10424734382809037,
      0.1451995371697203,
      0.07989518137185399,
      0.0947802974070666,
      0.14114337169634175,
      0.08047359350994311,
      0.09483995171226378,
      0.11902311934211665,
      0.10251760044109469,
      0.10958841968014789,
      0.07489726438937533,
      0.07649587379340443,
      0.21715300025184597,
      0.09153566058983499,
      0.10513106087081109,
      0.07401008888644268,
      0.07665058911709359,
      0.16911575446020352,
      0.07181086290780452,
      0.09318291031394738,
      0.07543446699040067,
      0.1010726697208079,
      0.08409372467876866,
      0.10010136098374262
    ],
    "MIBRE": [
      0.0781423170133075,
      0.07240448815343892,
      0.0786770374334826,
      0.0906310590673558,
      0.06244605496800658,
      0.07560207265208976,
      0.08943469937468522,
      0.10885663753157605,
      0.07091713835401876,
      0.08240548603640274,
      0.11446612640370639,
      0.07131889389204718,
      0.08305263872412524,
      0.0975311244909418,
      0.08639086653775795,
      0.09401021853932537,
      0.06686920190072759,
      0.06810500897032304,
      0.15493302255606647,
      0.08005066721285442,
      0.09045385128766883,
      0.06645299716390003,
      0.06746270110806002,
      0.1220793305596507,
      0.06436730454173949,
      0.07958331962662932,
      0.06747030147904336,
      0.0871861761018935,
      0.0743308421860025,
      0.08681388967976131
    ]
  },
  "Mean_MAE": 132.34949494949495,
  "Mean_MRE": 9.268898557112285,
  "Mean_MBRE": 0.10018135397229129,
  "Mean_MIBRE": 0.08441484911821959,
  "Median_MAE": 124.62121212121212,
  "Median_MRE": 8.644396592624027,
  "Median_MBRE": 0.09235928545189118,
  "Median_MIBRE": 0.07981699341974187,
  "Runs": [
    {},
    {},
    {},
    {},
    {},
    {},
    {},
    {},
    {},
    {},
    {},
    {},
    {},
    {},
    {},
    {},
    {},
    {},
    {},
    {},
    {},
    {},
    {},
    {},
    {},
    {},
    {},
    {},
    {},
    {}
  ]
}