{
  "Metrics": {
    "MAE": [
      129.5939393939394,
      111.28787878787878,
      103.33333333333333,
      126.41818181818182,
      90.74545454545455,
      140.37878787878788,
      222.71212121212122,
      191.04545454545453,
      110.84848484848484,
      105.54545454545455,
      139.77878787878788,
      107.71515151515152,
      113.43939393939394,
      161.1818181818182,
      109.38181818181818,
      143.78787878787878,
      111.10606060606061,
      93.35454545454546,
      98.95454545454545,
      123.96969696969697,
      148.72424242424242,
      109.89393939393939,
      92.53030303030303,
      211.79393939393938,
      94.4090909090909,
      105.01515151515152,
      127.48181818181818,
      121.72727272727273,
      104.30606060606061,
      111.46666666666667
    ],
    "MRE": [
      8.531587027659608,
      7.671309885406442,
      7.253843685581877,
      8.542587598386424,
      6.329819030364956,
      10.508796561581473,
      16.860894689822505,
      14.841701966080608,
      7.659780073748003,
      7.398884637204774,
      10.683464425729627,
      7.889355689272408,
      8.108781459702048,
      12.4309060405164,
      7.591279841420871,
      10.12896085211291,
      7.576550341411897,
      6.405998404599429,
      7.174847758958207,
      8.619598655848373,
      9.807936137534243,
      7.6350495277469195,
      6.119001043350075,
      13.123168162185877,
      6.563632670295402,
      7.22970490608245,
      7.861795394826176,
      7.974289479395093,
      7.7614847342883415,
      7.892343731909571
    ],
    "MBRE": [
      0.0906664271446103,
      0.0790235009486128,
      0.07669092052770413,
      0.09042949548595171,
      0.06665854506222117,
      0.10921925348701098,
      0.17943148090541394,
      0.15117280871185784,
      0.07988198619213899,
      0.07963397503952693,
      0.11060089391410843,
      0.08056437555972044,
      0.08369640568111025,
      0.1269997069453902,
      0.08194948974983701,
      0.10630457791255794,
      0.08215528981207343,
      0.06706310105696513,
      0.0748799663748309,
      0.09304100924311265,
      0.1050515816699945,
      0.08165430770134482,
      0.06455619397765983,
      0.1726599609374151,
      0.06977199393510454,
      0.07802967833102126,
      0.08867023095629975,
      0.08776772393678342,
      0.083328362175502,
      0.08232421480285904
    ],
    "MIBRE": [
      0.07941874929647405,
      0.07000366677813512,
      0.06818397286823602,
      0.07975230050039961,
      0.060154001232684245,
      0.08892600252868137,
      0.13426844246945943,
      0.11203901263404346,
      0.07090745078431512,
      0.07038043315309181,
      0.09278004039823064,
      0.07175303308782306,
      0.07451592258427478,
      0.10283427823759896,
      0.07235477392226454,
      0.09157176737952218,
      0.07255347201465943,
      0.06052461101784336,
      0.0670848655644473,
      0.08102679192436928,
      0.09110897859354952,
      0.07266981028104996,
      0.05819157749586033,
      0.12534928794635805,
      0.06257489137147222,
      0.06934820287955146,
      0.07695574913783479,
      0.07721568146552044,
      0.07341739393068067,
      0.07303404267936633
    ]
  },
  "Mean_MAE": 125.39757575757577,
  "Mean_MRE": 8.805911813767434,
  "Mean_MBRE": 0.09412924860595798,
  "Mean_MIBRE": 0.08002997347192659,
  "Median_MAE": 111.37727272727273,
  "Median_MRE": 7.875575542049292,
  "Median_MBRE": 0.08282628848918053,
  "Median_MIBRE": 0.0732257183050235,
  "Runs": [
    {},
    {},
    {},
    {},
    {},
    {},
    {},
    {},
    {},
    {},
    {},
    {},
    {},
    {},
    {},
    {},
    {},
    {},
    {},
    {},
    {},
    {},
    {},
    {},
    {},
    {},
    {},
    {},
    {},
    {}
  ]
}