{
  "Metrics": {
    "MAE": [
      364.16254352116374,
      261.1889223731556,
      381.74706064628276,
      394.1779560415526,
      309.6807062660367,
      294.82331214961437,
      394.88775236302394,
      454.84295707950855,
      402.49104145438713,
      357.6749352486951,
      413.5314137863743,
      343.7919693569576,
      301.74588733726205,
      381.5420200569315,
      363.4994221401313,
      420.22989805415165,
      382.24464108071686,
      369.0181011238112,
      353.53869287689906,
      351.99661648640284,
      370.5895693561017,
      290.7472032421292,
      380.15892533091585,
      358.031204691329,
      363.0090393721237,
      319.2439665783945,
      391.10649168591675,
      387.00702256077733,
      432.05583050558016,
      367.6805075975421
    ],
    "MRE": [
      23.78016746020137,
      16.783105081448856,
      22.09512413363944,
      22.096408692696357,
      22.013992113377807,
      22.380806431137415,
      28.741358863197476,
      36.18302016339178,
      31.463540027663228,
      22.183505891678934,
      33.335891948159436,
      25.281403923179436,
      21.78352545042327,
      25.39747692330622,
      25.532530216096756,
      32.58729410495459,
      23.756245092444722,
      24.437567626550816,
      21.9318404168466,
      20.87909037063145,
      21.5412489538556,
      20.712646653706486,
      22.328477551257038,
      21.793533448632175,
      22.61649648734606,
      19.21817853825004,
      24.87526763260901,
      22.77459148886739,
      36.63961679373322,
      21.753645017251234
    ],
    "MBRE": [
      0.30151431889410363,
      0.20108060269307873,
      0.34837488890176643,
      0.34393634312678345,
      0.24853409729264772,
      0.2398807837218251,
      0.3207315442844417,
      0.3871508081192057,
      0.3468518118153049,
      0.30091403723867605,
      0.349118605296656,
      0.277589596714109,
      0.24268290189953529,
      0.31814296800273756,
      0.3042712924179408,
      0.35258260889718984,
      0.3327478949183606,
      0.30505576780985433,
      0.29590671034835425,
      0.29154132209422096,
      0.31040460693927796,
      0.2327880191445139,
      0.3398688705660267,
      0.3062067005430135,
      0.3034197299564083,
      0.2589668181316377,
      0.3349973440002398,
      0.33599554547912397,
      0.373820163689927,
      0.31840380319386075
    ],
    "MIBRE": [
      0.2122943461858037,
      0.15604172402171082,
      0.21296113329629512,
      0.2168098629861932,
      0.1867202261712564,
      0.1807361577626292,
      0.2323028930868142,
      0.2644040329948266,
      0.23594795597747656,
      0.20523996726857321,
      0.2404142027592118,
      0.20875658327048688,
      0.18318522178185698,
      0.22181898550568546,
      0.21454500977758642,
      0.24845597543343004,
      0.21769262417965865,
      0.21310767582672072,
      0.20298432602745106,
      0.19800907049782795,
      0.20519486683947047,
      0.17957744787742358,
      0.21446206464769652,
      0.20422317898442072,
      0.20713221148557673,
      0.182595008749101,
      0.22217832678954796,
      0.2157333763928831,
      0.25303196040185777,
      0.20630644153013378
    ]
  },
  "Mean_MAE": 365.21485367879563,
  "Mean_MRE": 24.563253249884475,
  "Mean_MBRE": 0.30744935020436076,
  "Mean_MIBRE": 0.21142876195032023,
  "Median_MAE": 368.3493043606767,
  "Median_MRE": 22.498651459241735,
  "Median_MBRE": 0.3083056537411457,
  "Median_MIBRE": 0.21262773974104943,
  "Runs": [
    {},
    {},
    {},
    {},
    {},
    {},
    {},
    {},
    {},
    {},
    {},
    {},
    {},
    {},
    {},
    {},
    {},
    {},
    {},
    {},
    {},
    {},
    {},
    {},
    {},
    {},
    {},
    {},
    {},
    {}
  ]
}