{
  "Metrics": {
    "MAE": [
      137.63642616091536,
      121.75755650568601,
      87.24708685365205,
      45.65897169882739,
      41.39314241035883,
      127.99176766644129,
      85.06811088295606,
      124.70855793052766,
      69.50484882440277,
      127.70147368970767,
      134.58769958570377,
      74.57183430529965,
      139.80380477524602,
      58.135895306550225,
      45.36031172846329,
      67.57246012327447,
      61.7325249719078,
      59.13737551696197,
      68.36270618326813,
      73.42747311289482,
      126.37558529849095,
      130.18210866015372,
      137.84380734628118,
      50.00566936601512,
      125.31333491135851,
      121.04471004778479,
      119.4186759564008,
      142.20771034109492,
      80.16480646810427,
      61.194571008461104
    ],
    "MRE": [
      31.39544186400083,
      34.15974702215433,
      22.246313702161437,
      9.23578303050318,
      8.292105568776437,
      32.11719450424606,
      22.135052574495024,
      31.598234256262923,
      15.126712683450322,
      30.803324805040706,
      36.10553663616462,
      13.193377789474301,
      34.91938119040315,
      10.839226288066616,
      8.887284950330198,
      16.13578970204923,
      11.674746784849797,
      11.046450881112824,
      15.79133190864833,
      15.149785815186256,
      32.528749589062436,
      28.870658653253304,
      37.87257350695165,
      9.268635291313338,
      28.980029856612855,
      32.179156947560884,
      28.062373923247964,
      33.06406477559604,
      19.928173936362708,
      11.340761622314979
    ],
    "MBRE": [
      0.39137163493820537,
      0.3569976802990776,
      0.24198691857574062,
      0.09868986434023506,
      0.0883552086985162,
      0.3563831393542694,
      0.23361235147831202,
      0.34650182142065933,
      0.1751839594052093,
      0.3591290678115788,
      0.3869119668602652,
      0.16923337192997115,
      0.39847807464342894,
      0.1254421422062037,
      0.09701585457531897,
      0.17349595571276397,
      0.13625595838476187,
      0.12997696989159607,
      0.17240190542402534,
      0.16177507025758356,
      0.36141578393041546,
      0.358800605393562,
      0.4058664365003295,
      0.10556515348384198,
      0.3453434314101646,
      0.3475200592425023,
      0.32684292249574676,
      0.4014724097858822,
      0.22757877012220348,
      0.13215104625576737
    ],
    "MIBRE": [
      0.2530090399313355,
      0.22696978295419826,
      0.179675077867117,
      0.08568149586946151,
      0.07738762131555695,
      0.2359403338333521,
      0.17158105902735438,
      0.23129974917880494,
      0.13961763387512569,
      0.23935268662280987,
      0.24636695206712908,
      0.12790038992010183,
      0.25718211909106126,
      0.10358898643052741,
      0.08380858016470906,
      0.1373535221067895,
      0.10962430099469198,
      0.10588247598473119,
      0.13757384627270877,
      0.12946525054625546,
      0.23687643266338845,
      0.245392539386361,
      0.24888462929946706,
      0.08873688496324954,
      0.23461097377024115,
      0.22740927928721863,
      0.22417261207539993,
      0.26339208654669444,
      0.17330553216920472,
      0.10764861300496155
    ]
  },
  "Mean_MAE": 94.83703358790636,
  "Mean_MRE": 22.43160000198842,
  "Mean_MBRE": 0.2537251844942712,
  "Mean_MIBRE": 0.17765634957400028,
  "Median_MAE": 86.15759886830406,
  "Median_MRE": 22.190683138328232,
  "Median_MBRE": 0.23779963502702633,
  "Median_MIBRE": 0.17649030501816088,
  "Runs": [
    {},
    {},
    {},
    {},
    {},
    {},
    {},
    {},
    {},
    {},
    {},
    {},
    {},
    {},
    {},
    {},
    {},
    {},
    {},
    {},
    {},
    {},
    {},
    {},
    {},
    {},
    {},
    {},
    {},
    {}
  ]
}