{
  "Metrics": {
    "MAE": [
      80.6412321682475,
      81.68427295336919,
      95.44512513684651,
      80.39818018431177,
      99.67636230191238,
      93.8697086328838,
      58.97722674167615,
      84.22107177723099,
      93.15900246742257,
      61.80350328705029,
      121.21237766735995,
      94.55676018344555,
      79.77498090692045,
      86.0907620919161,
      79.22181123161535,
      88.97425456857019,
      93.67551292781246,
      116.85883600326525,
      75.15119608673,
      116.2024174034184,
      95.796568740261,
      103.26214517320581,
      104.60664357527378,
      77.47380869079585,
      118.33580223233638,
      127.90551776843769,
      64.42662836164325,
      120.25785011848532,
      70.22331161947011,
      110.02020666633243
    ],
    "MRE": [
      18.721491272395816,
      21.70353452640423,
      20.48790761578774,
      20.26560312036974,
      24.092095858145075,
      22.915622850863105,
      14.510157259429167,
      22.125612341335792,
      20.393891700832388,
      14.059755761381137,
      33.19806041353861,
      19.16693217364043,
      19.824042838194657,
      19.55543550103062,
      22.31213875787649,
      20.666183635430457,
      24.8975563706504,
      31.633492809732765,
      19.065239996406444,
      31.183938341271695,
      24.08901071353869,
      22.950478456769197,
      27.477905956090755,
      18.644017975892066,
      26.320510533733575,
      34.90881022594874,
      15.388918747698153,
      27.187255850440366,
      16.051307579274496,
      26.438790459383053
    ],
    "MBRE": [
      0.20589952959317956,
      0.22644115206827156,
      0.24135328685576019,
      0.21892478739072618,
      0.2642639080695982,
      0.2501940812493361,
      0.15040952749925804,
      0.23099581472178987,
      0.23920104428633363,
      0.1518513633903206,
      0.35154810213636595,
      0.23493500712421195,
      0.21114079390895885,
      0.22026974539701225,
      0.2291172854674043,
      0.2304437317622888,
      0.2619499882823135,
      0.33669816449930845,
      0.2005156972391341,
      0.3282766510457797,
      0.2610429821480066,
      0.2688559639145094,
      0.29418782683945766,
      0.20217319842413253,
      0.3170328946280708,
      0.3711803391908532,
      0.1645469013335041,
      0.32698087510489726,
      0.1751440087413607,
      0.29845835350263705
    ],
    "MIBRE": [
      0.15914697098300787,
      0.1684812965726958,
      0.18050761244294752,
      0.16751080996538253,
      0.19492488501090052,
      0.1854295799682733,
      0.12480921879004037,
      0.17250974679780334,
      0.1762538197784499,
      0.12632767421144692,
      0.228153836860344,
      0.17563580114573885,
      0.16172964202338902,
      0.16911056441595598,
      0.16435960047946244,
      0.17560098696748175,
      0.18778068601959844,
      0.22099783408176446,
      0.1559697352570499,
      0.22273923678744145,
      0.18865192886466728,
      0.1981566561465973,
      0.20488801217247343,
      0.1563186145807564,
      0.22540659960205334,
      0.2371313078268957,
      0.1324747260792512,
      0.22600140556404785,
      0.1409973083073007,
      0.21258124548925267
    ]
  },
  "Mean_MAE": 92.46343592227488,
  "Mean_MRE": 22.674523321449534,
  "Mean_MBRE": 0.24880110019382606,
  "Mean_MIBRE": 0.18135291143974902,
  "Median_MAE": 93.41725769761752,
  "Median_MRE": 21.91457343387001,
  "Median_MBRE": 0.2370680257052728,
  "Median_MIBRE": 0.17594481046209437,
  "Runs": [
    {},
    {},
    {},
    {},
    {},
    {},
    {},
    {},
    {},
    {},
    {},
    {},
    {},
    {},
    {},
    {},
    {},
    {},
    {},
    {},
    {},
    {},
    {},
    {},
    {},
    {},
    {},
    {},
    {},
    {}
  ]
}