{
  "Metrics": {
    "MAE": [
      56.71799252942973,
      80.37962031363547,
      98.94280737180797,
      72.08433872363774,
      97.42152653437361,
      98.61338549021634,
      51.172352528878264,
      78.92154730434834,
      83.99560159995994,
      55.61199746353493,
      124.27141859018855,
      88.1549056596361,
      62.46317017368162,
      76.57883462749605,
      69.0113075606531,
      96.37371377183737,
      94.60029490877947,
      123.86789431305479,
      69.47285518458747,
      117.76715898203688,
      102.09858449136453,
      104.77819841551731,
      105.65491100074301,
      71.35852530095372,
      123.10281566307017,
      135.90041439887315,
      47.92866225470252,
      129.12560789318906,
      60.10452555817703,
      115.6926772010322
    ],
    "MRE": [
      10.843600625587024,
      20.26702165267527,
      21.067688649897143,
      18.117283952425435,
      23.400313381081528,
      24.634046285578773,
      11.113144699507593,
      19.40220729831751,
      17.86782295601275,
      11.979550918139159,
      34.01184658164691,
      17.50814823584524,
      14.60880957983054,
      17.54969745928225,
      18.81330176855142,
      22.499174982042994,
      25.114176043929376,
      33.20639407638847,
      16.063514855399017,
      31.961944805957504,
      25.242875243399887,
      23.234390505835822,
      26.875372229327375,
      17.678738090974758,
      26.92460106651346,
      37.395052770774804,
      9.912413206589015,
      28.41041779517772,
      11.548746153696953,
      27.869235465061788
    ],
    "MBRE": [
      0.1239762924338856,
      0.2156544324556683,
      0.25258946995752174,
      0.19664602197390593,
      0.25586152124139644,
      0.27006578501430817,
      0.1173889511297602,
      0.20592328996873221,
      0.2139389682635989,
      0.1317537319013177,
      0.3613534966466416,
      0.21506201573193648,
      0.15660875942147995,
      0.19467810068048894,
      0.19418101620464343,
      0.25301407494525047,
      0.26489347444674455,
      0.35745100668608065,
      0.17440580745646436,
      0.33712541378196736,
      0.28175454340045736,
      0.27361785218241164,
      0.2935283197678057,
      0.18837642550707717,
      0.3372392635764829,
      0.3964740399130388,
      0.10822890530240489,
      0.35714760542343776,
      0.13483104359097609,
      0.31640363265613847
    ],
    "MIBRE": [
      0.10258595037137219,
      0.15897958893785208,
      0.18472095914760783,
      0.15484963798835127,
      0.18708640512220964,
      0.19078268856222674,
      0.09920768805519697,
      0.15444643223667737,
      0.15633860506680786,
      0.11015803159953116,
      0.23200508694132835,
      0.1604092026353268,
      0.12406534230304074,
      0.15149365651986663,
      0.1468641019584688,
      0.18515174392092218,
      0.18885969522767437,
      0.23074577934335366,
      0.13998659333483998,
      0.22253103045787279,
      0.1989976559809247,
      0.2013347138229899,
      0.20584075761987855,
      0.14571654501905879,
      0.2315723051443297,
      0.24653505873467432,
      0.09306075753657707,
      0.23986735987799332,
      0.1101459516494562,
      0.22200598158109677
    ]
  },
  "Mean_MAE": 89.73892152697987,
  "Mean_MRE": 21.504051044514917,
  "Mean_MBRE": 0.23933910872206748,
  "Mean_MIBRE": 0.17254484355658356,
  "Median_MAE": 91.37760028420779,
  "Median_MRE": 20.667355151286205,
  "Median_MBRE": 0.234121951206595,
  "Median_MIBRE": 0.17256508089146733,
  "Runs": [
    {},
    {},
    {},
    {},
    {},
    {},
    {},
    {},
    {},
    {},
    {},
    {},
    {},
    {},
    {},
    {},
    {},
    {},
    {},
    {},
    {},
    {},
    {},
    {},
    {},
    {},
    {},
    {},
    {},
    {}
  ]
}