{
  "Metrics": {
    "MAE": [
      19.513797406056025,
      20.439479439191334,
      25.320122913342818,
      27.342461713148577,
      21.963333619008413,
      25.925996316939337,
      21.767788069707574,
      23.950187620145908,
      23.185753488090246,
      22.943319997970175,
      25.091819568518222,
      25.811609139029205,
      24.21286372455479,
      25.383562846827925,
      24.537864582280353,
      20.969896420048094,
      22.464310018373673,
      24.573778079775433,
      26.614044629153298,
      22.374349362169102,
      23.609762706754875,
      25.32528846513715,
      23.865659176668508,
      27.184955124575858,
      20.246446304104936,
      24.210783392124835,
      24.69788717560243,
      23.56457156581242,
      16.666145039815856,
      23.24403788903618
    ],
    "MRE": [
      4.347515543569395,
      5.58389821992994,
      6.0316391871307555,
      5.785630591112265,
      6.12107491672977,
      5.852057350949841,
      6.374164688122118,
      5.829161970251224,
      4.9906890012917975,
      4.961986695769889,
      6.900404638646967,
      5.544450380867291,
      6.352321330804013,
      5.709384094335541,
      5.640899322332204,
      4.56457427429987,
      6.080791851429302,
      6.705582490949398,
      6.6253156161035305,
      6.04098634331982,
      6.498636937497036,
      5.430237997039341,
      6.0657101433612866,
      7.233950348475633,
      4.682218977578161,
      6.717740270257498,
      5.314229614325225,
      5.285838286807591,
      3.9560722562721486,
      5.437369945054817
    ],
    "MBRE": [
      0.045559974264194905,
      0.06201950140148473,
      0.061914694777185746,
      0.059786561077532094,
      0.06650371643489628,
      0.061554311850429325,
      0.0688910946216955,
      0.0632307064208397,
      0.05198239055261704,
      0.05276685146906081,
      0.07587774501096459,
      0.0592698265236173,
      0.06852393453066329,
      0.06059842414706929,
      0.05904642369561856,
      0.047757770195495666,
      0.06447850264718748,
      0.07100269248790729,
      0.06751489462026382,
      0.06377815879339276,
      0.06674655477510048,
      0.05778443056019279,
      0.06302807148949062,
      0.07465541285145073,
      0.05025202626337657,
      0.07208391129561251,
      0.056265535586070475,
      0.056143685999096506,
      0.04074383803940393,
      0.05860222328998596
    ],
    "MIBRE": [
      0.04237098206122723,
      0.053779547854117385,
      0.05549535684021872,
      0.05478611712453686,
      0.05693730813079438,
      0.05603316214172414,
      0.05805424304423739,
      0.0559762342091199,
      0.047869047505704566,
      0.04820191080967048,
      0.06375578320492674,
      0.053948614315480904,
      0.059665394736632224,
      0.05499555353411292,
      0.053749055018001986,
      0.044204304073608876,
      0.05642005679402042,
      0.06097321158498437,
      0.05993644514071148,
      0.055621946914775,
      0.057503832728852275,
      0.05264902928861459,
      0.056018474378187945,
      0.06397008839188408,
      0.04581316410990061,
      0.06184138508537305,
      0.05154457200482876,
      0.05129414808987627,
      0.038059017640081405,
      0.052644599098767265
    ]
  },
  "Mean_MAE": 23.56672919313212,
  "Mean_MRE": 5.755484442820458,
  "Mean_MBRE": 0.06094546218906321,
  "Mean_MIBRE": 0.05413708619516574,
  "Median_MAE": 23.907923398407206,
  "Median_MRE": 5.807396280681745,
  "Median_MBRE": 0.06173450331380753,
  "Median_MIBRE": 0.05524545518716582,
  "Runs": [
    {},
    {},
    {},
    {},
    {},
    {},
    {},
    {},
    {},
    {},
    {},
    {},
    {},
    {},
    {},
    {},
    {},
    {},
    {},
    {},
    {},
    {},
    {},
    {},
    {},
    {},
    {},
    {},
    {},
    {}
  ]
}