{
  "Metrics": {
    "MAE": [
      46.543583294760026,
      43.783915967990126,
      105.48779790522413,
      53.26609071475691,
      32.91423081784612,
      65.69340237745182,
      32.9105466549685,
      71.47371088911981,
      39.67100518757904,
      55.41312659828276,
      68.17599492469063,
      32.76641850719481,
      81.04364501136963,
      67.54807653218656,
      35.28319273153746,
      53.386911627253546,
      46.31512276182519,
      49.67774753917002,
      45.28406655990843,
      53.17193569326304,
      47.87225607504368,
      39.932584627474114,
      48.60954183504521,
      44.60433871079817,
      39.25729375749219,
      102.16598232079218,
      69.65844677505658,
      86.90921117410596,
      33.65621519362896,
      51.173886425741216
    ],
    "MRE": [
      9.314152863799812,
      9.489297845683796,
      23.664138623844387,
      11.48781571308615,
      6.917351839280572,
      13.417694178982966,
      8.262931839313811,
      18.390163919617088,
      7.942490303580915,
      12.491807725133949,
      13.935763154756915,
      6.432912163677091,
      18.472917332471013,
      13.474078912803215,
      7.909416144502418,
      9.781136984564846,
      10.660870160460851,
      10.556621359133405,
      9.969852523252504,
      11.489668564783964,
      9.69529000084764,
      7.783762739163011,
      10.614325595690598,
      8.902721377137661,
      7.776997196960288,
      27.10871800369901,
      16.033075748951955,
      18.760153840146803,
      6.932603758499677,
      10.275178551097449
    ],
    "MBRE": [
      0.10096929701179219,
      0.09986795890930614,
      0.3216251979156603,
      0.12429849833039516,
      0.07284111908181444,
      0.15115513364103367,
      0.08530305691528621,
      0.19125697547033121,
      0.08796323621680066,
      0.1377925295206384,
      0.15410429563922698,
      0.06975357328155225,
      0.20621338994387345,
      0.15629085507112989,
      0.08243912613949503,
      0.11368673153810743,
      0.11220582713374583,
      0.11628593873071322,
      0.10458955340653502,
      0.12024125757809313,
      0.10961972931278909,
      0.08888335684109303,
      0.11403500669776134,
      0.09740851084585896,
      0.08362350881756113,
      0.29229771093826423,
      0.1790132435061813,
      0.22610891060074012,
      0.0749537030559856,
      0.11229456762715974
    ],
    "MIBRE": [
      0.08721366218521533,
      0.08656535607557651,
      0.2030593551509483,
      0.10346450830026446,
      0.06499540706722041,
      0.1188908300306735,
      0.07119895551428362,
      0.1426550051274661,
      0.07639291171912746,
      0.11279928610622672,
      0.12358352054402522,
      0.0625483644043288,
      0.15375456580163016,
      0.12437875292333156,
      0.07298990974644104,
      0.09221157092168597,
      0.09535307013155704,
      0.09708253101379433,
      0.08894978152169317,
      0.10150149194526673,
      0.09194566068766036,
      0.07604982403707429,
      0.09731122800584209,
      0.08420543113591147,
      0.07329716640876813,
      0.19651437328590365,
      0.13846242502932,
      0.16376695835313998,
      0.06655655804317234,
      0.09400545563547749
    ]
  },
  "Mean_MAE": 54.78834263971854,
  "Mean_MRE": 11.931463632164128,
  "Mean_MBRE": 0.13290405999063085,
  "Mean_MIBRE": 0.10539013056176753,
  "Median_MAE": 49.14364468710762,
  "Median_MRE": 10.415899955115428,
  "Median_MBRE": 0.11299064958263358,
  "Median_MIBRE": 0.09467926288351727,
  "Runs": [
    {},
    {},
    {},
    {},
    {},
    {},
    {},
    {},
    {},
    {},
    {},
    {},
    {},
    {},
    {},
    {},
    {},
    {},
    {},
    {},
    {},
    {},
    {},
    {},
    {},
    {},
    {},
    {},
    {},
    {}
  ]
}