{
  "Metrics": {
    "MAE": [
      114.54247884610213,
      84.30322340490652,
      80.00503987453044,
      76.00986988697838,
      65.7263592598022,
      106.40874154440925,
      96.72770002039671,
      113.60751324246408,
      105.50637033560024,
      83.91099891766417,
      111.96237289197825,
      91.94038761145903,
      111.49783683483386,
      87.49864273267278,
      90.91056791958987,
      93.82866160933615,
      106.2272785263768,
      106.14082977039135,
      82.21120941484686,
      97.43891165302115,
      86.89208455128977,
      116.48091107882657,
      137.77916961762145,
      79.28809309352584,
      107.73270380401172,
      96.01009553515146,
      107.94758906277255,
      127.9067544700526,
      112.51604791648928,
      85.05553889902441
    ],
    "MRE": [
      26.246105749367825,
      22.96675345244525,
      18.839309515125013,
      17.673710365919128,
      16.32894359528292,
      25.514968052423242,
      26.491783059279882,
      29.314873491411646,
      23.570629923353273,
      20.154386452859903,
      28.052898389223095,
      18.274246845105395,
      28.720647668789745,
      20.81032045815367,
      24.799138277478264,
      22.475153796223836,
      27.803901517071587,
      27.044250629980944,
      20.962504674937104,
      26.256870886191564,
      20.95060376558388,
      26.70836458209212,
      37.45511194361521,
      19.465072730213983,
      24.150782519866596,
      25.45996955451553,
      25.754994330000468,
      29.9876248714939,
      26.963815935769613,
      19.03113226220812
    ],
    "MBRE": [
      0.3078469271375976,
      0.23744112805012918,
      0.20614353307939332,
      0.19225718091491992,
      0.17139540396413747,
      0.283656261928079,
      0.276888409348471,
      0.3169287199614822,
      0.2768085444082356,
      0.22019320832448439,
      0.3037548963915277,
      0.22528854602881374,
      0.31192185861352384,
      0.2292623941081238,
      0.25813374048666204,
      0.2503034745636399,
      0.29686345870279396,
      0.2937284355685127,
      0.22291383299481554,
      0.27426133666480357,
      0.22705610356701394,
      0.3115004574928109,
      0.40185431840757774,
      0.20890060330239696,
      0.283821547257766,
      0.26883508180205745,
      0.2913841747728495,
      0.35070561769276937,
      0.30599297277429605,
      0.2136902245505975
    ],
    "MIBRE": [
      0.21733269197546015,
      0.1739181531776225,
      0.16039619369024916,
      0.1522637693346742,
      0.1369588185366154,
      0.20527621321311165,
      0.1913150891812172,
      0.2179334030030918,
      0.20496639456090074,
      0.1687983560555918,
      0.21578610313830066,
      0.16879253331257998,
      0.2148691419546945,
      0.17394184663638332,
      0.1825282247081075,
      0.18690604607144892,
      0.20724329229476288,
      0.20537916821369664,
      0.1680542708682778,
      0.19356523347275423,
      0.17391426874171179,
      0.2231452296846063,
      0.2501326064693681,
      0.16061762006639355,
      0.20509286677969696,
      0.1913041776750017,
      0.20700207987067834,
      0.24173151292083273,
      0.2189260485830419,
      0.165523320708509
    ]
  },
  "Mean_MAE": 98.80046607753751,
  "Mean_MRE": 24.274295643199423,
  "Mean_MBRE": 0.26732441309534277,
  "Mean_MIBRE": 0.19278715582997935,
  "Median_MAE": 97.08330583670893,
  "Median_MRE": 25.129553915996897,
  "Median_MBRE": 0.2755349405365196,
  "Median_MIBRE": 0.19244016132698571,
  "Runs": [
    {},
    {},
    {},
    {},
    {},
    {},
    {},
    {},
    {},
    {},
    {},
    {},
    {},
    {},
    {},
    {},
    {},
    {},
    {},
    {},
    {},
    {},
    {},
    {},
    {},
    {},
    {},
    {},
    {},
    {}
  ]
}