{
  "Metrics": {
    "MAE": [
      109.709317260467,
      43.00534899538364,
      122.08860337924078,
      69.53562692335342,
      138.5735557684767,
      46.30128052019942,
      44.708353568355896,
      81.71915626591101,
      54.54545529571073,
      39.49942700259684,
      151.55034893117147,
      75.9007626444962,
      115.14752468361795,
      59.4248409469305,
      81.85626158234128,
      113.41959155099129,
      139.13456069987532,
      102.682376223772,
      56.9650179347826,
      115.16166363255304,
      121.1120670821831,
      125.96028992629753,
      155.62967471353377,
      48.388575330687836,
      103.56439947685695,
      122.48128300326636,
      66.00642489072925,
      116.16887445073294,
      50.588258008921926,
      141.51879157133212
    ],
    "MRE": [
      26.78926822134475,
      8.805154808967766,
      28.098716913766857,
      16.230062725205748,
      36.67889069099352,
      9.279116750744333,
      8.997988019332306,
      20.062023737596153,
      9.880083032047475,
      7.464349843435379,
      40.27100502273104,
      15.764149712880043,
      28.737832391111677,
      11.564149304450243,
      21.188981838812552,
      28.133350324701333,
      35.53563088288308,
      29.007693035126287,
      11.23133363826162,
      28.810262057884344,
      30.294508896994078,
      29.054935278586342,
      39.512158801190836,
      9.592732467764304,
      22.06921542915377,
      32.27918195838305,
      15.347797259211502,
      24.7382194870095,
      9.85354099819101,
      32.909603838530394
    ],
    "MBRE": [
      0.3035689223240312,
      0.09348039413562026,
      0.3371620184498033,
      0.1797925172045149,
      0.4041273071011113,
      0.10190393217685675,
      0.09845997271284164,
      0.21433945893731943,
      0.11587860819061484,
      0.08166469186042236,
      0.4415946392326108,
      0.18373910056249249,
      0.31914096316386453,
      0.12855814157068965,
      0.21909938616474767,
      0.3108422411727201,
      0.3979351884248118,
      0.3010160456506767,
      0.12462282874384267,
      0.32051010700365656,
      0.3448928003260694,
      0.3458116539312335,
      0.4584386872610415,
      0.10508407485026755,
      0.27442729076362427,
      0.3532624142634471,
      0.16758615142372413,
      0.31710830737751544,
      0.10825263505133394,
      0.4237868710546606
    ],
    "MIBRE": [
      0.20442709444258714,
      0.08136454106210439,
      0.2263690493448875,
      0.14355691771437484,
      0.2505372710893437,
      0.08785534148209832,
      0.08623201829062353,
      0.15812484593617845,
      0.0960469840871316,
      0.07147539897635613,
      0.2697098686576367,
      0.14180812230540238,
      0.21940597155742836,
      0.10664870197759782,
      0.16337507964607187,
      0.21630929683588326,
      0.2555981156899359,
      0.19756409499386246,
      0.10387206543488302,
      0.21764058023607505,
      0.23042251171294093,
      0.23861555560026945,
      0.2764223312103211,
      0.09007613705668395,
      0.19310111222027604,
      0.23005586715943557,
      0.13200576654192342,
      0.21764243819524504,
      0.09327020279853794,
      0.2554522049536299
    ]
  },
  "Mean_MAE": 93.74492374215897,
  "Mean_MRE": 22.272731245576377,
  "Mean_MBRE": 0.25253624503620553,
  "Mean_MIBRE": 0.1751661829069909,
  "Median_MAE": 103.12338785031447,
  "Median_MRE": 23.403717458081633,
  "Median_MBRE": 0.2877216682071505,
  "Median_MIBRE": 0.19533260360706925,
  "Runs": [
    {},
    {},
    {},
    {},
    {},
    {},
    {},
    {},
    {},
    {},
    {},
    {},
    {},
    {},
    {},
    {},
    {},
    {},
    {},
    {},
    {},
    {},
    {},
    {},
    {},
    {},
    {},
    {},
    {},
    {}
  ]
}