{
  "Metrics": {
    "MAE": [
      138.77149673107687,
      103.46550819868142,
      87.66317413934239,
      65.57489904963194,
      38.34626130274718,
      118.81568450374606,
      74.18741381569316,
      112.86573409352992,
      81.27512152992355,
      113.81359192742644,
      120.31275223120278,
      80.56995433991834,
      139.34297313934724,
      74.79122606538994,
      66.5223546424927,
      81.76997249407195,
      69.41533593210835,
      77.93352542030904,
      75.00914975786593,
      91.83783954557094,
      111.10373978558009,
      111.65678354682086,
      136.47924994998291,
      70.90173565572914,
      100.85619582686334,
      101.25009392230182,
      112.0002758842305,
      142.30682233320724,
      84.87545544763542,
      74.3725818725558
    ],
    "MRE": [
      32.05993817138461,
      28.39239886229229,
      22.308882631822758,
      14.624408596016563,
      7.695291671018241,
      28.816019645167067,
      19.313742201517776,
      27.979890525052742,
      17.862990608289724,
      27.949403138615413,
      30.77983607567788,
      15.75696900959566,
      34.59328064968889,
      16.1403248714618,
      16.722034807275232,
      18.770443190277327,
      16.695465075845046,
      17.918045684172387,
      18.435642780244024,
      21.862040813440206,
      29.330447527151193,
      25.826466823692773,
      37.24938555289876,
      16.49782503091588,
      23.047545829188184,
      26.543234062866674,
      26.527972445650832,
      32.915526333421155,
      21.190874226789248,
      16.114048043740112
    ],
    "MBRE": [
      0.39332327452838006,
      0.2957181082482498,
      0.241300694616965,
      0.15999028241576363,
      0.08101115495481961,
      0.32442452821655315,
      0.2021965544032904,
      0.30654777250411036,
      0.20639586699157322,
      0.3147715850792242,
      0.3336417389141321,
      0.18987103971669622,
      0.3970534661780651,
      0.18064629252226333,
      0.17368070281294454,
      0.21070489010722693,
      0.17694850197872772,
      0.19725550183435836,
      0.19766211306899936,
      0.23047156445188158,
      0.3162347267206586,
      0.29649133850148657,
      0.39970311582095697,
      0.17707595852377706,
      0.2645189067020902,
      0.28248176369180666,
      0.30082438410877393,
      0.40157476714391643,
      0.23612899231552145,
      0.18093370267930342
    ],
    "MIBRE": [
      0.2555075397664364,
      0.20356823393807186,
      0.17832852662006174,
      0.13081865437800017,
      0.0716665038353957,
      0.22486878103995978,
      0.15388844935602275,
      0.21642951657837275,
      0.16088388662265243,
      0.21947941011302538,
      0.2286795011251666,
      0.14763452668697466,
      0.2566629284586615,
      0.14361570133535145,
      0.13929968198776868,
      0.16123181160705571,
      0.14277683729464344,
      0.15367094607704335,
      0.15320977402529423,
      0.17772295147715833,
      0.21541591188665501,
      0.21710838003404584,
      0.24747292378281438,
      0.14309446557730068,
      0.19417283611741806,
      0.19892753014864803,
      0.2124194756154223,
      0.2635964794916846,
      0.17930152477395378,
      0.1444002017835432
    ]
  },
  "Mean_MAE": 95.26956343616612,
  "Mean_MRE": 22.99734582950568,
  "Mean_MBRE": 0.2556527763250839,
  "Mean_MIBRE": 0.1845284630511534,
  "Median_MAE": 89.75050684245667,
  "Median_MRE": 22.085461722631482,
  "Median_MBRE": 0.23871484346624322,
  "Median_MIBRE": 0.17881502569700775,
  "Runs": [
    {},
    {},
    {},
    {},
    {},
    {},
    {},
    {},
    {},
    {},
    {},
    {},
    {},
    {},
    {},
    {},
    {},
    {},
    {},
    {},
    {},
    {},
    {},
    {},
    {},
    {},
    {},
    {},
    {},
    {}
  ]
}