{
  "Metrics": {
    "MAE": [
      86.48414541535556,
      81.82481443235876,
      89.42072838749074,
      82.77130761941837,
      85.10238246296201,
      68.52150383613825,
      88.52031282438234,
      85.57701307864201,
      67.32292336095031,
      77.62943956762828,
      62.64234982776248,
      100.7545295272659,
      88.84405718102687,
      79.09960438710087,
      73.01842999628333,
      67.43370524719364,
      63.04282591192045,
      94.09652491384341,
      83.60408774351434,
      77.55269795442447,
      69.80228075052408,
      87.25070991192317,
      71.98709747913226,
      68.78899805611498,
      87.40969524370462,
      106.82245049563377,
      75.26881986611517,
      59.08505825303647,
      55.796535194406545,
      98.59592359378489
    ],
    "MRE": [
      20.557381020483934,
      23.76833728752078,
      17.859856933112038,
      19.000323815247157,
      25.064852938283,
      13.720897242410008,
      22.41254488844407,
      24.020305903131906,
      16.84137174714997,
      19.805630466853156,
      15.56318390465902,
      19.57051186410976,
      23.08004909725071,
      17.866919378261095,
      19.908953957671667,
      16.331302409631586,
      15.074541054482008,
      23.38560475386422,
      17.414593476876497,
      20.934723057186755,
      16.874418007461937,
      21.062486745420532,
      19.800142700651865,
      15.852976736982194,
      17.421553001481417,
      30.66724948926191,
      19.454916177885508,
      12.044667995489467,
      13.420458573458468,
      24.936032809232394
    ],
    "MBRE": [
      0.22426908503280238,
      0.24041423474949386,
      0.22018242359143048,
      0.21020088760295316,
      0.2550194814649926,
      0.15852089760729376,
      0.23978354686702524,
      0.24460758132057192,
      0.1794706142051775,
      0.20922566048326027,
      0.16184749147858635,
      0.2526294035320524,
      0.24262320674299392,
      0.1994637994615334,
      0.20766018807735936,
      0.17401438282652282,
      0.1550406166473222,
      0.2549737646594563,
      0.2047681722918516,
      0.21273965755582586,
      0.18141638445054392,
      0.23101786500407853,
      0.20071488293381562,
      0.17194452420876072,
      0.21444134424971853,
      0.31272946218993675,
      0.20402925248187648,
      0.13596603801977897,
      0.14173011433630212,
      0.266471532324765
    ],
    "MIBRE": [
      0.16874383429506218,
      0.1712240570381267,
      0.16838656386978873,
      0.1634920792797089,
      0.17161402944830165,
      0.12713688399988463,
      0.17624879319468545,
      0.17346558319069105,
      0.14089565259734751,
      0.15993169685514427,
      0.13239921324321632,
      0.18422479595635358,
      0.17898816415494911,
      0.15467955609824646,
      0.15494489249455953,
      0.13832133246318562,
      0.1266035368096364,
      0.18065670905289957,
      0.15705151957676253,
      0.16023750366699013,
      0.14355270549729562,
      0.17223470343147657,
      0.15389455475752176,
      0.13712537571425018,
      0.16080539974662827,
      0.20597048782426503,
      0.15488147762130078,
      0.11392929710669442,
      0.1171723744362708,
      0.19519290315600663
    ]
  },
  "Mean_MAE": 79.46903175066795,
  "Mean_MRE": 19.457226247798506,
  "Mean_MBRE": 0.21026388321326941,
  "Mean_MIBRE": 0.15813352255257496,
  "Median_MAE": 80.46220940972981,
  "Median_MRE": 19.512714020997635,
  "Median_MBRE": 0.20971327404310672,
  "Median_MIBRE": 0.1600846002610672,
  "Runs": [
    {},
    {},
    {},
    {},
    {},
    {},
    {},
    {},
    {},
    {},
    {},
    {},
    {},
    {},
    {},
    {},
    {},
    {},
    {},
    {},
    {},
    {},
    {},
    {},
    {},
    {},
    {},
    {},
    {},
    {}
  ]
}