{
  "Metrics": {
    "MAE": [
      50.9354140676788,
      67.59415455207227,
      61.83430062698544,
      58.49785678052083,
      45.92254067029523,
      65.7917767510713,
      75.42225577726765,
      63.84003712400147,
      63.452727705153144,
      52.13182348620498,
      50.11661570203233,
      57.505762544427625,
      60.49551455957132,
      72.55164032329304,
      67.34274789158479,
      49.122678458833434,
      82.45437558190136,
      66.00952022549214,
      63.69959018875241,
      36.4361339844653,
      61.896027968917416,
      82.9318606314234,
      36.229782072934036,
      79.94326404448181,
      55.65355105562948,
      82.23025868550705,
      54.59149189145407,
      48.75736171751037,
      47.531198583429486,
      73.02133607527476
    ],
    "MRE": [
      11.39700137965259,
      18.68917066514024,
      12.112722685532985,
      12.248204714627745,
      12.644920679167157,
      13.517141197613295,
      18.273901376800303,
      17.797516823123647,
      15.210717038678148,
      12.49126525289524,
      12.343005939165815,
      10.782327081426793,
      14.880661484642443,
      16.964372750678994,
      16.488574948364057,
      11.191765827887888,
      19.7887594551135,
      16.380404449623448,
      14.79324165668726,
      9.57807406204211,
      15.733125151769102,
      17.13025633130058,
      8.885837180172526,
      19.27315799679949,
      9.96997893290114,
      22.822100975079987,
      14.304640900065849,
      11.672109449875634,
      10.982344216539683,
      18.887199723040272
    ],
    "MBRE": [
      0.12101721824237924,
      0.191437912195892,
      0.1439617907338603,
      0.13799766410294217,
      0.13222059599565603,
      0.1548481561133622,
      0.1986758247534711,
      0.17946737022771517,
      0.16528969350044614,
      0.12934024086475687,
      0.1420899596057959,
      0.12589071233670043,
      0.16240767278711302,
      0.18525707864512841,
      0.17711939687934206,
      0.12248776479527348,
      0.21582176818029694,
      0.17321572622682344,
      0.15921675285426667,
      0.11204733155922478,
      0.16375693271916025,
      0.20254284965833852,
      0.10536360816148088,
      0.21140213665653243,
      0.11724733792746166,
      0.2313471427045769,
      0.14724295809173737,
      0.1224512746460839,
      0.11608480083270718,
      0.19681707404506316
    ],
    "MIBRE": [
      0.10238766747588385,
      0.14107393212870933,
      0.11665018309764749,
      0.11387098924390153,
      0.10524633825992401,
      0.12533225099068576,
      0.15124306513681077,
      0.13500276748833923,
      0.13028204623692266,
      0.10854518211758266,
      0.11118747368011957,
      0.10389884967709606,
      0.1285606878596744,
      0.14239118838419648,
      0.13838989376534747,
      0.10229020656238073,
      0.16254178436527073,
      0.13574803482645928,
      0.1286142942747252,
      0.08939570497296609,
      0.1278684965901537,
      0.15489490939491807,
      0.0853487314613439,
      0.15901181634181752,
      0.09564752568773596,
      0.16358382787579143,
      0.1167423246865269,
      0.10242771427505222,
      0.09793982209382415,
      0.14923526206992946
    ]
  },
  "Mean_MAE": 61.13145332427222,
  "Mean_MRE": 14.574483344213597,
  "Mean_MBRE": 0.15813555820145292,
  "Mean_MIBRE": 0.12417843236739122,
  "Median_MAE": 61.865164297951424,
  "Median_MRE": 14.548941278376553,
  "Median_MBRE": 0.15703245448381442,
  "Median_MIBRE": 0.12660037379041972,
  "Runs": [
    {},
    {},
    {},
    {},
    {},
    {},
    {},
    {},
    {},
    {},
    {},
    {},
    {},
    {},
    {},
    {},
    {},
    {},
    {},
    {},
    {},
    {},
    {},
    {},
    {},
    {},
    {},
    {},
    {},
    {}
  ]
}