{
  "Metrics": {
    "MAE": [
      110.2027839327506,
      108.65618034251854,
      78.16400286443752,
      112.85013445176165,
      131.14352091240474,
      51.73592781375327,
      140.07040770506822,
      149.21155973008993,
      92.57888761542831,
      161.73649521632913,
      135.2254860500347,
      150.01056276781347,
      82.85719477696024,
      50.77101766228526,
      70.38630756442164,
      150.20123985502065,
      97.69760743361459,
      80.40573238200376,
      69.52190893584753,
      106.56783090151791,
      112.69811396949099,
      143.88869194166634,
      143.2677101212066,
      114.40498013287967,
      136.05217317029107,
      112.35770497748885,
      94.28709008650249,
      65.51160673830715,
      89.35865179352925,
      86.32048251745839
    ],
    "MRE": [
      21.575440847913292,
      33.21745868264984,
      16.13905615365026,
      27.621061839946965,
      33.793407293436424,
      10.07076401371215,
      39.18552848839643,
      43.83432158224852,
      23.949150050030518,
      39.34259583567931,
      34.59627613709401,
      30.783788258762364,
      20.433526770680082,
      9.841743351593903,
      13.997273737564154,
      35.42893282735851,
      20.350361291948253,
      15.464623822326345,
      13.699470852536916,
      30.321402282652056,
      24.237934995673626,
      33.1389186552434,
      36.82006199202909,
      28.398638325227516,
      23.862345675583665,
      31.796593751534907,
      20.798549445498246,
      14.93641592189238,
      21.05199792500739,
      18.814053472287952
    ],
    "MBRE": [
      0.3107133353064588,
      0.3331479828288376,
      0.2193087501643812,
      0.30770812135976494,
      0.38764714702592934,
      0.11517404077658713,
      0.40759718235209297,
      0.46812088954126885,
      0.26164692476589774,
      0.48639556900125913,
      0.3810041357947551,
      0.44427426886538907,
      0.23309982588234915,
      0.1087560623468337,
      0.1697205626656979,
      0.46527699879954804,
      0.2518557046069788,
      0.1888344725721636,
      0.15961229056140597,
      0.3128377400895979,
      0.2984656890391047,
      0.42047581117436883,
      0.4126414030939938,
      0.3262864034138989,
      0.4184345558518659,
      0.3276751417084664,
      0.23143034207865723,
      0.16697966146852655,
      0.2569535480247893,
      0.21636715839431678
    ],
    "MIBRE": [
      0.19151645340785323,
      0.20667584895739222,
      0.15576520551209297,
      0.20834211021196136,
      0.2419131375191133,
      0.09628539340053023,
      0.24667390242125328,
      0.2507578337690836,
      0.19040715884380258,
      0.28449789062613984,
      0.24359581976688946,
      0.2768967510037895,
      0.16229442774425942,
      0.0918804193287795,
      0.131588232418246,
      0.26341345735568816,
      0.18248110106500995,
      0.14194379873984256,
      0.12578684647020436,
      0.20370075780112717,
      0.2075880507720664,
      0.26186765065242557,
      0.26026049423328246,
      0.2123979720509455,
      0.22638410796349107,
      0.2145315289734891,
      0.16801875436445948,
      0.12913187383572597,
      0.18410773583066295,
      0.164388766510598
    ]
  },
  "Mean_MAE": 107.60473314542942,
  "Mean_MRE": 25.583389809338616,
  "Mean_MBRE": 0.3029480573185061,
  "Mean_MIBRE": 0.19750311605167348,
  "Median_MAE": 109.42948213763458,
  "Median_MRE": 24.093542522852072,
  "Median_MBRE": 0.30921072833311186,
  "Median_MIBRE": 0.2051883033792597,
  "Runs": [
    {},
    {},
    {},
    {},
    {},
    {},
    {},
    {},
    {},
    {},
    {},
    {},
    {},
    {},
    {},
    {},
    {},
    {},
    {},
    {},
    {},
    {},
    {},
    {},
    {},
    {},
    {},
    {},
    {},
    {}
  ]
}