{
  "Metrics": {
    "MAE": [
      43.25205734751967,
      63.22683914701694,
      66.88142025134587,
      53.88224490080344,
      42.90556348839847,
      66.56643326081232,
      53.86453771636278,
      57.2464806411204,
      64.62473027360025,
      52.07825262751881,
      45.05145373759284,
      56.46340793206105,
      48.63066435937608,
      56.13154387795297,
      67.94787003100608,
      46.98435984414429,
      73.3545636102844,
      64.95943980532581,
      64.106970999987,
      34.31884159067961,
      54.40997258360438,
      53.340904848886474,
      36.43554142758028,
      81.86057853982517,
      52.04966639467976,
      84.1764852251989,
      68.70349232160349,
      54.18935691919188,
      52.810749117936545,
      60.24299753295998
    ],
    "MRE": [
      9.441894743967309,
      17.39442721397435,
      12.956899695033972,
      11.294442212631264,
      12.200153412200521,
      13.603829538609052,
      13.220566234713715,
      16.035899198588016,
      15.525012359116532,
      12.58993464343294,
      11.107321519139221,
      10.286658459938081,
      12.197409045026715,
      12.292711503217465,
      17.47593239628911,
      10.875514609245625,
      17.588667255148493,
      15.640545214124495,
      13.844102263866583,
      9.290698238140044,
      12.626042774026015,
      12.165281747051948,
      8.976384495928832,
      19.145083138200743,
      9.308444808777445,
      23.26984734464748,
      17.641683724886917,
      12.702279367118683,
      12.389997285103227,
      14.852722053881685
    ],
    "MBRE": [
      0.09897358115973605,
      0.17851236722059197,
      0.1547066372017003,
      0.12422897737431876,
      0.1257227763561371,
      0.156735146205346,
      0.14018686780137488,
      0.16172854626799765,
      0.16925319017263893,
      0.12984425681258976,
      0.12400215104865718,
      0.12178866567315928,
      0.12810170571881965,
      0.1340450834853338,
      0.18325683689777006,
      0.11733291806995048,
      0.19143172795178806,
      0.1675341403163242,
      0.1527729438854188,
      0.10172579797884199,
      0.13390506597743126,
      0.1312418338790993,
      0.10188559525750875,
      0.2135071404368987,
      0.10981101420990436,
      0.23601511376178563,
      0.1841114592173294,
      0.1348888528138491,
      0.1314232631919951,
      0.1553311148786531
    ],
    "MIBRE": [
      0.08601414718911529,
      0.13360597357802162,
      0.12451302161437162,
      0.10447268749867236,
      0.09910293131621364,
      0.12642890507421012,
      0.11215803700425467,
      0.1236398615189552,
      0.13284200503213742,
      0.10864998221741844,
      0.1006117799959598,
      0.10085030926067375,
      0.10543529677463914,
      0.10975443509656956,
      0.14008307149827506,
      0.09871059140267428,
      0.14821607044782278,
      0.13220481762023353,
      0.12415096124749951,
      0.0837416586977412,
      0.10987020898456071,
      0.10781877910038096,
      0.08405712183386314,
      0.16165995870924382,
      0.09099806447099887,
      0.16691919289399496,
      0.14078324938047196,
      0.11229721377000408,
      0.10888028295489358,
      0.1243022069366299
    ]
  },
  "Mean_MAE": 57.3565806784792,
  "Mean_MRE": 13.598012883200884,
  "Mean_MBRE": 0.14646682570743164,
  "Mean_MIBRE": 0.11675909410401669,
  "Median_MAE": 55.270758230778675,
  "Median_MRE": 12.664161070572348,
  "Median_MBRE": 0.13446696814959147,
  "Median_MIBRE": 0.11101412299440769,
  "Runs": [
    {},
    {},
    {},
    {},
    {},
    {},
    {},
    {},
    {},
    {},
    {},
    {},
    {},
    {},
    {},
    {},
    {},
    {},
    {},
    {},
    {},
    {},
    {},
    {},
    {},
    {},
    {},
    {},
    {},
    {}
  ]
}