{
  "Metrics": {
    "MAE": [
      53.26996391692111,
      55.68932771595951,
      132.89508022140097,
      58.91342820213391,
      41.535336173403785,
      70.22189931238701,
      45.24913370665357,
      88.67827349231696,
      76.31521651135617,
      66.02992703609053,
      83.44972614770245,
      45.60020540035225,
      104.26992584611567,
      69.37593257922295,
      42.196515125777026,
      53.15348139451694,
      69.53795043712607,
      69.87740611402573,
      58.67912498684072,
      77.69970859203121,
      84.4831783599217,
      58.06260309500766,
      69.2333892932784,
      65.34139639491399,
      49.699683332136104,
      126.96379724854587,
      65.9653801650821,
      84.79765223938998,
      36.90257827840429,
      54.87970963600396
    ],
    "MRE": [
      11.277030894487574,
      14.01337121993217,
      26.201674734831165,
      11.789488739435512,
      9.896957394751327,
      14.16854768420949,
      11.386399971150388,
      24.2833506903968,
      17.26227128557225,
      16.265641418215594,
      18.74375636410085,
      8.328521942987413,
      27.465316576894665,
      14.486291262696543,
      9.524020464966922,
      11.510469982050981,
      16.405724712265744,
      15.374996813995553,
      13.389514222865994,
      18.988436986352138,
      18.415051652948744,
      13.226612729314269,
      16.90355763576798,
      13.334364361601828,
      9.166711647477067,
      35.71793754230586,
      15.215973601886235,
      16.91541337372719,
      7.731086069047412,
      13.483965043092002
    ],
    "MBRE": [
      0.12184744104778812,
      0.1427199063892264,
      0.4205843754892275,
      0.1341528349942386,
      0.10667121723334119,
      0.16664973616134848,
      0.12228458403928805,
      0.2574389143474848,
      0.20264888385415072,
      0.17327951117511478,
      0.2125758535240207,
      0.09545218191016938,
      0.29403563510430303,
      0.16057407542553867,
      0.10000377905993885,
      0.11973324849389798,
      0.17517315516294063,
      0.175714500644184,
      0.14527868223953042,
      0.19286717017460414,
      0.22545558362535129,
      0.14981004905777706,
      0.18078157926430075,
      0.1473866741043865,
      0.10446237390889956,
      0.37679294035719213,
      0.16611833643876456,
      0.21358623959607634,
      0.08211938155769254,
      0.13998069698742807
    ],
    "MIBRE": [
      0.10234730965022819,
      0.11619995654473374,
      0.2429254271702355,
      0.11028319250143045,
      0.08925523805047335,
      0.1299699135712164,
      0.09854395020187282,
      0.1637848026935817,
      0.15187089944559992,
      0.1302280485942421,
      0.15803257093627424,
      0.08168097323321281,
      0.19511999542388617,
      0.12857523851722494,
      0.08607863185155175,
      0.0988465874602485,
      0.13736208105320188,
      0.1293136207437928,
      0.11391461784031608,
      0.14835733165327486,
      0.16579954591231785,
      0.11825462840796189,
      0.13752566019983248,
      0.12055974647832877,
      0.08793068907791125,
      0.22739401021783479,
      0.13137178685440193,
      0.15612355116901605,
      0.0723290081986389,
      0.11280550596831808
    ]
  },
  "Mean_MAE": 68.63223103183395,
  "Mean_MRE": 15.695748567310922,
  "Mean_MBRE": 0.1768726513789402,
  "Mean_MIBRE": 0.13142615065403868,
  "Median_MAE": 65.99765360058632,
  "Median_MRE": 14.327419473453016,
  "Median_MBRE": 0.1633462059321516,
  "Median_MIBRE": 0.12894442963050887,
  "Runs": [
    {},
    {},
    {},
    {},
    {},
    {},
    {},
    {},
    {},
    {},
    {},
    {},
    {},
    {},
    {},
    {},
    {},
    {},
    {},
    {},
    {},
    {},
    {},
    {},
    {},
    {},
    {},
    {},
    {},
    {}
  ]
}