{
  "Metrics": {
    "MAE": [
      70.93645695880835,
      99.96307539105042,
      91.14891773983138,
      54.87323167613301,
      129.24526502761796,
      63.099128474670145,
      98.8386637101124,
      123.50162174794676,
      61.80720093465452,
      122.73086667815286,
      104.0527332492273,
      162.46336192991595,
      76.43744318276939,
      54.88996086158881,
      61.27413531559279,
      80.24728590176028,
      68.03036413999007,
      78.00325995917238,
      98.29213774111615,
      73.47097130048452,
      98.12659457660278,
      86.9676027114475,
      109.15027140085726,
      52.11251141493455,
      79.33088316470132,
      114.24703464013967,
      79.93490673533628,
      49.2687658395332,
      80.33935616850505,
      88.9129092532287
    ],
    "MRE": [
      14.89930861027306,
      26.818110470107747,
      18.477187953910573,
      12.035531842595324,
      32.86507924210086,
      12.717127905429207,
      24.034612819431995,
      36.59029596042636,
      14.961496826588835,
      34.93796700212457,
      24.270280437259498,
      33.34286476755472,
      17.32871995932253,
      10.86037893331191,
      14.387778135571718,
      18.038760360299023,
      12.833565905162168,
      18.416753560255557,
      19.501327467144893,
      17.471090464609542,
      21.747061326793002,
      23.030152481384658,
      29.7769461130592,
      11.38346212486209,
      15.360173089056445,
      31.221674353272107,
      19.02488762041884,
      10.303479492567355,
      19.51316354275733,
      18.377832073770847
    ],
    "MBRE": [
      0.1673706751812566,
      0.2991468424798757,
      0.24678877418228815,
      0.1343507324401747,
      0.43470541913169086,
      0.14621982306120335,
      0.27066069613934157,
      0.39321031849306887,
      0.18142990453883448,
      0.3911368259331692,
      0.2657894124580615,
      0.5603315622922118,
      0.19164539718658782,
      0.12399755477398289,
      0.174599862137398,
      0.19750002994587476,
      0.1555766303637607,
      0.20047984581541625,
      0.2672597717937637,
      0.1782174527879618,
      0.2554018964678157,
      0.2516367086524287,
      0.3228051574334118,
      0.12068088382586467,
      0.18024021739182844,
      0.3260308225401224,
      0.209953160295078,
      0.1191171195056868,
      0.28415965239072827,
      0.2185598020903532
    ],
    "MIBRE": [
      0.13241281183500284,
      0.19601710743053166,
      0.17310443778056175,
      0.10888118110589202,
      0.249438924888914,
      0.1189604318139581,
      0.1907935463567311,
      0.22835044607664495,
      0.13456703410778195,
      0.23007458808958334,
      0.1915470719210257,
      0.29387461310935015,
      0.1472132860228384,
      0.10312628735861616,
      0.13275715940174052,
      0.14935271235325134,
      0.12063704270635003,
      0.15221263474227315,
      0.17941870526770892,
      0.13465410076324927,
      0.18780993766677323,
      0.17371653348272045,
      0.2068822469835651,
      0.1015689580810295,
      0.13913083424689096,
      0.2153152995189744,
      0.15399459396122786,
      0.10029746516254176,
      0.1720884013608692,
      0.16330820365481552
    ]
  },
  "Mean_MAE": 87.05656392752941,
  "Mean_MRE": 20.484235694714066,
  "Mean_MBRE": 0.2423000983909747,
  "Mean_MIBRE": 0.16605021990838045,
  "Median_MAE": 80.29332103513266,
  "Median_MRE": 18.446970757083065,
  "Median_MBRE": 0.2142564811927156,
  "Median_MIBRE": 0.1586513988080217,
  "Runs": [
    {},
    {},
    {},
    {},
    {},
    {},
    {},
    {},
    {},
    {},
    {},
    {},
    {},
    {},
    {},
    {},
    {},
    {},
    {},
    {},
    {},
    {},
    {},
    {},
    {},
    {},
    {},
    {},
    {},
    {}
  ]
}