{
  "Metrics": {
    "MAE": [
      145.3438372554773,
      121.8809183229004,
      99.40027929591439,
      82.82727441314553,
      60.60768574921754,
      126.13512423150009,
      91.73344430751172,
      118.546383685446,
      82.77613260954617,
      118.28292626825771,
      120.81217468701094,
      85.51520883215964,
      160.35599623854236,
      79.38773604264476,
      74.20111589397497,
      81.02746647104853,
      68.65533426950591,
      74.59871214788734,
      88.65993994522691,
      107.10199507042253,
      123.49629498239435,
      115.06885258215964,
      140.2996684663537,
      80.24682477465807,
      116.27081150234743,
      114.85914168762574,
      119.37138337245696,
      147.0212250293427,
      91.8022684859155,
      84.70961032863849
    ],
    "MRE": [
      35.681165636274386,
      34.90687158237835,
      21.00925535744708,
      17.630224468401877,
      15.792301828962415,
      28.086463780660804,
      24.434242414490285,
      31.02925889772831,
      18.988951479522044,
      31.902863855047865,
      31.54165200034957,
      15.26181025649915,
      45.87147510001069,
      17.26098625106528,
      18.594028809224863,
      19.733120509773666,
      16.439653178906088,
      15.358558985123974,
      19.84471784900526,
      26.573414337163697,
      30.61988151355145,
      28.598770765158164,
      40.062338251543366,
      16.879293834568607,
      23.853756346543,
      30.665795028908732,
      29.76869264906275,
      33.23963428280599,
      21.607782497265816,
      19.435405614466056
    ],
    "MBRE": [
      0.4199666371839191,
      0.3560283012933388,
      0.2581210838925561,
      0.20478441225217064,
      0.16137460516946023,
      0.34838419727010944,
      0.25584181059540506,
      0.327220199211281,
      0.21806956042006645,
      0.3436091183028401,
      0.3352406695860002,
      0.2003532123457575,
      0.4725505298660436,
      0.19404164026362836,
      0.1943878357662784,
      0.21451471373241182,
      0.17395454994465265,
      0.17848700224142464,
      0.2265496846341721,
      0.27320238759527715,
      0.3454588118485969,
      0.3192806079027403,
      0.4210459236663988,
      0.18841513815259328,
      0.30795207503875877,
      0.32352058152649715,
      0.32629909214571906,
      0.42114550338821466,
      0.25975473420545225,
      0.21470432571909062
    ],
    "MIBRE": [
      0.26484172506340903,
      0.229108389989001,
      0.1957156217992649,
      0.15804793375934295,
      0.1249091092113964,
      0.23328432012496292,
      0.18450363484996607,
      0.22354259418374736,
      0.16391262952819544,
      0.2243114157676934,
      0.2283406927348858,
      0.14815907563271727,
      0.27183934277536786,
      0.15234512898345404,
      0.15200791429815677,
      0.15737650991688523,
      0.14008965747999916,
      0.13921581231187022,
      0.17294284158899678,
      0.19900137212044647,
      0.23395911908201633,
      0.2197034754098611,
      0.2476363586738729,
      0.15011148248646045,
      0.21544439701930676,
      0.21968880013453254,
      0.22212340159373484,
      0.27205819823885846,
      0.18767515033867468,
      0.16599795364006545
    ]
  },
  "Mean_MAE": 104.0331922316411,
  "Mean_MRE": 25.355745578730318,
  "Mean_MBRE": 0.28280863150536184,
  "Mean_MIBRE": 0.19659646862457145,
  "Median_MAE": 103.25113718316845,
  "Median_MRE": 24.143999380516643,
  "Median_MBRE": 0.2664785609003647,
  "Median_MIBRE": 0.1973584969598557,
  "Runs": [
    {},
    {},
    {},
    {},
    {},
    {},
    {},
    {},
    {},
    {},
    {},
    {},
    {},
    {},
    {},
    {},
    {},
    {},
    {},
    {},
    {},
    {},
    {},
    {},
    {},
    {},
    {},
    {},
    {},
    {}
  ]
}