{
  "Metrics": {
    "MAE": [
      104.93364448448744,
      111.76319957294949,
      141.57845447964274,
      124.5675720291717,
      127.96564147064942,
      73.96361576608368,
      103.70996222385818,
      136.4704736696466,
      126.51721672201376,
      146.59900328259346,
      115.33665912481375,
      161.7255005857432,
      122.37249504910733,
      59.685883739076274,
      92.06831890152975,
      140.83984807613254,
      96.42692410703229,
      93.55664313887925,
      89.65093917934018,
      137.73906914815223,
      101.36930380542402,
      138.70880202563822,
      125.95070855630853,
      116.65951143208274,
      82.68147849885017,
      130.16819340515147,
      85.84037333631,
      119.49492406061518,
      122.24199554735621,
      111.4061052545388
    ],
    "MRE": [
      24.993242243309773,
      32.83147813679107,
      26.293954654348646,
      29.6683687866036,
      35.0823446016353,
      14.945372577200333,
      25.524346113734314,
      37.02059419390817,
      34.436816808899096,
      38.968762817951884,
      30.024282693143096,
      31.410071610394475,
      35.18408229574548,
      11.320262480032293,
      19.932061599118615,
      34.30405919795223,
      17.84646004887487,
      20.402331638602064,
      19.055177564648865,
      40.6152994243968,
      24.194069723010895,
      35.37126294888619,
      30.75120006809749,
      25.92655392021087,
      15.314596786311313,
      36.75367154960755,
      19.541285379778785,
      25.64424912133976,
      24.116969004026327,
      27.055128184042843
    ],
    "MBRE": [
      0.27969609779014115,
      0.3325233251358955,
      0.4139655491985338,
      0.3464225652115871,
      0.3692969261890339,
      0.17386275698650316,
      0.2824644680618023,
      0.40166873933927233,
      0.3668378851386596,
      0.4245753164770361,
      0.3240393312683207,
      0.504256625567712,
      0.36437797468183064,
      0.13113339453947473,
      0.2418787757568663,
      0.4068914311411742,
      0.24329783541772468,
      0.23896483463713816,
      0.2225618565504154,
      0.4084998500725836,
      0.2714401990304888,
      0.39843434337350137,
      0.3523580307070337,
      0.31832687723773007,
      0.19385788628710324,
      0.38305360072987565,
      0.2215909148839395,
      0.3181372683799703,
      0.32995404610669227,
      0.30275516659225166
    ],
    "MIBRE": [
      0.19086559260198815,
      0.21351665010877457,
      0.2540881468665859,
      0.2287707056709557,
      0.23737080117115475,
      0.1359586537964509,
      0.2022058161104073,
      0.2474909692274858,
      0.23395361797896075,
      0.2627943819712833,
      0.22043906630944726,
      0.29438225521653266,
      0.22346686125538323,
      0.1066561226152054,
      0.17818389564645915,
      0.25606435854380893,
      0.17106301770487806,
      0.17838029939019429,
      0.16706885729561258,
      0.2425181932427843,
      0.19509833353384815,
      0.2532916983023277,
      0.2365681738852886,
      0.2168000197060827,
      0.14503310280853948,
      0.2384360119342994,
      0.1662321609484629,
      0.22180654676782754,
      0.22490595064953567,
      0.21356144710105732
    ]
  },
  "Mean_MAE": 114.73308202243928,
  "Mean_MRE": 27.484278539086763,
  "Mean_MBRE": 0.3189041290830098,
  "Mean_MIBRE": 0.21189905694538735,
  "Median_MAE": 118.07721774634896,
  "Median_MRE": 26.674541419195744,
  "Median_MBRE": 0.3269966886875065,
  "Median_MIBRE": 0.22112280653863742,
  "Runs": [
    {},
    {},
    {},
    {},
    {},
    {},
    {},
    {},
    {},
    {},
    {},
    {},
    {},
    {},
    {},
    {},
    {},
    {},
    {},
    {},
    {},
    {},
    {},
    {},
    {},
    {},
    {},
    {},
    {},
    {}
  ]
}