{
  "Metrics": {
    "MAE": [
      112.68659583344466,
      129.26416706374846,
      137.86291421402206,
      111.81974449874603,
      110.29976275268352,
      110.43415618438951,
      125.83851254752715,
      126.04857057586119,
      114.9213829222215,
      124.87393565594618,
      115.39321823902453,
      122.76878541581424,
      119.5389492897811,
      110.62513783932518,
      115.6750721198599,
      112.41898255126841,
      113.43349034066465,
      116.31171469964178,
      113.32777231404309,
      147.41863619038952,
      122.03602661441353,
      116.26336077239364,
      113.21858338868654,
      113.58940614437853,
      114.24345963758903,
      125.17583551906762,
      109.67312473515183,
      120.74117033528302,
      124.96498778164076,
      122.12664077283374
    ],
    "MRE": [
      27.525041855043803,
      38.451323067684974,
      25.38433047969349,
      26.658972268407332,
      29.67691256547883,
      24.28244620699068,
      35.60396298878552,
      36.404622723517704,
      27.387681598557812,
      35.78997436687367,
      31.8636760432222,
      24.01138228698889,
      32.57912330249218,
      27.518337757896116,
      28.94041841708829,
      25.285681919487796,
      26.10481469572161,
      25.792807891946158,
      27.26485634851386,
      44.4308550937964,
      29.17636340374213,
      27.076337717095818,
      29.662179826397278,
      26.40501879786904,
      22.561204920993326,
      35.986004306594694,
      26.882658320792185,
      25.791149388977402,
      24.20719190673017,
      32.43179860274788
    ],
    "MBRE": [
      0.3088760282703974,
      0.3910977424014656,
      0.38811147709240323,
      0.3035778498868991,
      0.3147978893393249,
      0.29267222905635853,
      0.3708275783485361,
      0.3743246301918038,
      0.3136739866477587,
      0.3693771995035906,
      0.3329731988323861,
      0.32870820360901937,
      0.3428336570730497,
      0.3043816679432338,
      0.3211992304133854,
      0.3002611243602744,
      0.3047658032387852,
      0.31190670986147506,
      0.3092328118127939,
      0.4474700678930057,
      0.33579784951232494,
      0.31553526572627527,
      0.32001650412929306,
      0.3071555697975219,
      0.3003629178945883,
      0.3712425182437301,
      0.30027832065631377,
      0.32244685776026366,
      0.33564138918064285,
      0.3481066789905164
    ],
    "MIBRE": [
      0.2151207196704709,
      0.23676934627120105,
      0.24638906161171817,
      0.21369654383627049,
      0.21182639774242792,
      0.20910462870629268,
      0.23301816141605855,
      0.23316712151292196,
      0.21947450182654207,
      0.2314963766330998,
      0.22012900555358603,
      0.22448639144604732,
      0.2260777210503638,
      0.2114552288125645,
      0.21945484653237352,
      0.2133611543872876,
      0.2161010403596758,
      0.21987366100813743,
      0.21580806399421548,
      0.2587711559683634,
      0.2309290430626418,
      0.2205344492116299,
      0.2168102646852146,
      0.21582928379828467,
      0.20896408685888015,
      0.2319213696455862,
      0.21108870903448979,
      0.2267890313024199,
      0.22778886685489041,
      0.22954636278060075
    ]
  },
  "Mean_MAE": 119.09980323166137,
  "Mean_MRE": 29.37123763567091,
  "Mean_MBRE": 0.33292176525558054,
  "Mean_MIBRE": 0.22319275318580858,
  "Median_MAE": 115.96921644612678,
  "Median_MRE": 27.453009678226962,
  "Median_MBRE": 0.3206078672713392,
  "Median_MIBRE": 0.22000133328086174,
  "Runs": [
    {},
    {},
    {},
    {},
    {},
    {},
    {},
    {},
    {},
    {},
    {},
    {},
    {},
    {},
    {},
    {},
    {},
    {},
    {},
    {},
    {},
    {},
    {},
    {},
    {},
    {},
    {},
    {},
    {},
    {}
  ]
}