{
  "Metrics": {
    "MAE": [
      116.06833524614328,
      133.56906658861058,
      132.76957211899582,
      109.3724717734757,
      110.58919169519757,
      110.029832195744,
      119.71329703838902,
      140.6362336040391,
      109.35479839976024,
      126.70654412784494,
      111.74985087053274,
      116.34034279148656,
      117.26997165790495,
      109.09750851069897,
      115.1116327271478,
      109.84783982837216,
      111.57718835826647,
      115.66103196544677,
      113.92709935987398,
      152.22460614325718,
      118.10562107687768,
      114.329077809548,
      115.63012234233167,
      116.60075808976431,
      120.68488712204197,
      121.77868534206017,
      110.34959720322769,
      117.06496634429092,
      125.61919123594238,
      119.75938495753549
    ],
    "MRE": [
      25.549420763171593,
      40.4300147739328,
      24.6285029021606,
      26.028992558127804,
      28.167797996059807,
      22.99429604000521,
      32.78754334724351,
      41.88156474983215,
      25.610288508258222,
      36.504415893741125,
      30.549839889197095,
      22.419945350763864,
      32.127532730202034,
      26.77301497664834,
      28.430040815790512,
      25.413037310597442,
      26.388650008449478,
      25.625754833599363,
      28.206396447315356,
      46.24780337021397,
      27.219990647794972,
      27.666221559608108,
      29.550992839008856,
      28.639162064697878,
      22.347336329385264,
      34.937981100532646,
      25.820158505528696,
      26.085547487839055,
      24.116194455804038,
      30.86478310447219
    ],
    "MBRE": [
      0.31166304658565275,
      0.40918702189473516,
      0.36653359293314586,
      0.29617897597969634,
      0.3075585864838471,
      0.2883233043257582,
      0.34721480840847463,
      0.42583870822307957,
      0.29512946213630264,
      0.3759839227016735,
      0.3206717197868323,
      0.30625456648496996,
      0.3367021633159176,
      0.2983958833544158,
      0.31845739174818505,
      0.2951369710184825,
      0.30198366693646356,
      0.3103974428126349,
      0.31407406002835,
      0.46483104005531584,
      0.31992992223815514,
      0.3129883964694235,
      0.3247449527704231,
      0.3206242119878799,
      0.3225514314680122,
      0.3605728793141211,
      0.29859832742701,
      0.31366942961100464,
      0.33872870550199125,
      0.337245259412785
    ],
    "MIBRE": [
      0.21874750293205242,
      0.24062445854851358,
      0.23798923937391803,
      0.20937029123195142,
      0.2120662634721356,
      0.20555927573239735,
      0.22526336486164342,
      0.2496034825353234,
      0.20994578467060787,
      0.2335816067485577,
      0.2149397774046779,
      0.21076299452251446,
      0.2227305579472808,
      0.20843108208709968,
      0.2176155175094711,
      0.2095318287267719,
      0.21268624384013704,
      0.2181672224349556,
      0.21675646350266414,
      0.26308998639368475,
      0.22375532680898572,
      0.21786261722864442,
      0.22055010903549954,
      0.22064586484051293,
      0.2146461644279319,
      0.22743543448845346,
      0.21114711263945807,
      0.22132915308096587,
      0.22776846579780272,
      0.2258002102949299
    ]
  },
  "Mean_MAE": 118.71795688416026,
  "Mean_MRE": 29.133774045332732,
  "Mean_MBRE": 0.331338995047158,
  "Mean_MIBRE": 0.22161344677065137,
  "Median_MAE": 116.20433901881492,
  "Median_MRE": 27.44310610370154,
  "Median_MBRE": 0.3191936569931701,
  "Median_MIBRE": 0.21845736268350402,
  "Runs": [
    {},
    {},
    {},
    {},
    {},
    {},
    {},
    {},
    {},
    {},
    {},
    {},
    {},
    {},
    {},
    {},
    {},
    {},
    {},
    {},
    {},
    {},
    {},
    {},
    {},
    {},
    {},
    {},
    {},
    {}
  ]
}