{
  "Metrics": {
    "MAE": [
      123448.8022837535,
      116386.21970244023,
      115832.10119476987,
      120174.15340578562,
      91225.0762617076,
      132458.03872258417,
      95272.34031419017,
      98356.51471434432,
      96568.05115850153,
      133054.7695579382,
      111941.55465618696,
      101657.49931347907,
      105989.26119678846,
      127799.56268435177,
      111422.66019436564,
      138362.53397697702,
      130880.91294391462,
      104473.30399203527,
      122215.12756843552,
      82476.86905461266,
      108706.49730849951,
      81605.92689476887,
      107496.30793009463,
      134893.68288475473,
      131698.41827321902,
      103622.41198261539,
      126576.81993771419,
      132177.27680937792,
      112768.91526076992,
      103764.71376267512
    ],
    "MRE": [
      59.01518152021491,
      78.25456980672236,
      72.64663732623738,
      55.7787159975147,
      86.66044345933201,
      105.66576233385985,
      61.41035952257005,
      84.62070809259876,
      70.81759446135032,
      66.07112029149528,
      90.5690703818864,
      63.19804779253592,
      98.68172323405278,
      86.38359070193486,
      57.73905612292927,
      130.75156452143207,
      77.20292982672592,
      111.61730891485801,
      59.05178245099334,
      64.20646500494355,
      54.22391447690963,
      65.95562111503439,
      59.04635662020944,
      85.7900560500535,
      80.09232986043854,
      86.25871511630547,
      57.39486577325782,
      69.40348325684734,
      64.94951233058376,
      63.1753265438468
    ],
    "MBRE": [
      15.219395698205375,
      16.02094016992732,
      0.9550670234295788,
      23.538543439393386,
      -2.052619511260277,
      126.95170608460288,
      5.37933848842183,
      1.5998800463147638,
      2.4172245506024135,
      30.05975002055247,
      4.740595863897616,
      2.6465289271607655,
      -0.4139992845213361,
      26.874529714791933,
      8.98382646773175,
      30.08936580957914,
      16.036545862049234,
      6.087873359161557,
      27.015777840149248,
      2.2648404051470803,
      2.0306389313943916,
      1.5954909146721028,
      3.4284683244483793,
      14.988377627056844,
      24.208152424912655,
      27.89170513488495,
      23.677879265781648,
      27.657191949110977,
      8.994733382808208,
      1.5723825516950474
    ],
    "MIBRE": [
      0.5611009376682063,
      0.7725500346268458,
      0.7158813688144692,
      0.5377307291737151,
      0.819291825351129,
      0.9629921485046098,
      0.608383550602852,
      0.7934042140917991,
      0.6368081984255998,
      0.65545071727703,
      0.8539837896583296,
      0.6155865562335991,
      0.9607506251713303,
      0.8077559881158469,
      0.5742876802275234,
      1.179844411545329,
      0.7479721745509335,
      1.0507945197385822,
      0.5730506863789819,
      0.6079584229093633,
      0.5302054914404434,
      0.6175079187931,
      0.5882388294991802,
      0.8248038136971996,
      0.7885511939187464,
      0.8390708684203567,
      0.5730086367389468,
      0.6703876641254889,
      0.6460789740163052,
      0.5945908195044134
    ]
  },
  "Mean_MAE": 113443.54413138838,
  "Mean_MRE": 75.55442709692247,
  "Mean_MBRE": 16.015337716070064,
  "Mean_MIBRE": 0.7236007596406753,
  "Median_MAE": 112355.23495847844,
  "Median_MRE": 70.11053885909882,
  "Median_MBRE": 8.98927992526998,
  "Median_MIBRE": 0.6629191907012595,
  "Runs": [
    {},
    {},
    {},
    {},
    {},
    {},
    {},
    {},
    {},
    {},
    {},
    {},
    {},
    {},
    {},
    {},
    {},
    {},
    {},
    {},
    {},
    {},
    {},
    {},
    {},
    {},
    {},
    {},
    {},
    {}
  ]
}