{
  "Metrics": {
    "MAE": [
      92646.46852668385,
      92023.51681449969,
      108657.29455109501,
      114325.94763927298,
      79548.27250662992,
      90155.7583655886,
      69225.03801098763,
      99618.68625651865,
      69565.74526072823,
      115188.88540495078,
      82746.91336520406,
      108349.98904731964,
      73277.35791006402,
      126205.61912536058,
      79639.5819082608,
      126935.2151240604,
      84841.30839213222,
      84452.80199254386,
      109669.82143789782,
      84294.88200662583,
      93439.42614382645,
      70888.6884006956,
      79668.31733172375,
      82961.17295865706,
      89765.35992322287,
      89109.76521645582,
      118899.65223111428,
      91601.52957727059,
      108756.49688798144,
      102822.9742807383
    ],
    "MRE": [
      258.33219210711167,
      217.36792796465653,
      201.63633654813805,
      306.91056035475316,
      158.18582350084776,
      242.048902208217,
      75.573535284438,
      208.32558054170406,
      141.44412170115152,
      212.72893138454023,
      159.43460056962562,
      190.42034984399547,
      156.48166846095805,
      296.0970239322062,
      90.74659286105748,
      341.81993227155255,
      201.86450383410426,
      200.9402579712169,
      267.6975068952806,
      223.2849832136913,
      192.3435389936975,
      157.80875499059806,
      167.62313687302913,
      159.50225518899774,
      186.226205877402,
      222.15526370882213,
      288.5918847540681,
      194.03097596016036,
      280.61821896271175,
      168.91467421085912
    ],
    "MBRE": [
      2.629881995868087,
      2.2231338656617456,
      2.105556471609642,
      3.150060309520896,
      1.629665166399659,
      2.4725575442934122,
      0.8437913826115874,
      2.1498517400722355,
      1.4457111961129991,
      2.2501378311444666,
      1.6402833295743107,
      2.0108039900905883,
      1.5991949111662653,
      3.124961397568795,
      0.9642215635692903,
      3.5621449080112773,
      2.073776713130216,
      2.0704346801692766,
      2.737489881995606,
      2.2693218674927538,
      1.9677629211876517,
      1.6076967342763222,
      1.7181308346407411,
      1.629084061564691,
      1.919425240076679,
      2.2831166133191725,
      2.975751660492068,
      1.9955341955859163,
      2.876923471290448,
      1.80334003458849
    ],
    "MIBRE": [
      0.5211497694219352,
      0.5494037534937976,
      0.5545571929407663,
      0.6249158992729239,
      0.4743689315999323,
      0.5024982698908729,
      0.3967338785929853,
      0.5522102942636311,
      0.4836587283953792,
      0.6167652847542082,
      0.47466170314101297,
      0.5053945685597256,
      0.48224531309319246,
      0.6571100389920413,
      0.37587387917971554,
      0.6088303033277264,
      0.4638025556500903,
      0.5575668260093276,
      0.5521640851368602,
      0.5411630410603824,
      0.5461247939777996,
      0.41567471230775566,
      0.5474664808911106,
      0.48268035232493156,
      0.5002424845675008,
      0.5194924324394155,
      0.6188424271093761,
      0.5069459858518304,
      0.6179970355547026,
      0.560605657053987
    ]
  },
  "Mean_MAE": 93976.0828866037,
  "Mean_MRE": 205.63854136565305,
  "Mean_MBRE": 2.1243248837695092,
  "Mean_MIBRE": 0.5270382226284973,
  "Median_MAE": 90878.64397142958,
  "Median_MRE": 201.28829725967748,
  "Median_MBRE": 2.0721056966497464,
  "Median_MIBRE": 0.5311564052411588,
  "Runs": [
    {},
    {},
    {},
    {},
    {},
    {},
    {},
    {},
    {},
    {},
    {},
    {},
    {},
    {},
    {},
    {},
    {},
    {},
    {},
    {},
    {},
    {},
    {},
    {},
    {},
    {},
    {},
    {},
    {},
    {}
  ]
}