{
  "Metrics": {
    "MAE": [
      133536.27400732512,
      133117.5164994063,
      154184.86428539988,
      144286.60517475827,
      122371.24200674405,
      156467.20563168338,
      148046.40013203595,
      92654.85141264844,
      139986.14525812265,
      140411.38190173742,
      143803.1656205401,
      142427.7135847126,
      137573.85055684732,
      137106.93656065874,
      128547.46073990468,
      115262.49423520663,
      122479.49220730767,
      115705.26328204195,
      151002.3950977238,
      125418.70792199575,
      150945.3601530767,
      90688.8830232365,
      98953.03388546228,
      152434.46255655368,
      148705.81482323934,
      121681.92220486076,
      122547.17837637266,
      100064.15923670327,
      113488.73548954529,
      130144.40947222698
    ],
    "MRE": [
      307.3600464478135,
      330.00031130265836,
      346.8793334207952,
      379.5954064988982,
      187.6516350927728,
      414.76408919560475,
      343.79192941580584,
      169.5335501824655,
      350.9070929501603,
      329.74157691939945,
      406.6998148193231,
      340.6417769375181,
      319.99755782643626,
      292.1799633964201,
      273.40381610262205,
      241.07611916623793,
      254.18882539580557,
      245.19053348488978,
      408.9508248616211,
      258.25632234758774,
      416.99678295854784,
      177.7864976331063,
      166.80608333553818,
      384.02630656669254,
      335.31039029189213,
      253.37575950820414,
      269.662658760077,
      181.66715479867338,
      230.97002479818212,
      246.6664085000766
    ],
    "MBRE": [
      3.3535999846128,
      3.589710900596704,
      3.9085172205962615,
      4.082120454956511,
      2.274484657838414,
      4.524372758758452,
      3.861049007213059,
      1.81410169828998,
      3.8535514446610484,
      3.699193124893457,
      4.37694123263262,
      3.7455007091267882,
      3.4669284755518213,
      3.2432438729747437,
      3.0301614464755104,
      2.6463790697098646,
      2.8861558651646093,
      2.7203984738211693,
      4.402410595151149,
      2.8465385932573866,
      4.492342852870861,
      1.9174695392054928,
      1.8559670447988086,
      4.208774160597462,
      3.7089857793033625,
      2.8361737327414547,
      2.922459536621987,
      2.0024351227789885,
      2.5401831018587036,
      2.8186622157724477
    ],
    "MIBRE": [
      0.673866521500845,
      0.6257911262870187,
      0.7216382391095956,
      0.6720420427580841,
      0.6101957277905597,
      0.7106592841693913,
      0.6906886151826527,
      0.5491363500582525,
      0.6626061910836122,
      0.6595581967645279,
      0.6533756073615793,
      0.6443828220557548,
      0.6611862474066179,
      0.6448200739102495,
      0.6321733707904719,
      0.5880204688315157,
      0.5696649171211287,
      0.5896492664906686,
      0.7155140841156689,
      0.6172990277931804,
      0.6653506905211226,
      0.5386790454826917,
      0.5387334559078141,
      0.7067486352172179,
      0.6870130236670351,
      0.5659223950578193,
      0.5869312359311869,
      0.5453965235629206,
      0.4919348348647666,
      0.6279588986434443
    ]
  },
  "Mean_MAE": 130468.13084460261,
  "Mean_MRE": 295.4692864305276,
  "Mean_MBRE": 3.2542937557610636,
  "Mean_MIBRE": 0.6282312306479132,
  "Median_MAE": 133326.8952533657,
  "Median_MRE": 299.77000492211675,
  "Median_MBRE": 3.298421928793772,
  "Median_MIBRE": 0.6382780964231134,
  "Runs": [
    {},
    {},
    {},
    {},
    {},
    {},
    {},
    {},
    {},
    {},
    {},
    {},
    {},
    {},
    {},
    {},
    {},
    {},
    {},
    {},
    {},
    {},
    {},
    {},
    {},
    {},
    {},
    {},
    {},
    {}
  ]
}