{
  "Metrics": {
    "MAE": [
      121397.86714556594,
      121857.2800712178,
      124474.2033129638,
      119977.74345656818,
      125544.25729583978,
      123463.50143406032,
      124181.82448101456,
      122987.16482789484,
      123110.80997124055,
      123227.92839428833,
      120680.78270983836,
      123998.45550623997,
      122132.6474216623,
      122765.64921939244,
      121442.61810846528,
      122163.96412503635,
      123040.19921811961,
      123050.27580090641,
      119046.64121134562,
      121847.63001982463,
      121915.04198444085,
      120999.26901630199,
      120673.56824512247,
      122907.03754102928,
      122231.85461920717,
      122077.86409921342,
      118987.9826896437,
      124906.68014294733,
      121362.69020759343,
      127869.73575281695
    ],
    "MRE": [
      54.2681625785822,
      56.44577572538556,
      55.193066021735845,
      58.798588905398915,
      56.834003482143814,
      57.14995775987673,
      51.02732194961974,
      58.69726194611067,
      59.86349614910919,
      47.85906823174712,
      59.36415043504275,
      59.02589686731455,
      54.09324683352885,
      56.50820603640096,
      59.12882645025639,
      52.974689008092255,
      50.746353537971665,
      58.0684765910543,
      61.573783807228445,
      57.937188064888424,
      55.521824417047426,
      60.78552653666054,
      59.22862128598828,
      49.76286209072003,
      53.32485575010531,
      50.654911991397924,
      61.43836449473823,
      53.057828250985274,
      57.63408811114612,
      53.72428357662214
    ],
    "MBRE": [
      4.959981942333935,
      4.495855255814955,
      4.915756040104905,
      4.498209096956314,
      4.451842894970202,
      4.74869706223211,
      4.796918884302157,
      4.001443869812405,
      4.456447559578406,
      4.36389392342185,
      4.255256441683812,
      4.728215999856654,
      4.25822457945483,
      4.337507666131339,
      4.112043796386094,
      4.3769369659401,
      4.018299705504146,
      4.3038847828541975,
      4.425834678011345,
      4.572664157087884,
      4.5322377555388105,
      4.0637099003052795,
      4.204222938334296,
      4.404025068515469,
      4.530945673419894,
      4.328165426139869,
      3.9336594751631453,
      4.466788580825271,
      4.636264119574031,
      4.7284042349000535
    ],
    "MIBRE": [
      0.45034757355961835,
      0.4492910616703696,
      0.45092734025929915,
      0.4578907996539471,
      0.45618136814069976,
      0.45276051146412927,
      0.4332436978750114,
      0.45618875712779416,
      0.4608867350544645,
      0.42283386381697075,
      0.46083456182313337,
      0.4635180609047524,
      0.4440443876657289,
      0.4523726299005947,
      0.45904713892711124,
      0.4414807725236137,
      0.4252466881128304,
      0.4642622095923661,
      0.46376465795371796,
      0.4595011048407899,
      0.4496248600833846,
      0.4621912560553919,
      0.45824652584541353,
      0.42924007239603496,
      0.4440602709904409,
      0.4283186297105535,
      0.46081849633942107,
      0.44439231901400583,
      0.45375425948182885,
      0.4485726178347719
    ]
  },
  "Mean_MAE": 122477.43893432672,
  "Mean_MRE": 56.023022896229996,
  "Mean_MBRE": 4.430211282505125,
  "Mean_MIBRE": 0.45012810762060623,
  "Median_MAE": 122197.90937212177,
  "Median_MRE": 56.67110475927239,
  "Median_MBRE": 4.4388387864907735,
  "Median_MIBRE": 0.45256657068236195,
  "Runs": [
    {},
    {},
    {},
    {},
    {},
    {},
    {},
    {},
    {},
    {},
    {},
    {},
    {},
    {},
    {},
    {},
    {},
    {},
    {},
    {},
    {},
    {},
    {},
    {},
    {},
    {},
    {},
    {},
    {},
    {}
  ]
}