{
  "Metrics": {
    "MAE": [
      122304.24597175118,
      123670.93901250679,
      126139.56484809851,
      121239.62802284223,
      127175.61220596451,
      124615.60038727132,
      125415.91009217028,
      123334.4729449427,
      124696.06234047146,
      124084.91793937382,
      122211.36996840996,
      124220.98508829324,
      124275.97580263884,
      124957.20972284976,
      123327.00730826588,
      124189.33726392731,
      124544.1480431654,
      124636.42913575907,
      120160.67168059984,
      123010.34244489235,
      123218.73808124741,
      122737.03977055421,
      121902.17187987233,
      123880.02553012576,
      121826.17739695981,
      123427.5877711926,
      120437.24227693574,
      125915.07466580407,
      121266.30483106768,
      129599.01457994203
    ],
    "MRE": [
      61.46499918572109,
      67.22232883658222,
      65.38935100865262,
      68.24518388591481,
      67.44611039805966,
      64.87871636861263,
      57.71853134931203,
      63.60019470949309,
      65.99798322300987,
      51.40923857276507,
      65.7446061288276,
      59.43328545596963,
      67.08594173128115,
      66.15956474439118,
      68.91302224656978,
      60.947314629994054,
      55.218606983500166,
      65.89456955366799,
      68.27536544513465,
      64.5549001660218,
      63.70511781324822,
      71.4272477735056,
      64.02814734222329,
      55.77271530836876,
      51.838077186157726,
      55.025228518765125,
      66.66759451882854,
      64.4218716694124,
      56.82123255040777,
      62.568875945931914
    ],
    "MBRE": [
      5.156891132775053,
      4.866313765525674,
      5.202880449617142,
      4.625677093840781,
      4.708460339153432,
      4.960054220613718,
      5.04680514172405,
      3.771998486592843,
      5.046148499961078,
      4.907114001350361,
      4.710973564565254,
      4.802362640375581,
      4.7175494558122875,
      5.058914799095974,
      4.639653241120539,
      5.011440575390217,
      4.869231423088659,
      4.9156470609491185,
      4.703227514496159,
      4.981077100317396,
      5.061568321217377,
      4.31681432437902,
      4.551254432184618,
      4.757771852281552,
      4.5010665364851885,
      5.044998230283576,
      4.642658262632958,
      4.178451532174519,
      4.602774319574334,
      5.375739745276445
    ],
    "MIBRE": [
      0.4756777966147791,
      0.48620001522795736,
      0.4882632124342854,
      0.4877557966170449,
      0.4905912371558708,
      0.4780259614209728,
      0.4565416419479118,
      0.4751169700675983,
      0.4850259611336565,
      0.4348220436768537,
      0.484956707268792,
      0.46236365518826517,
      0.48827369771906237,
      0.4883011520126071,
      0.4913476553958748,
      0.4759773899188716,
      0.438566975028935,
      0.48880924625453903,
      0.48392089732952714,
      0.48005055595496593,
      0.47555946720459813,
      0.49506199194267075,
      0.47820386938733483,
      0.45021001391799015,
      0.4282036050879427,
      0.4403522007605338,
      0.47771260327781906,
      0.4853850075288788,
      0.4458016633821771,
      0.48077290558110536
    ]
  },
  "Mean_MAE": 123747.32690026319,
  "Mean_MRE": 62.92919744167769,
  "Mean_MBRE": 4.791183935428496,
  "Mean_MIBRE": 0.47326172988131415,
  "Median_MAE": 123775.48227131627,
  "Median_MRE": 64.4883859177171,
  "Median_MBRE": 4.834338202950628,
  "Median_MIBRE": 0.4791272126711504,
  "Runs": [
    {},
    {},
    {},
    {},
    {},
    {},
    {},
    {},
    {},
    {},
    {},
    {},
    {},
    {},
    {},
    {},
    {},
    {},
    {},
    {},
    {},
    {},
    {},
    {},
    {},
    {},
    {},
    {},
    {},
    {}
  ]
}