{
  "Metrics": {
    "MAE": [
      122010.77019419981,
      122819.406106614,
      123813.07453944813,
      121113.38435810624,
      124740.53481013724,
      125129.24783452965,
      126106.46490233218,
      125640.18855851778,
      123766.39295985809,
      124699.39927881931,
      120883.48365339091,
      122771.556979471,
      124390.00725389233,
      124378.73423765077,
      122575.29998889785,
      124542.67558151142,
      126499.95168317856,
      124439.35921649933,
      119499.94914652997,
      120014.2830267217,
      122203.92580169468,
      120145.55594399504,
      121054.72678346698,
      125680.69369496535,
      124232.95382153933,
      124559.17220158715,
      121344.03201832397,
      125036.55934056207,
      121689.12568718285,
      128603.27215447176
    ],
    "MRE": [
      61.48963065511507,
      61.653658976177816,
      47.94817005816326,
      66.28622684504182,
      56.875079776145434,
      66.5344655246097,
      62.85136658894237,
      64.9267089698911,
      61.893822181642456,
      55.702691486969954,
      59.77277323524442,
      54.04409968366186,
      67.07707230114438,
      66.12200480141588,
      60.840887231590045,
      64.8512659718181,
      66.46588921925944,
      67.58022945860236,
      64.90174603561424,
      60.33341722170202,
      55.79752492259489,
      58.522428312322084,
      62.92611852499643,
      66.09611776503161,
      65.42383151660559,
      66.3789862130245,
      71.23496883680794,
      48.966887690985516,
      58.30516593693641,
      53.40202873439927
    ],
    "MBRE": [
      5.085087781012413,
      4.677635214812789,
      4.893075319201701,
      4.8562484960949055,
      3.9188285147509676,
      5.066693638625933,
      5.132065855468065,
      5.108373059175398,
      4.961283960978378,
      5.022584987624059,
      4.447523409898632,
      4.446589504332329,
      4.632985323870096,
      4.958920486423746,
      4.6815906073048055,
      5.159748369281416,
      5.1376484363934525,
      4.7906258505386585,
      4.619056772173779,
      3.525813786966715,
      4.692528998504158,
      3.6398972003488037,
      4.4246125608824345,
      5.114314965635842,
      5.083415443837686,
      4.710935621692162,
      4.61097541175458,
      4.9032920748729945,
      4.684665063664693,
      5.337641899113124
    ],
    "MIBRE": [
      0.47047908776384983,
      0.46719324728604994,
      0.4216239914803152,
      0.4806756353251483,
      0.45565771575958086,
      0.4859952566271858,
      0.47985888924717557,
      0.4874753424051098,
      0.468696333944215,
      0.44563754589233484,
      0.45623279467871447,
      0.43915239171362513,
      0.4906507669192954,
      0.47975841937196906,
      0.46958323257765816,
      0.4852440888167548,
      0.4863476455695121,
      0.4877352150837711,
      0.471811593911983,
      0.4578051804892609,
      0.45239260954446064,
      0.4493748480048893,
      0.4678501978895277,
      0.4894652488646394,
      0.48566338464964154,
      0.48743517443342876,
      0.49412416779822255,
      0.4241910584839583,
      0.4550995924195206,
      0.44793554276453484
    ]
  },
  "Mean_MAE": 123479.47272526985,
  "Mean_MRE": 61.506842155881856,
  "Mean_MBRE": 4.74415528717449,
  "Mean_MIBRE": 0.4680382066572111,
  "Median_MAE": 124023.01418049373,
  "Median_MRE": 62.372594385292416,
  "Median_MBRE": 4.823437173316782,
  "Median_MIBRE": 0.47003116017075397,
  "Runs": [
    {},
    {},
    {},
    {},
    {},
    {},
    {},
    {},
    {},
    {},
    {},
    {},
    {},
    {},
    {},
    {},
    {},
    {},
    {},
    {},
    {},
    {},
    {},
    {},
    {},
    {},
    {},
    {},
    {},
    {}
  ]
}