{
  "Metrics": {
    "MAE": [
      536.156984473561,
      583.9846901901672,
      491.53066700591444,
      428.05212313371203,
      500.2710468771797,
      559.1105518874122,
      416.03160306679274,
      584.0664335555829,
      525.7536576284117,
      592.7912052706529,
      651.9458968654927,
      497.03196973682503,
      415.32715281396776,
      574.783165920173,
      662.9206795265246,
      494.2923943059216,
      475.0858478595823,
      528.1895377592847,
      644.9561541566339,
      525.8579579844518,
      528.4068677336076,
      452.51644832903435,
      560.3711656824291,
      540.7065413127735,
      456.8539971028635,
      497.4274965972079,
      537.9743424286221,
      530.9586636355007,
      539.5330538243982,
      484.13913777912086
    ],
    "MRE": [
      699.1932291739572,
      1085.299019983378,
      648.1674813354653,
      533.5683178056977,
      639.725592324288,
      846.5603500434703,
      589.6179246672003,
      934.3423154963463,
      688.5708570119046,
      1270.9451830730297,
      1434.1813750334868,
      808.9220713737303,
      439.3654217154971,
      779.1811641916614,
      1344.350584012142,
      380.931673959105,
      629.2894643790029,
      841.9260951537103,
      1359.2310488509434,
      655.5238262313674,
      793.5077419585839,
      659.9212260539061,
      676.9798585776076,
      800.6639704228229,
      680.1907173519104,
      468.64078912366904,
      886.3728215943644,
      765.6564544595594,
      812.6584530354731,
      537.5504328774064
    ],
    "MBRE": [
      7.357765661431118,
      11.062434700290261,
      7.179827676355957,
      5.573839955968116,
      7.3488202775191604,
      8.64532192659658,
      6.257128524969998,
      10.263307165746108,
      7.074049108120781,
      12.837501394597128,
      14.707855469442944,
      8.285669606679471,
      4.871997584010965,
      8.135726471833355,
      13.70107870782944,
      4.819458182744988,
      6.455376460259754,
      8.89806672455063,
      13.822274959734491,
      7.6310200407520625,
      8.505469874439294,
      7.10367172529949,
      7.516513509835614,
      8.434502438741687,
      7.098472711652865,
      5.8863556342605765,
      9.110746737202646,
      8.100746259329023,
      8.575594365166861,
      6.655226813994118
    ],
    "MIBRE": [
      0.6561097098676183,
      0.7165435626323634,
      0.6901659288887763,
      0.6390022925182343,
      0.7138531138445847,
      0.6984393458877961,
      0.6515124682124167,
      0.7081314829423069,
      0.6523656699680788,
      0.7204717209363736,
      0.7295161810249433,
      0.6967577544272263,
      0.6438287895582786,
      0.741734230613231,
      0.7551032994518116,
      0.675837708884763,
      0.6296363282252814,
      0.7146009181992097,
      0.7212958978384698,
      0.7208748032370685,
      0.685193209956623,
      0.6663750636417074,
      0.7479594565476639,
      0.7156972164691843,
      0.6217457870407106,
      0.6870602594979779,
      0.7430144630011501,
      0.7246780061626187,
      0.6919786966044147,
      0.6856303879927607
    ]
  },
  "Mean_MAE": 527.2342478147934,
  "Mean_MRE": 789.7011820423563,
  "Mean_MBRE": 8.397194022311849,
  "Mean_MIBRE": 0.6948371251357881,
  "Median_MAE": 528.2982027464461,
  "Median_MRE": 732.4248418167583,
  "Median_MBRE": 7.865883150040543,
  "Median_MIBRE": 0.6975985501575113,
  "Runs": [
    {},
    {},
    {},
    {},
    {},
    {},
    {},
    {},
    {},
    {},
    {},
    {},
    {},
    {},
    {},
    {},
    {},
    {},
    {},
    {},
    {},
    {},
    {},
    {},
    {},
    {},
    {},
    {},
    {},
    {}
  ]
}