{
  "Metrics": {
    "MAE": [
      197.0104900573709,
      144.60142280495353,
      198.4059825801169,
      159.98976649983464,
      339.68969053488536,
      194.68486316363928,
      170.7866653033278,
      200.9790950851292,
      194.95176475170575,
      185.87953239801885,
      152.7122996438336,
      173.82887056583772,
      247.28202456716636,
      133.887536723185,
      138.54699905516702,
      246.57248378161748,
      137.2579035373127,
      148.36145910239722,
      162.844633167475,
      222.64637169470026,
      277.993529096838,
      181.98708844723646,
      147.69583951396405,
      194.83523938938902,
      191.3105720273055,
      287.0063169144171,
      112.47123510802382,
      156.32817060169114,
      135.827621890933,
      281.25404200857633
    ],
    "MRE": [
      228.6400773899473,
      153.81711601721418,
      170.35207518777676,
      201.8242237586816,
      336.19132801613796,
      220.3279670073983,
      137.1102139381157,
      208.26045219727916,
      203.75005120570236,
      285.5286619166697,
      246.36150317069146,
      142.33901362087005,
      204.16627414267157,
      171.49963194954373,
      163.48103424319035,
      189.77687684226524,
      162.9950293892414,
      154.14631643704837,
      126.74910912810363,
      205.97746667571454,
      192.70349840007592,
      193.4788310889131,
      184.07984546131232,
      170.2183761389832,
      197.04283614839264,
      244.25608410019794,
      148.7125076516159,
      178.92099369388492,
      153.22796108447994,
      279.6416904802956
    ],
    "MBRE": [
      2.3994528381455944,
      1.9073587942963024,
      1.8584800545535203,
      2.1197265911906813,
      3.577184906717629,
      2.347810666922842,
      1.603356651025098,
      2.2749737131289463,
      2.189524270510929,
      2.923319815339824,
      2.529357271263062,
      1.6468453726431327,
      2.124190728247504,
      1.9245459036359949,
      1.741149904619148,
      2.1255197511538073,
      1.7830713262235607,
      1.717534746318458,
      1.607274968239239,
      2.217809307385452,
      2.105299901549271,
      2.0875301952908236,
      2.014591128318807,
      2.013841492542613,
      2.1514480569989645,
      2.6766400050993076,
      1.5857390310499095,
      2.0160412062678392,
      1.661184934644444,
      3.0558581921467707
    ],
    "MIBRE": [
      0.4315812189915441,
      0.4237374884472977,
      0.4667388110415854,
      0.4417422596156176,
      0.5751707633903721,
      0.4462794200466026,
      0.4679946252972406,
      0.4768423921415229,
      0.46644393658860284,
      0.4808609638092354,
      0.4869251008486851,
      0.45553209283391927,
      0.47756550472132536,
      0.43847200337386455,
      0.37865547060036264,
      0.4846312650082069,
      0.438841043975199,
      0.4482420142051007,
      0.4319673294809653,
      0.44052828482645473,
      0.522182668503814,
      0.4860725174210098,
      0.42333875973976937,
      0.48143405470860284,
      0.4685892936523895,
      0.5136596334845819,
      0.4150754013691962,
      0.43343391565330774,
      0.42591943161866,
      0.5048354326829453
    ]
  },
  "Mean_MAE": 190.58765033386828,
  "Mean_MRE": 195.1859015494138,
  "Mean_MBRE": 2.1328887241823162,
  "Mean_MIBRE": 0.46110976993593267,
  "Median_MAE": 183.93331042262764,
  "Median_MRE": 191.24018762117058,
  "Median_MBRE": 2.096415048420047,
  "Median_MIBRE": 0.46098801471126105,
  "Runs": [
    {},
    {},
    {},
    {},
    {},
    {},
    {},
    {},
    {},
    {},
    {},
    {},
    {},
    {},
    {},
    {},
    {},
    {},
    {},
    {},
    {},
    {},
    {},
    {},
    {},
    {},
    {},
    {},
    {},
    {}
  ]
}