{
  "Metrics": {
    "MAE": [
      207.3450169745223,
      195.69619610403393,
      345.7086370488323,
      189.23265392781317,
      235.10776993984433,
      185.75408759377214,
      287.08646546355277,
      222.52850797239915,
      248.9712761854211,
      206.91587597512893,
      271.9467333581033,
      175.57585084925688,
      356.4465197629158,
      147.1269483368719,
      170.2573499539986,
      288.2010846249116,
      367.68724979476286,
      136.03169972045293,
      256.20951818825193,
      221.25570772823778,
      379.6348861889596,
      269.1497740764331,
      202.17213047770701,
      173.62194522292995,
      212.62859187190378,
      328.7880798584572,
      137.74562877211608,
      209.97505842179763,
      225.1193182413305,
      285.8040234961076
    ],
    "MRE": [
      224.94260970920843,
      75.54416405571128,
      270.84058888267333,
      184.51418130420322,
      233.41192011656582,
      144.95877228012998,
      136.12501335231696,
      177.3339527331661,
      245.7366612429272,
      174.91034525018677,
      216.20026404794163,
      85.95318473326205,
      272.479650380509,
      144.70929552045396,
      179.38769403031262,
      195.77319838921272,
      270.13701431534884,
      127.99757298896772,
      239.8298860651687,
      176.98461321695137,
      296.78603967162826,
      205.84485295412,
      251.10773277527585,
      56.524762367532844,
      146.27548193556942,
      385.7834849624188,
      103.04016467442469,
      214.4004792742323,
      172.281851199391,
      317.779873149829
    ],
    "MBRE": [
      2.2970263743158363,
      1.8243758114819275,
      3.2852052464467376,
      1.9640960123416351,
      2.617916409639348,
      1.9583787882702417,
      3.1558404679060126,
      1.9175415127036761,
      2.7840020667062353,
      1.9103952190098368,
      2.4580407253371512,
      1.1396888967280383,
      2.888720280541429,
      1.632193075714579,
      1.9624147734197956,
      2.7239986604018505,
      2.768484225750071,
      1.4161952938827052,
      3.5399093487468587,
      2.0438351983509513,
      3.3508051855435355,
      2.2652126508362027,
      2.6620895209101967,
      1.5230954401744288,
      1.6288447254520717,
      4.026786715883728,
      1.2193562642637834,
      2.511506354317426,
      1.912810720801988,
      3.434890503426194
    ],
    "MIBRE": [
      0.3838667758044691,
      0.3724446346775929,
      0.473840722909865,
      0.370285440119277,
      0.4178308945449082,
      0.3799684341680148,
      0.4964836153806446,
      0.37955601188635135,
      0.4047613083924542,
      0.418961484332291,
      0.41099171335770596,
      0.3736134326012868,
      0.4446772658561772,
      0.3732980780463406,
      0.3867740174169389,
      0.4377499635304255,
      0.3898327192644398,
      0.3829415010880729,
      0.4965560357469921,
      0.373765929765034,
      0.5046829301313894,
      0.39212609363809203,
      0.40441422193570475,
      0.3545981746545154,
      0.3840413894573617,
      0.41568030881010215,
      0.3283918222550884,
      0.3666902175371669,
      0.43653485820075133,
      0.42849781839864115
    ]
  },
  "Mean_MAE": 237.99081953769422,
  "Mean_MRE": 197.586510185988,
  "Mean_MBRE": 2.360788548976815,
  "Mean_MIBRE": 0.4061285937969366,
  "Median_MAE": 221.89210785031847,
  "Median_MRE": 190.14368984670796,
  "Median_MBRE": 2.2811195125760193,
  "Median_MIBRE": 0.39097940645126594,
  "Runs": [
    {},
    {},
    {},
    {},
    {},
    {},
    {},
    {},
    {},
    {},
    {},
    {},
    {},
    {},
    {},
    {},
    {},
    {},
    {},
    {},
    {},
    {},
    {},
    {},
    {},
    {},
    {},
    {},
    {},
    {}
  ]
}