{
  "Metrics": {
    "MAE": [
      530.5951400326452,
      447.9212115841045,
      422.29244905867415,
      455.76545819860047,
      518.0509215315543,
      537.9714084648401,
      545.4615767769361,
      503.91652377281315,
      539.3963872684021,
      498.67680884947663,
      507.92323224085834,
      489.3751099692124,
      451.42054403027925,
      512.358211066113,
      446.9816350655103,
      438.2332657346274,
      420.5231678924218,
      522.968345738351,
      491.417362536068,
      442.4886418880846,
      480.1795077206604,
      491.5362680302429,
      541.3097399864647,
      544.8592842260862,
      490.90636055443366,
      501.18174576940567,
      473.66024195415196,
      400.2060027885805,
      411.0941843899538,
      445.97054455960586
    ],
    "MRE": [
      850.3618001583059,
      660.3636493625042,
      502.324688584043,
      712.3303033358957,
      756.9650166998775,
      861.5213228886768,
      843.1683088835317,
      780.1822712885111,
      669.0423769260877,
      813.7363653913986,
      726.5986830315757,
      773.3301437075272,
      636.4611743001492,
      769.2628906186695,
      665.2864543447431,
      579.6282560664996,
      666.5203256181401,
      763.371395891277,
      842.1694308194704,
      623.6630004486008,
      688.2806842737045,
      619.5755794699244,
      939.1988003404161,
      925.0383874260659,
      727.894395364136,
      787.5838671725792,
      758.7713162150106,
      586.8171550159575,
      501.053964038287,
      658.144252055629
    ],
    "MBRE": [
      8.715954211955724,
      6.781096522460369,
      5.282958112606645,
      7.2521901512054425,
      7.95110624991977,
      8.831137249457397,
      8.724200366704219,
      8.094994610787218,
      6.961693510226665,
      8.299614917922057,
      7.630650950868874,
      7.942294200639537,
      6.663401093084119,
      8.007081091851846,
      6.806322578337824,
      5.97237052869937,
      6.785510023187225,
      7.929748712099022,
      8.599014925267323,
      6.4178441636219015,
      7.119264693215018,
      6.476731140685386,
      9.635159906255412,
      9.516200421365129,
      7.587020409332817,
      8.132204662079584,
      7.740144860350839,
      5.960834023452875,
      5.245482225044485,
      6.7710014066096775
    ],
    "MIBRE": [
      0.7373892431036917,
      0.6779081933246843,
      0.6574428843814668,
      0.6793017721469808,
      0.7354831205136639,
      0.7394568486857891,
      0.7486150053810018,
      0.713106308802618,
      0.7461728988269292,
      0.7172865893494033,
      0.7306104417357189,
      0.7197980846327566,
      0.6746349031333949,
      0.7242127626025692,
      0.6830866670205246,
      0.6936149745335134,
      0.6550577210904602,
      0.7333644679538441,
      0.6986911560146346,
      0.6814282088314982,
      0.7097406650263044,
      0.7143639654642937,
      0.7380345332840855,
      0.7340214765999016,
      0.6975730325777627,
      0.7087878258625573,
      0.6993958671436156,
      0.6516566405552777,
      0.6640969310673499,
      0.6696168747565422
    ]
  },
  "Mean_MAE": 483.4880427226387,
  "Mean_MRE": 722.9548753245732,
  "Mean_MBRE": 7.461107597309793,
  "Mean_MIBRE": 0.704465002146761,
  "Median_MAE": 491.1618615452509,
  "Median_MRE": 727.2465391978558,
  "Median_MBRE": 7.608835680100846,
  "Median_MIBRE": 0.7092642454444309,
  "Runs": [
    {},
    {},
    {},
    {},
    {},
    {},
    {},
    {},
    {},
    {},
    {},
    {},
    {},
    {},
    {},
    {},
    {},
    {},
    {},
    {},
    {},
    {},
    {},
    {},
    {},
    {},
    {},
    {},
    {},
    {}
  ]
}