{
  "Metrics": {
    "MAE": [
      534.6625099480202,
      406.58024341473595,
      418.991803215243,
      469.37432717148545,
      510.47457577071873,
      516.3310698771506,
      542.8535130890539,
      477.8491963177573,
      529.7773672045071,
      507.53988665221203,
      537.9993856104076,
      458.65739928013994,
      417.82837672684934,
      539.8016403340115,
      449.4497122419683,
      430.05043850123104,
      435.7802074409032,
      517.0295727446158,
      506.1845764760905,
      442.2262869299202,
      489.59886389617355,
      487.10556701814073,
      574.373807774971,
      514.7475101634433,
      478.7767281836496,
      539.4016461661259,
      507.2467535860185,
      442.30641946562514,
      440.2025900070025,
      440.4249458976522
    ],
    "MRE": [
      886.1557429385508,
      557.909581033112,
      519.7796563997491,
      782.6623251451107,
      768.8778643204682,
      842.4898336611026,
      830.0150398423531,
      711.9838937062918,
      647.8703015784133,
      783.2074263366546,
      776.1197020704068,
      737.7180216473308,
      550.2493922924887,
      829.7350461767318,
      668.1969738984967,
      604.3826114190379,
      731.2548391143458,
      788.5875642500685,
      863.2200850413193,
      638.0534451526219,
      753.6920081047889,
      654.1227325227804,
      996.8127132571391,
      874.0379837920901,
      692.1151413377801,
      926.0083201289691,
      770.7627624352153,
      677.8083062271924,
      567.9437415470359,
      645.0358288834329
    ],
    "MBRE": [
      9.077611987945671,
      5.710208575657919,
      5.442467923407511,
      7.988938243796169,
      8.058886420067994,
      8.598831360654321,
      8.569195098870322,
      7.371912633472997,
      6.735882834055884,
      8.033015624566563,
      8.246087997961537,
      7.55828439328755,
      5.763153640720235,
      8.666565862812616,
      6.8525671801266865,
      6.226176906515281,
      7.438649908814804,
      8.178131944324203,
      8.838198377598125,
      6.5748095487280045,
      7.806921879133555,
      6.84993926010065,
      10.267995753640204,
      8.996684773892296,
      7.203089942975118,
      9.637541077690377,
      7.946299491350591,
      6.93119159491339,
      5.956301326662831,
      6.639571253155604
    ],
    "MIBRE": [
      0.732754355535362,
      0.6404406843310405,
      0.6493117648623106,
      0.6731869406561074,
      0.7254376459022117,
      0.7219658885881107,
      0.7460959875899176,
      0.6975514982831146,
      0.7357772134631304,
      0.7168129969334255,
      0.741364455206805,
      0.6945249091445008,
      0.6415056954558219,
      0.7374759236656444,
      0.685563429129015,
      0.6865219240308538,
      0.6664350059317304,
      0.7278724715880015,
      0.7081800392249382,
      0.6762033864144469,
      0.7059801179249575,
      0.703433296327202,
      0.7507912645172671,
      0.7121327340269963,
      0.6906299978228992,
      0.7152092437689559,
      0.7218070924585159,
      0.6689833630441321,
      0.6802214810006358,
      0.6587070687158779
    ]
  },
  "Mean_MAE": 485.45423070352746,
  "Mean_MRE": 735.8936294753693,
  "Mean_MBRE": 7.6055037605633,
  "Mean_MIBRE": 0.700429262518131,
  "Median_MAE": 488.3522154571572,
  "Median_MRE": 745.7050148760599,
  "Median_MBRE": 7.6826031362105525,
  "Median_MIBRE": 0.7047067071260797,
  "Runs": [
    {},
    {},
    {},
    {},
    {},
    {},
    {},
    {},
    {},
    {},
    {},
    {},
    {},
    {},
    {},
    {},
    {},
    {},
    {},
    {},
    {},
    {},
    {},
    {},
    {},
    {},
    {},
    {},
    {},
    {}
  ]
}