{
  "Metrics": {
    "MAE": [
      432.3625951369602,
      464.6676708377462,
      472.8830189048422,
      585.3640006496436,
      483.0831814954477,
      390.7912622311629,
      554.028019552865,
      489.211943653303,
      493.3423731532369,
      493.43098319406243,
      423.44062551513446,
      496.57175727456126,
      484.3391330641174,
      533.8881559250873,
      439.08163661714616,
      469.58820534945227,
      463.82271270518123,
      536.1111050237513,
      421.6138766095583,
      415.71046366274993,
      504.7046446943475,
      479.9163894482885,
      545.4429491490433,
      527.5765103496851,
      513.4156002082938,
      521.7027474169657,
      448.13832277050074,
      459.0249815656768,
      413.2614336509148,
      451.47473496480757
    ],
    "MRE": [
      665.224418697993,
      618.0125976058628,
      641.8626938896464,
      979.313379221912,
      737.1832112168831,
      568.0312508085991,
      863.2527764567626,
      618.9503777760334,
      717.5244569263199,
      920.6025363078245,
      551.7184505311387,
      805.3725051319882,
      670.5745047384275,
      853.8972072826251,
      647.540680994906,
      651.9389760207891,
      665.5842230902476,
      730.9481617590191,
      538.8316641080947,
      557.7126891956145,
      768.932779238171,
      609.7092936812222,
      926.204808768858,
      931.2888924571979,
      737.7387934620773,
      818.2317824922305,
      714.2899374917788,
      668.1216514562387,
      506.75606962039456,
      646.8150036894684
    ],
    "MBRE": [
      6.73733273539268,
      6.480159387412784,
      6.717606328898971,
      10.111521458958846,
      7.558245590433057,
      5.688729634261482,
      8.936715895376452,
      6.3257985497847855,
      7.349826990760713,
      9.317512833917721,
      5.730328442697153,
      8.349958229446804,
      7.160105225103566,
      9.04483951097531,
      6.656477743872525,
      6.690606947772168,
      6.817399576041727,
      8.398857651833042,
      5.5514931345566865,
      5.6950754189793384,
      7.960401325556467,
      6.32792611995986,
      9.641216603103754,
      9.496094044350281,
      7.772960219606623,
      8.58114078797489,
      7.219060474373449,
      6.7938148353684245,
      5.239191652604427,
      6.6288200961099495
    ],
    "MIBRE": [
      0.6862596019802705,
      0.6870275171357545,
      0.701488922004863,
      0.7597288786400865,
      0.7174530948210682,
      0.6496494593536308,
      0.7471224205698264,
      0.7064832976967111,
      0.7180608895243882,
      0.7016158559384169,
      0.6609252494987924,
      0.7048670077329383,
      0.6974732195401873,
      0.7296292002384083,
      0.6775734489818919,
      0.7151601331494021,
      0.6936547405426587,
      0.7490082236524073,
      0.668309405487462,
      0.6636929128262883,
      0.7213415610465553,
      0.7156699089108889,
      0.7305821829476977,
      0.7209025464509907,
      0.7205598249473123,
      0.7270032463820796,
      0.6857766971599516,
      0.6919377852726905,
      0.6720430727908524,
      0.6961489866863706
    ]
  },
  "Mean_MAE": 480.2663678258178,
  "Mean_MRE": 711.072192470611,
  "Mean_MBRE": 7.365973914849466,
  "Mean_MIBRE": 0.703904976397028,
  "Median_MAE": 481.4997854718681,
  "Median_MRE": 669.3480780973332,
  "Median_MBRE": 6.988752400572647,
  "Median_MIBRE": 0.7032414318356777,
  "Runs": [
    {},
    {},
    {},
    {},
    {},
    {},
    {},
    {},
    {},
    {},
    {},
    {},
    {},
    {},
    {},
    {},
    {},
    {},
    {},
    {},
    {},
    {},
    {},
    {},
    {},
    {},
    {},
    {},
    {},
    {}
  ]
}