{
  "Metrics": {
    "MAE": [
      306.07718955650967,
      366.0132835910243,
      418.295979077236,
      480.5638033497839,
      488.7036903776112,
      435.7809369515606,
      300.83617787977073,
      551.6753638543692,
      372.80694984728353,
      477.13477529793,
      366.085745415363,
      215.46820078819195,
      348.64960802575433,
      397.9051041790591,
      422.6824381671871,
      385.49621651335036,
      400.4957991723867,
      423.6707614604737,
      332.2904488149204,
      280.5762550866942,
      244.05179395063084,
      432.3366991919478,
      477.81742578964895,
      342.7838548477743,
      416.1885471864409,
      400.62363417573846,
      637.9500294761378,
      433.05207682501384,
      253.27607408640074,
      344.27015244094827
    ],
    "MRE": [
      442.80999410773364,
      520.7586047326379,
      518.1985814818808,
      713.7132887489682,
      701.2659870471145,
      749.9226254673309,
      509.7947157769983,
      766.047700672095,
      459.3032784931225,
      884.3350607544734,
      601.4922537751521,
      336.52559133551415,
      389.6150074103294,
      566.9473143963072,
      594.7700858234407,
      503.30094650352476,
      711.2402127499257,
      596.1007706307084,
      446.91796697686925,
      417.94554000039057,
      328.56892226260345,
      599.101307927981,
      662.9708849497033,
      575.5267314064625,
      641.8288568226166,
      512.3779531445264,
      833.9753548016171,
      670.1337242651679,
      363.8732108880696,
      477.6433752879585
    ],
    "MBRE": [
      2.830080575018302,
      2.5966204484574313,
      11.606912973666999,
      3.8604548452174052,
      5.417353310212532,
      5.900407814385306,
      3.959067605116617,
      6.3522803904981,
      2.84673464953454,
      4.800492986666524,
      3.9529814975992204,
      2.6560816479411127,
      3.0684813213830315,
      4.780308486754946,
      3.3164811593942254,
      2.864236481051276,
      7.102710968108888,
      4.36703727251312,
      4.602157804294994,
      2.4919172680410924,
      2.643755836136304,
      3.0411532754878468,
      4.964550113491735,
      4.542283090622904,
      4.122958151980272,
      1.8112793249671362,
      9.735466452622724,
      4.293729279349129,
      2.7547327449795174,
      3.401530721474738
    ],
    "MIBRE": [
      1.5220297016708921,
      2.6118561656521524,
      2.090932184640027,
      2.9856753026997254,
      2.0506607729364053,
      2.9888166192842354,
      1.556054545753799,
      2.523036676273488,
      1.9699921174056385,
      3.694790110932197,
      2.1420455544808656,
      1.2321580871891868,
      2.099518866865349,
      1.5002152049338777,
      2.410987326909214,
      2.529141957365651,
      2.2834103387794036,
      1.8213313235046866,
      1.9124073123972403,
      1.854987066789219,
      1.2679020520794086,
      2.445100378549891,
      1.922277672053978,
      1.8554173096627242,
      2.3967780934173883,
      1.853587068523617,
      2.826336571811476,
      2.6756456975542156,
      1.200247108157473,
      1.6557642515940378
    ]
  },
  "Mean_MAE": 391.78530051257144,
  "Mean_MRE": 569.9001949547076,
  "Mean_MBRE": 4.356141283232265,
  "Mean_MIBRE": 2.1293034479955817,
  "Median_MAE": 399.2004516757229,
  "Median_MRE": 571.2370229013849,
  "Median_MBRE": 3.9560245513579186,
  "Median_MIBRE": 2.070796478788216,
  "Runs": [
    {},
    {},
    {},
    {},
    {},
    {},
    {},
    {},
    {},
    {},
    {},
    {},
    {},
    {},
    {},
    {},
    {},
    {},
    {},
    {},
    {},
    {},
    {},
    {},
    {},
    {},
    {},
    {},
    {},
    {}
  ]
}