{
  "Metrics": {
    "MAE": [
      234.97971586435594,
      204.55334928123816,
      250.78712590251698,
      231.4542727946391,
      252.91610252271425,
      222.57616368368392,
      193.0115927630386,
      248.85810275653412,
      243.55738061347537,
      216.50777580003813,
      225.04179610794785,
      249.25676075310022,
      271.67592599289736,
      258.5295393651364,
      240.18688801334713,
      192.83091267647768,
      226.50024407675812,
      224.6801338661815,
      250.66116866413495,
      242.97657690749398,
      254.04021290870224,
      222.4784306845477,
      208.1909414776329,
      217.42586926214648,
      225.3173457869634,
      213.7400502736802,
      208.1821993786193,
      244.4255177505021,
      243.05644341263715,
      224.71681749696202
    ],
    "MRE": [
      384.6633242245011,
      312.85019426017095,
      320.9347033937834,
      363.99938770132576,
      390.61228008716313,
      365.78756101151504,
      323.57689678849846,
      427.0454430413186,
      408.2829745538875,
      372.9267540368483,
      389.9255421390408,
      458.050141948758,
      324.63503160691926,
      359.08924155375,
      412.343229613408,
      300.3861584858827,
      397.75504924902293,
      381.6088822674113,
      538.1209560108105,
      394.25157881996256,
      403.28556320340743,
      347.5957140805792,
      410.72629785551715,
      430.10811323688404,
      368.1446191667002,
      324.7995324322131,
      409.46893949485,
      407.99825555516065,
      354.6704305394232,
      301.34920556839717
    ],
    "MBRE": [
      1.6600305506871291,
      1.402886699929717,
      2.3902390878212616,
      1.4901946764318585,
      1.5443919263420345,
      1.7545426811188318,
      0.7794703708885007,
      -0.005471478712439441,
      0.9639508115482103,
      0.9938034877944119,
      1.0495403770392409,
      1.3945063553337607,
      1.8588993325042062,
      2.204168489101955,
      2.2534045512591114,
      1.4831673756897914,
      0.056162470337957474,
      1.0327057006693898,
      1.5646150172069868,
      2.480855659682046,
      1.551081971243214,
      1.48696334476277,
      1.2977196968230233,
      2.009845286900956,
      5.8095124143918415,
      1.2213681127277092,
      1.2022872267756788,
      -0.1398188683148659,
      1.4515356678573772,
      1.4671081333670555
    ],
    "MIBRE": [
      2.3512083445845104,
      2.0542226094736056,
      1.866414307198399,
      2.080636086107606,
      2.4835340938526915,
      2.3791312497668544,
      2.1993780973607517,
      3.016235278936498,
      2.7367311257091913,
      2.0416192933038673,
      2.6563709404757363,
      3.2153868257383085,
      1.4830180774800794,
      2.0882135709985743,
      2.2011559078351692,
      1.6717313725104794,
      3.0443658164019642,
      2.275945510691157,
      3.9142062864967486,
      2.631278932813305,
      2.626438664187938,
      2.302679524424827,
      2.731476504195161,
      2.9227899858184476,
      2.24109106839611,
      1.5810098865747244,
      2.877601940995305,
      2.4329459745742508,
      1.6641849946264173,
      1.4872337399390974
    ]
  },
  "Mean_MAE": 231.4371785612701,
  "Mean_MRE": 379.4997333975704,
  "Mean_MBRE": 1.523655570973624,
  "Mean_MIBRE": 2.3752745337155927,
  "Median_MAE": 228.97725843569862,
  "Median_MRE": 383.1361032459562,
  "Median_MBRE": 1.4751377545284234,
  "Median_MIBRE": 2.3269439345046687,
  "Runs": [
    {},
    {},
    {},
    {},
    {},
    {},
    {},
    {},
    {},
    {},
    {},
    {},
    {},
    {},
    {},
    {},
    {},
    {},
    {},
    {},
    {},
    {},
    {},
    {},
    {},
    {},
    {},
    {},
    {},
    {}
  ]
}