{
  "Metrics": {
    "MAE": [
      528.8880059848784,
      439.3558135869756,
      388.17732759659583,
      553.5070408564894,
      552.7152033217129,
      637.3944450747109,
      591.8078096379438,
      474.8696476740497,
      568.9779780399865,
      482.17932780539434,
      552.3442250866256,
      463.73145431464565,
      428.1646752854513,
      572.621747484975,
      450.3258568193311,
      405.52048641606615,
      450.39007856687516,
      545.8326415039455,
      493.5516093533717,
      424.24049450757644,
      570.5234039835375,
      535.7107205423164,
      572.3904932757996,
      485.48778571419655,
      459.1358226965332,
      514.1339189916068,
      520.9240417043147,
      452.91447937613896,
      529.175319187441,
      431.63098423934196
    ],
    "MRE": [
      846.0004040314383,
      640.2368647489495,
      419.5552144895852,
      996.020517036455,
      766.1051683571482,
      1105.5436990130818,
      882.5425004820867,
      649.2646992357991,
      735.7856820560833,
      747.8018476699485,
      786.4971155501493,
      720.1198428419148,
      520.8650773117092,
      877.1063399980907,
      646.8304851423121,
      574.7296464347564,
      710.682060073777,
      795.4940426139848,
      840.1608621778886,
      571.4745861505887,
      873.4093293789945,
      677.575968472948,
      928.2881665797956,
      832.7033934062937,
      663.7205166362315,
      888.0195554408278,
      690.2777598688215,
      687.7318079523984,
      718.6274948874525,
      619.3329073481472
    ],
    "MBRE": [
      8.747239402036355,
      6.2836914917449045,
      4.855719539570839,
      10.197663002010184,
      8.404313695477589,
      11.365586489592715,
      9.271732193683086,
      6.780727502757608,
      7.964189163190599,
      7.3888627696745015,
      8.468171750616419,
      7.148198608367485,
      5.527989581752652,
      9.287331936776058,
      6.675660428786872,
      6.169950701356376,
      7.181841547011254,
      8.355194964353785,
      8.561936111310887,
      5.870501108105522,
      9.386145803348667,
      7.373013825249662,
      9.626200686014531,
      8.451865574062339,
      6.883636046004301,
      9.473307960729173,
      7.08487087348664,
      5.031777275355999,
      7.668346433238002,
      6.056982434474999
    ],
    "MIBRE": [
      0.7248694810240136,
      0.7282039202451814,
      0.6330874560446911,
      0.7589410171969192,
      0.7478108068081671,
      0.7858901309573056,
      0.7510065849501197,
      0.6983855428556607,
      0.7475809581859104,
      0.7077082449984011,
      0.7557733820820621,
      0.7171040155732542,
      0.6731961435952577,
      0.7457080759563035,
      0.7541161631438439,
      0.6601542717015086,
      0.6862635696854853,
      0.7465988498799204,
      0.7352102463492001,
      0.6891795486990197,
      0.7510737065281474,
      0.7525459732393671,
      0.7568374729662003,
      0.724786516670014,
      0.6610557648775799,
      0.7426756214038417,
      0.7371214090256294,
      0.8802724767061817,
      0.7522209694481923,
      0.7512899440218849
    ]
  },
  "Mean_MAE": 502.55409462096094,
  "Mean_MRE": 747.0834518462553,
  "Mean_MBRE": 7.718088296671335,
  "Mean_MIBRE": 0.7318889421606422,
  "Median_MAE": 503.8427641724893,
  "Median_MRE": 727.952762448999,
  "Median_MBRE": 7.5286046014562515,
  "Median_MIBRE": 0.7441918486800726,
  "Runs": [
    {},
    {},
    {},
    {},
    {},
    {},
    {},
    {},
    {},
    {},
    {},
    {},
    {},
    {},
    {},
    {},
    {},
    {},
    {},
    {},
    {},
    {},
    {},
    {},
    {},
    {},
    {},
    {},
    {},
    {}
  ]
}