{
  "Metrics": {
    "MAE": [
      112.05409595620985,
      97.61515900886117,
      108.70809142981693,
      110.34294148498913,
      80.76247806663854,
      99.69735561364026,
      118.86109142470046,
      93.84870987856908,
      95.54390042261187,
      82.54488260090473,
      117.310885668964,
      95.88077633191118,
      115.73233479144201,
      85.19157324690953,
      92.23561007183751,
      85.77082676350925,
      115.5517159881908,
      91.59796046221037,
      105.89824072663197,
      98.40262054844476,
      98.32460255129949,
      91.07081072014627,
      88.66384878022099,
      95.04215608066221,
      78.35156837920086,
      105.60444995617007,
      96.30250691937424,
      95.61301362190758,
      89.46000539758077,
      116.30110472517855
    ],
    "MRE": [
      70.09254329496947,
      34.76399324414412,
      48.21311779398484,
      43.77188239035209,
      41.336561955615174,
      47.04308367613619,
      43.42480958957107,
      45.83763814528299,
      48.006015788835924,
      42.560103541647685,
      44.08543682789279,
      39.5507898218871,
      42.55961549618502,
      38.478534692732616,
      46.38787706975922,
      40.19583835318962,
      48.78106958134826,
      38.12899827259087,
      49.30656863165488,
      41.28800113669431,
      46.40866986209259,
      43.569839978455335,
      49.513359514223424,
      44.842312951394916,
      37.70573560898007,
      56.29710359219037,
      45.114448500705876,
      39.069313829751415,
      35.97415244149557,
      71.92051364763074
    ],
    "MBRE": [
      0.8086732738577195,
      0.48994815891457444,
      0.928013257808351,
      0.7279798621035007,
      0.45795555560511986,
      0.5943338866210137,
      0.7083103854009949,
      0.5861453928083019,
      0.5902683778001099,
      0.5091573313951852,
      0.7307269998806792,
      0.4724750829027895,
      0.5446987195450368,
      0.45307394022572134,
      0.5816875380295239,
      0.5056951966846925,
      0.6415858900918365,
      0.623561425080249,
      0.7857970102499722,
      0.6534161377391847,
      0.5933552050322082,
      0.4982235792781575,
      0.5914175115768449,
      0.9493144867251218,
      0.4779355000689949,
      0.7838868806692845,
      0.633301485585831,
      0.5147012243288256,
      0.4980108654364489,
      0.7985527961429247
    ],
    "MIBRE": [
      0.2658330567123325,
      0.23953533296712787,
      0.2633790495044646,
      0.2640995408460929,
      0.2163451195300551,
      0.2536587879428362,
      0.26011257984762837,
      0.24313358320846834,
      0.2312377403433261,
      0.24200890879401882,
      0.2587371771358088,
      0.2292711575223519,
      0.25633852231996207,
      0.21911187777413174,
      0.24594535944245563,
      0.2370269089318164,
      0.27744739431009224,
      0.24116481316909716,
      0.27528976045829245,
      0.25383118973170343,
      0.25437097922581264,
      0.23157482337524576,
      0.24417501099642813,
      0.24590468797162943,
      0.23396847155870193,
      0.2515621092758499,
      0.25058113868679616,
      0.2447653882631045,
      0.23412955543381486,
      0.2775692014215519
    ]
  },
  "Mean_MAE": 98.60951058729113,
  "Mean_MRE": 45.47426430771315,
  "Mean_MBRE": 0.6244067652529732,
  "Mean_MIBRE": 0.2480703075566999,
  "Median_MAE": 96.09164162564271,
  "Median_MRE": 43.92865960912244,
  "Median_MBRE": 0.5923863583045266,
  "Median_MIBRE": 0.24592502370704253,
  "Runs": [
    {},
    {},
    {},
    {},
    {},
    {},
    {},
    {},
    {},
    {},
    {},
    {},
    {},
    {},
    {},
    {},
    {},
    {},
    {},
    {},
    {},
    {},
    {},
    {},
    {},
    {},
    {},
    {},
    {},
    {}
  ]
}