{
  "Metrics": {
    "MAE": [
      362.0799837479374,
      380.98513052567506,
      381.03512196241525,
      367.15821253269314,
      368.19991461392004,
      362.4034501943044,
      372.4184753814129,
      371.0982570359633,
      365.77028157547875,
      364.02949324857764,
      376.08313423230425,
      367.7027423708152,
      376.9395144614902,
      370.78413499358516,
      365.94717412996727,
      371.09456179834405,
      367.58718688526346,
      374.1226867514528,
      367.971193449199,
      372.1728890213656,
      371.60919982482835,
      376.2746529013774,
      366.87373295668783,
      372.9177014503428,
      369.1919118144898,
      367.0941930796625,
      364.9396156231895,
      364.38161912916854,
      376.1084323349027,
      369.9910442113188
    ],
    "MRE": [
      148.6047353560207,
      93.131260504205,
      102.88307716272801,
      146.78939531805756,
      138.6761079843109,
      122.7891230415989,
      109.79523053329359,
      119.17688334612802,
      119.23949418219411,
      169.52296474924998,
      125.89907288058333,
      114.86038361578711,
      126.69731165470364,
      130.59225844402135,
      142.32168756549098,
      135.29647905382203,
      142.28776184308654,
      98.91525591471957,
      106.3943755018141,
      95.19558998450647,
      96.40575635302562,
      105.56616720717919,
      129.0356653962772,
      178.44945284427683,
      111.08377370392594,
      167.9075411820207,
      115.1036352648011,
      158.15675596641057,
      109.97278287852583,
      104.70644247197012
    ],
    "MBRE": [
      1.9812563833502213,
      2.4439882607999137,
      2.031876076838968,
      2.2217591847487173,
      2.0323133203079338,
      1.8243134891050834,
      2.568208917641093,
      1.9077619912960957,
      4.052577268048691,
      2.2059351345787355,
      2.180770531346231,
      1.8128635770773995,
      2.057312888818046,
      2.112863688867182,
      1.6727464752561647,
      2.06052432939749,
      2.078641512065964,
      2.700361626893421,
      1.9369478039622783,
      1.5234196795687764,
      1.8559922932376742,
      1.7858183996501964,
      2.1498632808633773,
      2.2964295785315163,
      1.873830665532749,
      2.219227317373325,
      1.8282256887529162,
      1.845452228669264,
      2.130536940326963,
      1.8495480349904132
    ],
    "MIBRE": [
      0.5527275787892562,
      0.5413346526441066,
      0.5472223510295263,
      0.4851184574755597,
      0.49003588457006036,
      0.6017319535177481,
      0.5058731548634532,
      0.5132916467030798,
      0.5468015773675255,
      0.5396000774788601,
      0.49893566710814163,
      0.5908244877704587,
      0.5264179919743546,
      0.49509789199112864,
      0.5175958326650689,
      0.5259215926967955,
      0.5241650171979867,
      0.49576576284836654,
      0.5936095535763072,
      0.533766598461838,
      0.5760963716367793,
      0.5377438419668089,
      0.48572815057835506,
      0.5738451545288807,
      0.5124898842442159,
      0.5372040135426932,
      0.561185194703854,
      0.5630857440349906,
      0.4976768578256538,
      0.48684604145161714
    ]
  },
  "Mean_MAE": 370.1655214079377,
  "Mean_MRE": 125.51521406349116,
  "Mean_MBRE": 2.1080455522632264,
  "Mean_MIBRE": 0.531924632841449,
  "Median_MAE": 369.5914780129043,
  "Median_MRE": 121.0143086118965,
  "Median_MBRE": 2.04481310456299,
  "Median_MIBRE": 0.5300922952180963,
  "Runs": [
    {},
    {},
    {},
    {},
    {},
    {},
    {},
    {},
    {},
    {},
    {},
    {},
    {},
    {},
    {},
    {},
    {},
    {},
    {},
    {},
    {},
    {},
    {},
    {},
    {},
    {},
    {},
    {},
    {},
    {}
  ]
}