{
  "Metrics": {
    "MAE": [
      325.70666184930064,
      277.5994723635924,
      318.4691313206297,
      283.6280355479442,
      327.0485815092586,
      302.14421723037697,
      299.3062229349328,
      303.1951775475732,
      289.1709948421074,
      317.3354404397157,
      305.6765555584237,
      309.4888383567027,
      319.72171738248596,
      314.4912241191262,
      293.2243150147173,
      310.85443551983104,
      276.8301614914551,
      288.3492924939636,
      299.48818381488854,
      302.52828348745265,
      306.64311083775556,
      285.99508095387137,
      287.24045965597264,
      323.4157890807349,
      303.290640533483,
      287.77138017323637,
      309.0877902653621,
      316.33645375489886,
      304.10717685566857,
      286.31880296890705
    ],
    "MRE": [
      287.6111892126415,
      283.29722208929905,
      226.57797568076492,
      311.32920577324086,
      214.2041198867291,
      344.6775921886585,
      240.36738388399047,
      225.61224075823688,
      323.03295724412726,
      353.5118833469153,
      325.1831438045475,
      280.5700319721327,
      262.3192223750393,
      264.57575648232734,
      304.62482376938704,
      276.92623250938635,
      227.34947951184233,
      350.0668639983567,
      363.3776250208199,
      256.0252102840975,
      230.97089123174243,
      200.26523356336904,
      297.55250050950224,
      331.9974433162875,
      232.94977187558695,
      230.09815806679987,
      367.2432603151177,
      317.6670458435104,
      218.3399013713894,
      262.90315379598064
    ],
    "MBRE": [
      2.4895493499983297,
      2.6398796465407988,
      2.373444050163734,
      2.6238465148600487,
      2.4006002197605447,
      2.860138268873454,
      2.230142399359193,
      1.055470340349984,
      2.6370900080411235,
      3.364995384089825,
      2.970405702498159,
      1.7711487015714171,
      2.513472399854871,
      2.4531656128526484,
      2.531218312862633,
      1.8859691733479043,
      1.7492727574776092,
      2.547489159785829,
      1.0499568207091043,
      1.9665103497315735,
      1.9159866672094967,
      8.669406864285678,
      2.2799450711267615,
      0.36948966770111336,
      0.9632946720620397,
      1.3237514743604935,
      2.8738160567392006,
      1.580260477617189,
      2.1882885817908964,
      2.4201041507934042
    ],
    "MIBRE": [
      0.7927951601230706,
      1.2692523282049544,
      0.7339251799933482,
      0.9933086333566679,
      0.6182177302835329,
      1.143473404088505,
      1.0333946980625504,
      0.9178508711152854,
      1.7025297853170867,
      0.7006426652523396,
      1.307087702332393,
      1.379751477614103,
      0.7829964777705282,
      0.7800318727067956,
      0.6978039463233339,
      0.8005378636178243,
      0.9081214455975569,
      1.13418704748633,
      1.188639607104127,
      0.820464134157171,
      0.9222906698022726,
      0.9621904839588189,
      0.999385501623284,
      0.7052794424944798,
      0.673689519794237,
      0.7442754355600693,
      1.137339138318491,
      0.8811930082499061,
      0.6905224301556804,
      0.7226460227524891
    ]
  },
  "Mean_MAE": 302.4821209301456,
  "Mean_MRE": 280.37425065606084,
  "Mean_MBRE": 2.3566036285471688,
  "Mean_MIBRE": 0.938127456107241,
  "Median_MAE": 303.2429090405281,
  "Median_MRE": 278.74813224075956,
  "Median_MBRE": 2.387022134962139,
  "Median_MIBRE": 0.8946572269237315,
  "Runs": [
    {},
    {},
    {},
    {},
    {},
    {},
    {},
    {},
    {},
    {},
    {},
    {},
    {},
    {},
    {},
    {},
    {},
    {},
    {},
    {},
    {},
    {},
    {},
    {},
    {},
    {},
    {},
    {},
    {},
    {}
  ]
}