{
  "Metrics": {
    "MAE": [
      392.9797517220367,
      295.2328639738669,
      316.072916640928,
      306.66956019798346,
      441.4145500935616,
      509.0397286408655,
      325.25679450981875,
      470.94763036130684,
      241.84998094551383,
      519.2900765436515,
      536.9962076601046,
      276.4247940522092,
      339.58177393219825,
      423.7224280476564,
      352.84152835047416,
      272.32531977889954,
      471.17695932390586,
      463.5026844211034,
      344.97294942928244,
      309.9933724089926,
      373.02809938863993,
      316.5753568184579,
      498.7561684419807,
      335.5102033582856,
      359.6707033190731,
      433.25096067879804,
      509.26661750432504,
      512.4818845192499,
      414.0947248536847,
      336.0224662752604
    ],
    "MRE": [
      507.8611544621258,
      371.5797940143766,
      355.34391660304465,
      455.13453574934994,
      483.76143175461993,
      624.1519549180597,
      316.35661779266206,
      468.796056616777,
      224.1012783168178,
      766.7387499428903,
      725.4847029722924,
      309.7545449125796,
      305.4545738581176,
      585.8515845848998,
      353.79709594071846,
      333.5592867500484,
      770.2905452136936,
      531.0994950663783,
      375.20436830260786,
      287.24747367748716,
      393.260736733906,
      289.8564535894501,
      567.2473616817194,
      367.45830007475865,
      450.4302972387047,
      486.2790407034896,
      512.351442710343,
      657.948238718805,
      416.659435305652,
      315.5058873191472
    ],
    "MBRE": [
      3.4427110948636876,
      -0.8047938436233337,
      3.8361541395689214,
      2.348106576891093,
      4.030096936201021,
      5.740353517551251,
      0.6942321470145205,
      5.283774876989298,
      2.234663662586837,
      5.525621245702278,
      6.611237371481291,
      3.219802337867452,
      7.332936571112838,
      5.296964314263792,
      2.89745942132946,
      1.953610658156715,
      7.429790425030427,
      8.979372500296856,
      3.151509506223059,
      2.6217374630303207,
      3.0640208702664347,
      2.6439947092062286,
      5.669008858227748,
      3.1508434986816387,
      2.4135194316033566,
      4.714230934844584,
      6.1633089908368675,
      5.40888121315708,
      4.6339725347777385,
      4.766567641717134
    ],
    "MIBRE": [
      1.9210284332871688,
      2.4331775730304446,
      0.8555920276854779,
      2.393775357029781,
      1.3137367555681325,
      2.207657034374913,
      1.5784491950227901,
      1.3746621805614558,
      0.9661020099169175,
      2.1513768867175664,
      1.3501934507698965,
      1.019602585526806,
      1.0770330971570505,
      1.4481221176786667,
      1.413163791971482,
      1.4136549702767855,
      2.28352712656981,
      1.2596813775494202,
      1.3998926312608095,
      1.3357546732735388,
      1.4852552237343362,
      1.4063591607500303,
      1.6286594021903016,
      1.2493718089446566,
      2.4529890751283436,
      1.1030116251574078,
      1.4769611818386095,
      1.8279328390466585,
      1.3088350772515758,
      1.2436727682779458
    ]
  },
  "Mean_MAE": 389.96496853973713,
  "Mean_MRE": 453.61887851751743,
  "Mean_MBRE": 4.148456320195219,
  "Mean_MIBRE": 1.5459743812516258,
  "Median_MAE": 366.3494013538565,
  "Median_MRE": 433.54486627217835,
  "Median_MBRE": 3.933125537884971,
  "Median_MIBRE": 1.4097614763607562,
  "Runs": [
    {},
    {},
    {},
    {},
    {},
    {},
    {},
    {},
    {},
    {},
    {},
    {},
    {},
    {},
    {},
    {},
    {},
    {},
    {},
    {},
    {},
    {},
    {},
    {},
    {},
    {},
    {},
    {},
    {},
    {}
  ]
}