{
  "Metrics": {
    "MAE": [
      1729.4052808137415,
      1725.8989309891967,
      1870.2016541532178,
      1893.8470922599743,
      1457.9157723773392,
      1990.5439232123215,
      1889.2146806773626,
      1784.2235103495252,
      1993.106006673605,
      1894.6886551779996,
      2098.574638111097,
      1701.8046124089085,
      1771.752669773268,
      1560.113574345685,
      1988.744701061886,
      1859.807883733634,
      2142.0737814357294,
      1769.5585634807653,
      1507.8823068061615,
      1467.919681907424,
      1957.558939588142,
      1607.3937939612726,
      1940.3124338820787,
      2010.4940730525939,
      1570.7511941053517,
      1753.6620946791122,
      2107.2440462502805,
      1871.4283085639463,
      2221.98101744334,
      1989.8291647557278
    ],
    "MRE": [
      14.464759857094172,
      15.649361013299773,
      16.50154499655873,
      16.817005184942783,
      12.99278623515777,
      17.076452841793785,
      16.664376239458782,
      16.5094979105325,
      17.949878179930185,
      16.56375594873674,
      19.39265541180889,
      15.269355679914451,
      16.14232462915595,
      13.57501028883348,
      17.991446457314055,
      16.629014621318085,
      19.49602508240889,
      15.880879526778813,
      13.3708649526008,
      12.744190152899975,
      17.27348478356576,
      14.354475752568282,
      17.04029040296382,
      18.35968462019317,
      14.122280008712739,
      15.259554022192603,
      19.591584887558955,
      16.400684614059163,
      21.39705298629368,
      17.82247785175398
    ],
    "MBRE": [
      0.18138765219159908,
      0.18168094955957498,
      0.2021143394461863,
      0.20068739652257597,
      0.15020287218409023,
      0.21788467932704744,
      0.20392646445344093,
      0.1887959115832949,
      0.2109861676589696,
      0.20342647731816196,
      0.22930919799216332,
      0.17764022490740225,
      0.18139790860423102,
      0.16500064411840262,
      0.21333314177131546,
      0.20275999170873296,
      0.23123845548254657,
      0.18788732872658773,
      0.1534301967841091,
      0.15117369674574693,
      0.20742270699151386,
      0.1650620321724127,
      0.21209544204174607,
      0.21572986825945778,
      0.16246285437910926,
      0.18616019886327734,
      0.22223395879532487,
      0.20048077755309496,
      0.23932598666563992,
      0.21686511380024304
    ],
    "MIBRE": [
      0.13041610318814398,
      0.1318498815646512,
      0.14001560054782458,
      0.14168378037839421,
      0.11202335753203414,
      0.14763230034402547,
      0.14160676503667652,
      0.13615256851301086,
      0.15053338619653303,
      0.1422510945568992,
      0.157631719706577,
      0.1297484905529383,
      0.13529466449930955,
      0.11763495656575954,
      0.15076652632683138,
      0.13876626894705957,
      0.15909573431890317,
      0.13458560401658132,
      0.11560041414472119,
      0.1122821350444918,
      0.1460096817706197,
      0.12590487773761935,
      0.14433203754031473,
      0.15212844744941367,
      0.123956961922096,
      0.13030845311633346,
      0.15784442487750813,
      0.14065277564930648,
      0.16563173456653507,
      0.14946612108923657
    ]
  },
  "Mean_MAE": 1837.5977662010228,
  "Mean_MRE": 16.443425171346693,
  "Mean_MBRE": 0.1954034212202666,
  "Mean_MIBRE": 0.13872689559001164,
  "Median_MAE": 1870.814981358582,
  "Median_MRE": 16.53662692963462,
  "Median_MBRE": 0.20140086798438112,
  "Median_MIBRE": 0.14033418809856552,
  "Runs": [
    {},
    {},
    {},
    {},
    {},
    {},
    {},
    {},
    {},
    {},
    {},
    {},
    {},
    {},
    {},
    {},
    {},
    {},
    {},
    {},
    {},
    {},
    {},
    {},
    {},
    {},
    {},
    {},
    {},
    {}
  ]
}