{
  "Metrics": {
    "MAE": [
      1946.40379553507,
      1952.4156909689675,
      1591.0725004309716,
      1678.8836162587224,
      2070.5699356446767,
      1778.7382628624373,
      1924.8597300561858,
      1673.1252355780418,
      1918.5797800490438,
      1725.9042820870725,
      2151.1133685940804,
      1869.0860346256923,
      1761.3156927192883,
      1979.430034047671,
      1444.0799312742772,
      2052.984780516507,
      1836.8996771486034,
      1869.8119058854913,
      1885.2117215086926,
      1499.1061440541055,
      1812.7386014443334,
      1551.7817200618354,
      1723.3003761890573,
      1980.2060642337597,
      2047.00202324833,
      1853.1783064101046,
      1880.193001336693,
      1603.3230066600408,
      1614.9863261864612,
      1744.2678261616788
    ],
    "MRE": [
      16.897621177028093,
      17.470343705902835,
      13.905594574368143,
      14.760655579936548,
      18.807268875499346,
      14.759408584238418,
      17.13386110538238,
      15.316829691441782,
      17.745622751282234,
      15.117950772956776,
      20.22145381983901,
      17.109570211464263,
      14.923994211073818,
      17.725956565819487,
      12.237389797451964,
      18.989131834621258,
      15.547251545465507,
      16.31263395804125,
      16.670161961996328,
      12.387083580668959,
      16.02720864005639,
      13.561853244946025,
      14.641453137616125,
      18.535711158638115,
      18.732521272734832,
      16.441796228994342,
      17.236764610343776,
      14.18547927007278,
      14.547448537254423,
      15.668053056269986
    ],
    "MBRE": [
      0.20814716250898843,
      0.2096483819295774,
      0.1631687287959691,
      0.17789692465463378,
      0.2246927298398497,
      0.1896702660726846,
      0.20968925525612875,
      0.17345852025008532,
      0.20857802255056423,
      0.17992386773698985,
      0.23122010243926328,
      0.199338560185644,
      0.19092160300009986,
      0.21258662217367214,
      0.13969584351137315,
      0.2252216428735407,
      0.19775752834322735,
      0.20109183283537893,
      0.20324867735434268,
      0.1517361761890764,
      0.19333005103705844,
      0.15829465331458123,
      0.18157034409335954,
      0.21096476572494702,
      0.2214506722229565,
      0.20015741061482564,
      0.18571533400426302,
      0.1605979661010176,
      0.16831383679311462,
      0.18664424807048138
    ],
    "MIBRE": [
      0.1476903145214022,
      0.14540567766807588,
      0.12169645524787778,
      0.1276574107127887,
      0.1558056144852402,
      0.13224064623105697,
      0.142770396835032,
      0.13188404348902846,
      0.1459183168944782,
      0.1316661440275549,
      0.1621056818604708,
      0.14194658244513259,
      0.12986550434665536,
      0.14940006380144816,
      0.1072618460338167,
      0.15394897571381205,
      0.13662897539771865,
      0.14082582797568866,
      0.14222249030752124,
      0.11112314394740534,
      0.13780394221565573,
      0.11872565364106459,
      0.12898951317020801,
      0.15133410222402993,
      0.15467712474777587,
      0.13910577047863582,
      0.13994434644803727,
      0.12197502360648843,
      0.12467721080935716,
      0.131201516654007
    ]
  },
  "Mean_MAE": 1814.0189790592633,
  "Mean_MRE": 16.12060244871351,
  "Mean_MBRE": 0.1921577243492565,
  "Mean_MIBRE": 0.13688327719791546,
  "Median_MAE": 1845.038991779354,
  "Median_MRE": 16.16992129904882,
  "Median_MBRE": 0.1955437896901429,
  "Median_MIBRE": 0.13845485634714577,
  "Runs": [
    {},
    {},
    {},
    {},
    {},
    {},
    {},
    {},
    {},
    {},
    {},
    {},
    {},
    {},
    {},
    {},
    {},
    {},
    {},
    {},
    {},
    {},
    {},
    {},
    {},
    {},
    {},
    {},
    {},
    {}
  ]
}