{
  "Metrics": {
    "MAE": [
      1646.5697559152013,
      1379.9451960985625,
      1816.2535574958583,
      1250.6904359225434,
      1698.5539719786607,
      1733.2684663615728,
      1664.9207716685673,
      1463.9473961809185,
      1266.7646410759135,
      1574.896995265642,
      1489.7697934053278,
      1634.065649322272,
      1333.9521445018358,
      1641.0101659973623,
      1293.9046264529286,
      1592.8373382715936,
      1374.9430160425409,
      1285.4210080936034,
      1597.9850824097637,
      1080.1711143532852,
      1474.0621060791352,
      1235.1779314625444,
      1293.5705756896257,
      1682.9300482581764,
      1569.5757300103746,
      1520.1702758198687,
      1547.506352174626,
      1275.8538399356453,
      1284.9625874271476,
      1504.3594065604711
    ],
    "MRE": [
      13.883749574779847,
      11.781109163759654,
      15.912554213324976,
      10.874359655555551,
      15.104876888478422,
      14.404791133365222,
      14.001952603066833,
      13.332161801713024,
      10.641389263782191,
      13.244454523187391,
      12.851416251290305,
      14.050791830834845,
      11.233393383659651,
      13.82569249710558,
      11.206385935470427,
      13.890018995221403,
      12.088011966884846,
      11.228069193837692,
      13.484802048973258,
      9.03586181168841,
      13.03524967011792,
      10.110442286246274,
      11.15883406521627,
      14.972419943945415,
      13.818731206846877,
      13.402402840055103,
      13.91167339239709,
      11.289189550301067,
      12.1254401513407,
      13.270652047363743
    ],
    "MBRE": [
      0.1701222511590722,
      0.1382788444641212,
      0.19121185717457856,
      0.12454743185514691,
      0.1782711760365897,
      0.183430636549458,
      0.17474404562725987,
      0.14951232590384195,
      0.12787308017561952,
      0.1647413795288097,
      0.153093232027009,
      0.1729594319915717,
      0.13618007913048608,
      0.1739934902121095,
      0.12972471471386884,
      0.16612451534061076,
      0.13716285228152303,
      0.12796969026173566,
      0.16665320744481574,
      0.10414190037908835,
      0.15172995389817703,
      0.11945935189633408,
      0.12718626146936257,
      0.1771037240776723,
      0.16287618931558862,
      0.1580350790246397,
      0.1599044840706496,
      0.1256858031624147,
      0.1324955218601621,
      0.1520604171374495
    ],
    "MIBRE": [
      0.1246857634826485,
      0.10533902795156606,
      0.13848298530747583,
      0.09767860417328439,
      0.1283641164582268,
      0.12857066757012703,
      0.12369195508909883,
      0.11484186213484844,
      0.09604207870010252,
      0.11744756764065782,
      0.11248082481771769,
      0.1215888243313493,
      0.09902650857213083,
      0.12213067485538003,
      0.09995035806618875,
      0.12012043711002068,
      0.1088797215637254,
      0.09880595721671355,
      0.11905549788632817,
      0.08265353245594005,
      0.11234920412463154,
      0.09191365217108852,
      0.10038882348627394,
      0.12944399816229507,
      0.12005925310747775,
      0.11607688012814874,
      0.11902921781096128,
      0.10351228023832822,
      0.10343462058860056,
      0.11209154495330903
    ]
  },
  "Mean_MAE": 1473.6013326743853,
  "Mean_MRE": 12.772362596326996,
  "Mean_MBRE": 0.1512424309389922,
  "Mean_MIBRE": 0.1122712146718215,
  "Median_MAE": 1497.0645999828994,
  "Median_MRE": 13.257553285275566,
  "Median_MBRE": 0.15257682458222926,
  "Median_MIBRE": 0.11366134347628307,
  "Runs": [
    {},
    {},
    {},
    {},
    {},
    {},
    {},
    {},
    {},
    {},
    {},
    {},
    {},
    {},
    {},
    {},
    {},
    {},
    {},
    {},
    {},
    {},
    {},
    {},
    {},
    {},
    {},
    {},
    {},
    {}
  ]
}