{
  "Metrics": {
    "MAE": [
      1840.0663950079486,
      1630.5238086334616,
      1849.0455173157657,
      1582.725425945068,
      1854.4994814830814,
      1899.154288725349,
      1897.3279013120502,
      1758.1132566880192,
      1585.97761478268,
      1639.9874143070108,
      1693.066006162435,
      1790.7357545892494,
      1593.031184302381,
      1829.4791918993371,
      1393.477674898862,
      1882.6009509076246,
      1758.759921284901,
      1776.1094944465865,
      1649.917446279696,
      1398.836354554133,
      1822.8136194866706,
      1450.230509255334,
      1490.4007148276253,
      1856.203235487256,
      1888.545072546066,
      1870.0807646057797,
      1815.37157097447,
      1455.810588173513,
      1485.6078461967672,
      1742.2051329149301
    ],
    "MRE": [
      15.687719182714153,
      14.213078366612908,
      16.30389820753043,
      13.910137681490333,
      16.80958019757105,
      16.156164516150497,
      16.811032943656624,
      16.03930518287101,
      14.047016315640526,
      14.102261622282594,
      15.220430449632824,
      15.9523354016296,
      13.436754938926038,
      16.099122100516126,
      12.109668868839345,
      17.100925145419147,
      15.157494050811,
      15.802124352284016,
      14.27747303780533,
      11.940112456328198,
      16.2490670587852,
      12.088609831106043,
      12.837916457349074,
      16.96149086641405,
      17.271782637572358,
      16.480783413399575,
      17.241515773856943,
      12.377474431124824,
      13.833742532193016,
      15.266190014316145
    ],
    "MBRE": [
      0.19734718221725264,
      0.1716656295234474,
      0.19987689909210116,
      0.16687343902934842,
      0.19806384418565098,
      0.20545259802710042,
      0.2062227529334857,
      0.1830161493543667,
      0.16546902336920363,
      0.17295535290137093,
      0.17680233837970566,
      0.1917370672632381,
      0.1690369551450026,
      0.195854593363481,
      0.14116184182900254,
      0.2038905721468157,
      0.1872181801797184,
      0.18896556959709648,
      0.17507337389168434,
      0.14217270440695104,
      0.19722801957936772,
      0.14938155147721147,
      0.15112031562160128,
      0.19959785659416093,
      0.20126293834332146,
      0.2019717844344282,
      0.1947336987973189,
      0.14664491543329636,
      0.15619444349766065,
      0.185010806150078
    ],
    "MIBRE": [
      0.13786980268063087,
      0.12292077579169323,
      0.1386641133659081,
      0.12040374586984723,
      0.14052424350970366,
      0.1409381595800384,
      0.14085932929955525,
      0.136934874454411,
      0.12243915393756814,
      0.1232468113257427,
      0.13010159380714179,
      0.13489290956501498,
      0.11736507104368912,
      0.137216832873291,
      0.1078227812073597,
      0.141448942665632,
      0.13277814121072398,
      0.13360051710272247,
      0.12262888602906774,
      0.10650819977968524,
      0.13723203135826115,
      0.10842940676293429,
      0.11457492776861183,
      0.1402044591707763,
      0.14361641250375085,
      0.14053775745794223,
      0.14097823227689024,
      0.11207986367070777,
      0.11547596419675997,
      0.13168621701240907
    ]
  },
  "Mean_MAE": 1706.0234712664685,
  "Mean_MRE": 15.059506934494298,
  "Mean_MBRE": 0.18073341322548228,
  "Mean_MIBRE": 0.12913267190928235,
  "Median_MAE": 1758.4365889864603,
  "Median_MRE": 15.47695459851515,
  "Median_MBRE": 0.1861144931648982,
  "Median_MIBRE": 0.1331893291567232,
  "Runs": [
    {},
    {},
    {},
    {},
    {},
    {},
    {},
    {},
    {},
    {},
    {},
    {},
    {},
    {},
    {},
    {},
    {},
    {},
    {},
    {},
    {},
    {},
    {},
    {},
    {},
    {},
    {},
    {},
    {},
    {}
  ]
}