{
  "Metrics": {
    "MAE": [
      1651.5376585432484,
      1610.9946333454952,
      1882.304484832868,
      1882.963043644348,
      1490.85535329974,
      1970.0992684716566,
      1780.5114554760157,
      1668.1607328393159,
      2058.5077919105597,
      1898.7302589854457,
      2067.4939228460803,
      1678.2951141931767,
      1716.1674001569993,
      1445.6818379933086,
      1780.5965274884215,
      1845.2216863050703,
      1873.0714857341202,
      1619.0434231504717,
      1519.0477254399282,
      1453.6286607573297,
      1985.723595549553,
      1566.6624994708002,
      1928.5133055354204,
      1914.8990354669975,
      1475.6319503468164,
      1631.2216211424734,
      2195.3020141709944,
      1687.7596816691446,
      2158.244189697769,
      1669.1049189896103
    ],
    "MRE": [
      14.196175316918882,
      14.897062507977221,
      16.654941227989088,
      16.689999897213838,
      13.339397826080898,
      16.939226567033238,
      15.780095820108533,
      15.587098672769043,
      18.996925929314816,
      16.63510292877858,
      19.023670684098505,
      15.355328874320746,
      15.54848102812226,
      12.759314353678015,
      16.320413947667515,
      16.493728735400737,
      16.779148178865785,
      14.74287517142788,
      13.52834142395575,
      12.599454209838115,
      17.812118302888287,
      14.359419020624467,
      16.93553860055363,
      17.398607591093693,
      14.110149676969442,
      14.356448223038429,
      20.758439081393266,
      14.690517694360494,
      20.84660542501603,
      15.520734806556714
    ],
    "MBRE": [
      0.17022395850150945,
      0.16787517320192383,
      0.20052699935524765,
      0.19955227512021742,
      0.1529070454069485,
      0.2149599421935961,
      0.18852780246969755,
      0.17445113952234415,
      0.2165703178004951,
      0.2027798230072461,
      0.22499893505241783,
      0.17511398373363019,
      0.17518103847054822,
      0.15121497357066468,
      0.1879023944714351,
      0.20057808737968066,
      0.20125310321540668,
      0.1700817012179608,
      0.1550184858046811,
      0.14699549731917985,
      0.2100097252624433,
      0.15974241453195726,
      0.2108745918308013,
      0.2046291610012793,
      0.15190158235595835,
      0.17086452640272787,
      0.2302340878553179,
      0.17636774336215447,
      0.23384331545061574,
      0.17206538119264023
    ],
    "MIBRE": [
      0.12479524163866786,
      0.12366963108471603,
      0.14046124126137444,
      0.1391701012974293,
      0.11453686501786638,
      0.1461257460567698,
      0.13485670754370424,
      0.12771597512284963,
      0.15505525335385795,
      0.14141977829184463,
      0.15501863061211263,
      0.12758614960547415,
      0.13088572675434318,
      0.10852754597345436,
      0.13716076647098766,
      0.13771678672262683,
      0.13868903958353623,
      0.1237614881494695,
      0.1163629011990074,
      0.11016611228012126,
      0.14704353635788484,
      0.12366368063709295,
      0.14333273627460535,
      0.14489659871604402,
      0.1203497206679004,
      0.1222151494426845,
      0.16405290131740272,
      0.12663836236937764,
      0.16328521753484182,
      0.13104574031415867
    ]
  },
  "Mean_MAE": 1770.1991759151058,
  "Mean_MRE": 15.988512057468464,
  "Mean_MBRE": 0.18657484020202425,
  "Mean_MIBRE": 0.1340068443884069,
  "Median_MAE": 1748.3394278165074,
  "Median_MRE": 15.683597246438788,
  "Median_MBRE": 0.1821350689167948,
  "Median_MIBRE": 0.13295122392893144,
  "Runs": [
    {},
    {},
    {},
    {},
    {},
    {},
    {},
    {},
    {},
    {},
    {},
    {},
    {},
    {},
    {},
    {},
    {},
    {},
    {},
    {},
    {},
    {},
    {},
    {},
    {},
    {},
    {},
    {},
    {},
    {}
  ]
}