{
  "Metrics": {
    "MAE": [
      1474.572559984845,
      1482.707783250391,
      1769.8039897533438,
      1738.8056478520296,
      1699.103167278238,
      1670.120647417133,
      1740.8838305768572,
      1862.292278517639,
      1851.8751559903515,
      1497.9681152474386,
      1761.869584172323,
      1544.8086542317128,
      1572.3708533410086,
      1368.152635331529,
      1727.7974941476446,
      1840.0644467960942,
      1769.3106714294215,
      1572.2694343389462,
      1389.3113487823773,
      1557.010806220442,
      1769.0094635045773,
      1716.614861213009,
      1813.6809502988503,
      1453.3838423787204,
      1715.1914436017923,
      1564.6361038409025,
      1633.1163675272667,
      1645.8036759322356,
      1757.034298937213,
      1477.0309443927847
    ],
    "MRE": [
      12.46919281841615,
      13.780037556079927,
      15.764838021443136,
      15.84174291462096,
      15.403021162370548,
      14.20412076048581,
      15.451214496534696,
      17.287631443987276,
      17.4629604888089,
      13.201410094264398,
      16.063920497150562,
      13.971894452733746,
      13.990211996593791,
      12.423809310643612,
      15.658927183045213,
      16.662711936884175,
      15.843985900915985,
      14.719899596151468,
      12.181888299268355,
      13.869839924380825,
      15.84713239140195,
      15.46209940282814,
      15.753952772208368,
      13.246797312321693,
      15.915060388767365,
      13.925804047573909,
      15.86155125712854,
      14.16025605533523,
      17.01581824509847,
      13.28507152023606
    ],
    "MBRE": [
      0.15235907877851596,
      0.15344875116011483,
      0.18674803275148932,
      0.18500060031750207,
      0.1806481957232085,
      0.17332540531573962,
      0.18250225947606602,
      0.19812861174373517,
      0.19721849235386496,
      0.15608681734228583,
      0.1883584804532279,
      0.16246104675774822,
      0.16336166098497618,
      0.1397593844707155,
      0.18247818412210295,
      0.1980000990920141,
      0.1877616654013836,
      0.16389965077690222,
      0.1413039670703484,
      0.16326524198415182,
      0.18577420672640677,
      0.18093468026971785,
      0.19684775028610127,
      0.15110273419816775,
      0.1801174618442283,
      0.16542838366139437,
      0.1690400092967875,
      0.17139609722542157,
      0.18708388153833866,
      0.15155772261992376
    ],
    "MIBRE": [
      0.1101755050752926,
      0.1157083797995901,
      0.13406112366748793,
      0.13171445150924074,
      0.1292720993313692,
      0.12523679284671949,
      0.1323997805009062,
      0.1415567617229092,
      0.14233026256360465,
      0.11304668065798167,
      0.13307015092093602,
      0.11734785301898107,
      0.1187512487941103,
      0.10569393159065864,
      0.13185487228928247,
      0.13831943772741123,
      0.1335632379209287,
      0.12236799485762685,
      0.10576250514532239,
      0.11735496134595932,
      0.13234670081543282,
      0.1303811451080829,
      0.13426236498912997,
      0.11173220607130079,
      0.13255203684175895,
      0.11775789230709376,
      0.12996164072074748,
      0.12367172320700436,
      0.1372728601798814,
      0.1131570845340207
    ]
  },
  "Mean_MAE": 1647.886701876237,
  "Mean_MRE": 14.890893408255977,
  "Mean_MBRE": 0.17317995179141935,
  "Mean_MIBRE": 0.12542278953535907,
  "Median_MAE": 1684.6119073476855,
  "Median_MRE": 15.427117829452623,
  "Median_MBRE": 0.17672143357998396,
  "Median_MIBRE": 0.12961687002605835,
  "Runs": [
    {},
    {},
    {},
    {},
    {},
    {},
    {},
    {},
    {},
    {},
    {},
    {},
    {},
    {},
    {},
    {},
    {},
    {},
    {},
    {},
    {},
    {},
    {},
    {},
    {},
    {},
    {},
    {},
    {},
    {}
  ]
}