{
  "Metrics": {
    "MAE": [
      1798.2366999979342,
      1699.0422221804802,
      1859.6842145068404,
      1569.5580392318532,
      1805.323223852929,
      1842.704163956743,
      1742.8781870393673,
      1755.1019733590601,
      1538.742152405165,
      1624.6565327707708,
      1713.9385311285105,
      1666.6358804949818,
      1677.6161453429938,
      1768.9270510931879,
      1747.998958325511,
      1815.8269711328178,
      1762.4660794498861,
      1738.6455972490776,
      1674.8291321900506,
      1657.3916372023152,
      1720.5702909330605,
      1548.9898364146102,
      1707.0844487053325,
      1836.413964503436,
      1742.1654499364251,
      1801.2166568538112,
      1720.0970106356378,
      1697.8915415943784,
      1694.6339435803745,
      1791.629725989469
    ],
    "MRE": [
      15.179501844154952,
      14.34537571833043,
      15.940199197717183,
      13.383393443067867,
      15.741008329646485,
      15.290228830276483,
      14.662897498875479,
      15.313122889919095,
      13.22948159784356,
      13.626376098195028,
      14.867594976905494,
      14.191801239143565,
      14.263462829071951,
      15.207017511113714,
      14.851005849294264,
      15.849980530565697,
      14.864259608138205,
      15.29573395393734,
      14.188043771576094,
      14.069025248168401,
      14.840667846709458,
      12.819058175377101,
      14.311121049445013,
      16.336072349314236,
      14.982138459991667,
      15.450551693064035,
      15.231223634088781,
      14.132768849354157,
      15.088126826443569,
      15.510688793684867
    ],
    "MBRE": [
      0.19303621107227587,
      0.18310423434431114,
      0.2023557433112269,
      0.16677576674937789,
      0.19688670571530134,
      0.1995060487546217,
      0.18834974493130785,
      0.1887723788262943,
      0.16583130376056515,
      0.1752732825764299,
      0.1852667205550152,
      0.18220703319006906,
      0.17971002491170457,
      0.19262810264820102,
      0.18765212480520613,
      0.19690868347338655,
      0.188694387686276,
      0.1872850820080222,
      0.18131207829958304,
      0.1780025875815471,
      0.18533885364779973,
      0.16430751076620137,
      0.18072295130409083,
      0.19972121996906575,
      0.18767397107573822,
      0.19485785928812133,
      0.18625279035307696,
      0.17884793905642316,
      0.1838627989502928,
      0.1937657267194228
    ],
    "MIBRE": [
      0.13392310218189699,
      0.12652181201832496,
      0.13887460444685343,
      0.11696990399309709,
      0.13470969204021824,
      0.1354621663269278,
      0.12834779335730515,
      0.13238275044179734,
      0.11452510011452455,
      0.11874735323950326,
      0.12690076360513694,
      0.12229761304626044,
      0.123714399620439,
      0.13141272006465335,
      0.13096662048182817,
      0.13546025775453238,
      0.13230652693034792,
      0.13052846205207888,
      0.12267985922185144,
      0.12238335649453165,
      0.12850259901179137,
      0.11364552914916164,
      0.1269843072591146,
      0.13813806830581296,
      0.13069369554715773,
      0.13439728721872152,
      0.13162618290767572,
      0.12685812664875595,
      0.12870538269608475,
      0.1334543465196265
    ]
  },
  "Mean_MAE": 1724.0298754019002,
  "Mean_MRE": 14.768730954780471,
  "Mean_MBRE": 0.18583032887769851,
  "Mean_MIBRE": 0.1284040127565337,
  "Median_MAE": 1729.607944091069,
  "Median_MRE": 14.86592729252185,
  "Median_MBRE": 0.18676893618054957,
  "Median_MIBRE": 0.12961692237408182,
  "Runs": [
    {},
    {},
    {},
    {},
    {},
    {},
    {},
    {},
    {},
    {},
    {},
    {},
    {},
    {},
    {},
    {},
    {},
    {},
    {},
    {},
    {},
    {},
    {},
    {},
    {},
    {},
    {},
    {},
    {},
    {}
  ]
}