{
  "Metrics": {
    "MAE": [
      1798.0189751097842,
      1702.72653587496,
      1843.5186107263348,
      1614.816191448585,
      1788.8651168935387,
      1817.0414624577663,
      1753.5948499274389,
      1736.9642189261176,
      1572.8393351503378,
      1667.8259791479893,
      1717.2705141301997,
      1680.8570443614315,
      1688.005975214836,
      1767.544000947612,
      1730.690090060223,
      1774.6622203806965,
      1771.159451396402,
      1693.2858328636594,
      1691.3556879758387,
      1667.2186439348309,
      1702.5728691610498,
      1558.229473931912,
      1699.393096728525,
      1791.383054448215,
      1738.0159842194375,
      1797.6552640458126,
      1709.1319621180107,
      1725.2785094090643,
      1672.6550986673765,
      1775.6140055170677
    ],
    "MRE": [
      15.196215872558275,
      14.400662140665244,
      15.825049571269902,
      13.804393141358403,
      15.538871607798885,
      15.08500285702788,
      14.776465364164393,
      15.128282121508176,
      13.488540665384763,
      14.141946950030679,
      14.893042096574069,
      14.381786475932417,
      14.364964205764814,
      15.215417579999894,
      14.639618598255272,
      15.356716484135497,
      14.927840684973004,
      14.768098694580711,
      14.366337145053517,
      14.146916750909755,
      14.613706649711913,
      12.890013546392446,
      14.276390296014199,
      15.889143282067284,
      14.925610180459756,
      15.409629250205054,
      15.114458696047617,
      14.356948575985228,
      14.80295935220212,
      15.333202534051319
    ],
    "MBRE": [
      0.19297572465908186,
      0.18320544527902985,
      0.20018261952364544,
      0.17176793393367726,
      0.19472783023920304,
      0.19623081493718414,
      0.18934980941645427,
      0.18697258186176374,
      0.1688039621850656,
      0.18008961506236376,
      0.18491900455739588,
      0.1822772668045064,
      0.18044316141729586,
      0.19258556387453388,
      0.18564350691521822,
      0.19177702984127565,
      0.18966390444792192,
      0.18160982364285672,
      0.18298229811780428,
      0.17928143610218153,
      0.18350373459877298,
      0.16498527121781204,
      0.18016885182521536,
      0.19382106631906745,
      0.18703202116147993,
      0.19434810907788733,
      0.1848778836330755,
      0.18226040782737057,
      0.1815123357329777,
      0.19194351961740505
    ],
    "MIBRE": [
      0.13385020986938184,
      0.12695876715144858,
      0.13773150722507807,
      0.12101267314247661,
      0.13345744049778005,
      0.13348958060838448,
      0.1293129166587132,
      0.13064930961948923,
      0.11785553219910859,
      0.1227779830698856,
      0.12751193588361354,
      0.12429767013275235,
      0.12490281928213347,
      0.13132765744231584,
      0.12936371876643504,
      0.13224220583078977,
      0.13303301701620274,
      0.1269238618200163,
      0.12423347203157199,
      0.12318704154714782,
      0.1269089857005625,
      0.11467876685182996,
      0.1262755497739577,
      0.13483940644241244,
      0.1303342544870355,
      0.1341079677305844,
      0.13071773632335484,
      0.1290989596219171,
      0.12680008749727442,
      0.13200572133100347
    ]
  },
  "Mean_MAE": 1721.6063351725018,
  "Mean_MRE": 14.73527437903608,
  "Mean_MBRE": 0.18533141779431744,
  "Mean_MIBRE": 0.12832955851848857,
  "Median_MAE": 1721.274511769632,
  "Median_MRE": 14.789712358183255,
  "Median_MBRE": 0.1848984440952357,
  "Median_MIBRE": 0.12920593814031514,
  "Runs": [
    {},
    {},
    {},
    {},
    {},
    {},
    {},
    {},
    {},
    {},
    {},
    {},
    {},
    {},
    {},
    {},
    {},
    {},
    {},
    {},
    {},
    {},
    {},
    {},
    {},
    {},
    {},
    {},
    {},
    {}
  ]
}