{
  "Metrics": {
    "MAE": [
      1626.7453767632255,
      1567.1847648458522,
      1585.6559328465037,
      1564.5593260735686,
      1595.0842748754283,
      1643.0425690988034,
      1596.7826860180537,
      1554.9812153835355,
      1546.361533461024,
      1567.1172656437986,
      1611.9394311295798,
      1595.5710918787554,
      1627.8489909229752,
      1587.504311381768,
      1601.9150840249388,
      1621.8194218234314,
      1603.4141322031312,
      1586.4980619670143,
      1617.6745856350208,
      1582.9848948851359,
      1550.8953534306274,
      1535.2626561010093,
      1602.0582385317127,
      1559.02633657838,
      1577.6410833641055,
      1604.7960726174033,
      1547.4831959753553,
      1624.7312211798878,
      1542.9544898150525,
      1627.0567215264837
    ],
    "MRE": [
      13.30191237265338,
      13.125395521244984,
      13.21335601548621,
      13.204450723917999,
      13.551464950047782,
      13.367655381332778,
      13.169548463881645,
      13.088125522061917,
      13.077203159332138,
      13.064817968413733,
      13.581106101694,
      13.317518511422804,
      13.760236049715429,
      13.379163498429106,
      13.348712196947277,
      13.714989408979259,
      13.25976277154895,
      13.534008616288526,
      13.504352622001777,
      13.22964169036398,
      12.965575691463139,
      12.580485121784063,
      13.225607928224603,
      13.279823523319715,
      13.177705554662195,
      13.389201160230343,
      13.370407950740393,
      13.222660148048643,
      13.279402546585887,
      13.680620079272748
    ],
    "MBRE": [
      0.17276678641738755,
      0.16823028568815854,
      0.16893320185868965,
      0.1670726828057504,
      0.17151381073416747,
      0.17551980974809342,
      0.17031996977327177,
      0.16627475607926068,
      0.1661268306898194,
      0.16736367710123878,
      0.17248638982097278,
      0.1711781693282405,
      0.17438352432863968,
      0.17117163300243485,
      0.1713714362499649,
      0.17434419531583595,
      0.17120005389515278,
      0.16981594044729068,
      0.17406217493512102,
      0.17107749712181627,
      0.16594025572376245,
      0.16290465665931148,
      0.1715261395833641,
      0.16744150728169488,
      0.1681202605394251,
      0.17251004019272886,
      0.16652197691113688,
      0.1722266018477674,
      0.16622427014642455,
      0.1745896191361697
    ],
    "MIBRE": [
      0.11906381086720885,
      0.11523106673607802,
      0.11660440393104667,
      0.11592347142281852,
      0.11760188818475596,
      0.11883169905520466,
      0.11627886949864749,
      0.1147316558365976,
      0.11510626187886754,
      0.11464668698503235,
      0.11845977203378993,
      0.11731041553394325,
      0.11936093699164298,
      0.11646576313487789,
      0.11803667753278307,
      0.1191864564348144,
      0.1180941752873628,
      0.1174632258485056,
      0.11797626960457036,
      0.11512639340642332,
      0.11376687944414432,
      0.11213006359480622,
      0.11641654731848111,
      0.1150047656956745,
      0.11662072408846114,
      0.11730558607826702,
      0.1166986259280582,
      0.11927604973063947,
      0.11574394825200549,
      0.11939058334779945
    ]
  },
  "Mean_MAE": 1588.553010666052,
  "Mean_MRE": 13.298830375003181,
  "Mean_MBRE": 0.1701072717787698,
  "Mean_MIBRE": 0.11679512245611028,
  "Median_MAE": 1591.2942931285982,
  "Median_MRE": 13.279613034952801,
  "Median_MBRE": 0.17112456506212556,
  "Median_MIBRE": 0.11665967500825966,
  "Runs": [
    {},
    {},
    {},
    {},
    {},
    {},
    {},
    {},
    {},
    {},
    {},
    {},
    {},
    {},
    {},
    {},
    {},
    {},
    {},
    {},
    {},
    {},
    {},
    {},
    {},
    {},
    {},
    {},
    {},
    {}
  ]
}