{
  "Metrics": {
    "MAE": [
      1834.1354875723741,
      1694.3032369327564,
      1823.2906686551776,
      1654.0992893009404,
      1831.3753600799732,
      1784.2130634180337,
      1723.0992938292093,
      1792.188758014515,
      1600.286129928552,
      1652.2730885630217,
      1750.0001100733139,
      1700.1584742798145,
      1696.0536434062253,
      1784.2966199268676,
      1757.2744838841893,
      1767.3087193222664,
      1730.8571379523314,
      1714.560216265664,
      1717.6925112976276,
      1658.4024414916114,
      1681.3792918564461,
      1565.0740725469493,
      1702.452018747083,
      1781.677041349892,
      1744.5747094204148,
      1830.622507602578,
      1675.9799438474395,
      1734.5831890066102,
      1620.6209757717793,
      1808.5311034666852
    ],
    "MRE": [
      15.421728157664768,
      14.314129703698894,
      15.694068948090347,
      14.217771762761117,
      16.05919017284946,
      14.776887255741213,
      14.340846455493358,
      15.618760251381788,
      13.785162005642066,
      13.990060921093372,
      15.157156962708296,
      14.482985657337014,
      14.515136317111535,
      15.371638874315611,
      14.858165079052949,
      15.282764301445326,
      14.576030985375771,
      14.945544644010727,
      14.64640395410781,
      14.029824497641041,
      14.406368610680104,
      12.974778201371674,
      14.26367140143725,
      15.84706783174577,
      14.902816470645611,
      15.672379188453146,
      14.731237757625681,
      14.493199784764075,
      14.198223581328454,
      15.619597209944693
    ],
    "MBRE": [
      0.19727663821594235,
      0.18236640512653132,
      0.19764852474784078,
      0.17537904106834573,
      0.19978559625515666,
      0.1919102468935694,
      0.18627222738394741,
      0.1923084920686274,
      0.171361102411434,
      0.1777711612433928,
      0.18983270789442594,
      0.18520562341423885,
      0.18258089814266037,
      0.19485710372756312,
      0.18899385764306897,
      0.1923338990532996,
      0.18457273631681112,
      0.18465869642579705,
      0.18599985178665512,
      0.17794821412195866,
      0.18037059234163422,
      0.16606282481184317,
      0.18071846955282383,
      0.19291240227307033,
      0.1892666752145694,
      0.1982350605417614,
      0.1814007618331907,
      0.18347426038498907,
      0.17550009292892624,
      0.1962198589466321
    ],
    "MIBRE": [
      0.1367738686029658,
      0.12618913869022574,
      0.13615376410513394,
      0.12490755751098864,
      0.13701892519203276,
      0.13098484305791394,
      0.12625555730179175,
      0.13583719099790453,
      0.12056031795981201,
      0.12174476170658317,
      0.12958115475192647,
      0.12545978459879822,
      0.12506053818892773,
      0.13255045314725802,
      0.1314255301586915,
      0.13085343123403692,
      0.1298245353182651,
      0.12832363810561845,
      0.12645696769567089,
      0.12257372178279775,
      0.12540210676465188,
      0.11509706107621119,
      0.12639289386638958,
      0.1339597053459737,
      0.1300968297621281,
      0.13682535101112056,
      0.1276936866698889,
      0.1299556460580745,
      0.12236494689158339,
      0.13448307155602582
    ]
  },
  "Mean_MAE": 1727.0454529270114,
  "Mean_MRE": 14.773119898183968,
  "Mean_MBRE": 0.18610746742569026,
  "Mean_MIBRE": 0.12869356597031303,
  "Median_MAE": 1726.9782158907703,
  "Median_MRE": 14.688820855866746,
  "Median_MBRE": 0.185602737600447,
  "Median_MIBRE": 0.12895239642877246,
  "Runs": [
    {},
    {},
    {},
    {},
    {},
    {},
    {},
    {},
    {},
    {},
    {},
    {},
    {},
    {},
    {},
    {},
    {},
    {},
    {},
    {},
    {},
    {},
    {},
    {},
    {},
    {},
    {},
    {},
    {},
    {}
  ]
}