{
  "Metrics": {
    "MAE": [
      467.3417948903735,
      348.37442554827385,
      391.8442810123813,
      416.39476888814664,
      502.1371092348359,
      465.01899241492856,
      533.662980679137,
      432.2991147165986,
      490.4828845191858,
      477.72834270330117,
      536.0508384061665,
      445.8143094828845,
      387.645875607434,
      505.0459067160252,
      424.07027305541044,
      423.5806656470184,
      394.81295259860497,
      504.26702944787996,
      495.49175820908874,
      406.9570903039817,
      470.2031676027956,
      453.69520728771096,
      516.9454285220427,
      456.1247094765002,
      433.8088087857747,
      484.64280602526156,
      466.26717537477384,
      365.5826659290768,
      423.72691615493454,
      393.4091741257052
    ],
    "MRE": [
      614.7991876729602,
      319.9790260387324,
      346.34143756540215,
      551.0938292292835,
      735.0632223290636,
      687.6042883237494,
      788.1711162429126,
      580.2028705898382,
      500.95469843218103,
      643.5106112844253,
      810.7041916239891,
      585.0247878726373,
      403.60188923810404,
      684.603146457225,
      462.38844014341834,
      446.0919467762668,
      457.64062258206667,
      722.8429531726734,
      768.7037676266541,
      424.94421478654374,
      690.1572981816679,
      526.4200177735061,
      682.8320752750332,
      610.293673879559,
      485.11149864247784,
      629.2729364178076,
      578.2071257238813,
      342.76393922613426,
      421.6947387738852,
      389.031098831064
    ],
    "MBRE": [
      6.511861234774645,
      3.472668165378087,
      3.849617039899946,
      5.758682624138736,
      7.77573226337257,
      7.209352682642969,
      8.305802737842379,
      6.232002144263953,
      5.526467043984834,
      6.826297031846336,
      8.674887421987002,
      6.30950055933718,
      4.431647487194431,
      7.404568802772798,
      4.94735206800776,
      4.923292257738752,
      4.908178239534594,
      7.723488230078358,
      7.995912285950543,
      4.618083710328934,
      7.273073773914231,
      5.755707006941699,
      7.521728021308786,
      6.883488736753217,
      5.303306402765867,
      7.161198776014683,
      6.2901830769337925,
      3.742853903803123,
      4.796797037663015,
      4.301498311971417
    ],
    "MIBRE": [
      0.6783535321329563,
      0.5338977444163491,
      0.5793007471526623,
      0.5426034286686607,
      0.702538691556231,
      0.6561626363930577,
      0.7300991350648801,
      0.652601526081927,
      0.6967099515291504,
      0.694549074186197,
      0.730810965178872,
      0.6335495741327019,
      0.5793071170505585,
      0.6991388204018658,
      0.6309159854687025,
      0.6181166620315399,
      0.5574154825563645,
      0.7096271535712833,
      0.6872425810367331,
      0.6077077982138387,
      0.651734627566702,
      0.6476494142437174,
      0.7249888559142216,
      0.6467906772321265,
      0.6242540431016879,
      0.6685233647624638,
      0.6667245067088455,
      0.5601585511823343,
      0.625988083979323,
      0.5741647350614323
    ]
  },
  "Mean_MAE": 450.4475817788744,
  "Mean_MRE": 563.0016883571046,
  "Mean_MBRE": 6.081174302638156,
  "Mean_MIBRE": 0.6437208488859129,
  "Median_MAE": 454.9099583821056,
  "Median_MRE": 579.2049981568598,
  "Median_MBRE": 6.2610926105988725,
  "Median_MIBRE": 0.6496920209052097,
  "Runs": [
    {},
    {},
    {},
    {},
    {},
    {},
    {},
    {},
    {},
    {},
    {},
    {},
    {},
    {},
    {},
    {},
    {},
    {},
    {},
    {},
    {},
    {},
    {},
    {},
    {},
    {},
    {},
    {},
    {},
    {}
  ]
}