{
  "Metrics": {
    "MAE": [
      221.1825772281467,
      308.9597409483887,
      183.56102975985067,
      385.1802620494217,
      320.05159886137574,
      292.5114724964173,
      176.8995402165564,
      328.7686454582303,
      261.82737781167776,
      271.76073628822576,
      233.83360132238346,
      359.25540310245765,
      309.9565542331094,
      234.70494120856316,
      394.20004196165695,
      316.73932538513515,
      299.04844045006394,
      251.68274220685535,
      352.40255189175764,
      228.64372792983485,
      289.60486580721977,
      222.52501984095542,
      355.6229816290993,
      361.0786338695609,
      445.6939978527979,
      228.02638865269924,
      257.7970126916337,
      418.8419415663064,
      328.60881623425473,
      200.96489791895957
    ],
    "MRE": [
      260.5927816552976,
      396.58548678008685,
      189.09990575187976,
      534.4917147746155,
      313.62904339374745,
      350.83641917099555,
      188.48050895226706,
      390.2651511497292,
      252.30789949329622,
      294.22874607736406,
      325.856470656378,
      442.5264662900784,
      380.1440327524898,
      252.2866579399729,
      539.9970258442379,
      356.95836630228786,
      326.03442579329,
      312.3010025836785,
      461.6537669000994,
      185.1270380516644,
      336.2668779748218,
      240.25605754624334,
      404.7583238779195,
      510.7088814901197,
      679.1212739948477,
      225.5626748314719,
      287.9329427588815,
      544.5668665537694,
      303.10579130427044,
      206.97091571894012
    ],
    "MBRE": [
      2.8485777233905476,
      3.9657283408729875,
      2.117757022926323,
      3.955506768840734,
      3.3143691413488265,
      3.4528184631922416,
      1.7831789898456443,
      3.939987952200498,
      2.476698133612586,
      2.8418737439024127,
      3.2905679685525477,
      4.440988364184671,
      2.245568484153742,
      2.561614389338723,
      5.5454906708551395,
      3.5987593771871516,
      3.3310101907264382,
      3.218320058936353,
      4.750452172664057,
      1.941170245342137,
      3.452590419443621,
      2.553451681432877,
      4.031018974553149,
      5.5878871862450525,
      6.948285661565941,
      2.12789441973331,
      3.0243299334830573,
      5.561526530287689,
      3.1856796839574155,
      2.1746271781938615
    ],
    "MIBRE": [
      0.4482125181895914,
      0.6010520343503627,
      0.4361317614408775,
      0.6538268017573288,
      0.570239466023277,
      0.553302985434282,
      0.42514614217549335,
      0.5714210228891397,
      0.516264064938899,
      0.574093581904789,
      0.5208729303633723,
      0.5944956848067207,
      0.5082416188941155,
      0.4425763387760862,
      0.6007620109742093,
      0.5487602593639994,
      0.5758727151367199,
      0.48669135696025195,
      0.5396560532533834,
      0.44309590908962376,
      0.4719093016818923,
      0.47649874689428856,
      0.5624231481136901,
      0.5724709648950509,
      0.6131030372910744,
      0.47780889476689575,
      0.5339099281473397,
      0.6253448205236418,
      0.5422573494171382,
      0.40718840372276793
    ]
  },
  "Mean_MAE": 294.66449556245317,
  "Mean_MRE": 349.75511721215804,
  "Mean_MBRE": 3.4755909956989917,
  "Mean_MIBRE": 0.5297876617392102,
  "Median_MAE": 295.77995647324065,
  "Median_MRE": 325.94544822483397,
  "Median_MBRE": 3.3024685549506874,
  "Median_MIBRE": 0.5409567013352607,
  "Runs": [
    {},
    {},
    {},
    {},
    {},
    {},
    {},
    {},
    {},
    {},
    {},
    {},
    {},
    {},
    {},
    {},
    {},
    {},
    {},
    {},
    {},
    {},
    {},
    {},
    {},
    {},
    {},
    {},
    {},
    {}
  ]
}