{
  "Metrics": {
    "MAE": [
      288.74090178842164,
      453.7928243211136,
      303.7299829221188,
      492.3075435830389,
      378.64971498693643,
      435.0796071102254,
      337.6984088955078,
      377.27725223165845,
      450.63201633467884,
      365.910500267695,
      293.72106770428536,
      443.5509931307582,
      404.33526884397713,
      331.8625118478546,
      475.8754032413697,
      374.9896953084621,
      453.08790072332596,
      365.06273642518323,
      458.16381453131953,
      298.51437043440035,
      431.28617263732986,
      322.2663527016515,
      440.80438940096076,
      487.9678409762481,
      607.361049001058,
      316.3600462597151,
      393.3445612213729,
      553.2858921514267,
      447.90159811108657,
      275.7143664653844
    ],
    "MRE": [
      422.71696463647174,
      761.2435638759594,
      475.6809207826477,
      762.1337949527735,
      430.75758090929764,
      717.8483379177295,
      568.0164819112879,
      467.5547569692439,
      764.6133527521356,
      531.5440174915952,
      432.6301204766273,
      612.9336255510377,
      577.4089887307238,
      510.6988374147669,
      698.1249918109194,
      497.08446845391734,
      766.4800812407084,
      631.6469156593997,
      754.1077827381353,
      338.1049192220759,
      663.5322234722273,
      420.11473048107496,
      636.2055857919975,
      900.0866439180609,
      1029.6910502689284,
      402.0740384724333,
      615.3060536087104,
      823.3187316467505,
      488.3544250395297,
      327.59301192208324
    ],
    "MBRE": [
      2.845346124976121,
      3.84082745173704,
      3.419494258231242,
      6.305156098991661,
      2.73714777577789,
      4.711065427018923,
      5.8344432202523775,
      2.6976710411194063,
      3.2248698686741974,
      3.3114451399980065,
      3.5656180297513083,
      4.479265091214634,
      4.374302771969516,
      2.4506600890868886,
      5.395474658022801,
      4.391736893973601,
      5.725454633066614,
      4.253336153812596,
      4.650331562318585,
      2.2993583403977325,
      5.244228327835051,
      3.2105682388560997,
      3.7602442871656794,
      -0.05980880730793017,
      7.9435208476320005,
      0.4499590884826279,
      4.056935868220078,
      3.0386050030682887,
      2.5075627612268283,
      1.0251522208214936
    ],
    "MIBRE": [
      1.6540686784633372,
      3.3833210634218336,
      1.4908480579150056,
      2.340278941082305,
      1.865803289982505,
      2.9517070020557825,
      2.5654584472253834,
      1.7552628416511187,
      4.036853241461343,
      2.2211993175790368,
      1.5607480108089988,
      1.8383105616573863,
      1.7266560434210712,
      2.3311587048852114,
      2.236859885108202,
      1.6549236743526266,
      2.11209339127635,
      2.2563940722287987,
      2.7774439847619385,
      1.2903443989379157,
      2.0366376224225893,
      1.7380555933096256,
      2.770485705353717,
      4.8237387273397445,
      2.5938088630506937,
      1.7840061000601295,
      2.2289636036928617,
      2.8759028988033988,
      2.2655454664527412,
      1.1532585555008381
    ]
  },
  "Mean_MAE": 401.97582611861884,
  "Mean_MRE": 600.9202332706416,
  "Mean_MBRE": 3.722999082213045,
  "Mean_MIBRE": 2.2773378914754163,
  "Median_MAE": 398.839915032675,
  "Median_MRE": 595.1713071408808,
  "Median_MBRE": 3.662931158458494,
  "Median_MIBRE": 2.2250814606359492,
  "Runs": [
    {},
    {},
    {},
    {},
    {},
    {},
    {},
    {},
    {},
    {},
    {},
    {},
    {},
    {},
    {},
    {},
    {},
    {},
    {},
    {},
    {},
    {},
    {},
    {},
    {},
    {},
    {},
    {},
    {},
    {}
  ]
}