{
  "Metrics": {
    "MAE": [
      240.90088243337732,
      261.7082598812203,
      231.13659708828538,
      258.8498119069368,
      258.09120784766947,
      229.6419036671254,
      227.40048671498894,
      311.1415277986244,
      251.9989830251593,
      264.5907897542993,
      242.83340034278964,
      256.3601556222007,
      320.9791532030614,
      264.5074481015675,
      274.21952759538374,
      310.2253729232722,
      297.1769001621531,
      248.5008190030224,
      304.5205930343766,
      231.9827557686248,
      317.0042078257774,
      198.19503855616625,
      430.4369967544153,
      236.74827984148922,
      409.3122600686623,
      194.3271375191388,
      229.61224451079858,
      317.73700932288745,
      291.0061390436896,
      234.23403753529112
    ],
    "MRE": [
      261.9472454488752,
      339.51438073236864,
      225.22812629852328,
      305.2445274443197,
      176.49726082127785,
      251.46690991963223,
      240.60595391729146,
      313.442597717395,
      248.55366242380322,
      327.55377799009847,
      229.81425099275526,
      236.69073915215387,
      309.9650789004816,
      239.04864146345676,
      225.50219295395317,
      280.284115188488,
      319.75539541029076,
      294.2385572991431,
      393.51122257079487,
      183.5948807423652,
      354.4526377264634,
      167.87684929029294,
      454.7881114827228,
      227.359860112469,
      501.3403682090544,
      141.99627010453412,
      276.46804717517443,
      321.20158362101904,
      197.47590805660434,
      205.71614534736113
    ],
    "MBRE": [
      2.018275884650945,
      2.3269747006614545,
      0.333687141387809,
      0.9457693786778474,
      1.3075107027689508,
      1.9540000353038647,
      2.2030840782421164,
      3.22864766069399,
      3.3265830406824994,
      2.4627491235863226,
      2.1858437725763107,
      1.6743965148711155,
      1.6808391366840034,
      2.0982472725811663,
      2.13979301849805,
      2.5573426924528713,
      2.4083095292287138,
      1.4909698376625629,
      2.2973308124195775,
      1.6406052676343459,
      2.375716425629011,
      1.4696036041764629,
      3.6762795242253516,
      0.9730815831896127,
      4.784750190159664,
      1.5696531905710815,
      1.4554063356578404,
      2.684542095571242,
      1.8641262924198403,
      1.9439837552420243
    ],
    "MIBRE": [
      0.9117847436459883,
      1.8727811095658817,
      0.7332133135445641,
      1.107924430827591,
      0.7476731706415469,
      0.9139851490086077,
      0.7923979235505089,
      0.6985296326995261,
      1.0150833654001163,
      1.1530307196593492,
      0.920274182967515,
      1.0955700296226862,
      0.7598050268598463,
      0.7750810513227483,
      0.8259728211899935,
      0.9623811223431837,
      1.1175170353196096,
      1.2072942594237404,
      1.559069604814466,
      0.686602529684484,
      0.8300137926309887,
      0.6831376735333663,
      1.3021243151286885,
      1.1785253552576547,
      1.1778282883147886,
      0.6977833886029248,
      1.1370938595509674,
      0.9523486432408435,
      0.6971180362802953,
      0.5588927080093872
    ]
  },
  "Mean_MAE": 271.51266422841513,
  "Mean_MRE": 275.0378432837722,
  "Mean_MBRE": 2.102603419936888,
  "Mean_MIBRE": 0.9690279094213953,
  "Median_MAE": 258.47050987730313,
  "Median_MRE": 256.7070776842537,
  "Median_MBRE": 2.0582615786160554,
  "Median_MIBRE": 0.9171296659880613,
  "Runs": [
    {},
    {},
    {},
    {},
    {},
    {},
    {},
    {},
    {},
    {},
    {},
    {},
    {},
    {},
    {},
    {},
    {},
    {},
    {},
    {},
    {},
    {},
    {},
    {},
    {},
    {},
    {},
    {},
    {},
    {}
  ]
}