{
  "Metrics": {
    "MAE": [
      435.6530329893741,
      495.197657360572,
      475.40839548342916,
      577.2837081622848,
      501.5864573974917,
      490.15575730264425,
      404.34482057574957,
      551.1828312192836,
      499.72116418030015,
      451.48862931858605,
      513.6362416325479,
      477.5742708613212,
      455.47384118457364,
      399.56529477957275,
      468.4345003036374,
      499.0167270505388,
      481.6462882358983,
      574.5051726834156,
      361.096053783703,
      467.87278564766245,
      424.528025961944,
      505.08287201254274,
      513.4973721775397,
      539.1912563274205,
      499.34702142934304,
      372.6211431917297,
      376.99098335137535,
      509.5717859479394,
      485.7394121869678,
      482.0624544306144
    ],
    "MRE": [
      609.6342761981432,
      806.7523678955022,
      669.2420495885175,
      810.2014787751891,
      663.8871203943035,
      782.1620097008209,
      656.2322281503516,
      813.8830008878481,
      760.9753605595369,
      771.635381428059,
      755.5872121957344,
      679.6054415930552,
      558.3317536360418,
      539.5673729859118,
      719.9619457114406,
      669.3234956065713,
      695.19521039782,
      894.6225335342364,
      523.0422091908339,
      625.9676476877144,
      506.8515718805161,
      711.5595851701303,
      779.2773639285097,
      933.6813727081094,
      672.7551897638527,
      498.0246054795365,
      583.8245769305688,
      881.3086130886114,
      563.1033231854861,
      600.75030941798
    ],
    "MBRE": [
      6.23414555311568,
      8.229284973972602,
      6.977192873283825,
      8.330036362776045,
      6.706312834292376,
      7.833128422510833,
      6.668810917739976,
      8.318086029460808,
      7.5100853049987775,
      7.843654991360684,
      7.8850625454998,
      6.973241242203298,
      6.679694695142132,
      5.457986915372434,
      7.150645349292807,
      6.864440196853705,
      7.159333245570808,
      9.350997340032903,
      5.312162436437916,
      6.40872034526405,
      5.014317111136414,
      7.526951878293041,
      8.127696803744662,
      9.31925484815267,
      7.335655564242602,
      4.976483342352784,
      5.901828789366628,
      8.737584846449666,
      5.789836893065648,
      6.556661604636182
    ],
    "MIBRE": [
      0.6883858204318377,
      0.7165129605588009,
      0.6947746805488654,
      0.7607218508831626,
      0.723480055975445,
      0.7339317136810171,
      0.648520062342923,
      0.7851049682765724,
      0.875938819284504,
      0.6857121024158905,
      0.7141058984137612,
      0.7688075250957337,
      0.8105866593553849,
      0.6581785082084178,
      0.8716271019766233,
      0.8557814099223922,
      0.6986576099488673,
      0.7439885856712178,
      0.5976129676571584,
      0.7167636231563219,
      0.6669663025859023,
      0.8099779761125205,
      0.7090673344602914,
      0.7152857881091161,
      0.7056766592757403,
      0.6494746094482678,
      0.6173267297079057,
      0.706246947205303,
      0.6971207531079194,
      0.7693215586493977
    ]
  },
  "Mean_MAE": 476.315865239,
  "Mean_MRE": 691.231553589031,
  "Mean_MBRE": 7.105976475220726,
  "Mean_MIBRE": 0.7265219194155755,
  "Median_MAE": 483.9009333087911,
  "Median_MRE": 676.180315678454,
  "Median_MBRE": 7.063919111288316,
  "Median_MIBRE": 0.7146958432614386,
  "Runs": [
    {},
    {},
    {},
    {},
    {},
    {},
    {},
    {},
    {},
    {},
    {},
    {},
    {},
    {},
    {},
    {},
    {},
    {},
    {},
    {},
    {},
    {},
    {},
    {},
    {},
    {},
    {},
    {},
    {},
    {}
  ]
}