{
  "Metrics": {
    "MAE": [
      325.19087650472994,
      272.3675364604812,
      281.60993204279373,
      312.76806983432243,
      324.52102551542487,
      241.82714388480917,
      242.02161571324967,
      285.978467614468,
      314.536309242357,
      320.22530343344124,
      237.57205704597388,
      237.93906259127624,
      327.82742704137365,
      364.2132878615267,
      318.9294661846921,
      241.00343833506255,
      313.3335508047579,
      331.03055398240133,
      257.79272097500365,
      242.80055824622917,
      274.9956986235802,
      299.50565443073225,
      429.15004807130055,
      210.47835672033534,
      368.13451551350533,
      280.09627953335877,
      461.9455764822405,
      306.29335785943266,
      267.2593935218028,
      259.9455813960555
    ],
    "MRE": [
      381.50816203337735,
      307.58462072900676,
      280.10751531830954,
      416.8074132537826,
      303.27954574609754,
      280.84385656961916,
      256.943037952135,
      265.53271658599925,
      249.804833358015,
      417.1073502673229,
      349.85157834346865,
      219.97644328979592,
      288.75032844395537,
      384.955469486317,
      297.08572184058943,
      231.93983163703427,
      415.2014788750429,
      396.9848840979983,
      299.82326405438,
      251.614863605218,
      291.3053845719038,
      286.11234175074196,
      459.3230676242487,
      248.78439888137024,
      436.56576967468095,
      223.12133966136,
      539.759179057231,
      294.3703167936322,
      211.65091829951356,
      248.87397923462262
    ],
    "MBRE": [
      2.930751219425617,
      -1.9170107649400019,
      3.215994526299606,
      3.3553273623397817,
      2.695848120249741,
      2.5555756139962753,
      2.7845746746646345,
      2.111673270334604,
      3.389337223084614,
      3.352469579777109,
      3.3100785194260687,
      1.777530299237324,
      0.5585940061440238,
      3.3422865636397407,
      3.189431348854217,
      2.539937635314179,
      3.685907814810809,
      3.4267542942559075,
      2.41561241008246,
      2.17719486778799,
      3.4951183837448694,
      1.7719450868125215,
      4.856527727752112,
      1.6417797136511063,
      2.811824143702412,
      2.4787758807920137,
      3.3847988551900974,
      2.4171436535536004,
      2.014659861330416,
      2.388580462377964
    ],
    "MIBRE": [
      1.3658965805643386,
      1.2975996067948632,
      0.9815971861237179,
      1.5346117845039098,
      1.3243329719803894,
      1.045454618244631,
      0.7118974700732663,
      1.052341350696739,
      0.8126358480017613,
      1.4690209197129476,
      0.7737842380982652,
      0.8446902998510448,
      1.0406932753839615,
      0.9179932411924315,
      1.0039823341420613,
      0.884554899092815,
      1.2352982493914793,
      1.1354402680631586,
      1.0005239007159163,
      1.094088622034603,
      0.8436576539523929,
      1.2128483322123456,
      0.9955417650068858,
      1.05976283840793,
      1.5237945098738248,
      0.7966000975920114,
      1.2159151441697562,
      1.2415251337237352,
      0.7587601661069524,
      0.8026485572098003
    ]
  },
  "Mean_MAE": 298.3764288488906,
  "Mean_MRE": 317.8523203678924,
  "Mean_MBRE": 2.6053007451230603,
  "Mean_MIBRE": 1.0659163954305977,
  "Median_MAE": 292.7420610226001,
  "Median_MRE": 292.837850682768,
  "Median_MBRE": 2.7402113974571876,
  "Median_MIBRE": 1.0430739468142962,
  "Runs": [
    {},
    {},
    {},
    {},
    {},
    {},
    {},
    {},
    {},
    {},
    {},
    {},
    {},
    {},
    {},
    {},
    {},
    {},
    {},
    {},
    {},
    {},
    {},
    {},
    {},
    {},
    {},
    {},
    {},
    {}
  ]
}