{
  "Metrics": {
    "MAE": [
      202.87655801025198,
      197.0487678780284,
      211.63666438124636,
      192.03797122590427,
      243.33465849036173,
      206.66883074120489,
      183.55844857230525,
      256.0752280974134,
      182.74941954732506,
      198.60937177821097,
      179.96387885531732,
      160.96388304290468,
      281.57049434001675,
      278.32622890869146,
      252.01737582304528,
      173.73580728364124,
      217.50872269330736,
      203.322510983864,
      129.41168844487763,
      164.8061502562992,
      177.61088260852748,
      203.3253706519385,
      303.01744554331486,
      221.48594817599556,
      225.922677822643,
      229.8770413564776,
      253.60778515417329,
      172.45911457037658,
      249.57109863934528,
      166.04146226523096
    ],
    "MRE": [
      163.63147928258545,
      127.42800537777804,
      97.27332423644074,
      176.5731435317388,
      168.47836072126324,
      143.60236642348693,
      104.62455913335731,
      128.5055246825402,
      118.9199258361942,
      183.22812512652968,
      182.2805502611778,
      77.88794448931475,
      175.7493837400208,
      192.90779194957562,
      152.99473665542945,
      100.37063989297297,
      183.28362054543064,
      143.59672877873206,
      109.79056939385441,
      104.92243244156614,
      103.62610003570731,
      103.23047963549168,
      148.75720927793137,
      135.67628718902688,
      154.50234688435927,
      97.41229561496374,
      138.86069840528288,
      80.42553909689414,
      119.61005123075266,
      127.83420026340173
    ],
    "MBRE": [
      1.7783719323769136,
      1.5696736386215384,
      1.4178108252833732,
      1.9882401181809701,
      1.8817308072276657,
      1.7319223726511765,
      1.2207466731864565,
      1.7317170864894451,
      1.545289767193732,
      1.9289029651637426,
      2.058525555011784,
      0.9387258248802945,
      2.1496551592859365,
      2.2373038680409483,
      1.8639717322112859,
      1.2430340305251726,
      2.1495406884796915,
      1.651474354413119,
      1.2437466105653154,
      1.226871160915992,
      1.185987767064349,
      1.2857345552170776,
      1.9285879312625054,
      1.6507971635559924,
      1.7167400589738744,
      1.4500196870205098,
      1.6872051830036854,
      0.9771564053298499,
      1.5854652194903358,
      1.3829657644275906
    ],
    "MIBRE": [
      0.3530113298047785,
      0.3518953285005064,
      0.375948005424978,
      0.34832706397342805,
      0.3936670017109435,
      0.3393655991455196,
      0.35906087474077897,
      0.39719958062317756,
      0.3894689576870945,
      0.3740398891981345,
      0.3944372648914341,
      0.32614320386483986,
      0.3976807546191507,
      0.40658569130030175,
      0.39897548523400145,
      0.33727278244032927,
      0.3988790520774906,
      0.366213744106664,
      0.30943429100434267,
      0.32988178573271576,
      0.3555575515123877,
      0.36264884808199865,
      0.4467378374559989,
      0.40832820137019715,
      0.3768562226992865,
      0.37062554721486013,
      0.43143040882395783,
      0.3252310137575037,
      0.40274276895584693,
      0.32461544700847844
    ]
  },
  "Mean_MAE": 210.63804953807465,
  "Mean_MRE": 134.86614733779336,
  "Mean_MBRE": 1.6135971635350108,
  "Mean_MIBRE": 0.37174205109870423,
  "Median_MAE": 203.32394081790125,
  "Median_MRE": 132.09090593578355,
  "Median_MBRE": 1.6511357589845557,
  "Median_MIBRE": 0.3723327182064973,
  "Runs": [
    {},
    {},
    {},
    {},
    {},
    {},
    {},
    {},
    {},
    {},
    {},
    {},
    {},
    {},
    {},
    {},
    {},
    {},
    {},
    {},
    {},
    {},
    {},
    {},
    {},
    {},
    {},
    {},
    {},
    {}
  ]
}