{
  "Metrics": {
    "MAE": [
      485.7577589385171,
      349.9867410904964,
      392.29320388309316,
      415.95176996387585,
      501.67086068007313,
      473.67351884271284,
      536.3326933573356,
      440.2722805222318,
      495.91853410278134,
      475.60837737269327,
      534.6410661575865,
      445.57379172009973,
      388.6040099162598,
      504.4802515973152,
      425.2024358652588,
      424.72407193456996,
      392.5122070922422,
      512.4131326973104,
      506.74361943212205,
      410.27469414589206,
      472.4489794400811,
      454.55629524113186,
      519.7695552777426,
      463.8455734316156,
      432.5727177640493,
      485.3657619630943,
      470.59443338631655,
      367.82941677527447,
      427.1766915181685,
      391.1617774782087
    ],
    "MRE": [
      664.6282531812675,
      321.22142061985056,
      350.5628769432965,
      556.7196745370746,
      728.8935487022675,
      710.1706887929353,
      784.4953409229332,
      596.462463480146,
      525.2257099219131,
      634.6829282342084,
      796.9310976107832,
      590.5697869553179,
      400.5544458893982,
      673.6579607427974,
      470.2879476896238,
      452.06775662670077,
      450.22242013306635,
      739.6786117389935,
      790.4864060541186,
      432.0177843082722,
      689.723047173979,
      543.4211594018831,
      687.1635912481344,
      646.3753686933154,
      496.05212145080554,
      628.8066524698298,
      592.4453726289802,
      346.75981993885796,
      433.79834021583446,
      387.0555370495786
    ],
    "MBRE": [
      7.003658641997332,
      3.4766541560482564,
      3.880513749530149,
      5.809106960439119,
      7.719340335900601,
      7.406405393273322,
      8.250005950302969,
      6.379545759678905,
      5.642524984723709,
      6.760125556280192,
      8.538825195232205,
      6.341030403677615,
      4.3908309197787645,
      7.289789111540989,
      5.005127927383052,
      4.989668422230747,
      4.832272749541684,
      7.890648514594208,
      8.218135476574242,
      4.690110448494163,
      7.271064812769058,
      5.933939231536288,
      7.577134921265167,
      7.194293749033145,
      5.381487033770482,
      7.0162697969115255,
      6.386922927592414,
      3.785839078132328,
      4.90556827675681,
      4.22763847784181
    ],
    "MIBRE": [
      0.692812024233274,
      0.5371221789454493,
      0.5860550544575931,
      0.5486613943702486,
      0.702328705365693,
      0.6673527195855238,
      0.7310062584847773,
      0.6582225026643121,
      0.7044085034170993,
      0.6964831125107542,
      0.7314528091189274,
      0.6401976478317524,
      0.5781815378899017,
      0.701171325282031,
      0.6346522136328622,
      0.6164786005829885,
      0.5440128021412681,
      0.7180357367489761,
      0.6994053537233915,
      0.609554112841102,
      0.6529962051409534,
      0.649380196715109,
      0.7273786806271879,
      0.6540974585969414,
      0.6224086936116126,
      0.6740746586653535,
      0.6707933564586165,
      0.5652492645991614,
      0.635288410809007,
      0.5682579017966328
    ]
  },
  "Mean_MAE": 453.26520738627164,
  "Mean_MRE": 570.7046044452054,
  "Mean_MBRE": 6.139815965427709,
  "Mean_MIBRE": 0.6472506473616166,
  "Median_MAE": 459.20093433637373,
  "Median_MRE": 591.507579792149,
  "Median_MBRE": 6.360288081678259,
  "Median_MIBRE": 0.6535468318689474,
  "Runs": [
    {},
    {},
    {},
    {},
    {},
    {},
    {},
    {},
    {},
    {},
    {},
    {},
    {},
    {},
    {},
    {},
    {},
    {},
    {},
    {},
    {},
    {},
    {},
    {},
    {},
    {},
    {},
    {},
    {},
    {}
  ]
}