{
  "Metrics": {
    "MAE": [
      414.92292634541224,
      404.25652519948545,
      398.0673405167313,
      418.4358175471489,
      420.76216300187224,
      427.01903932614937,
      417.4332831084288,
      417.94502916878633,
      415.3538333024696,
      412.61211026160004,
      426.05600972129537,
      417.91038402738485,
      407.8329861729144,
      430.7123810830414,
      403.2377146697345,
      407.63665857099306,
      383.8424476290932,
      420.0475054644369,
      415.08733513416894,
      413.5268141565063,
      428.5430556029252,
      421.3725558749985,
      426.3623421571551,
      415.11390342713634,
      409.62994470712067,
      423.9267245299548,
      419.7270667337553,
      418.5359922634821,
      430.19137332888874,
      400.321194045008
    ],
    "MRE": [
      163.4959476031674,
      111.18730403368218,
      100.101501321283,
      159.46743986145066,
      131.4380485666793,
      161.37837583653067,
      119.83771246344119,
      128.53310584978587,
      114.09701552408798,
      175.23958480222902,
      180.38227175376844,
      144.03122379409726,
      98.24354876005378,
      159.27052043645352,
      94.10526735620981,
      125.49327205672904,
      155.11911044308343,
      145.36498951189733,
      140.090864733323,
      111.94791888063608,
      158.3622627826224,
      143.6957805799584,
      180.30730128382325,
      183.47474434118544,
      128.89560413900253,
      129.80950477848975,
      151.79862180795567,
      149.3451404811109,
      119.30827811731444,
      113.7333447916258
    ],
    "MBRE": [
      4.8057417825786555,
      3.8233212363638085,
      3.853195505863018,
      5.1705452296900525,
      6.348346650160739,
      7.173089751913881,
      5.454709744731058,
      4.927924322833816,
      6.442218768255812,
      4.205099080259684,
      5.355497745899227,
      5.232516751809458,
      3.980137863154105,
      5.895177067684165,
      4.369780539983051,
      3.702776273058923,
      3.2115988947613823,
      5.183341606114776,
      4.760609585887904,
      4.699135741632705,
      6.230128400400894,
      5.2453872863178255,
      5.410462095497446,
      4.572572761652993,
      4.330195561038366,
      6.07105305327586,
      4.4432133137771554,
      4.550412415831206,
      6.837066706045857,
      3.8091165619810274
    ],
    "MIBRE": [
      0.5666351175874301,
      0.5472342205346784,
      0.49682599227764723,
      0.567906590941223,
      0.5415227777084851,
      0.5776129567663769,
      0.5425641225399249,
      0.5654811064649616,
      0.5367065061547885,
      0.5675314313058222,
      0.577766043580978,
      0.5534503854381545,
      0.5209067541984687,
      0.5901885245165163,
      0.5144033023915277,
      0.5206247737484158,
      0.5072812320255949,
      0.5623478262731181,
      0.5569005767954793,
      0.5296221687498083,
      0.5800214132095927,
      0.5521078971830087,
      0.5756031074390584,
      0.5530408449572128,
      0.5280467665874686,
      0.5608250958933645,
      0.577244515032504,
      0.587473849207468,
      0.5621318389827177,
      0.5235987536617884
    ]
  },
  "Mean_MAE": 415.54741523593594,
  "Mean_MRE": 139.25185355638922,
  "Mean_MBRE": 5.003145743281829,
  "Mean_MIBRE": 0.5514535497384527,
  "Median_MAE": 417.6718335679068,
  "Median_MRE": 141.8933226566407,
  "Median_MBRE": 4.866833052706236,
  "Median_MIBRE": 0.5551754811168169,
  "Runs": [
    {},
    {},
    {},
    {},
    {},
    {},
    {},
    {},
    {},
    {},
    {},
    {},
    {},
    {},
    {},
    {},
    {},
    {},
    {},
    {},
    {},
    {},
    {},
    {},
    {},
    {},
    {},
    {},
    {},
    {}
  ]
}