{
  "Metrics": {
    "MAE": [
      368.3737438903885,
      382.9781254013508,
      381.1977714007599,
      379.7069315942066,
      390.126544444975,
      389.02199152263296,
      381.2838374474057,
      401.8633055604545,
      382.42795824914197,
      385.92312867217925,
      396.0458058002441,
      377.10067909454295,
      391.8814682419193,
      389.70733300772474,
      374.98935028973324,
      390.88484667522647,
      385.4736230250344,
      394.94534823869674,
      371.8399655869522,
      378.96393313293333,
      378.4010488461117,
      386.27922801016393,
      401.99787954067193,
      380.5862451593811,
      381.404261004508,
      388.4591305005617,
      399.7493681695399,
      389.6684894419323,
      393.6202567236285,
      389.34708853790494
    ],
    "MRE": [
      151.99809628240584,
      91.32551490973509,
      105.25383351884936,
      141.66789652720183,
      128.50346717780886,
      118.33661103889995,
      90.64922543257478,
      125.73607162218397,
      98.37179699160453,
      176.3952506366607,
      156.09502674468015,
      111.43420765292448,
      108.98140091944832,
      157.14348370595826,
      147.9014737025331,
      119.49700433513001,
      148.61167093151724,
      123.29975513907894,
      112.39126024650028,
      100.41848366557271,
      100.74034508974728,
      101.0934734103905,
      134.11304933159488,
      189.93172695342463,
      145.0638641305483,
      105.55857735614656,
      118.64023465290079,
      143.10162013317827,
      96.99483256714375,
      95.37945263604533
    ],
    "MBRE": [
      2.312047872419934,
      2.258698663590276,
      2.3431461784155463,
      2.4575893197851224,
      2.6870841759573794,
      2.672295645269354,
      2.2338896585158516,
      3.263887706813958,
      2.4137163272943005,
      2.751762434674796,
      2.9970718411640718,
      2.173786263915219,
      2.4645820816022135,
      2.7755437169562986,
      2.305941733090361,
      2.6470358840941093,
      2.6392348202982787,
      2.9231975964855534,
      2.031058702941112,
      2.1042084552065847,
      2.133729118455426,
      2.350724235721572,
      3.439906146286427,
      2.697818364023078,
      2.4205973470902467,
      2.5545360123366976,
      3.066752478161702,
      2.5441517681186685,
      2.6185306451146637,
      2.4254697575344917
    ],
    "MIBRE": [
      0.47329299877123654,
      0.45854791641565973,
      0.4731373187486191,
      0.49291773405027584,
      0.5055685591755034,
      0.5032446832103885,
      0.4701945234601648,
      0.5136716037610479,
      0.47953818539618,
      0.5384148124263725,
      0.5139857312640613,
      0.4693111722464002,
      0.48859311376480713,
      0.5142286976474055,
      0.4888029829980495,
      0.4887801346255529,
      0.4952578115964299,
      0.5115401919462567,
      0.4705433367417832,
      0.473943720623527,
      0.47057985140954217,
      0.4902517108396571,
      0.5059543591494879,
      0.5236335560533867,
      0.4826040153730983,
      0.4749186610072588,
      0.5299513015660778,
      0.5332882541424315,
      0.47180133386987577,
      0.4742651366482434
    ]
  },
  "Mean_MAE": 386.1416229070302,
  "Mean_MRE": 124.82095691474629,
  "Mean_MBRE": 2.556933165044443,
  "Mean_MIBRE": 0.4926921136309594,
  "Median_MAE": 386.1011783411716,
  "Median_MRE": 119.0686194940154,
  "Median_MBRE": 2.5043669248604408,
  "Median_MIBRE": 0.4887915588118012,
  "Runs": [
    {},
    {},
    {},
    {},
    {},
    {},
    {},
    {},
    {},
    {},
    {},
    {},
    {},
    {},
    {},
    {},
    {},
    {},
    {},
    {},
    {},
    {},
    {},
    {},
    {},
    {},
    {},
    {},
    {},
    {}
  ]
}