{
  "Metrics": {
    "MAE": [
      5.351232130064772,
      5.27345374050647,
      4.958881688979559,
      5.227235474779859,
      5.400453504454095,
      5.14616127422143,
      5.734708263252889,
      5.267355099942599,
      5.282141207542599,
      5.457556991305642,
      5.7243099641401916,
      5.730440743442922,
      5.275847190532749,
      5.4059066884515055,
      6.080062333636945,
      6.047644712346586,
      5.169022892944106,
      5.570468731473863,
      5.842733145886974,
      5.377644449647529,
      5.5367496826688996,
      5.624784246375834,
      4.973740745112752,
      5.066242884007113,
      5.212663652082317,
      6.235064995148393,
      5.78204669314053,
      5.654520113207197,
      5.8744872936744805,
      5.216301929704196
    ],
    "MRE": [
      12.041333147532308,
      12.475961856627695,
      11.6389348515081,
      12.428129306093183,
      12.317365580366937,
      11.919128148965152,
      14.277578687998663,
      13.130112620360737,
      13.103287180608472,
      13.331670467478265,
      12.921319823521834,
      13.794553153468758,
      13.111441427270945,
      13.034536280307272,
      14.770846178480356,
      14.723382926140097,
      12.865853945404037,
      12.988937717432233,
      13.954530157509156,
      13.158161279869818,
      12.671526451359544,
      13.708007198031966,
      11.712431583218965,
      12.540731650489468,
      12.384572449947202,
      14.628642708113194,
      12.982311331480096,
      13.323753863873625,
      14.061266981541712,
      12.696740700406425
    ],
    "MBRE": [
      0.14862566590586945,
      0.14923471500807683,
      0.13989088637052216,
      0.14883263583059528,
      0.15216529589161018,
      0.143150890889631,
      0.16637128661765638,
      0.14831715980631713,
      0.15108847405856005,
      0.15721020744822697,
      0.1592431057021494,
      0.16234853276889913,
      0.14668973083992803,
      0.1528291201965946,
      0.1727201609055384,
      0.16846539223858062,
      0.14704561045281467,
      0.15593624957062294,
      0.16513724959251988,
      0.14968062153277845,
      0.15421859973415236,
      0.15556003955500358,
      0.13956004869696578,
      0.14209520346201532,
      0.15123744114416382,
      0.1739079667839771,
      0.16724886548335136,
      0.158178460397796,
      0.16694372937235769,
      0.14749274835907208
    ],
    "MIBRE": [
      0.11227414924847876,
      0.11426479792151635,
      0.1066743642558145,
      0.11348362711254456,
      0.11391509195407519,
      0.1099150288419444,
      0.12576242582736571,
      0.11434711291862533,
      0.11568287180716952,
      0.11911728378397847,
      0.11853725892667015,
      0.12256255756016018,
      0.11188426223832897,
      0.11445086809531359,
      0.12383350081108509,
      0.12654679583162945,
      0.11282082550968899,
      0.11761542075737776,
      0.12244683301517979,
      0.11526612519257601,
      0.11444356688011756,
      0.1173631575772957,
      0.10794554423837094,
      0.11141617015948156,
      0.11350933160861494,
      0.12591045816295118,
      0.12101033419115617,
      0.11821392894296612,
      0.12529453832229687,
      0.11359137996297498
    ]
  },
  "Mean_MAE": 5.483328748755834,
  "Mean_MRE": 13.089901655180208,
  "Mean_MBRE": 0.15471420315387824,
  "Mean_MIBRE": 0.11666998705519162,
  "Median_MAE": 5.4031800964528,
  "Median_MRE": 13.011736998869752,
  "Median_MBRE": 0.15249720804410238,
  "Median_MIBRE": 0.11485849664394479,
  "Runs": [
    {},
    {},
    {},
    {},
    {},
    {},
    {},
    {},
    {},
    {},
    {},
    {},
    {},
    {},
    {},
    {},
    {},
    {},
    {},
    {},
    {},
    {},
    {},
    {},
    {},
    {},
    {},
    {},
    {},
    {}
  ]
}