{
  "Metrics": {
    "MAE": [
      11.503204796757998,
      7.590541934609986,
      11.37530357149499,
      7.9952924512901,
      7.631298465776668,
      9.822876942619772,
      11.582200880459046,
      11.840944470106926,
      9.652249618454329,
      11.266492274216422,
      11.258400302255039,
      11.222921347476847,
      9.342182783649413,
      11.400702758870494,
      7.6421510804883885,
      10.009197545785021,
      11.808931096565372,
      11.5530767084193,
      10.310461740622843,
      9.947832306674528,
      11.643399989461068,
      10.894729462853629,
      11.278972694540785,
      11.832596902471673,
      11.590420987686452,
      11.496980421860558,
      7.60243239313658,
      10.315754741059534,
      11.78382214664845,
      10.438979558170223
    ],
    "MRE": [
      31.79762901152744,
      19.308247564177087,
      32.509993483507756,
      20.828435131637164,
      18.285732366867766,
      26.68793705838622,
      33.092819053897536,
      34.96011027851807,
      27.530115160186025,
      32.86877733045055,
      31.23965140458062,
      31.52505016382082,
      25.114189524911495,
      32.206114096327646,
      19.87072809936125,
      27.513747804993542,
      34.56153857640813,
      32.53665545040062,
      28.223536867090992,
      27.368298197641032,
      32.018183054601536,
      29.26877727856631,
      31.982243566488982,
      34.77749738272074,
      33.234474683144605,
      31.62044782958556,
      18.23846047450774,
      29.08998121187718,
      34.04534807530201,
      29.17704215645207
    ],
    "MBRE": [
      0.39570696790105603,
      0.23224817491880503,
      0.39082753879373633,
      0.24225677960144137,
      0.23369748647172978,
      0.3242691067501794,
      0.3966502227558974,
      0.40755065605448887,
      0.32015584608667597,
      0.3829707061993091,
      0.38573968906902584,
      0.3838666102061773,
      0.3055692367878582,
      0.3896109761766364,
      0.23080502373698125,
      0.33062363082823437,
      0.4043328080362431,
      0.39788385232539125,
      0.3455807852533191,
      0.3301341403901789,
      0.40616068135304867,
      0.37245623916162035,
      0.3838996593864796,
      0.40658481568878446,
      0.39825021206381667,
      0.39910533054194,
      0.2334308562539352,
      0.3438189556716832,
      0.4065804733053219,
      0.3478322686975321
    ],
    "MIBRE": [
      0.25485091952940053,
      0.16972296642810292,
      0.2513607843325212,
      0.17189499077301248,
      0.16495521056137086,
      0.21849862274630688,
      0.2572792550660594,
      0.2621240580671674,
      0.21793285633939574,
      0.2514764668534219,
      0.24958287186590697,
      0.2490284828558528,
      0.20858425455479387,
      0.2524932325830177,
      0.16844837256763653,
      0.22281850539145087,
      0.26180213248338635,
      0.25648899445821116,
      0.22932835009739433,
      0.22425697487294002,
      0.25626875958861156,
      0.2425784614823926,
      0.25116332998085655,
      0.2621063176672716,
      0.25712999820347854,
      0.2530244346953734,
      0.16331759832056408,
      0.2327382810979559,
      0.2609267105887335,
      0.23159983609929669
    ]
  },
  "Mean_MAE": 10.454478412482747,
  "Mean_MRE": 29.04939207793129,
  "Mean_MBRE": 0.3509533243489175,
  "Mean_MIBRE": 0.23179273433839614,
  "Median_MAE": 11.240660824865943,
  "Median_MRE": 31.382350784200717,
  "Median_MBRE": 0.38341865820274323,
  "Median_MIBRE": 0.24930567736087988,
  "Runs": [
    {},
    {},
    {},
    {},
    {},
    {},
    {},
    {},
    {},
    {},
    {},
    {},
    {},
    {},
    {},
    {},
    {},
    {},
    {},
    {},
    {},
    {},
    {},
    {},
    {},
    {},
    {},
    {},
    {},
    {}
  ]
}