{
  "Metrics": {
    "MAE": [
      419.69885104786266,
      283.0634249600497,
      416.60683425209737,
      351.88781098799274,
      433.0271932705967,
      246.18959628018465,
      255.44641009244052,
      344.67224875710224,
      359.87650473854757,
      410.780799296986,
      421.1602390081232,
      361.4416233270818,
      383.1851385775479,
      413.16798262162644,
      374.71532403425726,
      296.8174979469993,
      391.7744782465154,
      356.1318394747647,
      317.50006458629264,
      404.88158490961246,
      402.4599689691717,
      211.28739185680038,
      318.05993693265043,
      258.2909333523837,
      344.5379214754971,
      226.0020152282715,
      411.1188023515181,
      396.41077054804026,
      447.4953369140625,
      318.1249132676558
    ],
    "MRE": [
      30.672420614379142,
      21.301795939503336,
      30.219051316634044,
      21.453171929085723,
      32.590930763646114,
      17.918745632850015,
      18.439773175013922,
      26.05268969340951,
      28.474621127228794,
      29.68530494141184,
      31.072057089409338,
      26.71051713972727,
      29.136696394964744,
      30.2451073491049,
      29.98199701540874,
      24.14020715346093,
      28.58619233050394,
      24.897896587532628,
      23.923388657454673,
      27.367261375352612,
      24.70499877359231,
      15.74116456830838,
      23.28120438873558,
      19.020179048518926,
      23.564588745995174,
      15.645445552542192,
      28.55960078418938,
      25.784472656483352,
      34.7795614934377,
      23.078409303695366
    ],
    "MBRE": [
      0.35260860232079905,
      0.23125748914413824,
      0.34099716725615403,
      0.2867128462200636,
      0.361768369940178,
      0.1926963159392045,
      0.19927452376598545,
      0.2835703125524087,
      0.30292925114358743,
      0.34352874830402386,
      0.3518148704527925,
      0.2948346383148343,
      0.31828317591097044,
      0.3427361886472275,
      0.31759168611967653,
      0.24928985123062433,
      0.324420297496012,
      0.28840246846320083,
      0.258897828065069,
      0.33935404134959885,
      0.34363067871208397,
      0.16931414355179716,
      0.2556947244471446,
      0.20409714886998825,
      0.27886696373564623,
      0.16827991917144727,
      0.34387818876675824,
      0.3314510699765015,
      0.375396256208132,
      0.2567776805191998
    ],
    "MIBRE": [
      0.24672946961393544,
      0.1703827493968282,
      0.24590951919060505,
      0.1999101756426387,
      0.2537542308228447,
      0.14889746280937732,
      0.14786974999731595,
      0.20124943510077312,
      0.21043748554759945,
      0.24170442678388498,
      0.24792627209692214,
      0.21155760016020475,
      0.2264800039726587,
      0.24421757812357142,
      0.22007095896846265,
      0.1795266978319005,
      0.23089550701154796,
      0.2093022540490589,
      0.19312775596414497,
      0.23496217920785295,
      0.22658089142605436,
      0.1355336199055886,
      0.19425767114786205,
      0.15478087329989093,
      0.20054773822851557,
      0.12897016576220147,
      0.23938262423375706,
      0.2273987924568413,
      0.261633853505081,
      0.19416407165185784
    ]
  },
  "Mean_MAE": 352.52711457709114,
  "Mean_MRE": 25.567648384719348,
  "Mean_MBRE": 0.2902785148865083,
  "Mean_MIBRE": 0.20760539379699255,
  "Median_MAE": 360.6590640328147,
  "Median_MRE": 25.918581174946432,
  "Median_MBRE": 0.29888194472921087,
  "Median_MIBRE": 0.2109975428539021,
  "Runs": [
    {},
    {},
    {},
    {},
    {},
    {},
    {},
    {},
    {},
    {},
    {},
    {},
    {},
    {},
    {},
    {},
    {},
    {},
    {},
    {},
    {},
    {},
    {},
    {},
    {},
    {},
    {},
    {},
    {},
    {}
  ]
}