{
  "Metrics": {
    "MAE": [
      151.3722232145749,
      190.00099216479205,
      187.50163850738653,
      243.06637677238825,
      132.0991085511925,
      132.75476829423437,
      178.65659704312074,
      163.42899350562757,
      132.05765415828932,
      150.50205968004417,
      216.4691013096227,
      146.25250698679733,
      168.29244142117915,
      174.4975543576406,
      128.2957845701404,
      152.75650838213153,
      118.95816491610815,
      162.2956380091028,
      147.16799236981151,
      128.82299417843478,
      162.59744975737118,
      153.21784004381206,
      149.57910533730367,
      182.04888972684995,
      148.2364549350641,
      160.99460537600342,
      196.83442018975583,
      183.82097281292238,
      136.45695401412962,
      153.89856584003175
    ],
    "MRE": [
      11.270802733092678,
      14.513958121542403,
      14.018409735753462,
      14.850028940540438,
      10.349471807216874,
      9.98409510518627,
      13.416104780598367,
      13.361549850762788,
      10.26220258131008,
      11.255244053520949,
      16.31624137835862,
      10.839015993069607,
      12.548669452800896,
      13.175692807657194,
      9.998244922998726,
      12.118091138224177,
      9.345486793741413,
      12.046476069565562,
      10.590041514207945,
      9.072652934085992,
      10.193817076269204,
      12.660931473816333,
      11.246867374094197,
      13.100535372402323,
      10.896336092168811,
      12.568193732332276,
      13.753158986193837,
      12.563154656005171,
      11.036762319160449,
      11.86714304152674
    ],
    "MBRE": [
      0.11954821248316552,
      0.15290510404299162,
      0.18614763513461013,
      0.180733298618509,
      0.12036059425780861,
      0.10397016070870148,
      0.1410334897267935,
      0.14870100600140737,
      0.10886502844783989,
      0.12188797775814424,
      0.17704511201134202,
      0.11471198677058977,
      0.1317357020859882,
      0.13617590288412798,
      0.10942020626412097,
      0.12481786577952755,
      0.09852659779048854,
      0.14257166114677725,
      0.1136676804370859,
      0.09750364990814962,
      0.11474325951918914,
      0.13612677875159315,
      0.1280103746615802,
      0.14559041969621161,
      0.11841859627613006,
      0.15104967476677938,
      0.15960405861837468,
      0.13891954890989908,
      0.12754719099751113,
      0.12572342184687663
    ],
    "MIBRE": [
      0.10153121227107109,
      0.12469467509932367,
      0.13594415777854632,
      0.1426968651379405,
      0.0977614191096002,
      0.08554088302812651,
      0.11556897779537093,
      0.11578877907525917,
      0.0926769367090476,
      0.1033359576227934,
      0.13669981679779009,
      0.0975757631073665,
      0.10921790652213353,
      0.11025342298990637,
      0.09223344921002469,
      0.10358148145651397,
      0.08395338695695079,
      0.11409833644739854,
      0.0976534395575952,
      0.0838649248647423,
      0.09733487243100197,
      0.11078724294264496,
      0.10434419866495505,
      0.11935569493533378,
      0.09820240375311313,
      0.11829013024098659,
      0.12837836823672283,
      0.1156172892151344,
      0.10125394565682208,
      0.1017483611319785
    ]
  },
  "Mean_MAE": 161.09781188086208,
  "Mean_MRE": 11.97397936127346,
  "Mean_MBRE": 0.13253540654341045,
  "Mean_MIBRE": 0.10799947662487315,
  "Median_MAE": 153.5582029419219,
  "Median_MRE": 11.956809555546151,
  "Median_MBRE": 0.12777878282954566,
  "Median_MIBRE": 0.1039628400607345,
  "Runs": [
    {},
    {},
    {},
    {},
    {},
    {},
    {},
    {},
    {},
    {},
    {},
    {},
    {},
    {},
    {},
    {},
    {},
    {},
    {},
    {},
    {},
    {},
    {},
    {},
    {},
    {},
    {},
    {},
    {},
    {}
  ]
}