{
  "Metrics": {
    "MAE": [
      387.04484454938995,
      300.3981462981463,
      380.36279679916044,
      365.7182262182262,
      230.78890200708383,
      300.8724926588563,
      219.8865800865801,
      343.93375967466875,
      358.4134920634921,
      330.98739139648234,
      420.6181818181818,
      333.0304473304473,
      394.4834448379903,
      387.8651843106389,
      421.86118326118327,
      274.04077134986227,
      380.1712111121202,
      293.337741046832,
      348.9696248196248,
      360.4084415584416,
      393.2976190476191,
      194.37895437895438,
      333.095670995671,
      274.99042371769644,
      315.28246299155387,
      190.83264462809916,
      391.20807424898334,
      317.3421164693892,
      329.3228771228771,
      379.4488390397482
    ],
    "MRE": [
      28.187342345024668,
      22.112928419085236,
      27.640125172115525,
      22.775362264940377,
      15.99414998790012,
      21.827903455049665,
      15.415021180322675,
      26.25578482256617,
      28.4170521755429,
      23.768309823421365,
      32.56230840182102,
      24.805903010979453,
      29.596557838482017,
      27.91144016394113,
      33.74255510643642,
      21.797621428956198,
      27.48870995392796,
      19.61492278779057,
      25.375453185961256,
      24.331299407437427,
      24.119285155215834,
      14.997407223214093,
      23.383474093790134,
      20.0060496102292,
      21.299051627711197,
      12.935110692170914,
      27.090161639382636,
      21.74624968703002,
      25.567923787467628,
      26.88002456216848
    ],
    "MBRE": [
      0.31947787449268106,
      0.24163957373224976,
      0.3106556624141328,
      0.3010945561340968,
      0.1769395639759631,
      0.2389305032385004,
      0.16715160328214054,
      0.28074440867752953,
      0.3002441554038744,
      0.26636427860312545,
      0.35795351059641617,
      0.2701456247662913,
      0.3270260674107931,
      0.3212142308108491,
      0.357862433923266,
      0.2263461533365666,
      0.3128704771957727,
      0.22787231424459678,
      0.28437488148674595,
      0.2926222207162591,
      0.33209216148975834,
      0.1574942648582863,
      0.2678398260742821,
      0.21800417280824883,
      0.24918370573039603,
      0.14041239130477484,
      0.32419852211740474,
      0.24924258425999324,
      0.2683990973868994,
      0.3126490781497021
    ],
    "MIBRE": [
      0.23046543374298353,
      0.18233321430134836,
      0.22872554629083086,
      0.20812809859365508,
      0.14150235675637593,
      0.18035695742239208,
      0.13770411530440876,
      0.20354319193419126,
      0.21308708149346722,
      0.199265981639282,
      0.2399029504820226,
      0.1966246393610381,
      0.23456343258185217,
      0.22920873621987775,
      0.2488709947644365,
      0.16947297434627998,
      0.22442032605931103,
      0.17354620422290865,
      0.20940776103326883,
      0.20935850063630382,
      0.22183947668561368,
      0.12808064071162764,
      0.19884529522829708,
      0.16732154218790657,
      0.18564294148294821,
      0.11466380673898033,
      0.22783435011830125,
      0.18495143289350632,
      0.19697402048794452,
      0.22470800903801139
    ]
  },
  "Mean_MAE": 331.7464181946,
  "Mean_MRE": 23.921516300336076,
  "Mean_MBRE": 0.2700348632873865,
  "Mean_MIBRE": 0.19704500042531242,
  "Median_MAE": 338.51471533516985,
  "Median_MRE": 24.22529228132663,
  "Median_MBRE": 0.2754450167219104,
  "Median_MIBRE": 0.20140458678673662,
  "Runs": [
    {},
    {},
    {},
    {},
    {},
    {},
    {},
    {},
    {},
    {},
    {},
    {},
    {},
    {},
    {},
    {},
    {},
    {},
    {},
    {},
    {},
    {},
    {},
    {},
    {},
    {},
    {},
    {},
    {},
    {}
  ]
}