{
  "Metrics": {
    "MAE": [
      296.8090909090909,
      150.16969696969696,
      145.1839826839827,
      277.05151515151516,
      130.93636363636364,
      134.64848484848486,
      144.56969696969696,
      257.93636363636364,
      141.76666666666668,
      187.01168831168832,
      160.4060606060606,
      388.45757575757574,
      251.1757575757576,
      316.7121212121212,
      167.94242424242424,
      182.83030303030304,
      344.330303030303,
      151.97402597402595,
      181.8030303030303,
      344.3393939393939,
      336.8181818181818,
      125.65454545454546,
      325.1861471861472,
      243.53333333333333,
      169.0848484848485,
      200.62121212121212,
      349.9878787878788,
      130.8909090909091,
      260.7090909090909,
      351.9787878787879
    ],
    "MRE": [
      20.829561784259067,
      10.526465226222962,
      9.795779242257641,
      16.866035491804755,
      9.6110668004691,
      9.71449172796033,
      9.783577847431609,
      19.67591996070035,
      11.19297899730269,
      12.282433452738434,
      11.769528260704394,
      28.145228104320687,
      18.10522307196155,
      23.242164906376765,
      12.3348896893757,
      13.107674338371472,
      24.490757325648595,
      10.862771301742852,
      12.816056517357069,
      23.170409421453176,
      20.269928933614565,
      9.63574891692418,
      22.671793583845968,
      17.193055186427255,
      11.840206569402644,
      13.38374340443997,
      24.441237365378935,
      8.225173452024896,
      19.381007853699465,
      26.224437330837603
    ],
    "MBRE": [
      0.23687280938723243,
      0.11478249780792098,
      0.10744326995411854,
      0.22934053940548915,
      0.10103058024031844,
      0.10083594166308553,
      0.11221623826189268,
      0.21290757100346214,
      0.1156338125932755,
      0.14027284357796033,
      0.12740787570702095,
      0.3241761308514424,
      0.1900150767431416,
      0.26181528243615965,
      0.13364009197028553,
      0.14207209499670842,
      0.28853292866938773,
      0.11578444690062308,
      0.14459877886400388,
      0.28305668724334077,
      0.2715771635799917,
      0.10308123547118385,
      0.26122494672123364,
      0.18944504125268383,
      0.13518398797487063,
      0.14973176038089467,
      0.2867041705750926,
      0.09146166852693871,
      0.2084878907128051,
      0.2946343476656466
    ],
    "MIBRE": [
      0.1749606123719069,
      0.09693248118578551,
      0.09202439057501426,
      0.16143180664981924,
      0.08752414760825351,
      0.08438304906039665,
      0.09524589408511397,
      0.15682653550036918,
      0.09778023292486467,
      0.11402169132037338,
      0.10539671238450145,
      0.22291649569686162,
      0.1440415874816252,
      0.18711277074066496,
      0.11179886557638676,
      0.11695523454689095,
      0.1941682422924494,
      0.09809455600767379,
      0.1177053592922943,
      0.19875481838482886,
      0.18911407852589357,
      0.08951817618846877,
      0.1921717006068278,
      0.14323490895219312,
      0.11090040459240938,
      0.11933736102980858,
      0.20224311391723085,
      0.07993970928236613,
      0.15771399289730273,
      0.20498849950554013
    ]
  },
  "Mean_MAE": 228.35064935064935,
  "Mean_MRE": 16.05297820216849,
  "Mean_MBRE": 0.1824655903712737,
  "Mean_MIBRE": 0.13824124763947052,
  "Median_MAE": 193.81645021645022,
  "Median_MRE": 13.245708871405721,
  "Median_MBRE": 0.14716526962244927,
  "Median_MIBRE": 0.11852136016105144,
  "Runs": [
    {},
    {},
    {},
    {},
    {},
    {},
    {},
    {},
    {},
    {},
    {},
    {},
    {},
    {},
    {},
    {},
    {},
    {},
    {},
    {},
    {},
    {},
    {},
    {},
    {},
    {},
    {},
    {},
    {},
    {}
  ]
}