{
  "Metrics": {
    "MAE": [
      365.58720350356714,
      304.6004606504606,
      367.129893742621,
      308.4423992169447,
      286.09845992391445,
      272.0336148699785,
      291.31635576544664,
      330.403103764922,
      355.0866666666666,
      320.0589768817041,
      333.17436452436453,
      330.7670296370297,
      372.2690318772137,
      369.3729214220123,
      407.3172596090777,
      338.5517115208025,
      351.71730612821517,
      304.06959989505447,
      306.0229437229437,
      343.43463203463205,
      362.46382920110193,
      193.58504323958869,
      310.36432789432786,
      306.5790476190477,
      319.82134229406955,
      223.1865131837859,
      386.065976649613,
      317.9995172504263,
      289.54895770895763,
      371.27789059425425
    ],
    "MRE": [
      26.881204969788197,
      22.292598907872968,
      26.645913061712516,
      19.529864472437104,
      21.616047603587045,
      19.95517633433023,
      20.867153152838146,
      25.592052671034676,
      28.60689439674486,
      22.71452056906747,
      25.73923140169128,
      24.66894873842766,
      28.310779674687048,
      27.68741308675556,
      32.59622620104257,
      26.96970007336314,
      25.740141621933642,
      21.25738471996716,
      22.3822957879709,
      23.20208061168459,
      22.601302411618782,
      15.706271265866526,
      22.20300678634448,
      22.783612882146766,
      21.778958488049486,
      15.671525185295081,
      26.632399046730036,
      21.527172633764767,
      22.257044443752758,
      26.8858996036195
    ],
    "MBRE": [
      0.29871459185479465,
      0.24200442629047025,
      0.29815683535207765,
      0.23955028611729315,
      0.2316262295032817,
      0.21501762818769132,
      0.22798483428172994,
      0.2713754207566407,
      0.3002195817075055,
      0.2550430438168867,
      0.2753043885984966,
      0.2676604905385567,
      0.3056543103138658,
      0.3057019279676028,
      0.34449265521132855,
      0.2817039538129914,
      0.28529599280411,
      0.24037077318148994,
      0.24431090511632889,
      0.27576638549812726,
      0.2940436333774006,
      0.161481224154111,
      0.24772422086223667,
      0.24654422594861422,
      0.25272240124113426,
      0.16897960415377952,
      0.319378169837856,
      0.24992136426541467,
      0.23505661073275763,
      0.30357776715196705
    ],
    "MIBRE": [
      0.2202052268741261,
      0.18632484088364357,
      0.22134397788164473,
      0.17871515632117885,
      0.17766858219945003,
      0.1678548778743243,
      0.17679474049365418,
      0.20291310130050283,
      0.21704479889672637,
      0.19336969732731488,
      0.20161725140382128,
      0.19930119107373756,
      0.22494379941136766,
      0.21961285253245988,
      0.24328477897586423,
      0.2095360819130198,
      0.2120292637630862,
      0.18312602397764366,
      0.1882309090726286,
      0.20203192097463257,
      0.20688684205184002,
      0.13004971810900517,
      0.18770746932976584,
      0.18987081118671534,
      0.19062167294713542,
      0.13579530387191993,
      0.22530496337785313,
      0.18677457205545403,
      0.1808582589131065,
      0.22174937095231076
    ]
  },
  "Mean_MAE": 324.6115460330915,
  "Mean_MRE": 23.71009402680416,
  "Mean_MBRE": 0.2628461294212181,
  "Mean_MIBRE": 0.19605226853153113,
  "Median_MAE": 325.23104032331304,
  "Median_MRE": 22.74906672560712,
  "Median_MBRE": 0.2613517671777217,
  "Median_MIBRE": 0.19633544420052623,
  "Runs": [
    {},
    {},
    {},
    {},
    {},
    {},
    {},
    {},
    {},
    {},
    {},
    {},
    {},
    {},
    {},
    {},
    {},
    {},
    {},
    {},
    {},
    {},
    {},
    {},
    {},
    {},
    {},
    {},
    {},
    {}
  ]
}