{
  "Metrics": {
    "MAE": [
      11.351966326282149,
      9.191843579291023,
      9.80802398640833,
      9.017813721993626,
      9.001076866103634,
      10.167438296657844,
      11.553504434390659,
      11.199203034570145,
      8.983352530032665,
      10.309727268647253,
      11.39107315243031,
      11.457598335469013,
      10.06530801535004,
      11.352090634136275,
      9.884140744280066,
      8.394490930389896,
      11.628059057262911,
      11.185846341822579,
      10.303548281506382,
      10.187987086770168,
      11.112227205786533,
      10.145448158774327,
      11.451910596207867,
      11.461717386527512,
      10.10577350844402,
      11.307798532617861,
      8.90756782698639,
      10.327437540241633,
      9.208308525137358,
      11.358304471820187
    ],
    "MRE": [
      31.93885963909312,
      26.04797171638581,
      27.374825586965045,
      24.926333031735908,
      24.447329910844477,
      28.78616436061034,
      33.04407230583385,
      32.09561698089482,
      24.8465425794775,
      29.330883858899547,
      31.73553129835604,
      33.46135283419784,
      29.429061595400242,
      32.154180612345314,
      27.606997305442317,
      23.134345854361424,
      34.168942754034916,
      31.53235599658844,
      29.409381153895115,
      28.925584044222745,
      31.099653692855885,
      28.111839206796684,
      33.263759131278356,
      32.51959544946002,
      28.770724033159347,
      31.811017787328062,
      24.217390737075238,
      29.78162820548491,
      25.071831063954686,
      31.86178609138294
    ],
    "MBRE": [
      0.38681411876585187,
      0.298852993211018,
      0.322803972625023,
      0.2903201723999953,
      0.29009803843005,
      0.337932067955375,
      0.39620888503154816,
      0.3792471766454809,
      0.2897528341926292,
      0.3443611093390384,
      0.3899056134993992,
      0.389732500551998,
      0.3341891605516539,
      0.38762421854176415,
      0.326055252572415,
      0.26468297045886463,
      0.3966888906971669,
      0.3760344204154412,
      0.34423532455449607,
      0.3379881048650934,
      0.3781341796652919,
      0.33664725618885083,
      0.38862091427162604,
      0.3924458712801931,
      0.3334368653472645,
      0.38677785541059334,
      0.28577056146770835,
      0.3453054341089307,
      0.2987943219732718,
      0.3886522330705006
    ],
    "MIBRE": [
      0.25281953200080565,
      0.21117820872661863,
      0.22229807629967002,
      0.20629406020713603,
      0.20419666722435306,
      0.23042801965960755,
      0.25713695715173607,
      0.250720082276258,
      0.20490624662254528,
      0.2330399346870212,
      0.2532016073215896,
      0.25562046591922055,
      0.23021566099271387,
      0.2517405319221052,
      0.2239037108873989,
      0.19240468062128285,
      0.25898058534533286,
      0.2506747143520125,
      0.23263634021635382,
      0.2311686100782253,
      0.24802950089947706,
      0.22898050277947424,
      0.25392242943333404,
      0.2540076494932775,
      0.22997189482887673,
      0.25142164031958686,
      0.2029007500580271,
      0.23419252790196624,
      0.20824471772337183,
      0.25216063875219646
    ]
  },
  "Mean_MAE": 10.394019545877956,
  "Mean_MRE": 29.3635186272787,
  "Mean_MBRE": 0.3472704439362844,
  "Mean_MIBRE": 0.23391323149005253,
  "Median_MAE": 10.306637775076817,
  "Median_MRE": 29.419221374647677,
  "Median_MBRE": 0.3442982169467672,
  "Median_MIBRE": 0.23283813745168752,
  "Runs": [
    {},
    {},
    {},
    {},
    {},
    {},
    {},
    {},
    {},
    {},
    {},
    {},
    {},
    {},
    {},
    {},
    {},
    {},
    {},
    {},
    {},
    {},
    {},
    {},
    {},
    {},
    {},
    {},
    {},
    {}
  ]
}