{
  "Metrics": {
    "MAE": [
      8.853261682808247,
      5.208729497461817,
      5.5726360867286635,
      6.2032294702306725,
      6.453665914489158,
      6.023884953517768,
      5.952155327525302,
      7.946743633374635,
      9.215322989171579,
      5.686451307525935,
      5.208667178226775,
      11.63896875496845,
      11.826978801264591,
      9.63734014595191,
      5.850132683996413,
      6.6591724254162346,
      6.707684893697171,
      10.423395201495564,
      6.534418205433501,
      9.508752641184834,
      9.31088823210356,
      11.002292280925413,
      5.207979054476854,
      10.60564683019827,
      6.125467560992826,
      5.235664653606105,
      6.089961756120495,
      11.144754159490374,
      9.62464148591222,
      8.307685449117399
    ],
    "MRE": [
      23.88306770155049,
      12.901190846936576,
      13.69185652879154,
      15.766115804235254,
      15.998123482228724,
      15.442344530210386,
      14.966227435019249,
      21.512982221755372,
      24.046046634159435,
      14.430074241977369,
      12.53411812009094,
      32.7741874280461,
      34.41714237606192,
      25.85248822742529,
      14.516835174460377,
      16.363574698752842,
      16.786768361447063,
      28.640195059650043,
      16.450387986880227,
      26.061216438788126,
      24.69079285253438,
      30.386633666831248,
      13.095198715345182,
      29.647144906445504,
      15.807756866051584,
      12.474413238010275,
      14.583683859884363,
      32.18921356144801,
      26.12940546882006,
      22.29328149278426
    ],
    "MBRE": [
      0.2871378235293662,
      0.1539357057681352,
      0.1620627428544576,
      0.1866462727864016,
      0.19298489043403833,
      0.17626647654313335,
      0.17583536028524702,
      0.2544365118468679,
      0.3082906341835946,
      0.16710929003659852,
      0.14458004526980148,
      0.4134056280319607,
      0.4130250925324714,
      0.324982487983523,
      0.17308412690130043,
      0.19736010895673234,
      0.19751515643443615,
      0.3520003603684793,
      0.1926625229475666,
      0.31108438404164024,
      0.3020022776089582,
      0.3768896041707753,
      0.1501984638217858,
      0.35877548638931595,
      0.18380731373277967,
      0.14933553292595775,
      0.17514220277678913,
      0.3759390183676577,
      0.31982491981802597,
      0.2781041290347113
    ],
    "MIBRE": [
      0.19429779737601735,
      0.11609613259262165,
      0.12077037590183884,
      0.13847862406017947,
      0.14211410244463446,
      0.13398240167634085,
      0.13231875790527522,
      0.17940179300127426,
      0.19805696325749128,
      0.12706456109560088,
      0.11333828441040186,
      0.24773648857197947,
      0.25350782398456484,
      0.2068629928090318,
      0.13201907314246789,
      0.1427620405843402,
      0.14152628954249025,
      0.23047227971172263,
      0.1401186981956281,
      0.21234949936810021,
      0.20419719160257693,
      0.2402051750963464,
      0.1172519382091046,
      0.2326382880057807,
      0.13859651383997676,
      0.11510092912300857,
      0.13076085189308229,
      0.24522791196948301,
      0.21236507917563954,
      0.1814693236296979
    ]
  },
  "Mean_MAE": 7.792219108580425,
  "Mean_MRE": 20.611082264220737,
  "Mean_MBRE": 0.2484808190127503,
  "Mean_MIBRE": 0.1707029394058899,
  "Median_MAE": 6.683428659556703,
  "Median_MRE": 16.618578174163645,
  "Median_MBRE": 0.19743763269558423,
  "Median_MIBRE": 0.14243807151448734,
  "Runs": [
    {},
    {},
    {},
    {},
    {},
    {},
    {},
    {},
    {},
    {},
    {},
    {},
    {},
    {},
    {},
    {},
    {},
    {},
    {},
    {},
    {},
    {},
    {},
    {},
    {},
    {},
    {},
    {},
    {},
    {}
  ]
}