{
  "Metrics": {
    "MAE": [
      11.112985265958425,
      11.734383820367285,
      10.236213280627139,
      11.682989057439794,
      10.641905551353867,
      11.96444951945219,
      11.12508341401509,
      10.242447580297355,
      9.902749066495094,
      11.908338208232843,
      11.226839313772615,
      11.946712329269838,
      10.466231668781552,
      11.375443962264097,
      11.423013669185625,
      11.793708962105992,
      11.090768130568732,
      7.927629711334452,
      11.658159756854605,
      10.818503843601707,
      11.149956661244573,
      11.536024298398996,
      10.160444434716332,
      9.77889151186852,
      11.5157541749557,
      9.88847289605583,
      11.398722005037978,
      10.08774495553005,
      11.39192333732625,
      11.782253176551649
    ],
    "MRE": [
      30.862140322327054,
      33.58811011758279,
      27.680043323968224,
      33.67279351536819,
      28.78486805286754,
      34.72630193641668,
      31.600530181479513,
      27.91717226099214,
      27.149782615323247,
      34.67516099779253,
      31.28198696368883,
      35.01106777512666,
      30.62638264842831,
      31.75102977413948,
      32.32039009107659,
      34.15399065370859,
      32.63284112781087,
      20.08057607492274,
      33.45207439225972,
      30.456087693572847,
      30.467616597377244,
      32.9604066765463,
      29.29697401287003,
      27.389524091443107,
      33.51129410777279,
      25.96757131110839,
      31.800139267504978,
      28.451196043698456,
      31.665140679064148,
      32.654597902125104
    ],
    "MBRE": [
      0.38022835921976544,
      0.40444353880530304,
      0.34279669803941115,
      0.40159511634973766,
      0.36164415459189875,
      0.41238968913338964,
      0.3765515493257046,
      0.3396883773020572,
      0.32634636865008376,
      0.4106163890471374,
      0.3825063699919967,
      0.411547341710015,
      0.352361384236062,
      0.3907580378408471,
      0.39035663856687125,
      0.4077289856253618,
      0.3772990740474944,
      0.2454738763245218,
      0.3987021930321356,
      0.36485308115417053,
      0.3799764753591355,
      0.39395684824713495,
      0.33646516220526496,
      0.32187713762499737,
      0.3904488224063236,
      0.3286399344294736,
      0.39078955511848484,
      0.3357556955296834,
      0.39210533955105964,
      0.4122529420455841
    ],
    "MIBRE": [
      0.2480249709995365,
      0.2604764111463502,
      0.2283657325775035,
      0.25818209646825035,
      0.23706074739898153,
      0.2633473654303726,
      0.24824600376346387,
      0.22895902353816297,
      0.22084962562673127,
      0.2640483025114745,
      0.24940517627472955,
      0.26458704309236863,
      0.2365806196258966,
      0.2514316790919634,
      0.25374153051727594,
      0.26125609357600843,
      0.2506121088535391,
      0.17485313123071278,
      0.2591400165443576,
      0.24079731534012258,
      0.2480439929867224,
      0.25605604957925054,
      0.23016980533283907,
      0.22083961558108614,
      0.2570801622646623,
      0.22121631519068197,
      0.25265227496366377,
      0.22681440673968195,
      0.2518307195711239,
      0.2566835088744887
    ]
  },
  "Mean_MAE": 10.965624785455475,
  "Mean_MRE": 30.886259706945438,
  "Mean_MBRE": 0.3720051711837035,
  "Mean_MIBRE": 0.24404506148973343,
  "Median_MAE": 11.188397987508594,
  "Median_MRE": 31.632835430271832,
  "Median_MBRE": 0.38136736460588105,
  "Median_MIBRE": 0.2500086425641343,
  "Runs": [
    {},
    {},
    {},
    {},
    {},
    {},
    {},
    {},
    {},
    {},
    {},
    {},
    {},
    {},
    {},
    {},
    {},
    {},
    {},
    {},
    {},
    {},
    {},
    {},
    {},
    {},
    {},
    {},
    {},
    {}
  ]
}