{
  "Metrics": {
    "MAE": [
      3.6854741992587177,
      4.030381190894894,
      3.61706371410572,
      3.6486772453245595,
      4.006564079380109,
      3.726038440308934,
      3.7813558033804453,
      3.698188096005809,
      3.572310507460564,
      3.6090354726577227,
      3.7587299568583536,
      3.6630239537008635,
      3.8112023971034037,
      3.759303590510197,
      3.620700643664379,
      3.6712020259518927,
      4.10354063791347,
      3.443161229720575,
      3.8244946645446944,
      3.642526218579756,
      3.9248224354880747,
      3.531045314306467,
      3.6640023349099806,
      3.5463471208300397,
      3.675817053262259,
      3.603570759593912,
      3.495429051086265,
      4.175610384976503,
      3.9884342155618357,
      3.478890334928351
    ],
    "MRE": [
      9.573667628699448,
      10.977835319676112,
      9.407488152210357,
      10.038977556445703,
      10.560928416084073,
      10.403463717788702,
      9.76731074235533,
      9.552325033361413,
      9.222428003169195,
      9.614056492625418,
      9.826889022182295,
      9.783882983277849,
      10.394411220246218,
      9.416700905618127,
      9.40533509747519,
      9.858850046292696,
      11.702646737064237,
      8.82292244356377,
      10.31268825156636,
      9.94266904263219,
      10.338320969958414,
      9.396415482483937,
      9.974044611005397,
      9.341525032199847,
      9.824183956315641,
      9.382475826979435,
      9.14087289358596,
      11.40639616640943,
      10.387133108243745,
      9.30199547672114
    ],
    "MBRE": [
      0.10715660300150501,
      0.12771938068703254,
      0.1048998181705614,
      0.10951729780691788,
      0.12273280700495785,
      0.11694597547180086,
      0.10788351620464874,
      0.10626315985657221,
      0.10153080773045424,
      0.10573860439158844,
      0.11099123528253121,
      0.10706694643888559,
      0.12171414291017912,
      0.10360564123154085,
      0.10382208380545209,
      0.11299915513940462,
      0.1479453607742258,
      0.09689396325480583,
      0.11606497392616048,
      0.10799650646587637,
      0.11672135184230438,
      0.10287554637950558,
      0.11439336184013557,
      0.10140796782286991,
      0.10836318808645778,
      0.10273390401425596,
      0.10199894965334443,
      0.1331891139685823,
      0.12702531779651008,
      0.10144209147691655
    ],
    "MIBRE": [
      0.08877927968019769,
      0.0986242948298771,
      0.0867234384029497,
      0.09023189608874357,
      0.09558093434868818,
      0.09437146000939886,
      0.08865360702289235,
      0.08725405039385822,
      0.08420536608964649,
      0.08758120431392316,
      0.09038060904890823,
      0.08812328648175828,
      0.09311449379533568,
      0.08573940428811008,
      0.08668174829611187,
      0.08945438438117517,
      0.10310245132132631,
      0.08147031683701435,
      0.09288346512156981,
      0.08852168434425305,
      0.09436809308872758,
      0.08564223620156504,
      0.09165020517443964,
      0.08404997537481063,
      0.08866527430767017,
      0.08571060523440649,
      0.08470777608039454,
      0.09968422481620762,
      0.09469485665267507,
      0.08487698869626133
    ]
  },
  "Mean_MAE": 3.725231435742292,
  "Mean_MRE": 9.90262801120792,
  "Mean_MBRE": 0.11165462574786614,
  "Mean_MIBRE": 0.08985092035742986,
  "Median_MAE": 3.6735095396070756,
  "Median_MRE": 9.804033469796746,
  "Median_MBRE": 0.10794001133526256,
  "Median_MIBRE": 0.08865944066528125,
  "Runs": [
    {},
    {},
    {},
    {},
    {},
    {},
    {},
    {},
    {},
    {},
    {},
    {},
    {},
    {},
    {},
    {},
    {},
    {},
    {},
    {},
    {},
    {},
    {},
    {},
    {},
    {},
    {},
    {},
    {},
    {}
  ]
}