{
  "Metrics": {
    "MAE": [
      11.109442009634565,
      11.73251037129511,
      10.23483915600403,
      11.68086019320533,
      10.639015081558037,
      11.988810790592492,
      11.117864213718205,
      10.266575066768356,
      9.8557814228005,
      11.905927318339165,
      11.229202371570283,
      11.981108174164639,
      10.46430791944272,
      11.380248584719963,
      11.399327124774567,
      11.79177985478295,
      11.149947009142519,
      7.284950587239838,
      11.718306890905419,
      10.817715830200308,
      11.16805096036005,
      11.56128542990706,
      10.248569111716943,
      9.96641700794278,
      11.524866142330026,
      9.754165900697892,
      11.435181064676707,
      10.217267841037035,
      11.360512284682994,
      11.586386873396357
    ],
    "MRE": [
      30.841470220039607,
      33.5752364172864,
      27.671116810879504,
      33.67106775000982,
      28.769603523993343,
      34.860042557056175,
      31.573502302131185,
      27.987369570329196,
      27.03683134538668,
      34.6604049758321,
      31.338300916790402,
      35.091692984760485,
      30.61850125955623,
      31.72945733819621,
      32.120325154369546,
      34.142358879725045,
      33.07514658033202,
      18.334062000036074,
      33.64191886626863,
      30.44823196098541,
      30.52241424938913,
      33.68372802048874,
      29.672220710399706,
      28.22085911369725,
      33.534635902028434,
      25.61802768602299,
      31.84810908948945,
      29.03740213323689,
      31.469855421185578,
      32.785111312379286
    ],
    "MBRE": [
      0.380115825892933,
      0.4043766311667753,
      0.34275725340273083,
      0.40125114536401263,
      0.3615393718237854,
      0.4132467592432376,
      0.37631353024285064,
      0.3409581947430548,
      0.3244216854413289,
      0.41052492520977363,
      0.38255566100276667,
      0.41340210013794376,
      0.35227297498775567,
      0.3904172848312572,
      0.3894175927286634,
      0.407663891926917,
      0.3794872310661908,
      0.21902846629374995,
      0.40134904768353125,
      0.3648285647730107,
      0.38076728539596383,
      0.39326329906107765,
      0.3398410678464435,
      0.32774019480372923,
      0.3909001183319621,
      0.3223491336654752,
      0.3930122832974738,
      0.3404943240206034,
      0.39032689820352606,
      0.39896791933433323
    ],
    "MIBRE": [
      0.24793906685708836,
      0.2604367439756472,
      0.22833680622855337,
      0.2582305261521236,
      0.2369935583943094,
      0.2638877031638096,
      0.24808252092386185,
      0.22957555163548626,
      0.21992167618617722,
      0.2640011676450717,
      0.24950608628156012,
      0.26593727305002235,
      0.23653478092026103,
      0.2520764878722192,
      0.25334548210399427,
      0.2612086439202402,
      0.25211872568000127,
      0.16155921268822987,
      0.26070523886354413,
      0.24078782372288574,
      0.24834388072920238,
      0.25745527496948556,
      0.23280236639081914,
      0.2262410321903708,
      0.25712628564900153,
      0.21869327103557867,
      0.2535500298039351,
      0.23035575521720475,
      0.2516426860080229,
      0.2564780173262636
    ]
  },
  "Mean_MAE": 10.952374086253563,
  "Mean_MRE": 30.919300168409382,
  "Mean_MBRE": 0.3711196887307619,
  "Mean_MIBRE": 0.24412912251949906,
  "Median_MAE": 11.198626665965167,
  "Median_MRE": 31.52167886165838,
  "Median_MBRE": 0.3816614731993653,
  "Median_MIBRE": 0.25057438614479155,
  "Runs": [
    {},
    {},
    {},
    {},
    {},
    {},
    {},
    {},
    {},
    {},
    {},
    {},
    {},
    {},
    {},
    {},
    {},
    {},
    {},
    {},
    {},
    {},
    {},
    {},
    {},
    {},
    {},
    {},
    {},
    {}
  ]
}