{
  "Metrics": {
    "MAE": [
      4.2594369972330135,
      4.001963628840696,
      4.42074374083507,
      4.321352034384796,
      4.529406507421985,
      3.7380112911939496,
      4.289385659535254,
      4.146159193657653,
      4.170546260279729,
      3.873535637658629,
      4.183855535832198,
      4.0455413228248265,
      4.183928862501241,
      4.390672218792073,
      4.569000435628961,
      4.137612501607882,
      4.2873442056202995,
      4.339477888461345,
      5.096140363853087,
      3.777561734969515,
      4.9095387837180615,
      4.421012911755735,
      4.443744859492509,
      3.858120540469024,
      3.68736914623584,
      4.212133422721391,
      4.3531759855247705,
      4.371109408960775,
      4.547830761150129,
      4.495416612641815
    ],
    "MRE": [
      10.137217204380846,
      9.997193824037211,
      10.733797589774081,
      10.54632886034944,
      10.418145775459696,
      9.060447245569678,
      10.18075990082722,
      10.094916043979548,
      10.310797708957303,
      9.775239311047388,
      9.826437593882531,
      9.969491693997684,
      10.212078128780663,
      10.461879295669064,
      10.660993224045926,
      10.268258486296164,
      10.868035067511105,
      10.547792986384014,
      12.713287054738947,
      9.330376829285585,
      11.39277963142603,
      10.706619492163554,
      10.233376201075657,
      9.449922498017104,
      9.46367416453984,
      10.08229212364944,
      10.363588765780563,
      10.176635041537653,
      10.552873342186718,
      10.780736281903584
    ],
    "MBRE": [
      0.11476339149965097,
      0.10992165656788042,
      0.12110087378590531,
      0.11829717560039986,
      0.12164373058767325,
      0.10113098091943937,
      0.11573761190356009,
      0.11419118346731136,
      0.11404893542810512,
      0.10759920154243964,
      0.11010594287426217,
      0.10884933553537242,
      0.11345096013928808,
      0.11836264654320759,
      0.11936305812563501,
      0.11450315532925508,
      0.12057173670350275,
      0.11879201075803467,
      0.13876156826442487,
      0.102039703615542,
      0.13253810871696875,
      0.11969539985407152,
      0.11953171335716266,
      0.10473536648428453,
      0.10219093394665009,
      0.1147106521693103,
      0.11961487961986622,
      0.11609490619042677,
      0.12110395969718507,
      0.12109917095588983
    ],
    "MIBRE": [
      0.09153546665309394,
      0.08942180501496289,
      0.09463495203506193,
      0.09494364731910163,
      0.09557482478997427,
      0.08283954599883543,
      0.09231165780226235,
      0.09181240123442233,
      0.09124398688839848,
      0.08854682519608925,
      0.08853730913456317,
      0.08886012447296317,
      0.091636310101393,
      0.09454929996747617,
      0.09438305649491394,
      0.09240133165516848,
      0.09626969061144738,
      0.09516974955835555,
      0.10439953288636845,
      0.08381530139540845,
      0.1015827704510827,
      0.09521261889357027,
      0.09188049950170017,
      0.08674062509623787,
      0.08459785439716226,
      0.0908871044934131,
      0.09474925669471516,
      0.09188965219646468,
      0.09594882494786254,
      0.09619994290320825
    ]
  },
  "Mean_MAE": 4.268704281793408,
  "Mean_MRE": 10.310532378908475,
  "Mean_MBRE": 0.11581833167275685,
  "Mean_MIBRE": 0.09241919895952257,
  "Median_MAE": 4.288364932577776,
  "Median_MRE": 10.25081734368591,
  "Median_MBRE": 0.11591625904699343,
  "Median_MIBRE": 0.09210065499936351,
  "Runs": [
    {},
    {},
    {},
    {},
    {},
    {},
    {},
    {},
    {},
    {},
    {},
    {},
    {},
    {},
    {},
    {},
    {},
    {},
    {},
    {},
    {},
    {},
    {},
    {},
    {},
    {},
    {},
    {},
    {},
    {}
  ]
}