{
  "Metrics": {
    "MAE": [
      6.480500908957532,
      6.124902085739247,
      8.267456767824969,
      10.58313873521872,
      6.340806205687153,
      8.495944539033845,
      6.848750996020147,
      8.496123977913214,
      8.300343460154552,
      11.01238536264456,
      8.644375935824224,
      8.588625906097116,
      6.274792115812177,
      10.638607302693922,
      8.317756985168995,
      8.497945739824079,
      10.38177278348462,
      6.775357250482049,
      8.784819218547169,
      6.516795737905205,
      8.906304436961424,
      6.163096944041324,
      5.3170531185261085,
      6.439144291999963,
      6.095945434772215,
      8.328796950643014,
      6.530606748924069,
      5.863108597787473,
      8.676973550293457,
      10.972816648625416
    ],
    "MRE": [
      15.388176532001355,
      14.643462526425216,
      20.789680633134928,
      28.30240898529436,
      14.505952021983312,
      22.22668087713045,
      16.81565385537146,
      20.851543335142527,
      20.76554088172269,
      29.990065438032502,
      21.175571671003652,
      22.28376902399004,
      15.5098195529518,
      27.037243861893458,
      20.4687537568815,
      21.892715531548372,
      28.082090815830608,
      16.559306657795194,
      23.086266826361175,
      15.758950324225948,
      22.11644266133387,
      15.965791749462987,
      12.819927479299235,
      16.490966721151263,
      15.953809968125036,
      19.528253909309687,
      15.3881698879922,
      13.965765228409111,
      22.389503283591843,
      28.892030466318303
    ],
    "MBRE": [
      0.19058229247463673,
      0.17651512985979337,
      0.2677846163128568,
      0.36445747894680885,
      0.18289241077208498,
      0.26875054052016784,
      0.20442039208008347,
      0.26770638642386574,
      0.2625651404083168,
      0.3761283775008882,
      0.2824397828017117,
      0.27932058023984313,
      0.1832318516382845,
      0.37030578568126216,
      0.26433163902878615,
      0.27109625480627725,
      0.3566935723124761,
      0.20492024687915528,
      0.2845776998749226,
      0.188874123690154,
      0.2920044853264104,
      0.18455073199834182,
      0.14513314469453753,
      0.19269895233264595,
      0.1817713510969581,
      0.26620982468451115,
      0.19391467964762976,
      0.16673340607880408,
      0.27976274907506593,
      0.37893782957867705
    ],
    "MIBRE": [
      0.14146579281080962,
      0.13342521696952286,
      0.17998457669695428,
      0.2340090370228222,
      0.13362548869152244,
      0.18763950026273327,
      0.1515635080907683,
      0.18518196641511003,
      0.18134230751570046,
      0.2423385283328204,
      0.1868523766839367,
      0.18977236212201204,
      0.14061111041575894,
      0.23166624562026597,
      0.18102387685579915,
      0.18807279834705087,
      0.2280499978850146,
      0.15038163188038695,
      0.19492832125323561,
      0.14234072661218075,
      0.19434117462433248,
      0.14153212570731566,
      0.11543802553865348,
      0.1451197193848727,
      0.13923667213603225,
      0.1796591663710253,
      0.1401503068519538,
      0.12553243897111752,
      0.19142299856647854,
      0.23923757401750048
    ]
  },
  "Mean_MAE": 7.922168291253598,
  "Mean_MRE": 19.988143815457132,
  "Mean_MBRE": 0.25097704855886527,
  "Mean_MIBRE": 0.17386485242178962,
  "Median_MAE": 8.309050222661774,
  "Median_MRE": 20.617147319302095,
  "Median_MBRE": 0.2652707318566486,
  "Median_MIBRE": 0.18050422677637673,
  "Runs": [
    {},
    {},
    {},
    {},
    {},
    {},
    {},
    {},
    {},
    {},
    {},
    {},
    {},
    {},
    {},
    {},
    {},
    {},
    {},
    {},
    {},
    {},
    {},
    {},
    {},
    {},
    {},
    {},
    {},
    {}
  ]
}