{
  "MAEp0": 15.723088164479947,
  "Sp0": 0.11151161279791005,
  "Q5p0": 15.543479367523345,
  "SA_5": 0.01142325191321869
}