{
  "Metrics": {
    "MAE": [
      11.377844833541163,
      8.892450827222584,
      9.344580774050739,
      9.495168426665757,
      9.429390130942124,
      10.466587479560191,
      11.538436981580617,
      11.218857123177703,
      8.919713317355754,
      9.632697706746411,
      10.519181561860066,
      10.453557585787568,
      10.467817707204121,
      11.430908310610706,
      10.301442970918213,
      8.878920154647906,
      10.601216207820093,
      11.063341030529248,
      10.64361571682464,
      10.478323673791516,
      11.222008607066698,
      10.42940467455532,
      11.425306175795072,
      11.321522856767096,
      10.593876326797753,
      11.295758716683126,
      9.56589942908686,
      10.74663877658175,
      9.798871612924877,
      11.410816401282995
    ],
    "MRE": [
      32.03526016583449,
      25.16999315489094,
      25.853798996541048,
      26.476486536437115,
      25.863915360238217,
      29.751926935750156,
      32.92495041742897,
      32.15977535979053,
      24.57267514041498,
      27.298189200130977,
      28.98741393122653,
      30.305842466024142,
      30.76097353388342,
      32.390541118989226,
      28.877258136600485,
      24.97998912726017,
      31.012295543592362,
      31.194450818317147,
      30.468941975708365,
      29.892585398525995,
      31.38924976194215,
      29.05024828357866,
      33.13554236952367,
      32.1685323763875,
      30.375294037702123,
      31.693622782845726,
      26.338166972299053,
      31.26091030485832,
      27.05101735661409,
      32.02179961917193
    ],
    "MBRE": [
      0.3885356457357929,
      0.2869450152214605,
      0.3035063321916912,
      0.30956716989873995,
      0.30758908060949236,
      0.35075023379874726,
      0.39555230366719196,
      0.3801261784086663,
      0.28674336721784555,
      0.3166443946047111,
      0.35305166390634535,
      0.34904885109337525,
      0.34998015619458317,
      0.3904388368979805,
      0.34318478447291106,
      0.2845501811414928,
      0.3552266970422831,
      0.3713679253856745,
      0.35796317441286374,
      0.3501992235383779,
      0.38301664987351725,
      0.34811316490547345,
      0.3877338103623531,
      0.38603892398390505,
      0.35403680291220524,
      0.384296201438699,
      0.31293466317750257,
      0.3627099484269989,
      0.32326802431618595,
      0.3908806591808954
    ],
    "MIBRE": [
      0.2532187007337331,
      0.20556540232048168,
      0.21291922188245738,
      0.21675565119539747,
      0.2139843863916574,
      0.23640507143373937,
      0.2567698464486944,
      0.2509605384166458,
      0.2032555032899597,
      0.22012650925700994,
      0.2355095686302894,
      0.23700105198737115,
      0.23819348526217637,
      0.2538285588425685,
      0.23249329533133026,
      0.20515855750971992,
      0.24046987544978535,
      0.2487260605085642,
      0.23964217946357613,
      0.23675824892267291,
      0.2499279039501891,
      0.2350687093237375,
      0.2541166768415971,
      0.25189919120270204,
      0.23921468945601582,
      0.25209026292266495,
      0.2169580914314894,
      0.24226085167776276,
      0.22115676321289235,
      0.2532728245400441
    ]
  },
  "Mean_MAE": 10.432138536612621,
  "Mean_MRE": 29.51538823941695,
  "Mean_MBRE": 0.34880000213393203,
  "Mean_MIBRE": 0.2351235892612308,
  "Median_MAE": 10.49875261782579,
  "Median_MRE": 30.340568251863132,
  "Median_MBRE": 0.3519009488525463,
  "Median_MIBRE": 0.23759726862477376,
  "Runs": [
    {},
    {},
    {},
    {},
    {},
    {},
    {},
    {},
    {},
    {},
    {},
    {},
    {},
    {},
    {},
    {},
    {},
    {},
    {},
    {},
    {},
    {},
    {},
    {},
    {},
    {},
    {},
    {},
    {},
    {}
  ]
}