{
  "Metrics": {
    "MAE": [
      7.659733504171513,
      5.091953393733933,
      6.850936597491483,
      7.595117772997182,
      7.942412261798562,
      7.940101857197268,
      8.37429597858144,
      7.479855667224682,
      6.732960191393237,
      5.51733652396826,
      6.976497146861701,
      8.469565354018641,
      9.196924634204978,
      7.031309008693895,
      6.565609116908299,
      7.883875024708446,
      6.089656773421662,
      9.489238874728626,
      6.670950689492731,
      6.761858053397031,
      7.994255171625379,
      7.866835640513775,
      7.798216765790211,
      7.577052043040361,
      6.712387040822554,
      7.253182984486228,
      5.212261629389174,
      8.400554439716931,
      7.073830237529913,
      8.591916987618902
    ],
    "MRE": [
      20.88363858099149,
      13.479708518455588,
      18.571923339744732,
      21.153426022561643,
      21.669232930051923,
      22.291731025401777,
      23.84725290881534,
      20.94468963083195,
      18.404735593387347,
      14.453277190676092,
      18.523771999813217,
      24.12937635231462,
      26.97183785833773,
      19.304439898425198,
      17.718420753156163,
      22.411466734080314,
      16.307969772719556,
      26.665722599384544,
      18.08142935122833,
      18.717055666400597,
      21.801112516014257,
      21.724431605793434,
      21.810274455005988,
      21.049428091606696,
      18.3948954221999,
      19.752100517979883,
      13.445181089223105,
      24.175950669181333,
      19.23997482799007,
      24.0426182561825
    ],
    "MBRE": [
      0.23703209150966917,
      0.14654851754221543,
      0.2083762587749504,
      0.2369319717328878,
      0.24973616607984434,
      0.251510298004067,
      0.26871223766622737,
      0.2340982019460088,
      0.20382162227832212,
      0.1587625504645552,
      0.21131158233354136,
      0.27252667142458387,
      0.300530177189329,
      0.21514641564612172,
      0.19858621000370677,
      0.24941627824377513,
      0.17925976658081086,
      0.31017150281285716,
      0.20392635673048362,
      0.20836538025106402,
      0.25085001628364056,
      0.2478065630699265,
      0.24553802142453526,
      0.23640504519242012,
      0.20444443760194442,
      0.22422362709650923,
      0.14889134352581798,
      0.2694327464805932,
      0.21672732355583788,
      0.2750390147692069
    ],
    "MIBRE": [
      0.17682769770898765,
      0.12004050949534358,
      0.15963946851677868,
      0.1757611137886253,
      0.1820692359422504,
      0.18391339565292164,
      0.19482208279831317,
      0.1752172379396433,
      0.15616932021594854,
      0.12744697373253358,
      0.15920642099217852,
      0.19352773615594826,
      0.20802937043421688,
      0.1622355705228524,
      0.15348704981871206,
      0.18258103536389753,
      0.13973466724312916,
      0.2151641284789773,
      0.15394465020483847,
      0.15880708979057245,
      0.18240513448856477,
      0.18175324969519194,
      0.17900211400663732,
      0.17520643817244544,
      0.1578273488962781,
      0.1689236931379217,
      0.120747494459748,
      0.19365795555669343,
      0.16482783679342466,
      0.1964808868333748
    ]
  },
  "Mean_MAE": 7.360022712184231,
  "Mean_MRE": 20.332235805931848,
  "Mean_MBRE": 0.22880427987384844,
  "Mean_MIBRE": 0.16998189689456497,
  "Median_MAE": 7.528453855132522,
  "Median_MRE": 20.91416410591172,
  "Median_MBRE": 0.23525162356921447,
  "Median_MIBRE": 0.17521183805604437,
  "Runs": [
    {},
    {},
    {},
    {},
    {},
    {},
    {},
    {},
    {},
    {},
    {},
    {},
    {},
    {},
    {},
    {},
    {},
    {},
    {},
    {},
    {},
    {},
    {},
    {},
    {},
    {},
    {},
    {},
    {},
    {}
  ]
}