{
  "Metrics": {
    "MAE": [
      7.420067428470601,
      5.051731847836622,
      6.55674745385158,
      7.413849215818692,
      7.540049192048913,
      7.776468719688728,
      8.175174492012397,
      7.336296914376958,
      6.262401959922503,
      5.259633338336672,
      6.6884541552483565,
      8.165129293199087,
      8.816032795873538,
      6.518835750086469,
      6.52272229769959,
      7.419411857778677,
      5.807222431160821,
      9.194708275225159,
      6.474215659444901,
      6.681406008314937,
      7.715725759722941,
      7.489581542771618,
      7.3357058927064624,
      7.4303512925605855,
      6.384166636494992,
      7.254525506109817,
      5.152946049097345,
      8.45859959947389,
      6.705099279296331,
      8.321208192166619
    ],
    "MRE": [
      20.152937409898232,
      13.411443492305011,
      17.808224761319263,
      20.46710258543213,
      20.43846547126121,
      21.718248269906145,
      23.125810399325225,
      20.39495702865118,
      16.878448278476146,
      13.737616946773713,
      17.520590974302156,
      23.396305013789316,
      25.718767555089883,
      17.682381948328636,
      17.56711736728157,
      21.059388437021877,
      15.859500426060311,
      26.01258543471261,
      17.46933545959594,
      18.473456898250156,
      21.020776044239447,
      20.382140888175158,
      20.681577158091997,
      20.670383336594682,
      17.58521006773151,
      19.762601196861375,
      13.206254119809579,
      24.352547489248426,
      18.072855765101867,
      23.185761981741244
    ],
    "MBRE": [
      0.22790616367890923,
      0.14608297274239398,
      0.19849776008705536,
      0.22989724772163758,
      0.23608990349811398,
      0.2455557378441862,
      0.2615965603540841,
      0.22852654657837643,
      0.18688328354990516,
      0.15054615789328088,
      0.20081448247172085,
      0.2619579949314505,
      0.28638782168216464,
      0.19691815804780274,
      0.19681993665428443,
      0.2335254406747281,
      0.17158001014675844,
      0.29705686721850927,
      0.19717288378770273,
      0.20534532297318672,
      0.240945241474473,
      0.23284359984948602,
      0.2298706801860815,
      0.2314269558447148,
      0.1939869155222868,
      0.2255404918160552,
      0.14641441141803604,
      0.2712096474395218,
      0.20316200928516304,
      0.264070819112608
    ],
    "MIBRE": [
      0.17297044213188123,
      0.11945413752200322,
      0.1548458301039756,
      0.17281671776819388,
      0.173914108077352,
      0.18112626694992626,
      0.19053080547414594,
      0.17203644210689198,
      0.14747383940573705,
      0.12321657975561744,
      0.15371794087491938,
      0.18960077601802258,
      0.20151557730570852,
      0.15244162180154153,
      0.15305316063030214,
      0.17486613069519383,
      0.13723025805245823,
      0.2116147043030336,
      0.15036841961724864,
      0.1573799045656412,
      0.17750734133823468,
      0.17423919948559638,
      0.17281981054085627,
      0.173559414383536,
      0.1524728648992389,
      0.16937648701611382,
      0.11927189188599738,
      0.19489588140077324,
      0.1565586749901358,
      0.19252674114458276
    ]
  },
  "Mean_MAE": 7.110948961226527,
  "Mean_MRE": 19.593759740179202,
  "Mean_MBRE": 0.21995440081615591,
  "Mean_MIBRE": 0.16578006567482867,
  "Median_MAE": 7.33600140354171,
  "Median_MRE": 20.267539149036693,
  "Median_MBRE": 0.22821635512864283,
  "Median_MIBRE": 0.17242657993754293,
  "Runs": [
    {},
    {},
    {},
    {},
    {},
    {},
    {},
    {},
    {},
    {},
    {},
    {},
    {},
    {},
    {},
    {},
    {},
    {},
    {},
    {},
    {},
    {},
    {},
    {},
    {},
    {},
    {},
    {},
    {},
    {}
  ]
}