{
  "Metrics": {
    "MAE": [
      3.992281998683681,
      3.775239923078902,
      3.7786226599337733,
      3.635779031926115,
      4.05683222858025,
      3.4181070004279888,
      3.828557548283828,
      3.635412183650005,
      3.645382960855871,
      3.8554843649507347,
      3.603695639422706,
      3.7231908204917117,
      3.7170415639459455,
      4.127386813342301,
      3.8977191106621762,
      3.632516947938909,
      3.6579678761618095,
      3.9985059664384393,
      4.1415290525070105,
      3.50136594762162,
      4.423243685156396,
      3.9193453154573556,
      3.9602966222217324,
      3.444617649128804,
      3.356120155771655,
      3.7607283809327803,
      3.7281596884566905,
      3.9807512920024846,
      4.094596101390313,
      3.8167582103908795
    ],
    "MRE": [
      9.453679445136812,
      9.341247765609385,
      9.104409980438316,
      8.651582655517732,
      9.143065309133213,
      8.221298170991078,
      9.325446621124694,
      8.57912383575545,
      8.97179843186049,
      9.418311513944744,
      8.42018614917598,
      8.933045699890991,
      9.03628212855567,
      9.521884349321692,
      9.095894803207017,
      9.004330603330464,
      9.45640225845473,
      9.504906105165814,
      10.210042668430031,
      8.468919126881467,
      10.201893173510324,
      9.376426753738466,
      9.228543847844731,
      8.312537364205417,
      8.571411704954624,
      8.955271766966657,
      8.77670442144302,
      9.243210221995483,
      9.18504905953516,
      9.124553482254596
    ],
    "MBRE": [
      0.10896815557748887,
      0.10575797436079556,
      0.10490305062426493,
      0.09837543644676547,
      0.10830941462720017,
      0.09318534629009553,
      0.1055791460720136,
      0.09820452326352065,
      0.1014444326005344,
      0.10751023126729102,
      0.09766239633810794,
      0.10184025161648895,
      0.10058386872152063,
      0.11005431347713407,
      0.10405118079572116,
      0.10139654459244447,
      0.10447284034735471,
      0.11009693715511902,
      0.11343444437159116,
      0.09533526881288233,
      0.1210054755782123,
      0.10676410387996774,
      0.10798491328127084,
      0.0930167576948453,
      0.09389347840214311,
      0.10285114201503379,
      0.10316213834462981,
      0.10699732702384143,
      0.10914912880882294,
      0.10462962113649797
    ],
    "MIBRE": [
      0.08617141368554633,
      0.08429272842507024,
      0.08227181290707977,
      0.07938410986649737,
      0.08482248190902844,
      0.0762475271262284,
      0.08468948059255174,
      0.07914753500276685,
      0.08145040368817164,
      0.08616262670229259,
      0.07834748738565495,
      0.08162321426716215,
      0.08211481906438577,
      0.08709803701793231,
      0.08307695652252395,
      0.08235959777105685,
      0.08416615291742095,
      0.08741701799308463,
      0.08692747261185323,
      0.07739171243690464,
      0.09261860156138409,
      0.08522531015206405,
      0.08443776128402304,
      0.07651019380945429,
      0.07786509675950934,
      0.0817309317135579,
      0.08205588554138622,
      0.08373263678891443,
      0.08548782220969685,
      0.08393707011904995
    ]
  },
  "Mean_MAE": 3.8035745579937617,
  "Mean_MRE": 9.094581980612475,
  "Mean_MBRE": 0.10402066145078666,
  "Mean_MIBRE": 0.08295879659440843,
  "Median_MAE": 3.7769312915063376,
  "Median_MRE": 9.114481731346455,
  "Median_MBRE": 0.10455123074192635,
  "Median_MIBRE": 0.08340479665571919,
  "Runs": [
    {},
    {},
    {},
    {},
    {},
    {},
    {},
    {},
    {},
    {},
    {},
    {},
    {},
    {},
    {},
    {},
    {},
    {},
    {},
    {},
    {},
    {},
    {},
    {},
    {},
    {},
    {},
    {},
    {},
    {}
  ]
}