{
  "Metrics": {
    "MAE": [
      11.516694422132769,
      9.99089546971297,
      10.944730781100112,
      10.217953955962647,
      9.509367566415868,
      10.635906932583106,
      11.84010038295792,
      11.219132683590319,
      9.601701896645134,
      11.358845471858068,
      11.50082308437713,
      11.463908969346624,
      11.116224741137199,
      11.329446031018463,
      10.86502546125744,
      7.755340936185175,
      11.878578157367583,
      11.199723880923512,
      10.982985778539978,
      11.070463651337814,
      11.428063043474507,
      10.769536127066848,
      11.46671941383591,
      11.457645103048439,
      10.621511561795755,
      11.454476255547961,
      9.667908680884594,
      11.430069162894208,
      9.68705949456146,
      11.511470239145076
    ],
    "MRE": [
      32.516794139376906,
      28.408061504627003,
      30.456827026350187,
      28.581083777573106,
      25.804506447539993,
      29.812847346128446,
      34.19832365404076,
      31.533097880530157,
      26.073065539598577,
      32.55861024874995,
      31.912878130877164,
      33.04842846950285,
      32.33742053424824,
      31.82036668827093,
      30.333248100173023,
      19.661574319071107,
      34.6455302281264,
      31.02486352050021,
      31.344091021738464,
      31.457363301934137,
      32.05421939158486,
      29.929806022342493,
      33.05076549023225,
      32.332696800536944,
      30.029459518929556,
      32.304107623842235,
      26.501850017072904,
      33.51247703183702,
      26.151514771250977,
      32.53660147642997
    ],
    "MBRE": [
      0.39472415374479414,
      0.33248520128192577,
      0.37104728603815357,
      0.3419043151010265,
      0.3117570207951403,
      0.3590043541739826,
      0.4080522652266693,
      0.3811398778559225,
      0.31519184622014645,
      0.3876551750371443,
      0.39572685216085995,
      0.38980625162299526,
      0.3773598276945182,
      0.3875271314161219,
      0.3686606921191916,
      0.23722973937437192,
      0.4094551583383487,
      0.378704600407533,
      0.3723339444670206,
      0.3739025414529109,
      0.3919938116828997,
      0.3634007811158031,
      0.39129723733462574,
      0.3932604073734947,
      0.35461494254526715,
      0.39384769474566295,
      0.316227826529431,
      0.39159005814574493,
      0.3195255186666324,
      0.39509649958770665
    ],
    "MIBRE": [
      0.2557268578037559,
      0.22595655828044384,
      0.2445622953619178,
      0.22983916516379524,
      0.2145590204709091,
      0.23903806955285403,
      0.2628620829667013,
      0.25079072084784493,
      0.21519027280732572,
      0.25277244143734967,
      0.25511184099985723,
      0.2558603849766454,
      0.24911925068846763,
      0.25084248103985607,
      0.24209328256298593,
      0.17127059400083597,
      0.26246551110757477,
      0.2502266946786372,
      0.24476893401564398,
      0.24748379624630162,
      0.25370543244373706,
      0.2410923198274353,
      0.2550604552766541,
      0.25391963567103304,
      0.23971131248529962,
      0.2539789803101421,
      0.2180053254819342,
      0.2556209683367287,
      0.2164239765468498,
      0.2555523774510144
    ]
  },
  "Mean_MAE": 10.849743644556819,
  "Mean_MRE": 30.531082667433893,
  "Mean_MBRE": 0.3668174337418682,
  "Mean_MIBRE": 0.24212036796135106,
  "Median_MAE": 11.157974311030355,
  "Median_MRE": 31.495230591232147,
  "Median_MBRE": 0.3780322140510256,
  "Median_MIBRE": 0.2496729726835524,
  "Runs": [
    {},
    {},
    {},
    {},
    {},
    {},
    {},
    {},
    {},
    {},
    {},
    {},
    {},
    {},
    {},
    {},
    {},
    {},
    {},
    {},
    {},
    {},
    {},
    {},
    {},
    {},
    {},
    {},
    {},
    {}
  ]
}