{
  "Metrics": {
    "MAE": [
      7.835825125964025,
      5.784859714723166,
      5.229521734787246,
      6.351071622362323,
      6.633815946558125,
      5.540340526368111,
      6.182035689952379,
      7.39812434855106,
      8.068792614712253,
      6.224486874482112,
      5.326091881282222,
      10.5477363747498,
      10.531361856272104,
      8.434459455977512,
      6.034803776815066,
      6.455324399599208,
      5.702456332327031,
      10.067627318018427,
      5.811825930144374,
      8.277966827749394,
      8.108740905974646,
      10.53856206017395,
      5.919275181425934,
      10.40290063229705,
      5.9327590298523125,
      6.081177069133499,
      5.567649693598828,
      10.515198803094636,
      8.628455665263893,
      7.740305883825457
    ],
    "MRE": [
      19.31182621733672,
      14.358650836840582,
      12.162335357802526,
      15.190043038298231,
      15.74020833353858,
      12.912938319948019,
      14.509984491117597,
      17.967019415609435,
      19.5294328137464,
      15.047462301960099,
      12.01371745174087,
      28.556164661028145,
      28.363327456398256,
      21.125692108433185,
      14.387548944696285,
      15.902070131928042,
      13.715763121560249,
      25.207546420342418,
      13.535273186766167,
      20.5005054132756,
      19.464710790296618,
      26.204777119962174,
      14.458402060269806,
      27.029077042513112,
      14.684751013893388,
      13.930077175141708,
      12.878119912071584,
      27.689446032297045,
      21.763041750654573,
      19.482493141401932
    ],
    "MBRE": [
      0.24491191586015865,
      0.1710402545958103,
      0.1487939867804916,
      0.18620521272578724,
      0.1967798296830927,
      0.155504023067724,
      0.17745899204057436,
      0.2262461718483625,
      0.25383177195631706,
      0.18135232451021013,
      0.14666506967162637,
      0.359538618994877,
      0.3625272055499258,
      0.26813521876512536,
      0.17510357315583977,
      0.1910611953583967,
      0.16155981579101508,
      0.3443211582899582,
      0.17045831800111585,
      0.2613927181362004,
      0.2528664634398991,
      0.364092278871181,
      0.172148156342424,
      0.35506002235467327,
      0.175544526695121,
      0.1776586564856681,
      0.15627432824630907,
      0.36006978825916197,
      0.2793524659479831,
      0.2411999077485223
    ],
    "MIBRE": [
      0.1715308963071991,
      0.13016555783454203,
      0.11241855208963496,
      0.13909080927357695,
      0.14440021990606394,
      0.1181809022164892,
      0.13453440200402486,
      0.16340458259144464,
      0.1750567081111474,
      0.13777004257110792,
      0.11293039735827347,
      0.2323689571414754,
      0.22909658945561645,
      0.18483957434993176,
      0.1325047325014523,
      0.14266733990947678,
      0.12361025180316863,
      0.22089690026872266,
      0.12466116855923345,
      0.18089441785252955,
      0.17664898060286696,
      0.22893850514920058,
      0.13189525791763002,
      0.22688281358961823,
      0.13304290544720349,
      0.13089130440066937,
      0.11981654274826246,
      0.22928091900747916,
      0.18867691638122513,
      0.17054384348910412
    ]
  },
  "Mean_MAE": 7.395785109201207,
  "Mean_MRE": 18.254080202028984,
  "Mean_MBRE": 0.23057179897245172,
  "Mean_MIBRE": 0.1615880330279457,
  "Median_MAE": 6.544570173078666,
  "Median_MRE": 15.821139232733312,
  "Median_MBRE": 0.19392051252074471,
  "Median_MIBRE": 0.14353377990777036,
  "Runs": [
    {},
    {},
    {},
    {},
    {},
    {},
    {},
    {},
    {},
    {},
    {},
    {},
    {},
    {},
    {},
    {},
    {},
    {},
    {},
    {},
    {},
    {},
    {},
    {},
    {},
    {},
    {},
    {},
    {},
    {}
  ]
}