{
  "Metrics": {
    "MAE": [
      10.026885582377409,
      8.682447280028033,
      9.465803312251772,
      9.285055071821583,
      9.34548733354154,
      9.465478360389973,
      10.887236841581775,
      10.687528383660597,
      9.016803912248001,
      9.418375565112003,
      9.583207991362642,
      9.93923652992822,
      8.602773452635118,
      10.757723516393265,
      9.97507820184562,
      8.814124724746376,
      9.922704504215867,
      10.543078858636077,
      9.61651392032916,
      10.162184799374137,
      10.662352369243775,
      10.276042559125504,
      10.620465427323325,
      10.588464445086977,
      8.739004634755704,
      10.74619725512243,
      9.496541951218749,
      10.251686288319615,
      9.08258184150592,
      10.217822636322879
    ],
    "MRE": [
      23.340562819903457,
      20.90836896978889,
      22.21017006803723,
      22.164322871458502,
      22.24046355131396,
      23.132297288519254,
      27.05569585298039,
      26.262531835355073,
      20.47258788799561,
      22.669555845472576,
      22.653903433392,
      24.408972504328315,
      21.126804467206174,
      25.785087411707657,
      23.575761817608722,
      21.126879946745845,
      24.600474485909846,
      25.2889981476272,
      23.601186977478747,
      24.803297929197278,
      25.415235733419696,
      24.62961111894535,
      25.957426863574128,
      25.90585712121083,
      20.67825288580497,
      25.186076044969873,
      22.520281552789182,
      25.638557380639636,
      21.725873626011328,
      24.691500297976845
    ],
    "MBRE": [
      0.3420543241367835,
      0.27661105262158847,
      0.3127814661799553,
      0.303060000215042,
      0.3069435066098357,
      0.3127834414729435,
      0.3795504961502022,
      0.3684226676896147,
      0.2951051192435843,
      0.310254430632681,
      0.31891845512828604,
      0.3334980473795538,
      0.27446473371263486,
      0.37522738998356203,
      0.33704092392469515,
      0.28292492348067183,
      0.3337292434314347,
      0.36394988242003695,
      0.3200816067565367,
      0.3447407122802355,
      0.3727758471134007,
      0.3525445001776338,
      0.3664392673791738,
      0.3640650785556828,
      0.2803021627450695,
      0.37914418882082374,
      0.31390817836440843,
      0.34954608879589827,
      0.29536022515520893,
      0.3495722737825991
    ],
    "MIBRE": [
      0.215570374252076,
      0.19010392412380123,
      0.2046021851433573,
      0.20206567876840428,
      0.20320029873689416,
      0.2074121336836843,
      0.2382375980219962,
      0.23417412362016826,
      0.19255043092505686,
      0.20565934351669474,
      0.20728780821188086,
      0.21821846808357379,
      0.1901055037475413,
      0.23386016004716403,
      0.21619223938185117,
      0.19248390968066648,
      0.21824768730506514,
      0.23007372522607214,
      0.21031612242501477,
      0.22189342292497732,
      0.23121876928383672,
      0.2229954882506961,
      0.2322870936277574,
      0.23182401302123254,
      0.1900543954957592,
      0.23200846153953528,
      0.20582459018108296,
      0.22480498080945135,
      0.19758808783075008,
      0.22178468404578075
    ]
  },
  "Mean_MAE": 9.829296251683468,
  "Mean_MRE": 23.659219891245623,
  "Mean_MBRE": 0.3305266744779926,
  "Mean_MIBRE": 0.2140881900637274,
  "Median_MAE": 9.930970517072044,
  "Median_MRE": 23.588474397543735,
  "Median_MBRE": 0.3336136454054942,
  "Median_MIBRE": 0.2158813068169636,
  "Runs": [
    {},
    {},
    {},
    {},
    {},
    {},
    {},
    {},
    {},
    {},
    {},
    {},
    {},
    {},
    {},
    {},
    {},
    {},
    {},
    {},
    {},
    {},
    {},
    {},
    {},
    {},
    {},
    {},
    {},
    {}
  ]
}