{
  "Metrics": {
    "MAE": [
      450.0920984056332,
      379.3721816940348,
      277.462963924941,
      388.39729004357696,
      358.0120164233561,
      325.6378238611888,
      554.90740497516,
      300.5558609979832,
      401.5929052999331,
      350.3355188101168,
      423.18702221791347,
      531.0252061885318,
      287.86893532597867,
      421.610261520696,
      364.77205557238585,
      456.9380413877983,
      282.20341807315737,
      408.759188748695,
      346.0182423160069,
      471.11561124518454,
      382.231775019865,
      546.446566210454,
      406.2535848094653,
      434.82199401303916,
      564.4744218137794,
      488.3589100459586,
      507.53476637693365,
      436.78348638169376,
      366.0883420805962,
      536.6949997628108
    ],
    "MRE": [
      104.42440774335873,
      77.52710367434233,
      51.80102943826065,
      75.95976692242299,
      80.60401135424698,
      76.94497210205722,
      145.469170402371,
      51.867522761792074,
      108.2254518131842,
      74.97482973377153,
      99.84378040954208,
      124.78365013984015,
      62.0719649123729,
      66.46029014588777,
      83.12716461977571,
      102.44016877352237,
      72.54861272395084,
      84.09739872355159,
      87.60241778081776,
      96.99446861839073,
      73.88889781210666,
      133.0957509526256,
      91.85712760450755,
      104.19120532336379,
      147.52700973447853,
      137.89794738645975,
      119.62249049307107,
      105.22393144982433,
      90.9348652762457,
      126.60715675578187
    ],
    "MBRE": [
      1.1891277680562167,
      0.9086849629040077,
      0.5848479269523821,
      0.8935843009840502,
      0.8819975623601087,
      0.8185651330645942,
      1.6550943083124114,
      0.6252396503796182,
      1.127426863724403,
      0.8647531688342665,
      1.0940197764827622,
      1.5011365863004424,
      0.6904434585406222,
      1.0908399861354274,
      0.9305707990111984,
      1.2161504077896639,
      0.751481167906743,
      1.0096914964298995,
      0.9217833049654496,
      1.3318566728831138,
      0.9260097466743645,
      1.5841526234169634,
      1.0592460769873153,
      1.1625114545344333,
      1.6532605002802507,
      1.4604628704108606,
      1.381141794617866,
      1.1623105900977349,
      0.9840058133515374,
      1.5112179242611372
    ],
    "MIBRE": [
      0.4819564735119897,
      0.4091634576221154,
      0.3162124974615472,
      0.3918763289757128,
      0.4043517015898889,
      0.3859694835871191,
      0.5496202116506397,
      0.32385449504986324,
      0.45968526652080294,
      0.3873540039451669,
      0.46044598355582644,
      0.501785467366951,
      0.3384848138167015,
      0.39992710309100293,
      0.4157341485468525,
      0.431385620975383,
      0.3592141415424949,
      0.4178967701925397,
      0.41585418276935504,
      0.47540575617715863,
      0.404366455718804,
      0.5485020495472389,
      0.434078967597854,
      0.46622236753028506,
      0.5660497683656525,
      0.5176387730541996,
      0.5258899371662,
      0.475636563224764,
      0.4240400421639004,
      0.533846959856665
    ]
  },
  "Mean_MAE": 414.98509645156224,
  "Mean_MRE": 95.28715218606413,
  "Mean_MBRE": 1.0990538232216616,
  "Mean_MIBRE": 0.4407483264058225,
  "Median_MAE": 407.5063867790801,
  "Median_MRE": 91.39599644037662,
  "Median_MBRE": 1.0750430315613713,
  "Median_MIBRE": 0.4277128315696417,
  "Runs": [
    {},
    {},
    {},
    {},
    {},
    {},
    {},
    {},
    {},
    {},
    {},
    {},
    {},
    {},
    {},
    {},
    {},
    {},
    {},
    {},
    {},
    {},
    {},
    {},
    {},
    {},
    {},
    {},
    {},
    {}
  ]
}