{
  "Metrics": {
    "MAE": [
      230.300098566711,
      236.44336403571694,
      260.11681126678036,
      211.3856336103905,
      211.04822884031904,
      314.1113472566186,
      352.59267768335195,
      161.6125149580672,
      372.5675835581116,
      196.38304558580768,
      317.7667754435148,
      200.08483388230036,
      243.01758205432972,
      218.20088678324188,
      208.79031768383854,
      363.259519421202,
      183.90070144690753,
      330.5327143898272,
      149.06512050521195,
      259.4288182174848,
      159.50709635976526,
      381.2411652308962,
      275.3257434316842,
      208.42197926860734,
      395.9118914614641,
      179.1832903717895,
      301.3424616484516,
      229.51860457251297,
      259.5702617577064,
      289.61305779332054
    ],
    "MRE": [
      52.3242698874335,
      52.80595921544589,
      45.63237125155946,
      39.78054645128018,
      44.79204905955568,
      74.45628345177019,
      96.99127613381845,
      27.56494238249904,
      99.21553686773206,
      41.76074339395605,
      75.98518149363892,
      41.89496601708002,
      49.44561916804771,
      38.65259076384559,
      40.67909657642905,
      82.50388661077864,
      38.55776651994853,
      70.01492032127679,
      26.728173428020824,
      49.22449227958791,
      26.475404047551194,
      101.8563743280929,
      55.85864666000816,
      43.34281400307483,
      103.29789212331197,
      41.03642427735939,
      69.51482080884158,
      51.98568285306832,
      64.38049571840527,
      66.34023613490622
    ],
    "MBRE": [
      0.5464824077945386,
      0.552065838021882,
      0.5110814931771224,
      0.43229623797123046,
      0.47133923172509695,
      0.7921101107518264,
      1.0045038017709385,
      0.3027590370971954,
      1.029984299052143,
      0.43671878278648135,
      0.8241823350388287,
      0.4640138619982772,
      0.5297313823713917,
      0.42893341148728237,
      0.4471765266861822,
      0.8829149985563481,
      0.4056475578441113,
      0.7565957528882687,
      0.29739143417457803,
      0.5388115081305666,
      0.3027692202071493,
      1.0653127535984022,
      0.6244018088594913,
      0.47034246027185606,
      1.084482101789459,
      0.4328987096999636,
      0.7436396692734939,
      0.5410337201018575,
      0.6721734930945112,
      0.7025063368962673
    ],
    "MIBRE": [
      0.2754253306980618,
      0.2824450203990309,
      0.27062472918903097,
      0.2486549676838681,
      0.2730276372333919,
      0.35074840149485487,
      0.38602641106013025,
      0.19611143981991153,
      0.4004921660574351,
      0.23796809699917953,
      0.34889372616191655,
      0.2552248439413794,
      0.2635832353246477,
      0.2502921214478538,
      0.2560480668759611,
      0.3685947562833055,
      0.23218570127148644,
      0.3372417433204017,
      0.1969647900021377,
      0.28349688393993894,
      0.20079188527109673,
      0.40261391776237754,
      0.3186021085995521,
      0.2648135704115535,
      0.40017719569874766,
      0.24833286996942627,
      0.3432339759172405,
      0.2885377743018587,
      0.316922945571371,
      0.3289356426712658
    ]
  },
  "Mean_MAE": 256.6748042361977,
  "Mean_MRE": 57.103315407610815,
  "Mean_MBRE": 0.6098100094372246,
  "Mean_MIBRE": 0.294233731845947,
  "Median_MAE": 239.73047304502333,
  "Median_MRE": 50.71565101055802,
  "Median_MBRE": 0.539922614116212,
  "Median_MIBRE": 0.27893517554854635,
  "Runs": [
    {},
    {},
    {},
    {},
    {},
    {},
    {},
    {},
    {},
    {},
    {},
    {},
    {},
    {},
    {},
    {},
    {},
    {},
    {},
    {},
    {},
    {},
    {},
    {},
    {},
    {},
    {},
    {},
    {},
    {}
  ]
}