{
  "Metrics": {
    "MAE": [
      127.66214175791654,
      142.39303388576505,
      157.43483084245835,
      152.5382993291901,
      127.21728648022098,
      181.2781262947618,
      146.58212444510212,
      130.10238021604025,
      111.34033131103877,
      149.1684020321594,
      165.03329729209824,
      188.5518214165927,
      136.70870390648122,
      228.26807361645461,
      157.11169746473317,
      137.91613416198086,
      159.37677059781,
      143.67211045674262,
      116.35195070040446,
      143.9750724326724,
      157.16758227286178,
      127.72773143928184,
      133.5927683979481,
      187.13665989937854,
      155.39469443622377,
      107.94940115418764,
      165.15589175298413,
      122.46809110190392,
      133.8830971046661,
      130.67915912005526
    ],
    "MRE": [
      20.433936723753103,
      20.984660476325228,
      22.16426120964192,
      22.17173153736742,
      18.874953078714615,
      23.424872674488388,
      23.237858436765503,
      18.233983713029364,
      19.02840969378838,
      22.761187747560516,
      24.88921002847681,
      23.28273549681387,
      20.40887107567094,
      28.245604349266667,
      23.712230819415005,
      20.56201515144708,
      26.490366741329773,
      20.306536408341806,
      21.401524543555492,
      21.360238579700734,
      19.389760709111854,
      22.80331899784146,
      19.513502349281488,
      26.05599049671643,
      27.24259234247775,
      19.329535035906634,
      22.96362892937331,
      19.977073932859025,
      22.568855744685365,
      22.133436411323782
    ],
    "MBRE": [
      0.24560586307488647,
      0.22908039898992635,
      0.24503953706104306,
      0.24713757819388207,
      0.21586278495838743,
      0.2643374434459697,
      0.2547329671611838,
      0.21071412046803675,
      0.20293558583314597,
      0.2546388808081348,
      0.2657133235948717,
      0.29915115340125026,
      0.2287896984415084,
      0.29307318168550245,
      0.28335051773848874,
      0.2283997297129788,
      0.2956498863261278,
      0.24890483723213894,
      0.23876470022951315,
      0.24741020764781804,
      0.2445499477399816,
      0.2555645277781106,
      0.23456352011505652,
      0.28672226930421274,
      0.288935313967156,
      0.21076222529929742,
      0.25821961674906013,
      0.23011937421070333,
      0.2529621892205847,
      0.24613303781805268
    ],
    "MIBRE": [
      0.17291138220894567,
      0.1532836661763989,
      0.16826112356051315,
      0.1721880688421089,
      0.15803700705683071,
      0.1636441516788168,
      0.17250729701741177,
      0.15269634393620027,
      0.1498007700321528,
      0.17950722701947724,
      0.1781038144671924,
      0.19103324369937874,
      0.16286690825619607,
      0.16568392836998053,
      0.18644738429588126,
      0.15819071813514068,
      0.19221995801740396,
      0.17947314867598402,
      0.1727465434874144,
      0.17080357232922436,
      0.1674873480988178,
      0.17753649146970646,
      0.16716794296674253,
      0.17678887719018593,
      0.18519123269805574,
      0.15474006518562222,
      0.17172897948954718,
      0.16429541651279855,
      0.17564666650712854,
      0.16769318513598125
    ]
  },
  "Mean_MAE": 147.4612555106705,
  "Mean_MRE": 22.13176278116766,
  "Mean_MBRE": 0.2502608139402337,
  "Mean_MIBRE": 0.17028941541724132,
  "Median_MAE": 143.82359144470752,
  "Median_MRE": 22.148848810482853,
  "Median_MBRE": 0.24727389292085006,
  "Median_MIBRE": 0.17126627590938576,
  "Runs": [
    {},
    {},
    {},
    {},
    {},
    {},
    {},
    {},
    {},
    {},
    {},
    {},
    {},
    {},
    {},
    {},
    {},
    {},
    {},
    {},
    {},
    {},
    {},
    {},
    {},
    {},
    {},
    {},
    {},
    {}
  ]
}