{
  "Metrics": {
    "MAE": [
      368.045137795665,
      343.1264236760791,
      365.699122932085,
      336.1195701207762,
      315.6991571684222,
      367.7486806486207,
      308.377253899032,
      347.62529336213726,
      322.17591584781206,
      343.14626814058266,
      354.0092951490873,
      357.7968853390703,
      357.5153446864164,
      377.5248479714196,
      343.167975089854,
      343.4401356259635,
      324.6503586511798,
      346.5744014243749,
      363.33421267246865,
      358.081738448178,
      387.53379385725907,
      320.76716054483563,
      329.8065519175568,
      386.2232482870251,
      334.5985128567175,
      359.9731516898351,
      389.31719590471624,
      342.49662473666046,
      364.14488082419996,
      332.52379768575133
    ],
    "MRE": [
      43.07631134840961,
      41.18753361127306,
      37.48090058248446,
      34.36439067317622,
      37.06461245776263,
      34.50123749274449,
      46.33005743786477,
      37.069747405237806,
      41.896916282729066,
      37.04841731623451,
      40.121513459960575,
      40.92943426605497,
      41.76768298505111,
      41.29124471992041,
      36.656152633389574,
      32.97792947831425,
      42.7489187948256,
      37.19969997678634,
      41.48029776015309,
      45.087172300441374,
      41.37606249362102,
      36.02607069706613,
      35.257599619923184,
      41.02150964448017,
      43.41761839520735,
      41.44196925996885,
      51.405866661877944,
      33.999168635758856,
      40.64336034795723,
      35.73643701631127
    ],
    "MBRE": [
      0.9969936365403936,
      0.7662184432316479,
      0.9642935579726373,
      0.7350904324745111,
      0.628887763452418,
      1.1770096399449739,
      0.6356662859625676,
      0.7944019990384349,
      0.673984247593903,
      0.7859605709909735,
      0.8712923136205124,
      0.893464004418357,
      0.8886787451295466,
      1.1274919752976658,
      0.7757524420028328,
      0.8113699635795257,
      0.6787764585188419,
      0.7905388762840704,
      0.9598566084116809,
      0.8599573978281375,
      1.291437523187237,
      0.6505636303810255,
      0.6936734997475562,
      1.309087990468534,
      0.7317049307760167,
      0.9320612818021069,
      1.1745573409636358,
      0.7971521619301082,
      0.9839853514140339,
      0.7137013494929805
    ],
    "MIBRE": [
      0.3214908478708506,
      0.30871338900244266,
      0.30831613791680573,
      0.28203290430511924,
      0.2796001961119979,
      0.288018712026498,
      0.3098897883913053,
      0.2985224277834721,
      0.29834044788591196,
      0.29163804920613196,
      0.30827644834223245,
      0.31086973041708976,
      0.31063534766926365,
      0.31735241834318234,
      0.29848775760091356,
      0.27943241488874176,
      0.30476867521686435,
      0.30633635359985345,
      0.31605419811792657,
      0.3210416013640989,
      0.3272832064210503,
      0.28292375180969787,
      0.28554368007828473,
      0.326662294189819,
      0.30585356226690086,
      0.314277847757544,
      0.3511419868619941,
      0.2832635335326331,
      0.30925001597708596,
      0.2866568218613484
    ]
  },
  "Mean_MAE": 349.7080978984594,
  "Mean_MRE": 39.6868611251662,
  "Mean_MBRE": 0.8697870140818954,
  "Mean_MIBRE": 0.304422484893902,
  "Median_MAE": 347.0998473932561,
  "Median_MRE": 40.7863973070061,
  "Median_MBRE": 0.804261062754817,
  "Median_MIBRE": 0.30730640097104295,
  "Runs": [
    {},
    {},
    {},
    {},
    {},
    {},
    {},
    {},
    {},
    {},
    {},
    {},
    {},
    {},
    {},
    {},
    {},
    {},
    {},
    {},
    {},
    {},
    {},
    {},
    {},
    {},
    {},
    {},
    {},
    {}
  ]
}