{
  "Metrics": {
    "MAE": [
      299.41438067692104,
      371.4177301822657,
      355.41085892503384,
      315.1169265098783,
      289.6953216466257,
      352.9397322062089,
      311.3832652955783,
      349.98221998988487,
      271.5450177935515,
      302.572441640085,
      287.5100150740271,
      358.16852525547387,
      342.4774140623808,
      332.73806557387564,
      366.8601704190216,
      346.6648820589187,
      356.9112091350289,
      303.19083337617525,
      253.19414643614397,
      343.53075563990006,
      376.92540135022915,
      286.47334336006145,
      301.98678788920984,
      379.81413862154346,
      283.73555043103494,
      334.67511125207096,
      277.9960071801858,
      359.58230147405544,
      304.2584676652082,
      292.43564692721066
    ],
    "MRE": [
      33.15106013834454,
      37.01321449537846,
      34.923727375002215,
      30.214764731162656,
      35.00421098190007,
      32.15270400838974,
      39.3279970066804,
      29.92957937109188,
      35.098200571884995,
      32.53728947334309,
      33.04227800600702,
      37.00134489395494,
      35.87241139373376,
      25.749389333688793,
      35.89132708699213,
      30.327615847023743,
      37.49876081829959,
      33.58218495167671,
      27.391194902727563,
      30.966177230635644,
      39.29122981649909,
      35.85847711091391,
      33.37596577026945,
      38.65059499759323,
      32.34609794839168,
      36.30112032948741,
      29.11530091732025,
      35.091093233098405,
      32.1680532856761,
      33.25747922978316
    ],
    "MBRE": [
      0.5550319906071411,
      1.1192442111916707,
      0.896630871906286,
      0.6256791689645268,
      0.5341488501861333,
      0.9400435682803573,
      0.6242821224975611,
      0.949045421616672,
      0.48196111895886634,
      0.5602520038743891,
      0.5163049436025599,
      0.9465972851208737,
      0.7900507225782181,
      0.787437636712179,
      1.0444283042049936,
      0.9100325408692983,
      0.985696965040133,
      0.5688420587026228,
      0.40323438433801473,
      0.8652766976258258,
      1.1521581600808606,
      0.5277443767499884,
      0.5684781924285386,
      1.211057589447279,
      0.5068275166279458,
      0.7543968821220429,
      0.4776807546216475,
      0.9863998307708991,
      0.577980992875686,
      0.5315224510951265
    ],
    "MIBRE": [
      0.25620403925483437,
      0.299268396957413,
      0.28960580666663904,
      0.25485202547587743,
      0.26658290540490354,
      0.276268252778297,
      0.28551090578581395,
      0.25960569682645823,
      0.25317613067181266,
      0.2627139212928158,
      0.2590773791347364,
      0.2992842184981157,
      0.28284846109511624,
      0.23014335715582465,
      0.30298460760884033,
      0.26226576031542226,
      0.2914409372211356,
      0.27413288058151836,
      0.2261729618878744,
      0.25816882014529513,
      0.315029759103603,
      0.2673923829680367,
      0.26862434142723984,
      0.3208675743364784,
      0.24919070221473452,
      0.2823253939548666,
      0.22840444637941038,
      0.2907819794648526,
      0.2569108360078657,
      0.2604865594472201
    ]
  },
  "Mean_MAE": 323.6202222682596,
  "Mean_MRE": 33.73769484189835,
  "Mean_MBRE": 0.7466155871232781,
  "Mean_MIBRE": 0.27101071466876836,
  "Median_MAE": 323.92749604187696,
  "Median_MRE": 33.479075360973084,
  "Median_MBRE": 0.6900380255432849,
  "Median_MIBRE": 0.26698764418647014,
  "Runs": [
    {},
    {},
    {},
    {},
    {},
    {},
    {},
    {},
    {},
    {},
    {},
    {},
    {},
    {},
    {},
    {},
    {},
    {},
    {},
    {},
    {},
    {},
    {},
    {},
    {},
    {},
    {},
    {},
    {},
    {}
  ]
}