{
  "Metrics": {
    "MAE": [
      289.3084830488408,
      292.10005035421347,
      313.22862696630233,
      288.7909039992999,
      266.6042604081391,
      289.5693962499159,
      277.227000059328,
      298.50156319475883,
      279.1026435512601,
      289.45849262764267,
      277.37002349265936,
      289.3242423678246,
      278.4111310832666,
      299.20504199721216,
      295.9524739310928,
      279.7323075985892,
      270.17531822335815,
      282.4549708666517,
      268.54751781320437,
      291.2552428028946,
      300.38984209528354,
      266.50080707074164,
      291.9824827764532,
      286.5916148434792,
      265.58206774750204,
      273.68351632503004,
      280.134885922553,
      270.1226772431683,
      277.62399176597364,
      281.13720535098423
    ],
    "MRE": [
      25.022151490741063,
      22.056585158149282,
      21.312636430566627,
      22.013481168915177,
      20.69723669738874,
      19.56072961602161,
      24.118164825463875,
      20.864507448260778,
      26.311100789854226,
      21.533226065791546,
      21.679929181628392,
      21.72689018142882,
      22.478032796918956,
      19.903966348066792,
      20.820190697535693,
      19.990185827925497,
      23.20876029035474,
      21.37161300984822,
      24.487880764903654,
      21.213780323723512,
      24.158915617963647,
      21.31043819959307,
      25.1201960883973,
      21.4126378945403,
      23.805679498509306,
      25.82233611638165,
      25.99084823553919,
      23.127081598386727,
      23.186214656326094,
      22.03276961181698
    ],
    "MBRE": [
      0.5023806926160409,
      0.5062949336887287,
      0.6413726628520572,
      0.48908952581835685,
      0.4064404169306624,
      0.4981553192655666,
      0.45732617022992456,
      0.5536643274068349,
      0.4689227613718355,
      0.5058437281390149,
      0.44965229016231645,
      0.49747861704750695,
      0.4519391532952747,
      0.564478414178984,
      0.5235098499381153,
      0.45524910043149364,
      0.4264674154679078,
      0.45990434987360934,
      0.4284124094945381,
      0.5080143629317926,
      0.5507714418306929,
      0.4057956765683627,
      0.5109266709477561,
      0.4822006329971152,
      0.41854049153093886,
      0.4465811512747775,
      0.47437531874706634,
      0.42000280442254034,
      0.4535185729185006,
      0.46401063985680263
    ],
    "MIBRE": [
      0.21069785426513943,
      0.1969794174786222,
      0.1987641926366915,
      0.1947629413826533,
      0.18206029023410467,
      0.182277023335525,
      0.20424842240445898,
      0.18980991363596753,
      0.21408906799559196,
      0.19142510434019785,
      0.19226777695595557,
      0.19486020304450946,
      0.1935355770626191,
      0.18238006147784958,
      0.19447412850670004,
      0.1829511844563912,
      0.19998273289054722,
      0.19336917922637767,
      0.20420118105786744,
      0.19041953285984162,
      0.2136397562100662,
      0.18686638790042914,
      0.21649394196391483,
      0.19121274521579512,
      0.1995891872736659,
      0.2140419687687126,
      0.21421317842707263,
      0.19777114730912462,
      0.19964581512532767,
      0.19404773450750928
    ]
  },
  "Mean_MAE": 283.6689593925874,
  "Mean_MRE": 22.544605554364715,
  "Mean_MBRE": 0.4807106634078372,
  "Mean_MIBRE": 0.19736925493164093,
  "Median_MAE": 281.79608810881797,
  "Median_MRE": 22.02312539036608,
  "Median_MBRE": 0.4716490400594509,
  "Median_MIBRE": 0.19481157221358136,
  "Runs": [
    {},
    {},
    {},
    {},
    {},
    {},
    {},
    {},
    {},
    {},
    {},
    {},
    {},
    {},
    {},
    {},
    {},
    {},
    {},
    {},
    {},
    {},
    {},
    {},
    {},
    {},
    {},
    {},
    {},
    {}
  ]
}