{
  "Metrics": {
    "MAE": [
      339.2852961538463,
      378.357810601705,
      335.1917581964713,
      327.3221804523592,
      306.20977314205777,
      357.1446809904093,
      334.4384803276788,
      325.04178789558887,
      274.8594970823622,
      329.0814987954742,
      257.845142051093,
      347.1291080111815,
      345.8466021312397,
      324.9982054095423,
      335.056177242249,
      315.44803157849157,
      356.51799093406305,
      309.7092626556619,
      243.0869752214819,
      321.2823893452448,
      388.17222900671675,
      300.03404072993516,
      320.34948146558304,
      351.39994643454924,
      298.90046010317764,
      320.75836163972684,
      293.6020862891075,
      313.6579339960394,
      317.45340980152304,
      295.69958042557295
    ],
    "MRE": [
      39.047203383114024,
      37.42358378971474,
      32.74305414951295,
      29.629500594720522,
      43.689480514904965,
      35.623748219595626,
      45.93865554556203,
      25.86251450143212,
      31.550134812276987,
      37.06714861733346,
      32.22439862391388,
      49.21125464644209,
      37.22595552279549,
      27.66204841171711,
      33.48043573042739,
      26.998555160948516,
      36.75633427188949,
      30.128621552935382,
      27.39493318011132,
      27.676381483290374,
      41.3646850279078,
      38.4805366904171,
      36.514367500238286,
      37.320207463053045,
      33.81802529118461,
      42.49950159440206,
      28.156658280263674,
      34.51583702955525,
      33.06615635905721,
      35.07149300025277
    ],
    "MBRE": [
      0.7671449981950724,
      1.2421555841246668,
      0.7297738048625694,
      0.6868437208890801,
      0.6146076069394985,
      0.939708272560751,
      0.7299114218770681,
      0.7109000243567589,
      0.47339597293507546,
      0.6806595220000604,
      0.4405420197580374,
      0.7584707546277487,
      0.8255875172388719,
      0.6784129333736604,
      0.7280044821458668,
      0.6239331834069048,
      0.9514852548428164,
      0.5719205077238915,
      0.3786722787181357,
      0.6690883538540805,
      1.268773141338238,
      0.5736236364234761,
      0.648509968283594,
      0.8408746976860146,
      0.5468910336183027,
      0.651983930601063,
      0.5210945193746171,
      0.5996103273787278,
      0.6279881025140304,
      0.5472652151734555
    ],
    "MIBRE": [
      0.29036194267106835,
      0.30710742863792845,
      0.27394063153522014,
      0.2590867055817312,
      0.30242453432772837,
      0.2954616776593385,
      0.3135324239381332,
      0.23044599912637384,
      0.24492326802559783,
      0.2885586324845868,
      0.24353231678302145,
      0.32948145264541945,
      0.28819291850950035,
      0.24206076138718718,
      0.282488659797681,
      0.23720095191558235,
      0.2884984754947764,
      0.2641280354976461,
      0.2187516016521261,
      0.23617919051401762,
      0.3317702283198229,
      0.27907543123838424,
      0.28319659869523234,
      0.3031236945173442,
      0.26299912714929985,
      0.30124149987175125,
      0.230198115779531,
      0.27006130296885833,
      0.26801091506786745,
      0.27171777219646037
    ]
  },
  "Mean_MAE": 322.1293392703377,
  "Mean_MRE": 34.938047031632344,
  "Mean_MBRE": 0.7009277595607378,
  "Mean_MIBRE": 0.27459174313297385,
  "Median_MAE": 323.14029737739355,
  "Median_MRE": 34.79366501490401,
  "Median_MBRE": 0.6737506436138705,
  "Median_MIBRE": 0.2765080313868022,
  "Runs": [
    {},
    {},
    {},
    {},
    {},
    {},
    {},
    {},
    {},
    {},
    {},
    {},
    {},
    {},
    {},
    {},
    {},
    {},
    {},
    {},
    {},
    {},
    {},
    {},
    {},
    {},
    {},
    {},
    {},
    {}
  ]
}