{
  "Metrics": {
    "MAE": [
      1501.7907331954946,
      1502.9410465501867,
      1636.1252666973783,
      1585.4500303671887,
      1610.9061123756992,
      1641.8399300731578,
      1773.5230976172725,
      1622.3789779806123,
      1847.7603816963474,
      1835.1966481924462,
      1639.3726724309763,
      1743.3183988711803,
      1493.6534948548326,
      1628.864506768155,
      1578.3037037391687,
      1798.3153610417553,
      1759.1127804929472,
      1336.8834249656368,
      1331.5129203940005,
      1548.850261024202,
      1720.22551538801,
      1604.5767522392189,
      1930.9678875871134,
      1547.832172185682,
      1693.3686725168097,
      1419.8657207655267,
      1539.964115978123,
      1507.4547477565272,
      1706.8149645840238,
      1537.92815897753
    ],
    "MRE": [
      12.150867187577786,
      14.264083379642054,
      14.926648378214427,
      13.664123711589754,
      14.972654144600916,
      14.487743851043799,
      15.8317374114851,
      14.8850575403364,
      16.411159671391015,
      15.82086726281607,
      15.47255333476685,
      15.754109193065489,
      12.966888778105012,
      13.823585383394615,
      14.812313503073224,
      16.371668754471425,
      15.096947204017209,
      12.422362075329424,
      11.938916764798588,
      12.548076821257695,
      15.93729546611927,
      15.003980684481391,
      16.501991973577194,
      13.877531562234402,
      15.457626028786601,
      13.415324819491852,
      14.868027515884211,
      13.533608857725199,
      16.122375737744864,
      14.042700177766479
    ],
    "MBRE": [
      0.15189502773422933,
      0.15603271523166395,
      0.17284496784914358,
      0.16649451386150643,
      0.17276281572730834,
      0.17075980173776528,
      0.1843382162106163,
      0.1732082008204038,
      0.19812648358641047,
      0.1929966792151357,
      0.17696999717706202,
      0.1863644294120915,
      0.15231413864179444,
      0.1687843792681757,
      0.1677749643389302,
      0.19225763769268656,
      0.1826409680159273,
      0.13752112146097453,
      0.13513797677065603,
      0.15636182621327155,
      0.1840317006425817,
      0.16882517265401784,
      0.20675215190109994,
      0.16002817639701594,
      0.17530940406990478,
      0.1513837116661233,
      0.1628192290520748,
      0.15765853834673563,
      0.1844813718753613,
      0.15933418345798342
    ],
    "MIBRE": [
      0.10650918574022777,
      0.11978079753007535,
      0.12642675964629227,
      0.11658931120902978,
      0.12471518060968584,
      0.12186518070969768,
      0.13351650358700867,
      0.12451268944094905,
      0.13755846857437706,
      0.13403691218208783,
      0.12830606274971657,
      0.13162426870281346,
      0.11199923554183691,
      0.11834886126268966,
      0.12442074001323142,
      0.13623651004403986,
      0.12959746744652487,
      0.10621156778309657,
      0.10235763068067673,
      0.10869371530106924,
      0.13371296022418128,
      0.12605496606735794,
      0.13996003784282715,
      0.11744478502018056,
      0.1307301226204615,
      0.11231017824285858,
      0.12392437536377374,
      0.11561570264648519,
      0.13312312603207965,
      0.11861942538616911
    ]
  },
  "Mean_MAE": 1620.8366152435733,
  "Mean_MRE": 14.579427572492943,
  "Mean_MBRE": 0.1702070167009551,
  "Mean_MIBRE": 0.12316009094005004,
  "Median_MAE": 1616.6425451781556,
  "Median_MRE": 14.876542528110306,
  "Median_MBRE": 0.16979248719589157,
  "Median_MIBRE": 0.12446671472709023,
  "Runs": [
    {},
    {},
    {},
    {},
    {},
    {},
    {},
    {},
    {},
    {},
    {},
    {},
    {},
    {},
    {},
    {},
    {},
    {},
    {},
    {},
    {},
    {},
    {},
    {},
    {},
    {},
    {},
    {},
    {},
    {}
  ]
}