{
  "Metrics": {
    "MAE": [
      1721.6666351739327,
      1833.7444966853595,
      1772.0410278654062,
      1734.7625264401947,
      1448.536689903914,
      2036.513362465678,
      1916.6277118387734,
      1749.141575999262,
      1829.4375095992377,
      2035.4509121243427,
      2031.0262939165577,
      1704.4521381514392,
      1707.84445529165,
      1731.5579574838493,
      1916.119628287901,
      1934.2302665707837,
      2116.482309458001,
      1675.261347546243,
      1429.4885825552365,
      1541.6990062981558,
      1768.4226842392197,
      1530.4127629682969,
      2002.4773931357552,
      1973.8808804453847,
      1555.0623737065455,
      1674.035734495843,
      1886.342031556799,
      1749.4500225138333,
      1947.078142183818,
      1960.5808327803684
    ],
    "MRE": [
      14.132299694256098,
      16.989376775810392,
      16.030537210150687,
      14.624669528297717,
      13.405594876569621,
      18.193061062068193,
      16.77380343584955,
      16.169508055929086,
      16.019412769964987,
      17.652597442453537,
      19.3604957032573,
      15.09148924436316,
      15.10541868939051,
      14.531557897471403,
      18.01310178925585,
      17.544753670735417,
      18.502512714663148,
      14.810465520817448,
      12.711714853058234,
      12.565444390333857,
      16.28225581546437,
      13.91227270963325,
      17.14838554164268,
      17.807059611231573,
      13.912674630230118,
      15.384909969220494,
      17.81826079366942,
      15.890536637924052,
      18.472594111995672,
      17.819781242775772
    ],
    "MBRE": [
      0.17473804019097755,
      0.19807145658210495,
      0.1910826425981351,
      0.1827143306151003,
      0.1500490551240081,
      0.22223344543182819,
      0.20589906837907831,
      0.187222345969317,
      0.19466686386697885,
      0.216666791621009,
      0.2226042109289448,
      0.1796065878944457,
      0.17264550463112735,
      0.18227900927874874,
      0.20736079825367576,
      0.21041534930511094,
      0.22424141912969617,
      0.17636672790232077,
      0.14488074378218824,
      0.15098475984734483,
      0.18860627748473693,
      0.15835208895343628,
      0.21545134881977915,
      0.21226361065486188,
      0.1602815007807633,
      0.17883584884316,
      0.2038417626755623,
      0.18873860217999355,
      0.213683775569042,
      0.21318476632010255
    ],
    "MIBRE": [
      0.12474133651048196,
      0.14010162642794827,
      0.13533155302228816,
      0.12629212039129986,
      0.11413289387821608,
      0.14959751276357344,
      0.14132874408197796,
      0.13443658924525523,
      0.1356727775276346,
      0.14877977005245277,
      0.1569751842929821,
      0.129014245379692,
      0.12991100662333163,
      0.12521690845251526,
      0.1487282511122889,
      0.14544110239068644,
      0.15705317734611415,
      0.12922347834548265,
      0.10983138564282206,
      0.11055016625568967,
      0.1375575701699888,
      0.12312479267867328,
      0.14558789243397033,
      0.1475785555768244,
      0.12278257648102274,
      0.12994408909361815,
      0.14740477697787652,
      0.13270662863989446,
      0.14961658158819535,
      0.14845761773179109
    ]
  },
  "Mean_MAE": 1797.127576389393,
  "Mean_MRE": 16.089218212949454,
  "Mean_MBRE": 0.19093229112045262,
  "Mean_MIBRE": 0.1359040303704863,
  "Median_MAE": 1770.231856052313,
  "Median_MRE": 16.100022633039885,
  "Median_MBRE": 0.1899106223890643,
  "Median_MIBRE": 0.1355021652749614,
  "Runs": [
    {},
    {},
    {},
    {},
    {},
    {},
    {},
    {},
    {},
    {},
    {},
    {},
    {},
    {},
    {},
    {},
    {},
    {},
    {},
    {},
    {},
    {},
    {},
    {},
    {},
    {},
    {},
    {},
    {},
    {}
  ]
}