{
  "Metrics": {
    "MAE": [
      1133.7680917007995,
      1235.2978781848096,
      1359.9260014967995,
      1531.121272814159,
      1278.1495103148973,
      1369.9208910388688,
      1360.2891788927063,
      1291.1505657966868,
      1585.5214133124687,
      1421.425472343248,
      1350.5716200307147,
      1541.4781209577034,
      1352.5318229018137,
      1373.3134824738586,
      1439.2651847296531,
      1632.602052914578,
      1587.757981215391,
      1143.0183227691973,
      1160.7977785632015,
      1537.5440800650233,
      1407.6696134045274,
      1457.0865653282215,
      1424.6712327715356,
      1263.2214584812048,
      1258.158300432557,
      1086.1398300174305,
      1318.8753739127712,
      1396.5396512800783,
      1394.6858185079554,
      1170.5386245765712
    ],
    "MRE": [
      9.107016449168661,
      11.418604758324557,
      12.279258963348815,
      13.190101494311602,
      11.912061496492155,
      11.855990221360212,
      11.920152873931261,
      11.661123929209445,
      13.99546234375405,
      12.012201695570923,
      12.651925864641797,
      13.975632677247019,
      11.926960898490254,
      11.727368817850815,
      13.49554895246921,
      15.036759622337707,
      13.583627257736483,
      10.621948525863896,
      10.251861621982655,
      12.552575323037713,
      13.078509145939679,
      13.427753923092462,
      11.914480281192704,
      11.217065938040625,
      11.208704113387382,
      10.378273163700278,
      12.628071802237953,
      12.260355780551148,
      13.265490555626261,
      10.711445142573368
    ],
    "MBRE": [
      0.10614887955531828,
      0.1249501604137109,
      0.1381151886978387,
      0.15614321816003135,
      0.13051285517766348,
      0.1354366479274092,
      0.13504677998552977,
      0.1307762794763458,
      0.16167532416339161,
      0.14167453841578867,
      0.14286130193176655,
      0.15950994379490274,
      0.13430755014023282,
      0.133597512332043,
      0.15050180885710762,
      0.16963691703464126,
      0.16018530570105638,
      0.11560306515035865,
      0.11590876897278544,
      0.1526050450103809,
      0.1464954722971258,
      0.1506845274100794,
      0.14287441687623922,
      0.12596662350697824,
      0.12634832699712623,
      0.11136840937983333,
      0.13519105515143987,
      0.1425712323379548,
      0.14539850616289393,
      0.11601480968246944
    ],
    "MIBRE": [
      0.08249267436905124,
      0.09880627984444883,
      0.10642632377420462,
      0.11380770850855858,
      0.10288148370361436,
      0.10284367799827267,
      0.10349747132076322,
      0.10125785178861459,
      0.11955879610910623,
      0.10535790546138511,
      0.10709411460686509,
      0.11860081990461292,
      0.1036343124007041,
      0.10269244019098725,
      0.11418313043881356,
      0.12626622507462368,
      0.11779572529233898,
      0.09262561242230158,
      0.08932197006898944,
      0.1095335443660231,
      0.11150598001146939,
      0.11448521734612231,
      0.10392457021298256,
      0.09676339892569755,
      0.09760034652230613,
      0.09008984123814157,
      0.10819342201049324,
      0.10760988508656463,
      0.11226817868279484,
      0.09363054602456543
    ]
  },
  "Mean_MAE": 1362.101239707648,
  "Mean_MRE": 12.175544454449039,
  "Mean_MBRE": 0.13793701569001476,
  "Mean_MIBRE": 0.1051583151235139,
  "Median_MAE": 1365.1050349657876,
  "Median_MRE": 11.969581297030588,
  "Median_MBRE": 0.13677591831262395,
  "Median_MIBRE": 0.10464123783718383,
  "Runs": [
    {},
    {},
    {},
    {},
    {},
    {},
    {},
    {},
    {},
    {},
    {},
    {},
    {},
    {},
    {},
    {},
    {},
    {},
    {},
    {},
    {},
    {},
    {},
    {},
    {},
    {},
    {},
    {},
    {},
    {}
  ]
}