{
  "Metrics": {
    "MAE": [
      1954.8098314156273,
      1791.9356824645695,
      1846.8706335702882,
      1792.5568036827897,
      1293.231275623363,
      1606.0439089318218,
      1739.337188322462,
      1881.4841409049054,
      1618.6526870122595,
      1864.7327354169427,
      1291.9399287579802,
      1263.912283165217,
      1414.7976114219978,
      1966.6091072571915,
      1372.5173577969613,
      1490.9820624441825,
      1733.6884954331713,
      1423.0065582179393,
      1324.1936904026059,
      1452.7451925984994,
      1941.822035122576,
      1413.077516298173,
      1208.5377155714073,
      1303.8490902926735,
      1096.478339642286,
      1473.5358002973564,
      1643.3037713458598,
      1292.9720267296675,
      1335.9749519367554,
      1874.7159237550784
    ],
    "MRE": [
      16.124276966591026,
      16.287166932078648,
      16.719177321193524,
      15.29170198014594,
      12.389684930116985,
      12.992726908880064,
      14.826723629595392,
      16.899223917616833,
      14.060254340506361,
      15.582400703150975,
      11.814010667994676,
      10.674901411523177,
      12.039014378282475,
      16.68678548428743,
      12.321674921362046,
      13.178391392113847,
      14.68185757487978,
      13.618627973982827,
      11.403804656667669,
      13.198496316982986,
      18.286977392641806,
      12.616918979818273,
      10.88012415774553,
      11.092412197630043,
      9.89542223516499,
      13.203391998889948,
      15.413313839003584,
      11.29735914208961,
      12.082544159539667,
      16.922308171128485
    ],
    "MBRE": [
      0.20445761153040942,
      0.18873556631130223,
      0.19853656215648496,
      0.19014283139569169,
      0.1347722829086025,
      0.16721167265440642,
      0.1820298349700367,
      0.19899038652630888,
      0.1684492929886619,
      0.19429162375264064,
      0.13284370068937434,
      0.12521770225250586,
      0.14224307251613774,
      0.2075337365324198,
      0.13976446988622832,
      0.14831716245170498,
      0.17717261189602027,
      0.147086168135386,
      0.13260561529019244,
      0.1451227744191533,
      0.20952545577885648,
      0.14595172011919175,
      0.11895081192979967,
      0.12924696094139732,
      0.10655801307400876,
      0.1544470436779399,
      0.17632499551702366,
      0.12983969778753496,
      0.13601148305255595,
      0.19533441447890595
    ],
    "MIBRE": [
      0.14026706005896383,
      0.137605888563115,
      0.1420553490536991,
      0.13221013801130246,
      0.10852851085693574,
      0.11552472303138435,
      0.12826077345014245,
      0.14170477438812468,
      0.12157650822864194,
      0.13636890463269893,
      0.10246198199340502,
      0.09510319095909804,
      0.10506298258480515,
      0.14399495604654508,
      0.10786314510198254,
      0.11401906636775025,
      0.12922833091176253,
      0.1169199745352966,
      0.10145785657947877,
      0.1147665346029145,
      0.1514392006040576,
      0.10926193216031173,
      0.09752204438091713,
      0.09839684176464283,
      0.08895411389020094,
      0.11486335292204729,
      0.12946316110502074,
      0.10121050835064688,
      0.10321336418746094,
      0.14397773752110854
    ]
  },
  "Mean_MAE": 1556.9438115277537,
  "Mean_MRE": 13.749389156053487,
  "Mean_MBRE": 0.1609238425206961,
  "Mean_MIBRE": 0.11910943022814874,
  "Median_MAE": 1482.2589313707695,
  "Median_MRE": 13.200944157936467,
  "Median_MBRE": 0.15138210306482244,
  "Median_MIBRE": 0.11519403797671582,
  "Runs": [
    {},
    {},
    {},
    {},
    {},
    {},
    {},
    {},
    {},
    {},
    {},
    {},
    {},
    {},
    {},
    {},
    {},
    {},
    {},
    {},
    {},
    {},
    {},
    {},
    {},
    {},
    {},
    {},
    {},
    {}
  ]
}