{
  "Metrics": {
    "MAE": [
      1427.2606645758806,
      1389.4580256328468,
      1480.576339938865,
      1752.1788587185401,
      1315.4179029717066,
      1314.8380667037516,
      1577.561422646197,
      1342.3041815830456,
      1534.7601012043026,
      1408.2841099751176,
      1146.493414660812,
      1366.3417418178385,
      1291.3720450590586,
      1791.75262091531,
      1271.6290594420166,
      1485.8741862455931,
      1395.528551386768,
      1181.6388392104323,
      1273.9275481809289,
      1601.19162335496,
      1725.4640945190201,
      1335.0823810754587,
      1387.5725720998885,
      1220.2373236720937,
      1233.059535769516,
      1151.150243647277,
      1498.9174868703549,
      1137.8617342641583,
      1033.5958920149067,
      1455.8589020847505
    ],
    "MRE": [
      11.779227255932218,
      13.491158198959049,
      13.683447650754369,
      15.186827601557368,
      12.454088112704833,
      11.029100446545677,
      13.73475579793264,
      12.628763825512603,
      13.359781570143694,
      12.279508847740903,
      10.786208100007938,
      12.468226721254052,
      11.405772284628316,
      15.33200208150187,
      11.844391852695585,
      13.53284853888566,
      12.416312428403751,
      10.836701920706329,
      11.283157027421913,
      13.99061384865939,
      16.425275192936493,
      12.616554814857656,
      11.987182906336754,
      10.578157009920732,
      11.349597478270365,
      10.988284989955027,
      14.507635091741836,
      10.778724031997648,
      10.056018269584516,
      13.29746119040115
    ],
    "MBRE": [
      0.14050506758120748,
      0.14344092030301822,
      0.15292144231883473,
      0.18536605560084007,
      0.1341258347185498,
      0.13092183318951142,
      0.16002158112743,
      0.1365634192721589,
      0.15872745451240564,
      0.13766402141701423,
      0.11760899980836392,
      0.13696256727494924,
      0.12773775324292821,
      0.18589123933141247,
      0.12975638905969542,
      0.15162998961647411,
      0.13748651904162162,
      0.11836392085713854,
      0.12786697910779604,
      0.15726548351320332,
      0.18336127519347964,
      0.13684256531250394,
      0.1346120522732316,
      0.11977018056433957,
      0.12330908766830032,
      0.11756523376392379,
      0.15572333729690843,
      0.11496685295921566,
      0.1057088431354438,
      0.1482555495109146
    ],
    "MIBRE": [
      0.10323138693205852,
      0.1134017931101386,
      0.11698459172070819,
      0.1288490654579119,
      0.10724718645109466,
      0.09685557322092408,
      0.11825944718021329,
      0.10790309079545259,
      0.11444024343621871,
      0.10715984993918813,
      0.09306614940539992,
      0.10788369009056466,
      0.09962538808372104,
      0.13127752954635838,
      0.10266952366056743,
      0.1150646363956693,
      0.10754498632605967,
      0.09441109607030566,
      0.09795171622246182,
      0.12050532928886998,
      0.13551466240121768,
      0.10777158257197327,
      0.10489367302355818,
      0.0930971756911437,
      0.09918208669599034,
      0.09519460306378695,
      0.1214400226734676,
      0.09522513716312837,
      0.0884435252200107,
      0.1135101287471104
    ]
  },
  "Mean_MAE": 1384.2396490080464,
  "Mean_MRE": 12.536926169598344,
  "Mean_MBRE": 0.14036474828576048,
  "Mean_MIBRE": 0.10795349568617581,
  "Median_MAE": 1376.9571569588634,
  "Median_MRE": 12.435200270554292,
  "Median_MBRE": 0.1369025662937266,
  "Median_MIBRE": 0.10739608638857717,
  "Runs": [
    {},
    {},
    {},
    {},
    {},
    {},
    {},
    {},
    {},
    {},
    {},
    {},
    {},
    {},
    {},
    {},
    {},
    {},
    {},
    {},
    {},
    {},
    {},
    {},
    {},
    {},
    {},
    {},
    {},
    {}
  ]
}