{
  "Metrics": {
    "MAE": [
      1419.852031436045,
      1499.8621490711976,
      1463.40969999807,
      1489.3886604232537,
      1561.5126470693774,
      1794.2779902441762,
      1711.2534874037153,
      1477.396407365427,
      1511.791394460434,
      1816.5729894917094,
      1571.6516798884236,
      1757.0536880558382,
      1592.119579952534,
      1625.0410032411337,
      1580.7803196258933,
      1865.6969294988485,
      1815.9506724291225,
      1358.823130166295,
      1463.8988930614637,
      1674.3465153128564,
      1419.3322401458868,
      1584.878111195267,
      1748.4112691500384,
      1675.3931349220077,
      1697.1588628073316,
      1319.2534034759922,
      1614.8328319378716,
      1456.2356107242567,
      1588.1959023610139,
      1583.463759767464
    ],
    "MRE": [
      10.814545322203324,
      12.857329914381838,
      12.575743449857784,
      12.096775060786987,
      13.798118142547878,
      15.016445187058588,
      14.324967299366179,
      12.74237500695033,
      12.414502660943077,
      15.245183003554583,
      14.071380080945769,
      15.188466017678795,
      13.250065715135168,
      13.028693507858936,
      14.041113044309414,
      16.169804317745076,
      15.106542897233405,
      11.656265377806644,
      12.341750030704256,
      12.948453506885112,
      12.505784453482457,
      13.866102287240933,
      14.179745755576528,
      14.204888934544174,
      14.433870183114776,
      11.550157114032885,
      14.511753239772556,
      12.058872228823398,
      14.159052903988023,
      13.45445200622203
    ],
    "MBRE": [
      0.14122336371557984,
      0.15696391626925552,
      0.15172783152901875,
      0.15840368330395171,
      0.16315863485301974,
      0.19622354712185885,
      0.18037648680747795,
      0.1568290084942457,
      0.1613295489449084,
      0.19178691115058233,
      0.16941699225875337,
      0.19056633105100812,
      0.16577781498114208,
      0.16812312454529268,
      0.17115618329407412,
      0.2039914852928108,
      0.19219180729353613,
      0.13973701722170087,
      0.1531538747432778,
      0.17200571563924907,
      0.1500887894892338,
      0.1676301469468573,
      0.18221618735699807,
      0.17950014915880047,
      0.1791941281922293,
      0.13894887952200308,
      0.17544090781669905,
      0.15226579606667487,
      0.17028972144133764,
      0.16670370495504058
    ],
    "MIBRE": [
      0.09884167918162776,
      0.11299514847286866,
      0.11174243920426014,
      0.1061415424915493,
      0.12069055254653231,
      0.12904545928600375,
      0.12513828483903508,
      0.11158536681636708,
      0.10866580751576294,
      0.131738616792553,
      0.12189297079113667,
      0.13036675955822927,
      0.11649270696208852,
      0.11585534659700263,
      0.12131432536402546,
      0.13905895641991886,
      0.13274722077202544,
      0.10431128639834154,
      0.1078580261608211,
      0.11561172653650623,
      0.10981077616576145,
      0.12165637300997974,
      0.12618549614872787,
      0.12334223862496188,
      0.1272397010612916,
      0.10178450182952525,
      0.12518800431370034,
      0.10808433896616121,
      0.12282761455872894,
      0.11878471097301752
    ]
  },
  "Mean_MAE": 1591.2611664894316,
  "Mean_MRE": 13.487106621691696,
  "Mean_MBRE": 0.16821405631522054,
  "Mean_MIBRE": 0.1182332659452837,
  "Median_MAE": 1584.1709354813654,
  "Median_MRE": 13.626285074384954,
  "Median_MBRE": 0.16787663574607498,
  "Median_MIBRE": 0.11973763175977492,
  "Runs": [
    {},
    {},
    {},
    {},
    {},
    {},
    {},
    {},
    {},
    {},
    {},
    {},
    {},
    {},
    {},
    {},
    {},
    {},
    {},
    {},
    {},
    {},
    {},
    {},
    {},
    {},
    {},
    {},
    {},
    {}
  ]
}