{
  "Metrics": {
    "MAE": [
      10.194193285784515,
      10.476221094944963,
      10.474144244078602,
      10.309666291413233,
      11.367295341442597,
      10.471583089264785,
      10.572990470637919,
      10.415367722440664,
      10.26459384283888,
      10.962365839618792,
      11.447216162670395,
      11.34875105853622,
      9.500749157297918,
      10.375875244205142,
      9.644607265549329,
      11.488637446669772,
      11.236655974597243,
      11.369852550993842,
      11.209328938224814,
      11.34908178905194,
      10.351509022997448,
      10.624290003932964,
      11.29900740766413,
      10.28240955618505,
      11.201298119796347,
      9.770929928592228,
      10.330566678795028,
      10.347266249021748,
      11.352156252767733,
      10.428314731877299
    ],
    "MRE": [
      28.547795652805842,
      29.974252764678887,
      29.516659470622987,
      29.367819299694247,
      32.15395524599012,
      30.208318484077225,
      29.915748870741165,
      30.055263623229493,
      28.783978758980233,
      31.61599351885802,
      32.60983380872651,
      32.43485977367195,
      26.666754847894108,
      29.38679482432817,
      26.853590949161184,
      33.38833223059748,
      32.590328437695334,
      32.47344438116065,
      32.3563346501844,
      32.29864540991368,
      29.7840120782817,
      30.057827290891385,
      32.02627060142178,
      29.654651898132382,
      32.09505521825914,
      27.383135816625103,
      29.1162093909346,
      29.63183637021854,
      32.595455757762714,
      29.27233568218732
    ],
    "MBRE": [
      0.33644575121622355,
      0.3505700236875997,
      0.3496063555711427,
      0.3421229528247968,
      0.3841093903885843,
      0.35025966283786414,
      0.35454134264657317,
      0.3491296631120894,
      0.3411146575685763,
      0.36968176369812555,
      0.3902157054819527,
      0.385657216095396,
      0.31028515808161866,
      0.3461732499720607,
      0.315426631016326,
      0.3923960354647554,
      0.38151342561943,
      0.3860719463088037,
      0.37955671872314073,
      0.3865991826248149,
      0.3457650556056572,
      0.35540236599017905,
      0.3831184810518142,
      0.3428025499566174,
      0.3793549596612347,
      0.32216292647471845,
      0.3429738331638832,
      0.345013189760079,
      0.3853403697693548,
      0.34667094254486996
    ],
    "MIBRE": [
      0.229979338643332,
      0.23720460041224484,
      0.23671927487269298,
      0.23453832148453374,
      0.25357089429278906,
      0.23806996357897223,
      0.23819153157595,
      0.23534779954571772,
      0.23224660269397557,
      0.2463506533152939,
      0.25504628024282544,
      0.2532221670353024,
      0.2175743346180462,
      0.23415521090775854,
      0.21908632850760898,
      0.25681392541747905,
      0.2518268470297767,
      0.2546516156179271,
      0.2507663887053895,
      0.2529494722627679,
      0.23496209855646719,
      0.23923176748561836,
      0.2519867865004104,
      0.23464106567383897,
      0.2508273341086437,
      0.22209154984978063,
      0.23354230364417855,
      0.23550895058901478,
      0.25406780576436183,
      0.23508116394600867
    ]
  },
  "Mean_MAE": 10.682230825396383,
  "Mean_MRE": 30.42718317025755,
  "Mean_MBRE": 0.35833605023060944,
  "Mean_MIBRE": 0.24067507922929024,
  "Median_MAE": 10.475182669511781,
  "Median_MRE": 30.01475819395419,
  "Median_MBRE": 0.3504148432627319,
  "Median_MIBRE": 0.23763728199560852,
  "Runs": [
    {},
    {},
    {},
    {},
    {},
    {},
    {},
    {},
    {},
    {},
    {},
    {},
    {},
    {},
    {},
    {},
    {},
    {},
    {},
    {},
    {},
    {},
    {},
    {},
    {},
    {},
    {},
    {},
    {},
    {}
  ]
}