{
  "Metrics": {
    "MAE": [
      5.7511158101960085,
      10.816598929163963,
      8.581230199342949,
      7.854926938222915,
      7.699954299672864,
      8.21935921261323,
      8.342782550452366,
      5.531234749488422,
      10.821604813200397,
      6.555879715733091,
      10.979427514889307,
      10.926470055925718,
      5.600622181421449,
      6.903620681078803,
      6.844539842569287,
      10.814581858140976,
      7.804062517396493,
      8.057613240950342,
      11.248906604829848,
      6.920465898848977,
      6.238481742241495,
      6.533340397614508,
      11.007966839854449,
      8.764941377546835,
      5.3493554072328,
      6.27657390451649,
      10.881078980087057,
      8.400174810371283,
      7.840592263578544,
      8.34146865118531
    ],
    "MRE": [
      15.896884259279934,
      31.24322455280649,
      24.032368574916994,
      22.487369552595926,
      21.450741096776156,
      23.618061663506204,
      23.49623347767271,
      14.22755274438556,
      30.87034424153735,
      18.322233131486957,
      31.375463645549384,
      31.699223240516194,
      15.480393118612543,
      18.732099505956157,
      18.62072125350883,
      31.446818837821045,
      22.720286344922634,
      22.848081441566332,
      32.71331982336264,
      18.94502060444078,
      16.844368186573135,
      17.341492337119526,
      31.02310141513297,
      24.91714788195964,
      13.608536923105893,
      17.140401521952363,
      31.201174416677187,
      23.90589565570361,
      22.17382314598502,
      22.865994205109054
    ],
    "MBRE": [
      0.17313934813486453,
      0.36421531143407576,
      0.27570684106762344,
      0.2509919934596438,
      0.24127101115804442,
      0.2626712656438527,
      0.26512623944154373,
      0.16053861546725542,
      0.3648037893252975,
      0.20135359051113436,
      0.37093274914950497,
      0.36680711817320466,
      0.16850007101072106,
      0.2117743306383505,
      0.2078616366294427,
      0.3636697687859085,
      0.24944449367263113,
      0.2543202138396053,
      0.3827925675542563,
      0.21249745023949815,
      0.1855235277211327,
      0.19366427966369298,
      0.37207217421352506,
      0.2815330980491125,
      0.15081627348577023,
      0.19106186605032263,
      0.3681099517693081,
      0.27006117095525584,
      0.24912136690602843,
      0.26386824432213474
    ],
    "MIBRE": [
      0.1365542137750037,
      0.24150049281336639,
      0.19631749065453838,
      0.1852805300932516,
      0.17868823722391672,
      0.19023684418471473,
      0.19355421741649775,
      0.12564867392793816,
      0.2374597248919652,
      0.15478988843275185,
      0.2435793892676384,
      0.24327589464486413,
      0.13498560431046677,
      0.15889294807875728,
      0.15660308023582956,
      0.24198302817596717,
      0.18295025394602704,
      0.18863244038057198,
      0.24778607612323822,
      0.16046067841168002,
      0.1470465232804208,
      0.15051882353287105,
      0.2431601105848941,
      0.200822449877432,
      0.12025932227275113,
      0.14809154372987196,
      0.2418035283816892,
      0.1942280086250411,
      0.18364935281280503,
      0.18976148981161764
    ]
  },
  "Mean_MAE": 8.196965732945538,
  "Mean_MRE": 23.041612560017978,
  "Mean_MBRE": 0.2624750119490914,
  "Mean_MIBRE": 0.18728402866327928,
  "Median_MAE": 7.956270089586629,
  "Median_MRE": 22.78418389324448,
  "Median_MBRE": 0.25265610364962454,
  "Median_MIBRE": 0.18695648523691177,
  "Runs": [
    {},
    {},
    {},
    {},
    {},
    {},
    {},
    {},
    {},
    {},
    {},
    {},
    {},
    {},
    {},
    {},
    {},
    {},
    {},
    {},
    {},
    {},
    {},
    {},
    {},
    {},
    {},
    {},
    {},
    {}
  ]
}