{
  "Metrics": {
    "MAE": [
      10.186757203423399,
      10.490407716733143,
      10.517475086239466,
      10.357711615507492,
      11.390809580631826,
      10.4726034199449,
      10.570639884813144,
      10.413884906745874,
      10.292180598181043,
      10.964938922665208,
      11.461700134262497,
      11.34945690316255,
      9.532510416763577,
      10.38088420801519,
      9.643605752346028,
      11.516074648820759,
      11.24652663896135,
      11.36907707857086,
      11.208678905788885,
      11.34928266599183,
      10.374575437235565,
      10.646438750082874,
      11.310149917566076,
      10.303390348658695,
      11.202115252145399,
      9.777305217235709,
      10.341266704878928,
      10.364141107570736,
      11.363513852595428,
      10.430829773486163
    ],
    "MRE": [
      28.5324698358518,
      30.018579808351287,
      29.6526187273498,
      29.51971483896298,
      32.22006618764997,
      30.202887280487428,
      29.913324892466086,
      30.04538376187359,
      28.854447376995076,
      31.62742056149339,
      32.662224559541144,
      32.43552473679337,
      26.756487869070934,
      29.406941032999196,
      26.803646072028787,
      33.4586640949808,
      32.62915172433484,
      32.47647677480694,
      32.35656377516919,
      32.299976518868625,
      29.831539950534296,
      30.106734659630735,
      32.039676793380174,
      29.70983092971912,
      32.099717082089896,
      27.40535192375388,
      29.132408329973618,
      29.68397520316475,
      32.64239499904661,
      29.283700287453613
    ],
    "MBRE": [
      0.3362158261766725,
      0.35122020905995016,
      0.3514081881537195,
      0.3439581313719674,
      0.3852353989320009,
      0.35027951468853125,
      0.3544418593711159,
      0.3491018549261504,
      0.3423461613948244,
      0.369801880637434,
      0.3907727669950443,
      0.385683587259732,
      0.3116042253993326,
      0.3463743884854615,
      0.31528640749992054,
      0.3936478587597421,
      0.3819453160546514,
      0.38601542718498993,
      0.3795268356849185,
      0.3866064911346472,
      0.34675700199694953,
      0.3563990633707437,
      0.3835857340919643,
      0.3436498369167151,
      0.379322463583086,
      0.3224271081842424,
      0.3434482203205543,
      0.34570894091852633,
      0.3857825351982018,
      0.34667694196704035
    ],
    "MIBRE": [
      0.2297687349938974,
      0.23736074411615887,
      0.23753178972476588,
      0.23517080638492419,
      0.2539143544947618,
      0.2380198579696708,
      0.2381600037463902,
      0.23531572584283444,
      0.23260686220025037,
      0.24637248165341447,
      0.2553209666266281,
      0.25324026522070503,
      0.2181816025263593,
      0.23421274978545148,
      0.21889933564440173,
      0.2571698520367384,
      0.25197206911334097,
      0.2546435794570219,
      0.25075342262457684,
      0.2529540442962292,
      0.23529461091372408,
      0.23950707768169163,
      0.25214973934595836,
      0.2348869258640581,
      0.25086139287228104,
      0.22217898398387456,
      0.23365012831734802,
      0.23576905120431207,
      0.2542766533682598,
      0.23515864768911915
    ]
  },
  "Mean_MAE": 10.694297754967486,
  "Mean_MRE": 30.46026335296073,
  "Mean_MBRE": 0.3588410058572944,
  "Mean_MIBRE": 0.24084341532330494,
  "Median_MAE": 10.503941401486305,
  "Median_MRE": 30.03198178511244,
  "Median_MBRE": 0.3513141986068348,
  "Median_MIBRE": 0.23777582384721835,
  "Runs": [
    {},
    {},
    {},
    {},
    {},
    {},
    {},
    {},
    {},
    {},
    {},
    {},
    {},
    {},
    {},
    {},
    {},
    {},
    {},
    {},
    {},
    {},
    {},
    {},
    {},
    {},
    {},
    {},
    {},
    {}
  ]
}