{
  "Metrics": {
    "MAE": [
      9.61958823692054,
      9.764278817002523,
      9.865941124382873,
      9.436227104425331,
      10.72360345828557,
      9.615230587707934,
      9.85989927028078,
      9.789387278265536,
      9.849445015584307,
      10.4865326340202,
      10.897585070397342,
      10.671836672003435,
      8.87580421541086,
      9.75964863667436,
      9.12813149464479,
      10.73072971486305,
      10.572309462950262,
      10.633708178751831,
      10.62479224973415,
      10.668663297033898,
      9.55046942234263,
      10.042264719955494,
      10.72635610121398,
      9.452793021063647,
      10.61061352947321,
      9.149333900647822,
      9.71035090252558,
      9.62563381028293,
      10.699348039259895,
      9.646002599131206
    ],
    "MRE": [
      23.055289268702257,
      23.59362725279194,
      23.44812293973969,
      22.559915304938954,
      25.87640277895582,
      23.238284631175222,
      23.702799359952756,
      24.634733207966537,
      23.027804059471634,
      25.502348441156535,
      26.572580820922248,
      26.218583814987213,
      20.73073521305408,
      23.209257088782838,
      21.50744944285492,
      26.73471193360862,
      25.971368149960288,
      25.799044366117467,
      26.461749967079534,
      25.861696616910777,
      23.570077847170015,
      23.94041439621899,
      25.849541613734374,
      22.859160501275582,
      26.40230477681654,
      21.373507653272675,
      23.507952454029578,
      23.115741462058896,
      26.048119510956404,
      22.73939475111762
    ],
    "MBRE": [
      0.31706184146808064,
      0.32700076415596613,
      0.33119411908278845,
      0.3107385993455228,
      0.37058835579303,
      0.32109997223435327,
      0.33186595870822994,
      0.325849012553394,
      0.33268503729018767,
      0.3584062978278894,
      0.3801364681169093,
      0.368542745655787,
      0.2870763463577552,
      0.32597633835712037,
      0.2969236274080884,
      0.3722040972310659,
      0.365143149680308,
      0.3689649703727462,
      0.3649359566658032,
      0.37032411913938595,
      0.3170576117795637,
      0.3395800393070049,
      0.3720076905919469,
      0.3124782226253377,
      0.3633606936336851,
      0.2996697028903694,
      0.3221539231969691,
      0.3204397559154132,
      0.371863716663029,
      0.32182012917880176
    ],
    "MIBRE": [
      0.20898127320969223,
      0.21300588544453894,
      0.2142911735921498,
      0.2061970169343715,
      0.23338556415931486,
      0.21020026434274722,
      0.21439401289066942,
      0.21543422631303608,
      0.21285307676959783,
      0.23069417561922867,
      0.23764949958937368,
      0.2330679784179648,
      0.19247775533823905,
      0.21203210297623928,
      0.1971225781226573,
      0.23583329709721987,
      0.2318136386254755,
      0.23198661993051042,
      0.23335473671557358,
      0.23227492671221905,
      0.20983956603458026,
      0.21766484198189162,
      0.23310468683533558,
      0.20728045985711024,
      0.2332997796909719,
      0.1973524347999239,
      0.2118049876419526,
      0.21047999224371844,
      0.23351644701596053,
      0.2078385627022551
    ]
  },
  "Mean_MAE": 10.026216952174533,
  "Mean_MRE": 24.237090654192667,
  "Mean_MBRE": 0.33890497544088444,
  "Mean_MIBRE": 0.218641052053484,
  "Median_MAE": 9.854672142932543,
  "Median_MRE": 23.648213306372348,
  "Median_MBRE": 0.3315300388955092,
  "Median_MIBRE": 0.2143425932414096,
  "Runs": [
    {},
    {},
    {},
    {},
    {},
    {},
    {},
    {},
    {},
    {},
    {},
    {},
    {},
    {},
    {},
    {},
    {},
    {},
    {},
    {},
    {},
    {},
    {},
    {},
    {},
    {},
    {},
    {},
    {},
    {}
  ]
}