{
  "Metrics": {
    "MAE": [
      451.8770970631569,
      341.706987207016,
      395.593873208398,
      414.5601662263176,
      506.6742276921188,
      532.2653559591402,
      524.7569969330153,
      438.14338700584756,
      504.8186871234945,
      548.9088338954726,
      554.1330974794328,
      478.89520856001235,
      408.4642458300391,
      607.1467669000207,
      490.3798007052356,
      410.75707525120373,
      399.8216089518542,
      551.9371970448628,
      553.5511443835644,
      442.7383759712606,
      471.20194648771724,
      479.63297842749364,
      528.9852210022839,
      447.4988479941285,
      466.79936456130997,
      475.81102033671715,
      498.8105263085524,
      420.66041615157155,
      441.85550358534516,
      394.51565610267545
    ],
    "MRE": [
      512.7208206394396,
      311.7672304274928,
      347.5448995374807,
      497.1856197254416,
      639.6145831692094,
      911.4952009157267,
      728.1659739245553,
      514.6709134620991,
      540.8820929367542,
      861.2385218481933,
      832.0211736259415,
      640.1108807089224,
      311.9159885748703,
      1079.0251356513966,
      717.6069114885996,
      336.81901127141043,
      483.4237644302835,
      906.3178781749224,
      986.9145927280515,
      534.6489651438867,
      583.810151573027,
      657.2213021644994,
      725.1147925465576,
      554.3415300060154,
      621.6736516067585,
      608.6104470504945,
      702.7063836876264,
      412.2050869430363,
      541.6566321104606,
      273.64011815672876
    ],
    "MBRE": [
      5.481138760878076,
      3.444258128398463,
      3.9383943389795824,
      5.2840212301457825,
      7.374848941898533,
      9.35335775565484,
      7.827516064096782,
      5.690926731155193,
      5.833736774946033,
      8.935706133745738,
      8.874406512787356,
      6.73351418273356,
      3.9206521177443374,
      11.253908375467002,
      7.370159360153737,
      4.133088672297388,
      5.1465047894187315,
      9.453630159022858,
      10.075866835839184,
      5.911498966221932,
      6.589865754183736,
      7.196267287559132,
      7.963801010633466,
      6.378215837534625,
      6.694160140540155,
      7.121537164623935,
      7.320341036289719,
      4.523587363486377,
      5.8369478494014775,
      3.7130076682481725
    ],
    "MIBRE": [
      0.6444067070847378,
      0.5229860160628665,
      0.6093454538256199,
      0.5760035121916419,
      0.7250146824142384,
      0.7050284131668012,
      0.7260849376754615,
      0.6715967983112294,
      0.7362996664670077,
      0.7294163532949323,
      0.7542343854679069,
      0.7060002013230516,
      0.6111096508183346,
      0.7660404862651528,
      0.6797248305519562,
      0.6276976209112552,
      0.5927579373531879,
      0.7354885499147539,
      0.7139492529199637,
      0.6346954002814514,
      0.6782915294457313,
      0.6840366112229378,
      0.7408046792117409,
      0.6470105589437694,
      0.6618968359279969,
      0.6670597428765765,
      0.702939002234188,
      0.6333811910866205,
      0.6631221395190376,
      0.5857928805928662
    ]
  },
  "Mean_MAE": 472.76338714497535,
  "Mean_MRE": 612.5023418076627,
  "Mean_MBRE": 6.645828864802862,
  "Mean_MIBRE": 0.6710738675787673,
  "Median_MAE": 473.5064834122172,
  "Median_MRE": 596.2102993117608,
  "Median_MBRE": 6.642012947361946,
  "Median_MIBRE": 0.6749441638784803,
  "Runs": [
    {},
    {},
    {},
    {},
    {},
    {},
    {},
    {},
    {},
    {},
    {},
    {},
    {},
    {},
    {},
    {},
    {},
    {},
    {},
    {},
    {},
    {},
    {},
    {},
    {},
    {},
    {},
    {},
    {},
    {}
  ]
}