{
  "Metrics": {
    "MAE": [
      512.812472109729,
      599.5098606905437,
      494.22624325555887,
      507.5984414213251,
      480.02750339185843,
      539.315137576308,
      382.6371430684964,
      580.3284825461313,
      469.8796131660281,
      634.79586553504,
      650.4165562237312,
      565.728016359917,
      410.6611423266489,
      516.6533081110058,
      637.297313506333,
      516.0434805689839,
      472.24210018105236,
      526.8533343052771,
      708.3490994951751,
      531.4058684009954,
      482.4119460638883,
      425.79582983231154,
      545.3982249159559,
      518.1914775796503,
      450.1448135798569,
      508.98185438453146,
      607.6761975356885,
      517.6767739984181,
      457.8519851653737,
      460.5881449255167
    ],
    "MRE": [
      603.0270811996203,
      1132.274304114003,
      660.689375198427,
      770.0118343425092,
      542.0754954851219,
      866.2306232223724,
      503.50234022529526,
      1107.82745688524,
      649.3484036667555,
      1350.1665039333168,
      1381.699688604272,
      1028.3125006423668,
      428.5320673399573,
      742.6892215523882,
      1233.968000726207,
      529.6145990620334,
      695.4790900062223,
      904.8970308972066,
      1484.8935367566164,
      741.4146272738936,
      678.4330554261868,
      637.6791627924358,
      687.9086737577804,
      720.5695731689175,
      647.8789777634819,
      641.7911606463778,
      1143.3246330763343,
      699.2172712830895,
      610.9820322223659,
      557.3392023471523
    ],
    "MBRE": [
      6.416673443599209,
      11.557655701294253,
      7.11441296900415,
      7.9281738754569755,
      6.632752918753409,
      8.765489735289973,
      5.190018141515761,
      11.799253841344667,
      6.608834832068101,
      13.662798297645628,
      14.18822892341654,
      10.504494889682752,
      4.633495145510935,
      7.641222812422009,
      12.562469764383778,
      5.915876639088711,
      7.0301969391758705,
      9.274331371616043,
      15.065732641165384,
      8.246953596853732,
      7.191604580983937,
      6.665679712261002,
      7.545147357663933,
      7.546520176456702,
      6.68049809428262,
      7.6857978161708695,
      11.607901310784124,
      7.377458128691604,
      6.434600402494892,
      6.202517875876578
    ],
    "MIBRE": [
      0.6873862256222261,
      0.7329154178583062,
      0.7093390971640456,
      0.7029795028147452,
      0.6917743686742089,
      0.7081226817448192,
      0.6159745692040298,
      0.7053555381126327,
      0.6374359853697973,
      0.7376043916973792,
      0.7494115092492986,
      0.7210517429336304,
      0.6504854767818902,
      0.7224988912083189,
      0.7629686246285573,
      0.7308327812222168,
      0.6922042460436406,
      0.6994563042371723,
      0.7663233516692147,
      0.7277168036421229,
      0.6641070484900723,
      0.6742903617785947,
      0.7550045405940827,
      0.7190825585776881,
      0.6586457724877465,
      0.682868598143226,
      0.7549762780560547,
      0.7288165860528314,
      0.6527725044331825,
      0.652501348517859
    ]
  },
  "Mean_MAE": 523.7166076740444,
  "Mean_MRE": 812.7259174539317,
  "Mean_MBRE": 8.522559731165137,
  "Mean_MIBRE": 0.7031634369003199,
  "Median_MAE": 516.3483943399949,
  "Median_MRE": 697.3481806446559,
  "Median_MBRE": 7.5458337670603175,
  "Median_MIBRE": 0.7067391099287259,
  "Runs": [
    {},
    {},
    {},
    {},
    {},
    {},
    {},
    {},
    {},
    {},
    {},
    {},
    {},
    {},
    {},
    {},
    {},
    {},
    {},
    {},
    {},
    {},
    {},
    {},
    {},
    {},
    {},
    {},
    {},
    {}
  ]
}