{
  "Metrics": {
    "MAE": [
      319.3112493809011,
      330.8911454930273,
      326.31427060450164,
      325.95813829795594,
      340.58066988277164,
      326.9298658192903,
      355.1625206061855,
      350.4229406943061,
      308.090157032928,
      343.62949343438936,
      347.8312201959762,
      323.8476060765446,
      340.3522003459095,
      332.9640491447488,
      351.586446378166,
      347.835786593573,
      295.9268970567189,
      337.9666693950664,
      350.7558700052691,
      337.47814103290926,
      354.50894330717034,
      313.76770504713653,
      336.85047658664274,
      345.1539733174975,
      329.32629988084045,
      323.1621061571814,
      347.5661053531239,
      346.6193321234626,
      317.46261567671013,
      343.92371529980034
    ],
    "MRE": [
      249.0706359113078,
      345.34006513709,
      258.7015754194347,
      309.0440814866308,
      295.3965028080697,
      389.4264810197741,
      267.23289649970627,
      264.6775363736529,
      215.1267252522005,
      354.1359029310817,
      320.2385255583505,
      213.61469442986393,
      169.83195145832093,
      356.9792987597588,
      438.8579332450416,
      190.55659921949632,
      240.81557517119845,
      310.89746780245076,
      416.05044964944193,
      251.82246157244404,
      175.2130168966778,
      244.4488813876513,
      253.7584550220114,
      297.52601148496484,
      262.51296527539614,
      235.7748905290895,
      378.9080958147853,
      318.19384405465286,
      229.2817620199856,
      241.65002765007384
    ],
    "MBRE": [
      2.391158864303234,
      3.153153182355372,
      2.4225607746816125,
      1.8361023433724095,
      3.2583121972950218,
      2.228273155236193,
      3.185600762520971,
      3.124077930871338,
      2.6995863050786335,
      3.0828510228792307,
      2.8885969194444123,
      1.7052058286965097,
      2.2494398543829326,
      3.4407738162857826,
      4.347421393916627,
      2.262448632291772,
      1.5305197650638842,
      3.1352892917435615,
      3.590977177160121,
      2.3120882735115593,
      2.410618995011179,
      3.319833345390242,
      2.5094111975381725,
      3.7471118601179056,
      5.3697818585061174,
      2.5999252118398717,
      3.358309282565478,
      2.9949955342585475,
      1.879008704599176,
      2.2534776072672043
    ],
    "MIBRE": [
      0.6575486058022372,
      0.9440172113850183,
      0.7171247782617879,
      0.9375285648303383,
      0.6508496340878694,
      1.210888109628747,
      0.8659592632939442,
      0.6499628740395136,
      0.7273831082113403,
      0.6828256940271866,
      1.4211372160302,
      0.877418755659276,
      0.5429185398089954,
      0.7029538244733551,
      0.7128571849128708,
      0.5464860254872479,
      0.8165093224278974,
      0.6330735443691504,
      0.9817303743521552,
      0.6233614936007311,
      0.5617672366939689,
      0.838458066830519,
      0.7389682254762714,
      0.6595267280674812,
      0.780966479119053,
      0.6739917560699329,
      0.8725639708857978,
      0.7284965467684215,
      0.8015450997657717,
      0.6277220782680833
    ]
  },
  "Mean_MAE": 335.07255367402354,
  "Mean_MRE": 283.16951032802007,
  "Mean_MBRE": 2.8428970362728356,
  "Mean_MIBRE": 0.7728846770878387,
  "Median_MAE": 337.7224052139878,
  "Median_MRE": 263.59525082452456,
  "Median_MBRE": 2.794091612261523,
  "Median_MIBRE": 0.7222539432365641,
  "Runs": [
    {},
    {},
    {},
    {},
    {},
    {},
    {},
    {},
    {},
    {},
    {},
    {},
    {},
    {},
    {},
    {},
    {},
    {},
    {},
    {},
    {},
    {},
    {},
    {},
    {},
    {},
    {},
    {},
    {},
    {}
  ]
}