{
  "Metrics": {
    "MAE": [
      392.76123437004514,
      399.0156281659064,
      397.4163666414526,
      396.33060160437645,
      407.61970460333765,
      383.5076086678118,
      405.31970284156796,
      407.31715133752357,
      391.5598428614955,
      420.04982955902125,
      402.63551235885853,
      400.27365263604867,
      401.2195688146422,
      402.6987262626488,
      434.231503884642,
      404.8186520601132,
      396.19298307150274,
      401.3806415231946,
      397.08878852118903,
      399.5729359670617,
      404.2194609889199,
      396.075074975473,
      402.1950671443001,
      405.9409017771389,
      396.1531869531541,
      400.0333145640932,
      404.39032382013863,
      404.57893663100174,
      396.12899896810234,
      400.3187634508588
    ],
    "MRE": [
      123.32267718892105,
      116.58467832530859,
      124.76877485433306,
      165.57716983446278,
      166.45458517538293,
      144.4377031484161,
      151.10722647085487,
      209.23046097781025,
      143.6713779718612,
      325.36688184712796,
      232.01323516888314,
      143.31730289815164,
      104.13639453045556,
      215.3437578701647,
      470.0779875184709,
      100.15473563867164,
      196.7180672298845,
      192.6446635578162,
      167.22221658905138,
      127.8776015474989,
      138.53516367051415,
      185.68930937719347,
      126.86511729597542,
      208.01741825834523,
      140.19382062427843,
      116.18279119370105,
      217.062868295171,
      175.5714506990636,
      111.93464797912598,
      127.20746041165769
    ],
    "MBRE": [
      2.6900912007422697,
      2.955254223936098,
      2.9669388278770983,
      3.025702299663024,
      3.437191189151129,
      2.5005305421723483,
      3.157781201599201,
      3.6231001168859835,
      2.6717469789439847,
      4.012031664247267,
      3.2496777992603736,
      2.9383514610264765,
      2.8427253135891153,
      3.3621634805551204,
      5.306121480849451,
      3.424787842542611,
      3.0590389343514564,
      2.9272629013763365,
      2.8866663173835283,
      3.0562211663494745,
      3.3251888722208536,
      2.9615031394980087,
      3.190572878434434,
      3.330959412857253,
      2.8226771781763738,
      2.8349699514008533,
      3.421907963539742,
      2.9934209638260967,
      2.8165608962342334,
      2.9417222167311423
    ],
    "MIBRE": [
      0.5177691247862055,
      0.5103343520498422,
      0.5075514803884973,
      0.5433475367289383,
      0.5389216795281065,
      0.5431867480200182,
      0.5617763112786232,
      0.5601704929608213,
      0.5451573718826184,
      0.6383661918821004,
      0.5967132962580917,
      0.5640508748665954,
      0.5063799252352239,
      0.5664386422739781,
      0.6561096860702529,
      0.5022714435252845,
      0.5666810392351945,
      0.5762902796979965,
      0.5653682522863283,
      0.5129256917432846,
      0.5237881329509505,
      0.5625953973948726,
      0.5187553143610286,
      0.5709997494864115,
      0.5287333179028905,
      0.5292815059099267,
      0.5847608631136016,
      0.5760231719354989,
      0.5079645779022519,
      0.522471804464225
    ]
  },
  "Mean_MAE": 401.70148883418733,
  "Mean_MRE": 172.24291820495174,
  "Mean_MBRE": 3.157762280514044,
  "Mean_MIBRE": 0.550172808537322,
  "Median_MAE": 400.76916613275046,
  "Median_MRE": 147.7724648096355,
  "Median_MBRE": 3.0095616317445604,
  "Median_MIBRE": 0.5442524543057783,
  "Runs": [
    {},
    {},
    {},
    {},
    {},
    {},
    {},
    {},
    {},
    {},
    {},
    {},
    {},
    {},
    {},
    {},
    {},
    {},
    {},
    {},
    {},
    {},
    {},
    {},
    {},
    {},
    {},
    {},
    {},
    {}
  ]
}