{
  "Metrics": {
    "MAE": [
      417.0801854996353,
      428.24197518295614,
      413.8192387472767,
      405.665592157466,
      437.0753561428733,
      414.9421453244188,
      416.82257145056724,
      427.5851139853686,
      415.11231596795506,
      425.7764636651896,
      431.1034872605593,
      409.94155548925795,
      422.32454714504973,
      424.310551725372,
      461.14809154284376,
      423.5634196273842,
      407.16441110607434,
      428.86190780205635,
      411.86251085001277,
      426.61730418525264,
      428.66122632225466,
      404.86590891980336,
      418.7448115287854,
      416.1773371014766,
      397.00800155697783,
      430.1195085469595,
      418.4064466916577,
      422.0598946569471,
      416.28824232271694,
      429.3386983209435
    ],
    "MRE": [
      104.67846289924081,
      106.12915664956637,
      126.62883499450275,
      96.17265433717208,
      199.0346796272027,
      200.88507238878307,
      147.5254021491856,
      180.3674885064899,
      185.6030545113029,
      269.35417347141885,
      238.20977630608544,
      153.94990620930125,
      124.95961168606829,
      205.51080351696913,
      468.14751348490154,
      101.20328804614216,
      115.10090298273525,
      212.89955119001834,
      177.2702223804242,
      103.43348627654876,
      183.20940570321667,
      156.9339440296117,
      144.39164537249349,
      116.99701790077009,
      191.5595974754909,
      125.19407099516972,
      193.4874810547258,
      152.6849414430048,
      108.77491717538147,
      166.06003426947234
    ],
    "MBRE": [
      5.127323276022326,
      6.79301552231758,
      4.220853653197468,
      4.552294017480592,
      9.026333102682665,
      4.555379548637639,
      4.754129428005388,
      5.54477677199022,
      3.8665450461727673,
      4.212813103212759,
      5.447342569119204,
      3.654377160658152,
      4.712117439930453,
      5.013309485065703,
      6.425659068334132,
      6.298631112800047,
      3.769112579203134,
      5.189171892830148,
      4.2859845784011865,
      8.860466630335962,
      5.570976754215792,
      3.6382263011536997,
      5.048206044372557,
      5.126598802352878,
      3.2186359691908817,
      8.021230724899377,
      4.331128192385652,
      4.208004076037582,
      4.862446956156463,
      6.128595543890377
    ],
    "MIBRE": [
      0.5645291452592411,
      0.5753300673377132,
      0.5557564415764225,
      0.5261012051824201,
      0.59262213526453,
      0.5956178388634505,
      0.5553301989060201,
      0.5801419185176356,
      0.5915329918580682,
      0.6200940430183807,
      0.6046199996964174,
      0.5377027705930382,
      0.5558822062849719,
      0.5808051903144825,
      0.6716309356657446,
      0.5518123105250448,
      0.5456043535919036,
      0.6061852025980781,
      0.5707704773607184,
      0.5476691658942564,
      0.5977841976588311,
      0.5643473347346253,
      0.5497535147271244,
      0.5414634965486618,
      0.56644802911177,
      0.5584709779341749,
      0.5960725177133892,
      0.5712797404055209,
      0.5473425496539734,
      0.5616445577220424
    ]
  },
  "Mean_MAE": 421.02296069420305,
  "Mean_MRE": 168.54523656777985,
  "Mean_MBRE": 5.215456178368426,
  "Mean_MIBRE": 0.5728115171506218,
  "Median_MAE": 420.4023530928663,
  "Median_MRE": 155.44192511945647,
  "Median_MBRE": 4.937878220611083,
  "Median_MIBRE": 0.5654885871855055,
  "Runs": [
    {},
    {},
    {},
    {},
    {},
    {},
    {},
    {},
    {},
    {},
    {},
    {},
    {},
    {},
    {},
    {},
    {},
    {},
    {},
    {},
    {},
    {},
    {},
    {},
    {},
    {},
    {},
    {},
    {},
    {}
  ]
}