{
  "Metrics": {
    "MAE": [
      308.6647251358091,
      230.55794118174487,
      246.573604541183,
      203.69250541586712,
      224.11059945759683,
      307.78513766342013,
      261.4308158870846,
      130.92704235563258,
      258.69468743232824,
      173.72136837055245,
      275.6014619535844,
      234.53976116504015,
      268.3767926634068,
      246.1869954214336,
      221.59556342387557,
      297.0713529655826,
      272.0923058075441,
      289.19147197360024,
      218.22362124181453,
      186.49625129329505,
      213.9870029906122,
      319.47451391641124,
      222.89391236315777,
      246.12509458796063,
      259.3765026993271,
      228.44967401408238,
      302.2966663529646,
      212.21612038390117,
      286.4048697120568,
      246.6612530226369
    ],
    "MRE": [
      68.31492804671728,
      51.56720276966118,
      51.814828434500505,
      42.13468698409638,
      45.85899769242887,
      68.62340790334729,
      60.04247087034741,
      27.47049755788118,
      56.957281735600986,
      36.75241366041212,
      65.12603332685404,
      47.15792524908604,
      53.01085264521133,
      54.2669053633611,
      49.6865565861589,
      59.52765026594062,
      62.16890434983168,
      56.997555956089585,
      44.38271067169006,
      34.82370705178511,
      47.38241006553198,
      67.53156550526565,
      50.31244108188808,
      52.73066094592787,
      58.72394937167946,
      47.751213575891036,
      63.2427386162317,
      42.12491514327208,
      63.1914920689853,
      50.26868538220026
    ],
    "MBRE": [
      0.7307932061029807,
      0.5351661652557083,
      0.5487728975804761,
      0.43817845259138405,
      0.48273462916567716,
      0.7397714602355147,
      0.6251398287930282,
      0.2811173976114976,
      0.6006381484160322,
      0.3855611620833784,
      0.6866871782687003,
      0.49962383649202724,
      0.5723672147153768,
      0.5721481910816115,
      0.5161797846569388,
      0.6416579993640323,
      0.6536536955822493,
      0.6198783885750415,
      0.46662130612871267,
      0.3652196067630032,
      0.493241282599534,
      0.7315123995087658,
      0.5204346226898962,
      0.5606562908780548,
      0.6156713152192153,
      0.5007900772058393,
      0.683100537071043,
      0.44242993065048064,
      0.670406989107772,
      0.5357337522660905
    ],
    "MIBRE": [
      0.37807576225768047,
      0.3057103104494985,
      0.31303913583751763,
      0.278534578377991,
      0.2828981351126745,
      0.3725755851095646,
      0.347730841440709,
      0.19881439052791222,
      0.3170704941503587,
      0.23799125156381057,
      0.35014290231410683,
      0.2914033795184153,
      0.3240968545904672,
      0.30621266022765947,
      0.3007225167398283,
      0.35323158622737866,
      0.3378080851944552,
      0.3425054372973099,
      0.2802503960819764,
      0.23679588672752158,
      0.2876018951191313,
      0.37885007564551215,
      0.3109897735979169,
      0.3046458016589439,
      0.3391738866487378,
      0.29451594329859354,
      0.3574128301333972,
      0.27194126908087823,
      0.3571459130041362,
      0.3141572879945623
    ]
  },
  "Mean_MAE": 246.44732051311692,
  "Mean_MRE": 52.664852962595845,
  "Mean_MBRE": 0.557196258222002,
  "Mean_MIBRE": 0.3124014955309548,
  "Median_MAE": 246.3802999813083,
  "Median_MRE": 52.27274469021419,
  "Median_MBRE": 0.5547145942292655,
  "Median_MIBRE": 0.31201445471771727,
  "Runs": [
    {},
    {},
    {},
    {},
    {},
    {},
    {},
    {},
    {},
    {},
    {},
    {},
    {},
    {},
    {},
    {},
    {},
    {},
    {},
    {},
    {},
    {},
    {},
    {},
    {},
    {},
    {},
    {},
    {},
    {}
  ]
}