{
  "Metrics": {
    "MAE": [
      6.586649785869651,
      6.515013659290865,
      6.676079795121962,
      6.7737775324237885,
      6.638992516389047,
      6.939594680131517,
      6.1407360253472,
      6.4088133622547705,
      6.3724342504723195,
      6.91008474467374,
      6.647871711098762,
      6.266119876411546,
      6.429218839350214,
      6.842556467497238,
      6.635895339086238,
      6.5720898947581,
      6.712021909460377,
      6.813447368607107,
      6.465009749770714,
      7.065834973531095,
      6.4028078553163335,
      6.547827419726566,
      6.32936600338309,
      6.557476611432836,
      6.649107298601096,
      6.524387472188396,
      6.044764444446281,
      6.720907715038476,
      6.475662853644188,
      6.4867999339672595
    ],
    "MRE": [
      0.9773728248405463,
      1.1180158261237994,
      1.0554865587027003,
      1.0483143080118769,
      1.045843471666367,
      1.014665464343328,
      0.997601272723728,
      1.1288092284969666,
      0.978822050333317,
      1.0696850416937826,
      1.0805606169191047,
      0.9341503872172588,
      0.964599876227674,
      1.0966147487299924,
      1.0616456937467107,
      1.033836757669903,
      1.0134722115742112,
      0.9894608812777024,
      0.9856805790569351,
      0.9964160049141585,
      1.0052614366119392,
      0.9821812623027696,
      1.034883459423352,
      1.077714907035243,
      1.0472869721456737,
      0.9866520490970815,
      0.9547411541496305,
      1.0528073015305486,
      1.0408538890054446,
      0.9933496062731676
    ],
    "MBRE": [
      0.009869751907523545,
      0.01134371375713091,
      0.0106762084369732,
      0.01061982773361367,
      0.010568584027174404,
      0.010249900636064548,
      0.010055891226042325,
      0.011487661269132574,
      0.009927150815021976,
      0.010823816377966436,
      0.010912096356836619,
      0.009413655363745648,
      0.00974378888729801,
      0.011089025642166397,
      0.01071314590163271,
      0.010468034111420204,
      0.010253397303806892,
      0.009994123478838915,
      0.009963780114211323,
      0.010073577096204545,
      0.010153229008484694,
      0.009914199508840359,
      0.010452480803805697,
      0.010910473232787977,
      0.010579231287809616,
      0.009959225381483805,
      0.009640561464793862,
      0.01064501426966776,
      0.010536849662555591,
      0.010023899596590245
    ],
    "MIBRE": [
      0.009641046607093872,
      0.01103905814872932,
      0.010401353334664357,
      0.010379711910246475,
      0.010313400534011561,
      0.010041414794568701,
      0.009841112732791289,
      0.011188439628721479,
      0.00971641532928678,
      0.010584457192735729,
      0.01064170983701615,
      0.00922730193132863,
      0.009539803819456539,
      0.01081594474043478,
      0.010451362927369088,
      0.010241099961264056,
      0.010040680183196118,
      0.0097815517286591,
      0.0097492825931569,
      0.009875092994608625,
      0.009950345612043675,
      0.009701519545889235,
      0.010205772101680595,
      0.01062990532596334,
      0.010340874487124353,
      0.009752171827951147,
      0.009426608933590274,
      0.010390456235967913,
      0.010276833570718662,
      0.009776810147786636
    ]
  },
  "Mean_MAE": 6.571711669643026,
  "Mean_MRE": 1.025559528061497,
  "Mean_MBRE": 0.010368743155320815,
  "Mean_MIBRE": 0.010132051290601846,
  "Median_MAE": 6.564783253095468,
  "Median_MRE": 1.0242511110066155,
  "Median_MBRE": 0.010352939053806295,
  "Median_MIBRE": 0.010123593448124649,
  "Runs": [
    {},
    {},
    {},
    {},
    {},
    {},
    {},
    {},
    {},
    {},
    {},
    {},
    {},
    {},
    {},
    {},
    {},
    {},
    {},
    {},
    {},
    {},
    {},
    {},
    {},
    {},
    {},
    {},
    {},
    {}
  ]
}