{
  "Metrics": {
    "MAE": [
      403.22076775657246,
      157.9465450946902,
      82.82013739821352,
      292.4898148954345,
      209.26711998208657,
      425.40753524621624,
      489.42819289035555,
      138.503201151006,
      379.0807687310569,
      114.66765234891942,
      368.9257314847781,
      154.55976011721881,
      193.6751263686757,
      177.45742119668148,
      194.08836441612246,
      148.30996432281424,
      119.53063096874878,
      326.07551593776105,
      149.76331412676822,
      176.07920017052948,
      141.82399957408433,
      149.74237689701715,
      242.21936462613533,
      177.30028916552038,
      84.22664852448452,
      151.3947419786865,
      173.95475676627217,
      263.17459886659225,
      108.00731301710196,
      228.50302670898262
    ],
    "MRE": [
      78.86788096352136,
      26.232799082838334,
      13.670909317402065,
      34.70725262442547,
      23.553893760171235,
      87.80432593229285,
      111.59737219139978,
      21.788776254764976,
      70.91058925715336,
      21.8925917969453,
      77.33383886383342,
      26.258152525368217,
      33.79450381456135,
      31.451889288260503,
      36.310539737307145,
      23.232047121832945,
      21.556958633119315,
      45.81290801722428,
      25.150662605024337,
      27.17807472140275,
      24.85600845185435,
      25.83721789543817,
      33.913071025881976,
      32.34367161842967,
      18.079708195362596,
      26.773289839068227,
      30.456161066564558,
      35.64849051624164,
      22.32870142429789,
      30.374653367425953
    ],
    "MBRE": [
      0.9387570230072507,
      0.29014666526792976,
      0.14783081051689773,
      0.4783207098161289,
      0.3230862185560232,
      1.068436921112012,
      1.2838743114071307,
      0.2378359509025336,
      0.8672708262933407,
      0.23424222327296446,
      0.9156146810790549,
      0.29225032884998875,
      0.37688821079293944,
      0.34496628482558706,
      0.3984041650167705,
      0.25719458900220465,
      0.23261196349546012,
      0.6240512541182239,
      0.2817350674638227,
      0.3012873137971365,
      0.27019480965261905,
      0.27603046513760404,
      0.4301509868630965,
      0.3569581469071109,
      0.19343262527337332,
      0.29408516907771287,
      0.3373800327458583,
      0.4632154101431147,
      0.2449404900470757,
      0.38184369686234326
    ],
    "MIBRE": [
      0.3827887468092561,
      0.19262067278102027,
      0.11417653157099425,
      0.25217839226721617,
      0.19682455700890208,
      0.39614535569381787,
      0.4687283452988231,
      0.1678947888146865,
      0.33992540026108786,
      0.16341375814672032,
      0.33060331600506937,
      0.1994297756073509,
      0.2266780941601597,
      0.22019045753996538,
      0.2339981755395525,
      0.17832970532858164,
      0.15552765936341864,
      0.2869573975519464,
      0.19466059207113195,
      0.19853019457520907,
      0.18502785066183064,
      0.18864874238243476,
      0.24902364288173978,
      0.2267810402738671,
      0.14410961832685465,
      0.19980073159758352,
      0.21657366686728993,
      0.2573884367127326,
      0.1760412147330337,
      0.2296978026994006
    ]
  },
  "Mean_MAE": 214.05479602431757,
  "Mean_MRE": 37.32389799698047,
  "Mean_MBRE": 0.43810124504344367,
  "Mean_MIBRE": 0.23242315545105588,
  "Median_MAE": 176.68974466802493,
  "Median_MRE": 28.77636404441435,
  "Median_MBRE": 0.33023312565094076,
  "Median_MIBRE": 0.20818719923243673,
  "Runs": [
    {},
    {},
    {},
    {},
    {},
    {},
    {},
    {},
    {},
    {},
    {},
    {},
    {},
    {},
    {},
    {},
    {},
    {},
    {},
    {},
    {},
    {},
    {},
    {},
    {},
    {},
    {},
    {},
    {},
    {}
  ]
}