{
  "Metrics": {
    "MAE": [
      266.0527357352222,
      185.01450059550666,
      178.2157950059401,
      257.089557379127,
      259.3499169402744,
      296.23789437646326,
      353.4506761375514,
      169.3739390589429,
      363.10019412469376,
      133.31485449328588,
      363.1296935108823,
      210.25066609697637,
      187.6168470909795,
      223.74333802205572,
      219.57452102444842,
      181.2727795698015,
      134.69380121030667,
      270.22675518638704,
      164.99189282111868,
      206.50611556658708,
      152.7011530965726,
      188.0753609211586,
      272.5391123509683,
      210.61546783321683,
      175.0605397890264,
      165.70206575498437,
      215.44232441116756,
      304.67903331595676,
      178.28587264028093,
      277.64898546217705
    ],
    "MRE": [
      25.800614941386325,
      22.59583526225285,
      17.231989093918916,
      23.291212593583452,
      29.3761915761077,
      35.471801842890095,
      33.99895282966191,
      17.7322955805238,
      33.08300350861559,
      21.47773854027178,
      39.727722413539865,
      28.365030342318065,
      30.77938540845401,
      30.509254849119934,
      32.305550580448724,
      20.674579459631502,
      20.813839849076633,
      26.365021634582597,
      25.54691899497175,
      26.118207950975226,
      24.444377481263928,
      18.166601741131263,
      31.172965389867784,
      28.706396978733657,
      20.43133299722097,
      28.52723821011412,
      28.085812482778294,
      35.42798513505618,
      20.579612914765708,
      28.550309261722195
    ],
    "MBRE": [
      0.4071122545818972,
      0.2752303820664002,
      0.21835133053888597,
      0.37034190711281323,
      0.4169951361493132,
      0.5374486356706146,
      1.1111790313744658,
      0.21812776488439556,
      1.067758682174414,
      0.235304893872906,
      1.0534759700115888,
      0.34731006146069765,
      0.3458401021543548,
      0.37640922348003586,
      0.38911767690291077,
      0.25460968204468365,
      0.22890363822801707,
      0.41063252329149513,
      0.2907241465017401,
      0.317781204103269,
      0.2707901223112458,
      0.23385257372131102,
      0.4760521330664397,
      0.35126464100384125,
      0.24599563932244792,
      0.31526231674616273,
      0.3474816621133915,
      0.5586781000487614,
      0.25227109790124125,
      0.45597147254829956
    ],
    "MIBRE": [
      0.2210965253868548,
      0.18223718687350807,
      0.1564338916097429,
      0.2069533175859593,
      0.23719986790274245,
      0.27283080055242354,
      0.27945705938050003,
      0.15141209685524382,
      0.27846863613786965,
      0.16654621328994695,
      0.31149119754328863,
      0.2225473468543419,
      0.2174846994763284,
      0.23266905215857497,
      0.2342175694638507,
      0.17535015017786557,
      0.1612353490505535,
      0.22431554059070258,
      0.19951617288443285,
      0.20141074925902172,
      0.183704003234191,
      0.15793756980587462,
      0.2443725717746442,
      0.22276309527618654,
      0.1714218803356678,
      0.20795426015076418,
      0.21764113771555446,
      0.2724698773372676,
      0.17776309954702577,
      0.23367307198537252
    ]
  },
  "Mean_MAE": 225.46521298406873,
  "Mean_MRE": 26.845259328166158,
  "Mean_MBRE": 0.4126758001796013,
  "Mean_MIBRE": 0.21408579967321004,
  "Median_MAE": 210.4330669650966,
  "Median_MRE": 27.225417058680446,
  "Median_MBRE": 0.34739586178704457,
  "Median_MIBRE": 0.21756291859594143,
  "Runs": [
    {},
    {},
    {},
    {},
    {},
    {},
    {},
    {},
    {},
    {},
    {},
    {},
    {},
    {},
    {},
    {},
    {},
    {},
    {},
    {},
    {},
    {},
    {},
    {},
    {},
    {},
    {},
    {},
    {},
    {}
  ]
}