{
  "Metrics": {
    "MAE": [
      145.2161631744057,
      144.1441337025583,
      156.92871062699567,
      255.5047789714745,
      177.28956617610928,
      185.07861977267072,
      120.62124502865484,
      301.44602421204115,
      237.67761801620503,
      367.94153213984373,
      329.10106537728825,
      275.6880521954003,
      152.2247965969956,
      325.984400428435,
      194.86305382612278,
      109.19040613460469,
      345.5882672368608,
      249.5209674066316,
      140.0163463132462,
      209.29209386958934,
      335.4882459504827,
      233.09074977890208,
      218.87305237643886,
      141.00206295586,
      225.45503624848456,
      178.29022793992468,
      248.4222372923422,
      350.41697532240363,
      164.59502655235167,
      255.44665491691566
    ],
    "MRE": [
      20.848586546495408,
      18.91493151558428,
      22.610564203274496,
      27.739815273659318,
      27.99905335935885,
      26.046706956497147,
      14.936460516360514,
      33.01916345985033,
      21.510790988779927,
      34.14123538029024,
      27.54437632326346,
      29.471433690676875,
      18.654556012798285,
      31.193272188243427,
      15.113455128991502,
      11.314886589380666,
      31.340117752754026,
      24.98375566956793,
      17.925404144579588,
      18.023061822093712,
      32.55635440016862,
      19.618746092813613,
      26.907419128392245,
      19.921232589563907,
      27.39135597354038,
      28.72819063278986,
      27.970952107238272,
      29.085535631718113,
      23.23598463431325,
      27.95911142001735
    ],
    "MBRE": [
      0.23503345413171825,
      0.21598020351858488,
      0.2548299163704732,
      0.40355989320538727,
      0.32168842571455836,
      0.30158383155238666,
      0.1713650873346995,
      0.6322286519345715,
      0.32571957996525125,
      1.0491996716426957,
      0.8317437140907146,
      0.45018563154710267,
      0.22013307026263634,
      0.694932841516436,
      0.22763126475817022,
      0.12992876643158185,
      0.9403845339570703,
      0.3650451912608999,
      0.2067911975507701,
      0.2601574922617132,
      0.8406878775817297,
      0.30583974204154873,
      0.34588508539597995,
      0.2303018187838474,
      0.35655941630920074,
      0.32243714145013846,
      0.39443055130726457,
      0.9186607475695315,
      0.2624038682603764,
      0.40158187410241275
    ],
    "MIBRE": [
      0.16476737208263556,
      0.15179187447315978,
      0.17555946453584872,
      0.22666402864001794,
      0.20775891812234562,
      0.1985367162228034,
      0.12850688331929153,
      0.25885407480547373,
      0.18783126513121642,
      0.2852880178628758,
      0.24291564937607465,
      0.2368613999109306,
      0.15490205045396763,
      0.25718806506701514,
      0.14114590894201154,
      0.10225873948958644,
      0.26560519804674504,
      0.2126323714554951,
      0.15191793451305016,
      0.1599406195825564,
      0.2678894761469751,
      0.1736690726692403,
      0.21305692191445605,
      0.16152361294765585,
      0.21913676587828648,
      0.2098340508036395,
      0.2237944669702485,
      0.25202354303920305,
      0.18055402088243053,
      0.2248704774260576
    ]
  },
  "Mean_MAE": 225.8132703513413,
  "Mean_MRE": 24.556883671101854,
  "Mean_MBRE": 0.42056368472698163,
  "Mean_MIBRE": 0.20124263202370982,
  "Median_MAE": 222.16404431246173,
  "Median_MRE": 26.477063042444698,
  "Median_MBRE": 0.32407836070769486,
  "Median_MIBRE": 0.20879648446299257,
  "Runs": [
    {},
    {},
    {},
    {},
    {},
    {},
    {},
    {},
    {},
    {},
    {},
    {},
    {},
    {},
    {},
    {},
    {},
    {},
    {},
    {},
    {},
    {},
    {},
    {},
    {},
    {},
    {},
    {},
    {},
    {}
  ]
}