{
  "Metrics": {
    "MAE": [
      147.8111463933092,
      118.60082244536203,
      166.78349988522746,
      140.68181844674407,
      129.83630193485024,
      139.2934094658251,
      145.89975992781112,
      131.78997975908882,
      128.08837161195814,
      148.4011506652266,
      120.01360617988577,
      165.23422498185587,
      155.07105088468904,
      132.66908046609285,
      125.0345078412759,
      136.29199261772624,
      127.39671362381573,
      161.11396701332896,
      152.4200319920806,
      137.03898033309767,
      135.45924837616533,
      133.78397851777092,
      133.63694872569846,
      149.92411035765411,
      127.46508196934853,
      132.32454491747663,
      127.81615962513253,
      148.37455782410754,
      144.91944292336817,
      140.87046110788307
    ],
    "MRE": [
      8.749721586766567,
      8.697978306844945,
      9.826948167216399,
      9.561347104577962,
      8.918728664290782,
      9.5256851764617,
      9.492244206742278,
      8.767340575452264,
      8.798319458799742,
      8.845905809536987,
      8.668573559105882,
      9.140511380800024,
      9.51712014453167,
      9.115708516334454,
      8.725177658680998,
      9.197002884395006,
      8.644598363717915,
      9.657559179593992,
      9.008251879510137,
      8.783120856401542,
      8.5219372084555,
      8.745035675183265,
      8.676403064248921,
      9.09408846678043,
      9.299100941485367,
      9.012017133874771,
      8.593148839952843,
      9.365195768927704,
      9.077615656933537,
      8.938693500052834
    ],
    "MBRE": [
      0.12394364160372214,
      0.1051876216887727,
      0.14651372037692398,
      0.12531759953361143,
      0.11330739652590727,
      0.12385138335732815,
      0.12882087484324567,
      0.11308477340541907,
      0.11001936402307867,
      0.12477015354932736,
      0.10598616609137747,
      0.1407255349811616,
      0.13401853338857503,
      0.11537581807438936,
      0.10860744559055276,
      0.11853678240989947,
      0.10995421768414497,
      0.14023160964528106,
      0.13040801848570815,
      0.11650382608715315,
      0.11315171138564824,
      0.11430974873599148,
      0.11259584371070676,
      0.12788750869793916,
      0.11350949213415938,
      0.11463582645454884,
      0.10893492270077587,
      0.12810278118645674,
      0.12377633214094112,
      0.11898629185109229
    ],
    "MIBRE": [
      0.07959746859644988,
      0.0738388923762071,
      0.09082180046120118,
      0.08351403066883811,
      0.07768118880120406,
      0.08378279011983475,
      0.08538809725714984,
      0.07769072416757762,
      0.07561381590502704,
      0.08095818330758367,
      0.07600932581461477,
      0.08736622580856979,
      0.08540209643581802,
      0.0788082170152611,
      0.07592716360175517,
      0.08049689559427378,
      0.07621246489397104,
      0.08723025889169793,
      0.08371933304695567,
      0.07888264226157081,
      0.07759599439299991,
      0.07918297930850356,
      0.07627406753200307,
      0.08301809143893144,
      0.07729342900868541,
      0.07789771632616362,
      0.07517095974794902,
      0.08409769602883375,
      0.08171486439727275,
      0.07895608460805416
    ]
  },
  "Mean_MAE": 139.46816502712852,
  "Mean_MRE": 9.03216932452188,
  "Mean_MBRE": 0.12036849801146131,
  "Mean_MIBRE": 0.08033811659383193,
  "Median_MAE": 136.66548647541197,
  "Median_MRE": 8.973472689781484,
  "Median_MBRE": 0.1175203042485263,
  "Median_MIBRE": 0.07906953195827886,
  "Runs": [
    {},
    {},
    {},
    {},
    {},
    {},
    {},
    {},
    {},
    {},
    {},
    {},
    {},
    {},
    {},
    {},
    {},
    {},
    {},
    {},
    {},
    {},
    {},
    {},
    {},
    {},
    {},
    {},
    {},
    {}
  ]
}