{
  "Metrics": {
    "MAE": [
      1594.0245999309418,
      1375.2207189933788,
      1678.9019703096608,
      1395.4247527921248,
      1647.1211570645482,
      1680.2357990744833,
      1695.8369377711406,
      1454.128435234986,
      1376.3419730607816,
      1528.814418596443,
      1577.918105709021,
      1604.4397633318104,
      1344.9422587011954,
      1547.749178240546,
      1438.1372139725372,
      1466.7867747249543,
      1504.7848038321767,
      1498.3192261489003,
      1580.7476439281668,
      1260.0986908323655,
      1604.312715256017,
      1406.0771166424581,
      1427.747837025408,
      1668.7758862117364,
      1453.968299560539,
      1404.9184277620166,
      1628.6314945408153,
      1377.7752410412256,
      1370.7933178488959,
      1488.1932852728253
    ],
    "MRE": [
      13.570252176328967,
      12.053042429913862,
      14.956373946629117,
      12.362795800934688,
      14.797306275077581,
      13.895043462677915,
      14.589661595386353,
      13.194604346593358,
      12.16505882501157,
      12.810844767007184,
      13.922631800498356,
      13.776973242452453,
      11.480182345284433,
      13.113822675465242,
      12.78772281486445,
      12.693042716280168,
      13.255542845761562,
      13.018890011658787,
      13.415404119136323,
      11.0862848579038,
      14.151131715166546,
      12.017818648345735,
      12.459251958787448,
      14.827322644898167,
      12.740487826723212,
      12.414568579321521,
      14.95988625028837,
      12.157335615652462,
      12.742246345586667,
      13.190168029443347
    ],
    "MBRE": [
      0.16158307325922908,
      0.13752853574103263,
      0.17281480331716448,
      0.13947588493880667,
      0.16949957095339413,
      0.17541106158541198,
      0.1775219121051658,
      0.14608603536234557,
      0.13968281723777873,
      0.15723110852154806,
      0.1621680862086454,
      0.1680429163507838,
      0.1352182442238418,
      0.1611511991779218,
      0.14655955283521876,
      0.15061538899409216,
      0.1498476537006774,
      0.1528104549996735,
      0.16474298538518609,
      0.12302700004313524,
      0.1664842161068476,
      0.13741676407627484,
      0.14137772943686153,
      0.17428183894862176,
      0.1472357992540334,
      0.14302686247627183,
      0.16907285824513954,
      0.1352383521336597,
      0.1384516526488556,
      0.15022384800856536
    ],
    "MIBRE": [
      0.12281081431674624,
      0.1071010379884772,
      0.12986761243219866,
      0.10879771322692389,
      0.1255748533795112,
      0.12503125377885052,
      0.12658449055870977,
      0.11443992753855296,
      0.10642987549690368,
      0.11452018537203566,
      0.11999612409019432,
      0.12034626583065591,
      0.10168506236893685,
      0.11539726294567991,
      0.11229533901913097,
      0.11088266519409992,
      0.11883425884747882,
      0.11384440579422991,
      0.11795556945028773,
      0.0993391649987391,
      0.12222798785725963,
      0.10957020353151216,
      0.11064561416888723,
      0.12764197652690487,
      0.11217192382063274,
      0.10821855038372524,
      0.12733526374429602,
      0.10941523465696253,
      0.11048698745864927,
      0.11450419946945498
    ]
  },
  "Mean_MAE": 1502.70560144707,
  "Mean_MRE": 13.153523288969321,
  "Mean_MBRE": 0.1531276068758728,
  "Mean_MIBRE": 0.11546506080822093,
  "Median_MAE": 1493.2562557108627,
  "Median_MRE": 13.066356343562013,
  "Median_MBRE": 0.15041961850132876,
  "Median_MIBRE": 0.11447206350400396,
  "Runs": [
    {},
    {},
    {},
    {},
    {},
    {},
    {},
    {},
    {},
    {},
    {},
    {},
    {},
    {},
    {},
    {},
    {},
    {},
    {},
    {},
    {},
    {},
    {},
    {},
    {},
    {},
    {},
    {},
    {},
    {}
  ]
}