{
  "Metrics": {
    "MAE": [
      1629.8202591702452,
      1540.5855063551815,
      1848.9796738391344,
      1849.4335417520324,
      1511.8932414476549,
      1970.101439006847,
      1791.1014531673236,
      1628.593411761093,
      1968.2817010499878,
      1836.3842066835823,
      2054.873424887847,
      1595.18049175488,
      1723.9443128663654,
      1474.7560307317203,
      1766.4062088664623,
      1841.673813220376,
      1847.422993101587,
      1592.8844633434076,
      1519.8507121857297,
      1411.068026429126,
      1844.701373077381,
      1640.9905586153152,
      1929.3665144069737,
      1893.5555332476192,
      1605.4593486550552,
      1547.8804826644473,
      2087.894722836465,
      1672.11835459691,
      2144.6987356295695,
      1739.9775400565843
    ],
    "MRE": [
      14.035816821303362,
      14.063407732485844,
      16.42128112800694,
      16.562381232714475,
      13.618225737460147,
      16.92046711527857,
      15.85209581035808,
      15.091187561406164,
      18.078398934363697,
      16.161548246558418,
      18.981359593875755,
      14.314227031038193,
      15.6079222846023,
      13.064157963948075,
      16.039607687373955,
      16.484358294417607,
      16.44524076698353,
      14.423322202626629,
      13.465261950517826,
      12.43794839973246,
      16.451120158902075,
      14.793395474887639,
      16.938613882437075,
      17.18946288839306,
      14.832311707919585,
      13.637761092186516,
      19.616411970162435,
      14.496797175141932,
      20.677385168589176,
      15.708863006032281
    ],
    "MBRE": [
      0.16690694676649814,
      0.16012104308857203,
      0.19746455086187603,
      0.19267218346934423,
      0.15571997983804425,
      0.21497566006216226,
      0.18987852231196178,
      0.17056676785594788,
      0.20655545914595647,
      0.1958566197331526,
      0.22309971773687265,
      0.16605825885224856,
      0.17702765049675065,
      0.15480926330277855,
      0.18656977753492765,
      0.20011875750007366,
      0.1983629133611501,
      0.16681273323877682,
      0.15525011594287302,
      0.14298363187470192,
      0.19525751364757024,
      0.16812573690256638,
      0.21100782620694744,
      0.2023866454228463,
      0.16505944318336246,
      0.16101944445678215,
      0.2196654575423301,
      0.17457808366160366,
      0.23244518931530345,
      0.1823905941935434
    ],
    "MIBRE": [
      0.12362623856569166,
      0.11874785582466135,
      0.13877180812448017,
      0.1392124832854568,
      0.11716991539194883,
      0.14613329992137508,
      0.13566177295080628,
      0.12530778413033739,
      0.14993490858490738,
      0.13814297022965602,
      0.15447017893866324,
      0.12161252765182394,
      0.13306755279971913,
      0.11102597095219575,
      0.1359176378646388,
      0.13755214756419065,
      0.13777302845471898,
      0.12179616673793818,
      0.11660530479293707,
      0.10875592060031229,
      0.1386709770704763,
      0.12903492456137197,
      0.1433942892857313,
      0.14321509285231368,
      0.12730432528059724,
      0.11652616656320376,
      0.16004348560893442,
      0.12632487993467634,
      0.16241964386740035,
      0.13278937303034144
    ]
  },
  "Mean_MAE": 1750.3292691802303,
  "Mean_MRE": 15.747011300656794,
  "Mean_MBRE": 0.1844582162502508,
  "Mean_MIBRE": 0.1330336210473835,
  "Median_MAE": 1753.1918744615232,
  "Median_MRE": 15.78047940819518,
  "Median_MBRE": 0.18448018586423554,
  "Median_MIBRE": 0.13436466287526272,
  "Runs": [
    {},
    {},
    {},
    {},
    {},
    {},
    {},
    {},
    {},
    {},
    {},
    {},
    {},
    {},
    {},
    {},
    {},
    {},
    {},
    {},
    {},
    {},
    {},
    {},
    {},
    {},
    {},
    {},
    {},
    {}
  ]
}