{
  "Metrics": {
    "MAE": [
      1813.741368939076,
      1578.363277788862,
      1844.2141437629018,
      1558.117323552352,
      1865.7873120997665,
      1875.6830587666866,
      1872.9579897633262,
      1764.8437396821723,
      1534.0376947989175,
      1622.529725962771,
      1687.6866800904847,
      1769.68552040413,
      1604.4813042392489,
      1836.523644739003,
      1431.4073432156094,
      1885.6890789400736,
      1736.4473944681286,
      1796.4448345353633,
      1644.3907926471495,
      1436.6096233674114,
      1830.902611609457,
      1468.5198601968555,
      1569.99596006613,
      1829.3452419330738,
      1905.8716784656008,
      1858.1120654670544,
      1855.4751475917064,
      1486.830286811528,
      1493.7778964391794,
      1712.0111096624094
    ],
    "MRE": [
      15.309877860781443,
      13.682372113085497,
      16.26734154713097,
      13.749685984991341,
      16.938746071131263,
      16.021731846201153,
      16.541948004242435,
      15.931637738185184,
      13.749144999615234,
      14.03451420741526,
      15.377233081592898,
      15.721187270042941,
      13.622992786432238,
      16.224184836674766,
      12.798922395394882,
      17.169945390618118,
      15.046183214190362,
      16.18333280067932,
      14.262767574166583,
      12.675994740445248,
      16.396920589621015,
      12.326385898841094,
      13.682004774533715,
      16.567278573621273,
      17.525676650164286,
      16.38430366621641,
      17.674234602671852,
      13.010154736786767,
      13.793689856468253,
      15.062039615371123
    ],
    "MBRE": [
      0.19339306023112723,
      0.16593600252608387,
      0.1989544017665015,
      0.16314059478217846,
      0.20035464790531032,
      0.20267137375404382,
      0.203385729846158,
      0.18448472772216495,
      0.15957048069017032,
      0.17030401378421303,
      0.1754433366684252,
      0.18879495785192468,
      0.1699216499472294,
      0.19690263413738376,
      0.14497093151033888,
      0.2036847044513775,
      0.18258916425808455,
      0.19005611620910903,
      0.17398292557742573,
      0.14466865232423465,
      0.19831688386459043,
      0.15068852607698374,
      0.16014333341637338,
      0.19565925706837609,
      0.2028369548401494,
      0.20026652728578587,
      0.198581809971345,
      0.14990666351143608,
      0.15542877463765858,
      0.17995949522274324
    ],
    "MIBRE": [
      0.13594210975407026,
      0.11849699894097541,
      0.13840438490060217,
      0.11856997767577446,
      0.14112564596712687,
      0.1388638662325351,
      0.13907977284508616,
      0.13650568682087058,
      0.11866404172921646,
      0.1221269981818959,
      0.13059526979211358,
      0.1330311904355797,
      0.11836654567953844,
      0.13805880841086127,
      0.11256302009965174,
      0.1419220034079519,
      0.13138838001940153,
      0.13551494330344796,
      0.12268270859289573,
      0.11092769237669355,
      0.13777700696073172,
      0.10991810038252763,
      0.12131649667082417,
      0.13832363691465746,
      0.14501858225153183,
      0.1396886359996764,
      0.14448912120177584,
      0.11517924270691873,
      0.1165993322890443,
      0.13028994984443784
    ]
  },
  "Mean_MAE": 1705.6827903335472,
  "Mean_MRE": 15.124414447577095,
  "Mean_MBRE": 0.18016661106129755,
  "Mean_MIBRE": 0.12938100501294716,
  "Median_MAE": 1750.6455670751504,
  "Median_MRE": 15.34355547118717,
  "Median_MBRE": 0.18353694599012477,
  "Median_MIBRE": 0.1322097852274906,
  "Runs": [
    {},
    {},
    {},
    {},
    {},
    {},
    {},
    {},
    {},
    {},
    {},
    {},
    {},
    {},
    {},
    {},
    {},
    {},
    {},
    {},
    {},
    {},
    {},
    {},
    {},
    {},
    {},
    {},
    {},
    {}
  ]
}