{
  "Metrics": {
    "MAE": [
      1785.437336995445,
      1427.025485297701,
      1453.025579005196,
      1604.98793699401,
      2160.091667178568,
      1818.3374804676691,
      1870.8488898575943,
      1510.1948847652843,
      1686.5306091409047,
      1846.7409967632566,
      2064.7988289913333,
      1886.6597755907408,
      1587.1841869236664,
      1975.647037343269,
      1307.076091085465,
      1733.80269970082,
      1264.0527617069129,
      2016.8477562031803,
      1616.7911991661085,
      1382.879390545463,
      1463.5646869494037,
      1347.2354639405046,
      1465.7820306429137,
      1631.7701058844316,
      2094.238358884045,
      1752.146921747549,
      1736.4451392656747,
      1499.5889615374397,
      1224.6992306235431,
      1744.1306318434936
    ],
    "MRE": [
      15.110292444482159,
      12.555861668116414,
      12.677778719805966,
      14.131581696395509,
      19.714303163439165,
      15.114122882306704,
      16.185071976418644,
      14.042979436753718,
      14.789920191129335,
      16.141560852429816,
      19.045970260549957,
      16.795457760071972,
      13.24240148857223,
      17.353729163847674,
      11.238753728860296,
      15.378398297003152,
      11.04879483848609,
      17.76289828302981,
      13.786124096490616,
      11.733979525724946,
      12.930619602025107,
      11.067953303588359,
      12.856567837002302,
      14.971224952461853,
      19.15738970904748,
      15.295377860085763,
      15.531619476082934,
      13.653544627867786,
      10.729145242284611,
      15.187859442152263
    ],
    "MBRE": [
      0.1898513119748463,
      0.14575469330928142,
      0.1498865046267283,
      0.1644757022583696,
      0.23205840595429883,
      0.19427876524615775,
      0.1987247519721761,
      0.1556658421127877,
      0.1802623739182839,
      0.19363549156970825,
      0.22107963274797332,
      0.2007543385066957,
      0.1688834703990315,
      0.21271576340090562,
      0.12873763903745322,
      0.18307133360759958,
      0.12400232441581432,
      0.2191086467730568,
      0.1694768957783723,
      0.1411653814144093,
      0.14863859897821144,
      0.13602934562913208,
      0.14806586697120802,
      0.17148571536385657,
      0.22578542306742722,
      0.18689206323279395,
      0.1722961696783839,
      0.15175759793790086,
      0.12225116498571242,
      0.17051545655339279
    ],
    "MIBRE": [
      0.13624154563513058,
      0.1090571064994797,
      0.11453114339334305,
      0.12374333855339759,
      0.1594863817321327,
      0.1359068618658328,
      0.13923895226410465,
      0.1199172262261133,
      0.12492525218052185,
      0.13568866332601393,
      0.15519809814472935,
      0.13939936946625325,
      0.1168940244960208,
      0.14732911831640536,
      0.09889166767537705,
      0.12955093892564784,
      0.09852861478675999,
      0.14883156370416833,
      0.12079708330091929,
      0.10249131514288845,
      0.1132152045805444,
      0.0992084699622821,
      0.11367377393020689,
      0.12756141183396053,
      0.15821832089306762,
      0.13081023670760217,
      0.12833570397210756,
      0.12036332664045477,
      0.09500080916654632,
      0.120399396138554
    ]
  },
  "Mean_MAE": 1665.2854041680525,
  "Mean_MRE": 14.641042750883758,
  "Mean_MBRE": 0.17357688904739899,
  "Mean_MIBRE": 0.12544783064868553,
  "Median_MAE": 1659.150357512668,
  "Median_MRE": 14.880572571795593,
  "Median_MBRE": 0.17100058595862466,
  "Median_MIBRE": 0.12433429536695972,
  "Runs": [
    {},
    {},
    {},
    {},
    {},
    {},
    {},
    {},
    {},
    {},
    {},
    {},
    {},
    {},
    {},
    {},
    {},
    {},
    {},
    {},
    {},
    {},
    {},
    {},
    {},
    {},
    {},
    {},
    {},
    {}
  ]
}