{
  "Metrics": {
    "MAE": [
      1531.0937762547312,
      1474.2278849175486,
      1560.4213520135884,
      1547.6243256994533,
      1881.1822939399979,
      1713.617612243874,
      1860.7925514923463,
      1543.6129307296637,
      1568.456335684231,
      1554.4236476224771,
      1644.3329434067173,
      1808.387956237318,
      1483.2211186560382,
      1825.4908685720752,
      1453.015547117466,
      1790.685946357667,
      1852.946214215743,
      1759.8299205409803,
      1549.8413368115216,
      1360.1640858396242,
      1717.118947361338,
      1314.6336648887966,
      1443.6904520162811,
      1833.1745403234793,
      1897.847772122788,
      1605.8003362668303,
      1632.204053019459,
      1605.4993714611767,
      1404.4763832686979,
      1527.9942804060267
    ],
    "MRE": [
      13.549385222027002,
      13.181726341431599,
      14.051073351337745,
      14.247984320875783,
      17.554075055046646,
      14.505990289864767,
      16.417043434447667,
      14.46196991147082,
      14.655806061000753,
      13.652454500967984,
      14.982496189822806,
      16.53872102757905,
      12.939557767710877,
      16.272207985262742,
      13.060476789628083,
      16.208048293520584,
      16.581427943441838,
      15.846796291922644,
      13.550015686486127,
      12.409736764959872,
      15.565780233852717,
      11.49109220440939,
      12.762531672925762,
      16.89220434956272,
      17.44302839514827,
      14.256488928282302,
      15.95740717075255,
      13.85734318136759,
      13.803209631346395,
      13.82945662650861
    ],
    "MBRE": [
      0.15688207767959236,
      0.15222381604363908,
      0.1617519234964555,
      0.16193647767960015,
      0.20065109215302251,
      0.17990124624453477,
      0.20073983382834343,
      0.15978631245781297,
      0.16333238566865485,
      0.16060843797618257,
      0.17091027516800517,
      0.19250538019163835,
      0.15255793708659882,
      0.194444974331321,
      0.14775607785321732,
      0.19191896411484,
      0.19442747153351367,
      0.18614443058919555,
      0.16257213376062293,
      0.13723016912312636,
      0.18224613871876116,
      0.13231056035886324,
      0.14581458705649142,
      0.1948716928830589,
      0.2018123723719068,
      0.16728461599838604,
      0.17405256431630087,
      0.1644941730916189,
      0.14575532197682403,
      0.1595693522650672
    ],
    "MIBRE": [
      0.11843073953396105,
      0.11238176847307618,
      0.12001494917452488,
      0.11892666149087731,
      0.14318023108550987,
      0.12754858146484002,
      0.13830722564261524,
      0.12101129785285149,
      0.12142451673193087,
      0.11755274751333734,
      0.12658169955208567,
      0.1372431463733261,
      0.11147746371040286,
      0.137430025574304,
      0.11282086108030807,
      0.13500119703693192,
      0.14004080274997194,
      0.1325659004244642,
      0.1158082112983263,
      0.10711806235543611,
      0.13069606292339497,
      0.10022270249829143,
      0.11111554143704386,
      0.13878070915214916,
      0.1438804589753481,
      0.12188143239073712,
      0.1295668194096439,
      0.12235111474627976,
      0.1126631697109241,
      0.11632459044543478
    ]
  },
  "Mean_MAE": 1624.8602816495977,
  "Mean_MRE": 14.68418452076539,
  "Mean_MBRE": 0.16988309320057318,
  "Mean_MIBRE": 0.12407828969361094,
  "Median_MAE": 1586.9778535727037,
  "Median_MRE": 14.359229419876561,
  "Median_MBRE": 0.1639132793801369,
  "Median_MIBRE": 0.121652974561334,
  "Runs": [
    {},
    {},
    {},
    {},
    {},
    {},
    {},
    {},
    {},
    {},
    {},
    {},
    {},
    {},
    {},
    {},
    {},
    {},
    {},
    {},
    {},
    {},
    {},
    {},
    {},
    {},
    {},
    {},
    {},
    {}
  ]
}