{
  "Metrics": {
    "MAE": [
      1769.007255770575,
      1537.2642611251474,
      1558.4729899182994,
      1544.6580068344479,
      2144.72770095139,
      1745.2859763615845,
      1785.9241339321222,
      1494.7972627316162,
      1878.9327103703963,
      1701.308362589054,
      2061.488337711313,
      1845.5409587866334,
      1556.9869248033694,
      1923.4795297595329,
      1314.27895519968,
      1652.3456417767125,
      1404.5037579313855,
      2078.870091296958,
      1501.326003377394,
      1415.7730825559343,
      1581.4570371129278,
      1395.1050403302236,
      1440.3125593061934,
      1609.4783388843232,
      2103.705916705536,
      1703.692004728843,
      1977.0665022179733,
      1511.6883748830328,
      1553.1180121527282,
      1884.5640132819137
    ],
    "MRE": [
      15.284406911578957,
      14.065376380105777,
      14.061200120327392,
      13.658501129305042,
      19.637345413132195,
      14.592180256584664,
      15.754625333247848,
      13.948016513529938,
      17.094983687136832,
      15.404448190405937,
      19.297518116217205,
      16.485344783936053,
      13.046473295748193,
      16.93271173386835,
      11.711556656765284,
      14.680244063033962,
      12.634689809657356,
      18.619501133291514,
      13.154823894441991,
      12.243229241981533,
      14.458522912088828,
      11.700394845859103,
      12.635591662278154,
      15.192857644143157,
      19.375076882289278,
      15.164783208388352,
      18.022000918201897,
      13.848294767871874,
      14.500194254022828,
      16.8356725393739
    ],
    "MBRE": [
      0.18136317831864276,
      0.1547992641370936,
      0.15599568846737258,
      0.1584984422543423,
      0.22791998493590476,
      0.18219621969061237,
      0.18474343465058296,
      0.1526958312173542,
      0.19686350624451898,
      0.16937895074745588,
      0.2179587536219322,
      0.1916600058242695,
      0.16112032374948862,
      0.20623677691876688,
      0.1284277205741036,
      0.17291062174107802,
      0.13535771528282997,
      0.22281657264131202,
      0.15305736628257907,
      0.14116106605601775,
      0.15974161998600186,
      0.13875401027145223,
      0.144312183439955,
      0.16793073624524157,
      0.22649850723174655,
      0.17851916631985515,
      0.19291140943719717,
      0.15064151239572018,
      0.15514841172966426,
      0.18500597521218431
    ],
    "MIBRE": [
      0.1350266127736474,
      0.11797134532989471,
      0.12272153181331236,
      0.1190658651470631,
      0.15896971671611,
      0.13118054310135246,
      0.13408446944731855,
      0.12065828945005971,
      0.13880825533103802,
      0.1289497692766465,
      0.1544569796909201,
      0.13503118904577277,
      0.11586306466182901,
      0.14348491743205416,
      0.10307094156246321,
      0.12351150735756414,
      0.10851887033146168,
      0.1532958165601966,
      0.1143920297834122,
      0.10704838878323121,
      0.1219672444641321,
      0.10409496833259757,
      0.11172720338895512,
      0.1291592159805329,
      0.1589773420212884,
      0.12774736960431257,
      0.14213457447863048,
      0.12065468672591677,
      0.11703319184005663,
      0.13393054314012243
    ]
  },
  "Mean_MAE": 1689.1719914462415,
  "Mean_MRE": 15.13468554329378,
  "Mean_MBRE": 0.17315416518750923,
  "Mean_MIBRE": 0.1277845481190631,
  "Median_MAE": 1630.9119903305177,
  "Median_MRE": 14.636212159809313,
  "Median_MBRE": 0.16865484349634874,
  "Median_MIBRE": 0.12562943848093835,
  "Runs": [
    {},
    {},
    {},
    {},
    {},
    {},
    {},
    {},
    {},
    {},
    {},
    {},
    {},
    {},
    {},
    {},
    {},
    {},
    {},
    {},
    {},
    {},
    {},
    {},
    {},
    {},
    {},
    {},
    {},
    {}
  ]
}