{
  "Metrics": {
    "MAE": [
      1631.4005887602107,
      1566.9796087113398,
      1583.8937620642191,
      1563.1158538400653,
      1585.8486384351638,
      1655.7588806342276,
      1596.559266821923,
      1536.4419058539304,
      1523.4347865317113,
      1577.765368599321,
      1615.5950928052885,
      1595.7235453348235,
      1618.4025083470767,
      1584.4767786002235,
      1578.5328920560612,
      1618.0140187031732,
      1602.0765675814696,
      1585.708512188584,
      1618.5896019316556,
      1576.5035939813085,
      1551.5212301607476,
      1527.9426361792143,
      1595.9764836024776,
      1569.2339965254287,
      1560.7930983605452,
      1606.7182727789664,
      1546.6147970223374,
      1613.279819513175,
      1543.7320648738355,
      1622.2161989248054
    ],
    "MRE": [
      13.29155760936116,
      13.120459538192621,
      13.14136527855633,
      13.23695324948746,
      13.436109044703889,
      13.453955960026587,
      13.207669907502833,
      12.892599969360816,
      12.886540911900276,
      13.166595801387238,
      13.680183058790613,
      13.485478349951926,
      13.680872511667932,
      13.368938018170907,
      13.194000451886644,
      13.65542194257626,
      13.279247862494515,
      13.469394846867747,
      13.49596333769932,
      13.087494237523876,
      12.931003527504032,
      12.48391336903726,
      13.153738671671125,
      13.428113135089042,
      13.114804225656837,
      13.467166755095231,
      13.410647604015843,
      13.24805951623966,
      13.27026506721422,
      13.63408975693345
    ],
    "MBRE": [
      0.1729023044760505,
      0.16852038085688772,
      0.16812038902136653,
      0.16729250094368742,
      0.17022388316120998,
      0.1770319607728428,
      0.17031103974907072,
      0.1646398657020357,
      0.16356916671428837,
      0.1688047117117661,
      0.17317485198121027,
      0.17171928813346538,
      0.17270258030376573,
      0.17078124321431556,
      0.16926668184413274,
      0.17378287577006385,
      0.17128118350510957,
      0.17001967956501843,
      0.1737740849744351,
      0.17049310646063237,
      0.1662106055083203,
      0.16283653099905454,
      0.1706113624999896,
      0.16853451428210448,
      0.16677887953295065,
      0.17274756078286607,
      0.16611533103061762,
      0.17163644403307296,
      0.1665526414257398,
      0.17441432213749744
    ],
    "MIBRE": [
      0.11950154982790553,
      0.11497493387859617,
      0.11664063527383298,
      0.11571198119901373,
      0.11687707271021812,
      0.1198508561999714,
      0.11633054855812153,
      0.11291857907614006,
      0.11319551420721018,
      0.1153402266596103,
      0.11871610150694228,
      0.1173473111020855,
      0.11888291839681135,
      0.11619830998294886,
      0.11599502597497295,
      0.11884657216071201,
      0.1179606678992009,
      0.1171889696462494,
      0.11822024493994918,
      0.11431987407932377,
      0.11362771383704288,
      0.11115686833435763,
      0.11596067115801593,
      0.11603858401293086,
      0.11513212542474936,
      0.11756160421369143,
      0.11689821276015186,
      0.11818322439779003,
      0.11567684358797056,
      0.11878637310393386
    ]
  },
  "Mean_MAE": 1585.0950123241107,
  "Mean_MRE": 13.279086783885521,
  "Mean_MBRE": 0.16982833236978562,
  "Mean_MIBRE": 0.11646800380368166,
  "Median_MAE": 1585.092645394404,
  "Median_MRE": 13.274756464854367,
  "Median_MBRE": 0.17026746145514035,
  "Median_MIBRE": 0.11648559191597725,
  "Runs": [
    {},
    {},
    {},
    {},
    {},
    {},
    {},
    {},
    {},
    {},
    {},
    {},
    {},
    {},
    {},
    {},
    {},
    {},
    {},
    {},
    {},
    {},
    {},
    {},
    {},
    {},
    {},
    {},
    {},
    {}
  ]
}