{
  "Metrics": {
    "MAE": [
      1880.8631966217492,
      1694.0097666404276,
      1851.7526026730054,
      1726.4476539969592,
      1904.5079877591563,
      1863.2704451047998,
      1852.1653756685344,
      1785.3172825738834,
      1673.6012323774846,
      1782.2743219910656,
      1812.5952424105703,
      1872.3601694703416,
      1713.6925453301956,
      1862.9896099124762,
      1774.6843106102242,
      1933.5912132598824,
      1839.6764738825705,
      1832.7800387854572,
      1791.9463961574588,
      1758.96364089309,
      1859.6867855382895,
      1663.9837480142314,
      1768.7802528705752,
      1837.8598660155424,
      1786.694656235948,
      1873.212628787745,
      1743.7135554136942,
      1754.917526748244,
      1681.1511730906097,
      1825.6627594091171
    ],
    "MRE": [
      15.947555809770183,
      14.376303727174571,
      15.914393544557607,
      14.860219244309326,
      16.72966730547576,
      15.571006698843664,
      15.862356466602897,
      15.773608139858677,
      14.40376974100745,
      15.357792227289638,
      15.902938592263347,
      16.36858284230356,
      14.596959530464614,
      16.12947628043389,
      15.216106148079161,
      17.032758986049146,
      15.48526488702445,
      16.156626494186,
      15.449708886309073,
      15.30815930235357,
      16.09312953106892,
      13.862263008569906,
      15.029466187957555,
      16.278341688634423,
      15.478682032680432,
      16.063421715880114,
      15.506632735437892,
      14.67410898552357,
      14.852200465578383,
      15.933092520119295
    ],
    "MBRE": [
      0.20268652588279876,
      0.18288638807792895,
      0.20087018711704707,
      0.1868859787156046,
      0.2084076776335149,
      0.20195280773323002,
      0.20222767038839645,
      0.19239586094666591,
      0.18005864433359176,
      0.19349692813043654,
      0.19587207648924376,
      0.20446820172179653,
      0.18540062543887156,
      0.20365412614085063,
      0.1906085773326414,
      0.21179049200020114,
      0.20056985878539774,
      0.20010004046621369,
      0.19486500720477726,
      0.18893655930181444,
      0.20273329288716982,
      0.17792026343614767,
      0.18885903025471074,
      0.20052205073147233,
      0.19484452736123417,
      0.20424749811579626,
      0.19015653102227972,
      0.18785332036855995,
      0.18161794978157406,
      0.1976584945925328
    ],
    "MIBRE": [
      0.14074831731223697,
      0.1261218863634405,
      0.13855655234815448,
      0.12899542967421157,
      0.14294799060119412,
      0.13729500701004518,
      0.13694828938923645,
      0.13498983521310082,
      0.12653069809240128,
      0.13247552498820278,
      0.13549398083438532,
      0.14023802776069594,
      0.12613978443042337,
      0.13924575585969148,
      0.13340887167904283,
      0.1445772397179274,
      0.137386437430205,
      0.13708824956407392,
      0.1326622761191235,
      0.13182119281964316,
      0.13952023791895485,
      0.12320124856011573,
      0.13185102387357836,
      0.1378067705380344,
      0.13344559095028172,
      0.13988729185636822,
      0.13307513310094432,
      0.13054887203935686,
      0.12791789681923094,
      0.13641805307323057
    ]
  },
  "Mean_MAE": 1800.1050819414443,
  "Mean_MRE": 15.540486457526903,
  "Mean_MBRE": 0.19515157307975003,
  "Mean_MIBRE": 0.13457811553125107,
  "Median_MAE": 1802.2708192840146,
  "Median_MRE": 15.538819717140779,
  "Median_MBRE": 0.19536854184701052,
  "Median_MIBRE": 0.13524190802374308,
  "Runs": [
    {},
    {},
    {},
    {},
    {},
    {},
    {},
    {},
    {},
    {},
    {},
    {},
    {},
    {},
    {},
    {},
    {},
    {},
    {},
    {},
    {},
    {},
    {},
    {},
    {},
    {},
    {},
    {},
    {},
    {}
  ]
}