{
  "Metrics": {
    "MAE": [
      7.611459463379224,
      7.201408118590112,
      5.795721325314572,
      8.579606414505763,
      6.79384510175736,
      2.6807990735131613,
      9.088469278893802,
      8.519445975866201,
      4.4705980911449155,
      6.4445094362206365,
      8.339129936065879,
      8.026953690070256,
      7.348034072514869,
      9.484557117503913,
      10.82361325874881,
      5.700669782063645,
      5.203057872641519,
      12.177075710389417,
      7.198612998992569,
      6.375469203144566,
      10.418470337710456,
      7.91171855291786,
      7.327257169587118,
      8.488494313919494,
      9.345461598000703,
      7.696380828415431,
      6.248670119238209,
      6.344220904839222,
      8.420455806795935,
      4.632161181397985
    ],
    "MRE": [
      561.5965529239195,
      469.2420756936853,
      394.8272163870181,
      616.5718044406887,
      447.51733703969177,
      152.91924631859263,
      688.830456146851,
      649.3391211450007,
      295.49778881169834,
      433.9906072484984,
      554.3023149781417,
      564.134792280467,
      578.5790767171416,
      717.3908107389177,
      813.9178698585999,
      344.8182086725952,
      336.56818363443705,
      881.7577455458412,
      498.6330672147572,
      468.45261201871676,
      763.4580915895605,
      572.8829691633355,
      481.2461889596862,
      555.5952846638226,
      615.2960374650721,
      524.4242396411328,
      331.944496411496,
      492.7618578271834,
      585.357637962837,
      326.31017054399075
    ],
    "MBRE": [
      4.796028478676711,
      3.4326836139586914,
      2.8463644399271977,
      5.046462568450574,
      3.3168044081209764,
      0.942589221294491,
      4.157865774552104,
      5.443473637957275,
      4.563723783898377,
      3.3754908012386355,
      5.2452026776958895,
      5.233995956326674,
      4.473398216423656,
      5.430960216685192,
      6.011034300469284,
      3.2437843775778554,
      1.8666339587048282,
      7.760917761237688,
      3.412817844662256,
      3.845282959274628,
      6.600686137848146,
      4.633893330694151,
      5.5704930388018,
      4.612377198301728,
      5.338183511375558,
      7.4376215342519085,
      4.150710990019894,
      4.924878400731353,
      2.7666658111378752,
      2.0413881773471103
    ],
    "MIBRE": [
      1.0867981780785827,
      1.6577699461503037,
      1.292331697626762,
      1.091559757695481,
      1.669389080118354,
      0.8913315934395721,
      2.5463228565446667,
      1.079187372562058,
      0.701772721151711,
      1.2066159169618091,
      1.1491765764357984,
      1.2661065639453073,
      1.4483887673535591,
      1.9454705505978445,
      2.012340401796714,
      0.8149542740760856,
      1.6673632774702436,
      1.9748199209808965,
      1.3612634778965556,
      1.460865074559953,
      1.6941504047442253,
      1.6892638212765099,
      1.8986607537825981,
      1.8534158218726153,
      1.8611568262584184,
      1.144758117607678,
      1.1540323756859499,
      0.9503951109985331,
      3.180203650293823,
      1.27011325519535
    ]
  },
  "Mean_MAE": 7.489877557804786,
  "Mean_MRE": 523.9387954014459,
  "Mean_MBRE": 4.417413770921416,
  "Mean_MIBRE": 1.5006659381052654,
  "Median_MAE": 7.479746767947047,
  "Median_MRE": 539.3632773096372,
  "Median_MBRE": 4.588050491100052,
  "Median_MIBRE": 1.4048261226250573,
  "Runs": [
    {},
    {},
    {},
    {},
    {},
    {},
    {},
    {},
    {},
    {},
    {},
    {},
    {},
    {},
    {},
    {},
    {},
    {},
    {},
    {},
    {},
    {},
    {},
    {},
    {},
    {},
    {},
    {},
    {},
    {}
  ]
}