{
  "Metrics": {
    "MAE": [
      7.169028213659551,
      7.339264488106984,
      7.8381887352809425,
      7.462944685205002,
      6.61708176444459,
      5.805822258542604,
      7.378809805086603,
      7.587950214613752,
      5.76446701840175,
      7.0019731655063575,
      7.384328469199575,
      6.732714234322972,
      7.0457704602921,
      5.704385579003619,
      7.505258521314237,
      5.787426792427503,
      7.261693328193563,
      7.642636371503416,
      7.379774300334747,
      7.444120840251724,
      6.220430815775542,
      7.736801637633854,
      7.232023226463183,
      6.600281811140494,
      7.080449174969562,
      6.884102847365293,
      5.830886024102629,
      8.928413594162308,
      7.533458659248313,
      7.504417884185223
    ],
    "MRE": [
      482.0578731473344,
      464.38990717231104,
      566.5451230988415,
      499.702236887657,
      441.32032670937093,
      333.523384954777,
      500.26876325470886,
      548.9516022235578,
      292.9043467631174,
      457.4833633629947,
      495.3536525096504,
      399.3017337098498,
      478.9838227638223,
      312.531325048727,
      493.08396561740454,
      270.82129696524544,
      415.9921562200515,
      496.38788644237366,
      479.168746907597,
      521.0544246815606,
      413.25515933306195,
      469.40839843428563,
      436.71363200167815,
      359.1960862411557,
      377.05534952243846,
      395.13729601485386,
      345.27586684653653,
      714.7360503602812,
      482.5205887336132,
      515.4827315823376
    ],
    "MBRE": [
      4.9189868252418165,
      4.8527858475597645,
      5.809877771881881,
      5.184147375078479,
      4.520156919700614,
      3.446753347647523,
      5.141588669669338,
      5.586545764583067,
      3.050600895477575,
      4.732919295633353,
      5.131316359910364,
      4.1568803477202625,
      4.933461650511397,
      3.2144321445296065,
      5.144022905679696,
      2.8971997810497023,
      4.395367399299206,
      5.167157919697547,
      4.929201994776932,
      5.336023695381009,
      4.215465140092827,
      5.061557760562109,
      4.529790712306939,
      3.8315417967942884,
      4.095432466833492,
      4.181726250647995,
      3.551652419134706,
      7.309410642370406,
      5.044985362092308,
      5.334396057574118
    ],
    "MIBRE": [
      0.6465275023841622,
      0.6446463039005604,
      0.6642554329568826,
      0.6556207351486439,
      0.6275334875202514,
      0.6200146035864414,
      0.6583085063434573,
      0.6644626058623104,
      0.5987688596471619,
      0.6391059501542433,
      0.653121301952317,
      0.6417709995603795,
      0.6411350723099647,
      0.6017076983796904,
      0.6606474357145982,
      0.5985692066617156,
      0.654658649583282,
      0.6624124359302954,
      0.6543669347613091,
      0.6573442563966305,
      0.6280385804786286,
      0.6697742555944065,
      0.6623140936020036,
      0.6317161289863419,
      0.6532506176396526,
      0.6442020184554026,
      0.6083317236277808,
      0.6787088111943814,
      0.6619917929689635,
      0.6591587036034964
    ]
  },
  "Mean_MAE": 7.046830164024599,
  "Mean_MRE": 448.6202365837064,
  "Mean_MBRE": 4.656846183981277,
  "Mean_MIBRE": 0.6447488234968453,
  "Median_MAE": 7.246858277328373,
  "Median_MRE": 466.8991528032983,
  "Median_MBRE": 4.885886336400791,
  "Median_MIBRE": 0.6531859597959848,
  "Runs": [
    {},
    {},
    {},
    {},
    {},
    {},
    {},
    {},
    {},
    {},
    {},
    {},
    {},
    {},
    {},
    {},
    {},
    {},
    {},
    {},
    {},
    {},
    {},
    {},
    {},
    {},
    {},
    {},
    {},
    {}
  ]
}