{
  "Metrics": {
    "MAE": [
      2.5118592981292567,
      3.0697020374699964,
      2.9860876233046567,
      2.6164129379858845,
      3.277941696392469,
      3.4274452461796696,
      2.7280591349123764,
      3.396450260165373,
      3.2741448432557907,
      2.962799143545454,
      3.479116686039396,
      3.3049116842760986,
      2.4283975800419393,
      2.8449450493114297,
      3.2316631102936006,
      3.9516737142344662,
      2.9687775276193378,
      2.9538513306308234,
      3.029346907736701,
      3.05064030868784,
      2.7811249993395295,
      3.2243125984225727,
      3.490705354122508,
      3.4512706592727915,
      3.1005333218751234,
      3.1745506517325466,
      2.965705518199837,
      3.118643672145867,
      2.819288500254911,
      2.7105113203090987
    ],
    "MRE": [
      204.8910149452495,
      214.5972209796335,
      254.6803059008105,
      162.02204458870676,
      193.0963828161817,
      263.7364241708069,
      220.09125314518138,
      291.7701560534785,
      222.97414654085568,
      250.527388458432,
      301.99639404782783,
      196.04026670884159,
      166.96830559317527,
      208.6493783739005,
      209.78241166979635,
      243.30900254869064,
      219.89358438604708,
      228.43260453034117,
      225.47121357279565,
      240.07021052754845,
      215.21866400827832,
      231.41880764735168,
      379.3950270337899,
      248.3970394391005,
      197.5654804173077,
      191.6498631970054,
      180.81356682807314,
      234.40603609350177,
      228.6434037599244,
      205.66492882021828
    ],
    "MBRE": [
      0.5741826879314669,
      0.8260114251573808,
      1.1132633369659606,
      0.7671587936110622,
      1.2119330685696887,
      -0.08987136585943906,
      1.3879268645642275,
      -0.5413369802771744,
      0.674298581248384,
      0.7727352913482453,
      0.8748373151602665,
      0.9576513399459158,
      0.8657916682838273,
      0.13808850024717137,
      0.4246412494132804,
      1.0555974780884823,
      1.078283585110175,
      0.4041593949614517,
      0.6300213037618038,
      0.6838400764568136,
      -0.15167254463491478,
      0.92268620947819,
      0.03779992536347432,
      0.534455047638249,
      0.7049583764706103,
      0.7844018896923448,
      0.8220411064100496,
      1.0721831054592492,
      0.32860081416175235,
      0.3623025673909165
    ],
    "MIBRE": [
      1.5250009180972026,
      1.5412514555884473,
      1.8442248078053374,
      0.8884239060332597,
      0.9158274610019582,
      1.879927826956511,
      1.5924690209894419,
      1.9265195768642245,
      1.4161029735031507,
      1.5912748984494722,
      2.0930037248528537,
      1.1768579011865272,
      1.0167885442617601,
      1.2433467416009547,
      1.3988205858537046,
      1.444781051299176,
      1.3395132377858303,
      1.7599610406259634,
      1.6505938089298466,
      1.6594184602360122,
      1.7081741565703903,
      1.5701619323066294,
      3.4611700866705677,
      1.7871430029143651,
      1.3211290836023073,
      1.1853759820338008,
      1.048021619693679,
      1.425830302035155,
      1.6884624125873398,
      1.545153274153746
    ]
  },
  "Mean_MAE": 3.0776957571962447,
  "Mean_MRE": 227.73908422676172,
  "Mean_MBRE": 0.6408990037372972,
  "Mean_MIBRE": 1.5548243264829873,
  "Median_MAE": 3.0601711730789183,
  "Median_MRE": 221.53269984301852,
  "Median_MBRE": 0.7360585850408363,
  "Median_MIBRE": 1.5432023648710966,
  "Runs": [
    {},
    {},
    {},
    {},
    {},
    {},
    {},
    {},
    {},
    {},
    {},
    {},
    {},
    {},
    {},
    {},
    {},
    {},
    {},
    {},
    {},
    {},
    {},
    {},
    {},
    {},
    {},
    {},
    {},
    {}
  ]
}