{
  "Metrics": {
    "MAE": [
      7.64424197157982,
      6.229475235192778,
      5.717309372528349,
      7.103626787432058,
      4.692320618970638,
      6.1575935166838915,
      7.2893404564040845,
      7.256934572657891,
      6.159302909228747,
      6.43647666312022,
      7.755298125843358,
      7.925607434908241,
      7.801327518276081,
      7.614359971312979,
      7.595771900284205,
      6.7421965615029045,
      7.244297364424717,
      7.62518418674288,
      6.488151970804178,
      6.190772343461396,
      6.929474753120786,
      6.359875392658033,
      6.077549230913362,
      7.627447195837744,
      7.597891404966329,
      6.801649130619616,
      5.41932782027229,
      7.938302287747101,
      6.311232104122325,
      5.125671501724456
    ],
    "MRE": [
      354.2141739338592,
      251.96867050045367,
      287.296264657418,
      367.9616068788435,
      180.41526942842384,
      282.81821073861636,
      445.07745754764966,
      406.68113460090234,
      281.042571467262,
      326.3539001451362,
      405.5225367718178,
      372.1266537961919,
      426.3383511136654,
      263.09962749460925,
      312.59242492412005,
      281.00852515569994,
      254.76905939569198,
      326.6367877674682,
      326.564770044378,
      306.0158358580315,
      327.63491273711105,
      227.05737164565852,
      212.11399793453202,
      271.4317552036654,
      269.6596733044596,
      296.0201354217981,
      244.1738057373072,
      548.1506134174754,
      247.23778876623194,
      167.2762115617549
    ],
    "MBRE": [
      4.9423151114604735,
      2.818611962657416,
      3.0240920164878524,
      3.8986389443436424,
      1.9041231823934928,
      3.0601747516154947,
      4.651592169344144,
      4.286398779136195,
      3.1305091450594746,
      3.501268144911765,
      5.174741600410946,
      4.891859768752381,
      4.899806152014758,
      4.198643559778765,
      4.206725853086104,
      3.3479631248567996,
      3.9880896483555173,
      4.41414853155921,
      3.6206152743036677,
      3.202670511463513,
      3.759071428035413,
      2.702875173211942,
      2.6543767571002514,
      4.521996128277435,
      4.909829537916411,
      3.4345737731962322,
      2.6179112209638844,
      5.666307504030213,
      2.8277048047982167,
      1.8272449393376078
    ],
    "MIBRE": [
      0.662473175117247,
      0.6086834683425172,
      0.5781464285917969,
      0.6212392641112747,
      0.49349812648041486,
      0.5720116194775758,
      0.6432603678475219,
      0.6385606663844907,
      0.5864263705691825,
      0.6078396887120728,
      0.6617313646370684,
      0.6759770009558342,
      0.674594635404994,
      0.6897837061624469,
      0.6821627953114997,
      0.6151368421859871,
      0.6180097449295566,
      0.6759428188263943,
      0.582244589371816,
      0.5755978065364247,
      0.6228076856306166,
      0.6054064112875647,
      0.5597020406220422,
      0.6731057499162689,
      0.639529881303884,
      0.5956357041741213,
      0.5409044034415662,
      0.6576605042404934,
      0.5958116704460636,
      0.5043130114919101
    ]
  },
  "Mean_MAE": 6.795267010111383,
  "Mean_MRE": 308.9753365983412,
  "Mean_MBRE": 3.736162649961974,
  "Mean_MIBRE": 0.6152732514170215,
  "Median_MAE": 6.865561941870201,
  "Median_MRE": 291.65820003960806,
  "Median_MBRE": 3.6898433511695403,
  "Median_MIBRE": 0.6165732935577719,
  "Runs": [
    {},
    {},
    {},
    {},
    {},
    {},
    {},
    {},
    {},
    {},
    {},
    {},
    {},
    {},
    {},
    {},
    {},
    {},
    {},
    {},
    {},
    {},
    {},
    {},
    {},
    {},
    {},
    {},
    {},
    {}
  ]
}