{
  "Metrics": {
    "MAE": [
      1.8244011869422745,
      6.265502883200572,
      6.255068478238061,
      6.277389925167396,
      5.322432472698369,
      2.781425524407538,
      3.7745660274559407,
      4.734378294014116,
      5.352153754707774,
      3.848235481186363,
      4.135336847077685,
      3.849475750958739,
      2.498352169440141,
      2.135073253376554,
      5.252825937238255,
      4.311946504594807,
      0.7902413687891777,
      3.91873589763258,
      4.172592201881984,
      4.339917135469738,
      2.561672324891828,
      6.116926053052251,
      4.485770407294566,
      4.514725180742799,
      4.511149599847659,
      3.654737369106169,
      2.5634508721417695,
      6.909546068149963,
      5.155198134394382,
      3.5321848503117215
    ],
    "MRE": [
      69.4642986745805,
      236.1769867509034,
      373.6049192809262,
      285.8093199867774,
      210.7419691572594,
      60.83843057571299,
      127.13989023711427,
      148.22573445109452,
      173.35520279074032,
      106.38546803854905,
      163.7686512646829,
      89.5042005741402,
      88.16727935624765,
      38.13384105927071,
      186.9775491417581,
      92.90409054412672,
      21.24871375286431,
      82.1428950556561,
      142.7221286258542,
      183.39751540713144,
      64.58015876418621,
      381.9909380132158,
      119.10417013329644,
      117.50563566255705,
      63.49220094344184,
      75.24267765321162,
      96.19870618876426,
      421.1900334109812,
      193.34833418123108,
      102.36879167821948
    ],
    "MBRE": [
      0.7476583813195494,
      5.079392826027043,
      4.936298164245151,
      4.19057261285126,
      2.7996129403771297,
      0.7471647925395516,
      1.0875807719210862,
      1.8015150855787643,
      2.5800257227704906,
      1.3441878550062865,
      2.0170561635378315,
      1.2305314533175225,
      0.9853111336170589,
      0.5014767913550101,
      3.5999466375947464,
      1.3455957253899358,
      0.21887647070355007,
      1.1780281170759714,
      2.5962983566486626,
      2.175106060720727,
      0.7357089864155266,
      4.385496029102508,
      1.9916143735882155,
      2.5100766515020325,
      1.2422995292672336,
      0.9615804714857002,
      1.1818514106666715,
      5.558038279897239,
      2.4936626112468536,
      1.2481082926613845
    ],
    "MIBRE": [
      0.24263051418127377,
      0.49756445628202467,
      0.5047389944084789,
      0.5002407521922566,
      0.4481690235650406,
      0.2728901885721896,
      0.3980672660032379,
      0.4150937239763364,
      0.473898492368775,
      0.35837153649169295,
      0.3822059573140675,
      0.35379715669676276,
      0.2950222868621263,
      0.20991018262885083,
      0.4582495838692184,
      0.3767032273122151,
      0.10845259995256475,
      0.3484036958915613,
      0.3569050324649716,
      0.42027864501729445,
      0.2661392440609801,
      0.4858980180976823,
      0.38531929558026706,
      0.4007113211473118,
      0.3390110912239439,
      0.3194633668965353,
      0.2550633211782139,
      0.5554236822768646,
      0.4493342943425627,
      0.36988471562950326
    ]
  },
  "Mean_MAE": 4.194847065147039,
  "Mean_MRE": 150.52435771181646,
  "Mean_MBRE": 2.1156890899476903,
  "Mean_MIBRE": 0.37492805554949343,
  "Median_MAE": 4.242269353238395,
  "Median_MRE": 118.30490289792675,
  "Median_MBRE": 1.57355540548435,
  "Median_MIBRE": 0.37945459231314127,
  "Runs": [
    {},
    {},
    {},
    {},
    {},
    {},
    {},
    {},
    {},
    {},
    {},
    {},
    {},
    {},
    {},
    {},
    {},
    {},
    {},
    {},
    {},
    {},
    {},
    {},
    {},
    {},
    {},
    {},
    {},
    {}
  ]
}