{
  "Metrics": {
    "MAE": [
      3.4154282179485067,
      3.673529475876458,
      3.4852814464705064,
      3.940978472535561,
      4.390354054459442,
      4.113561861890562,
      3.603155880168539,
      3.9024981702393142,
      3.8737737943442383,
      3.8368381449487834,
      4.005582512154272,
      4.269151606480374,
      3.5362803771409266,
      4.165376907406304,
      4.073182360265609,
      4.651139023710335,
      4.213541790247715,
      3.596263298117085,
      3.721983464171947,
      3.7795947643693375,
      3.617694598438347,
      4.136050657305535,
      3.501813147805854,
      3.957746222221676,
      4.260031859904218,
      3.769874841407839,
      4.512340660983944,
      3.8611505243390196,
      3.903803067750758,
      3.488880429106462
    ],
    "MRE": [
      212.92456730363872,
      182.32336547390406,
      221.9455144868745,
      217.56725901545613,
      243.73692612749784,
      208.06879972064309,
      217.49046101984658,
      260.86883324564417,
      191.387827031687,
      204.2417861401236,
      192.33089115565681,
      207.20348565284925,
      173.06860470515772,
      218.06573103634284,
      167.6127448523669,
      207.9563605087049,
      204.08950325205524,
      173.08520407494345,
      193.77919087844816,
      189.14304203478176,
      184.6782571872391,
      225.45888585541854,
      186.41667252566336,
      185.41781389724693,
      165.20946795295487,
      156.92251264386036,
      226.95063453398708,
      238.10032064504458,
      192.39125110470562,
      195.62386007259994
    ],
    "MBRE": [
      1.6394194050936508,
      1.787493425498743,
      1.6989716134009905,
      2.1815990285507274,
      2.6851537591014147,
      0.7085594489099439,
      0.09364249556428128,
      2.277192858369849,
      1.4073330031119717,
      1.6376157565773792,
      1.6971712856381604,
      1.807120758336038,
      1.2011328414860356,
      1.7943267316962237,
      1.1166354747247562,
      2.3708799870123958,
      1.7261660822709048,
      1.2102220885851864,
      1.5036630922558358,
      1.6126646317079678,
      1.3700581815789206,
      1.8400388872923408,
      2.192641200190536,
      1.0985471669265041,
      1.2314125047525335,
      1.307400637777837,
      2.2041399947107148,
      2.221272224108215,
      1.6763226252460572,
      1.6366649133660471
    ],
    "MIBRE": [
      0.7706505510358741,
      0.5468835073569575,
      0.7583380765359646,
      0.5632947393523461,
      0.5977316688660014,
      0.6800669941143062,
      0.7875925627623869,
      0.7465664429307026,
      0.8273508981297073,
      0.705954150949728,
      0.5642680096509625,
      0.6065486945623008,
      0.584502177837945,
      0.7459853615471593,
      0.6286723515004898,
      0.5997354127834886,
      0.6543185708578464,
      0.8540680701087761,
      0.7696315444394537,
      0.6949272519221733,
      0.7159056889453523,
      0.7689046340583362,
      1.1566273369319975,
      0.828482361760572,
      0.7418800002485616,
      0.589451039420696,
      0.6203333013243896,
      0.6299448613877358,
      0.6317593371328677,
      0.7163878857607238
    ]
  },
  "Mean_MAE": 3.9085627210736487,
  "Mean_MRE": 201.46865913784475,
  "Mean_MBRE": 1.6311820701280721,
  "Mean_MIBRE": 0.7028921161405266,
  "Median_MAE": 3.888135982291776,
  "Median_MRE": 199.8566816623276,
  "Median_MBRE": 1.657871015169854,
  "Median_MIBRE": 0.7004407014359506,
  "Runs": [
    {},
    {},
    {},
    {},
    {},
    {},
    {},
    {},
    {},
    {},
    {},
    {},
    {},
    {},
    {},
    {},
    {},
    {},
    {},
    {},
    {},
    {},
    {},
    {},
    {},
    {},
    {},
    {},
    {},
    {}
  ]
}