{
  "Metrics": {
    "MAE": [
      5.185060374083592,
      6.400543388697619,
      5.803872308970281,
      4.920381679688227,
      4.690289710767172,
      4.5733783726858395,
      6.422714245215443,
      6.798517017061044,
      5.12365371352278,
      5.2230235781300465,
      6.884165083713898,
      5.664751472692508,
      6.265562377870003,
      5.9785435594432,
      5.69312633216653,
      5.619545062334516,
      5.7013189474865165,
      6.894808434116769,
      5.773403865980089,
      4.835727267010035,
      6.409566807850838,
      6.058590869189164,
      6.161784617334092,
      5.355597496360233,
      7.122376996432751,
      5.16888224559282,
      6.02536189711953,
      5.341319580477088,
      6.321958627135452,
      4.542452620481352
    ],
    "MRE": [
      318.39967924315323,
      371.26114398528574,
      384.38785908293613,
      241.2656418637868,
      234.9405687612828,
      176.40232527708096,
      428.4668300148746,
      453.5935676043533,
      250.21961861309663,
      296.48125474588795,
      445.79570252235146,
      292.4133024375151,
      380.0441027454769,
      332.9108136954234,
      298.16368709626295,
      287.42476252017156,
      283.124713625672,
      399.6933994387976,
      324.6532655276182,
      240.65839481616055,
      361.348251462927,
      291.7370786621081,
      351.596931582434,
      244.47651626689048,
      352.5414234180459,
      268.5816884394308,
      376.1943260608919,
      423.59538753317014,
      352.96494919686415,
      274.5428406062706
    ],
    "MBRE": [
      3.11136721948518,
      3.8515314405955836,
      3.9124079044979485,
      2.339817320304899,
      2.329375392218074,
      1.258836510603138,
      4.341329522171641,
      4.602480609279614,
      2.608732121856553,
      3.0743842555525234,
      4.669118918611436,
      3.009099879060549,
      3.708018340612778,
      3.4620014135132133,
      3.1028370710620754,
      3.05963614746646,
      2.961858058230093,
      4.104883839913258,
      3.3096285463065813,
      2.402254340656262,
      3.770083826437056,
      3.0294014521500503,
      3.5205653799065306,
      2.9997404870472613,
      4.274600103817877,
      2.788385125658614,
      3.8887838215540844,
      4.281489794865676,
      3.73852689390936,
      2.786426745018115
    ],
    "MIBRE": [
      0.5794550246360582,
      0.6241835635396898,
      0.5946489521552025,
      0.5723884186611351,
      0.5545048408791511,
      0.5168084263045842,
      0.6150978653460288,
      0.6362046577326971,
      0.552772864608939,
      0.5596688180165232,
      0.6309178905518383,
      0.5788937738024774,
      0.6209201760143536,
      0.5966195783097762,
      0.5709395596118187,
      0.5804216931671747,
      0.5666347005586047,
      0.6547186021818889,
      0.6144323087193501,
      0.5520449013104181,
      0.6145457770456716,
      0.6030657222511205,
      0.5945880746026977,
      0.5794803890116774,
      0.6480964275786619,
      0.5542250403111613,
      0.5912462455003561,
      0.5630420006185527,
      0.6060197593504206,
      0.5443130521352748
    ]
  },
  "Mean_MAE": 5.7653426183203145,
  "Mean_MRE": 324.5960008948741,
  "Mean_MBRE": 3.34325341607875,
  "Mean_MIBRE": 0.5890299701504434,
  "Median_MAE": 5.737361406733303,
  "Median_MRE": 321.5264723853857,
  "Median_MBRE": 3.2104978828958806,
  "Median_MIBRE": 0.5858339693337654,
  "Runs": [
    {},
    {},
    {},
    {},
    {},
    {},
    {},
    {},
    {},
    {},
    {},
    {},
    {},
    {},
    {},
    {},
    {},
    {},
    {},
    {},
    {},
    {},
    {},
    {},
    {},
    {},
    {},
    {},
    {},
    {}
  ]
}