{
  "Metrics": {
    "MAE": [
      1691.5625846219355,
      1738.825662159755,
      1591.1546477270722,
      2080.5884091960934,
      2011.7754552862007,
      1561.2454739948341,
      1962.9364227553294,
      1563.7140434059165,
      1986.8049742900998,
      1451.7008108241398,
      1925.117521932368,
      1676.9371982029127,
      1872.2971549039803,
      1926.908863105307,
      1816.169041632967,
      1969.5322481724074,
      1572.6710693178377,
      1890.9156629561421,
      1644.0389012158848,
      1822.2392650851712,
      1689.667793207964,
      1835.4911886033483,
      1859.7789898719552,
      2120.151783360164,
      1943.9252598377514,
      1718.443102859579,
      1921.7715332011478,
      1595.3817283679175,
      1849.4747328020196,
      1865.267357700138
    ],
    "MRE": [
      13.869015582938498,
      15.333383122171396,
      13.55223294090151,
      19.315669240044578,
      18.843730563514434,
      14.244947845033273,
      17.630445612617525,
      13.91836888175503,
      18.48603283072047,
      12.461517735296122,
      17.65341460922295,
      14.799397950668306,
      16.39373852274791,
      17.284461455716343,
      16.340200158233877,
      18.07113827376839,
      14.27706551969039,
      17.584157111018726,
      14.34545476397449,
      15.47092340979011,
      15.36328867654806,
      16.377448848562288,
      15.794012351327053,
      19.765956809175304,
      17.61179696096998,
      15.207778184775893,
      18.18095445348778,
      13.992093781505755,
      17.48902849986324,
      16.87025683217579
    ],
    "MBRE": [
      0.1814826550293118,
      0.18315019129701504,
      0.16380214039936433,
      0.22433714133504937,
      0.2223656615426927,
      0.15858702562654953,
      0.21175666505332807,
      0.15959430210016248,
      0.210712923026432,
      0.14520318866966458,
      0.20748222816992193,
      0.17368154985619172,
      0.20053866583622013,
      0.2081879174279675,
      0.19616171198130297,
      0.21404538312371635,
      0.16142944444001478,
      0.20756244619865336,
      0.1739407697258907,
      0.19549253411172632,
      0.1704590242233489,
      0.19532533474315883,
      0.1999151154647534,
      0.22670998835719205,
      0.21311864054518836,
      0.18223809583025036,
      0.2115110843373476,
      0.16229996057102686,
      0.1990840554571071,
      0.19984643582182998
    ],
    "MIBRE": [
      0.12144288341125928,
      0.13119240915875327,
      0.1184360687373822,
      0.1576853379739779,
      0.1537272577306196,
      0.12444971591189852,
      0.1467161377683908,
      0.12069966536488066,
      0.15420127230704692,
      0.10887613677727241,
      0.14569715009647607,
      0.1286070238125787,
      0.13951066426563147,
      0.14507238685342178,
      0.13703943869105384,
      0.14954453378648327,
      0.12130989071096396,
      0.14425293725955776,
      0.12424202079735838,
      0.13299719301304722,
      0.1299146197791335,
      0.13925553562712512,
      0.1361809537147034,
      0.16094016969945707,
      0.14554497043150114,
      0.13027073241435505,
      0.1483679130335492,
      0.1227828603274337,
      0.14351839236717134,
      0.1410805657488033
    ]
  },
  "Mean_MAE": 1805.2162960199446,
  "Mean_MRE": 16.21759705094052,
  "Mean_MBRE": 0.19200074267674597,
  "Mean_MIBRE": 0.1367852279190429,
  "Median_MAE": 1842.482960702684,
  "Median_MRE": 16.358824503398083,
  "Median_MBRE": 0.19762288371920506,
  "Median_MIBRE": 0.13814748715908948,
  "Runs": [
    {},
    {},
    {},
    {},
    {},
    {},
    {},
    {},
    {},
    {},
    {},
    {},
    {},
    {},
    {},
    {},
    {},
    {},
    {},
    {},
    {},
    {},
    {},
    {},
    {},
    {},
    {},
    {},
    {},
    {}
  ]
}