{
  "Metrics": {
    "MAE": [
      704.7986562776942,
      646.9346255478154,
      566.3745998186961,
      586.959640119649,
      574.2049151719776,
      696.9980096839604,
      711.1682211113817,
      610.9752444556452,
      622.7719768772893,
      698.545304341324,
      592.7266300819955,
      572.4543239780094,
      587.9702130426459,
      724.8011318607468,
      557.1350827174698,
      576.7281329094293,
      633.3145935595703,
      609.7661875960061,
      671.8158274922562,
      730.151811386698,
      569.1543861931559,
      560.8400021203116,
      685.6130035561836,
      560.603330269577,
      595.668179920526,
      573.7945843717295,
      541.0098954901904,
      685.9526739117018,
      601.9685458946296,
      654.8245627732483
    ],
    "MRE": [
      6.010722855839508,
      5.933502967791016,
      5.095949594247129,
      5.261070709349485,
      5.468370679327183,
      5.547571920203912,
      6.2372514039813165,
      5.59130756355507,
      5.763292514858431,
      5.688477997966962,
      5.530889192558262,
      5.231572830007307,
      5.29881346635432,
      6.087956340004565,
      5.1984060498304645,
      5.322486572041803,
      5.668280995707713,
      5.745657621557289,
      5.771484431387919,
      6.092793687618906,
      5.287871774308,
      5.239286737198684,
      5.4538319474414045,
      5.346136371651341,
      5.520474596046684,
      5.479474403735527,
      5.2162979880433085,
      5.751921483340829,
      5.553858448868334,
      5.872468738506761
    ],
    "MBRE": [
      0.06579009967169536,
      0.06351579040800287,
      0.056324653523898774,
      0.05707599494756229,
      0.05933897930107955,
      0.0624719196053475,
      0.06712595838632791,
      0.059747198396541655,
      0.062113780082965586,
      0.06404549918090276,
      0.059352823424612844,
      0.05650641285340902,
      0.05752287656643127,
      0.06662355761894409,
      0.05666843584665606,
      0.05771667044616134,
      0.06263217531952092,
      0.06138346006179721,
      0.06267662428470464,
      0.06877942730551434,
      0.05676074395510564,
      0.05646877269592476,
      0.06358319095901403,
      0.05877281635062259,
      0.0590606783456061,
      0.058426883461495084,
      0.05517507134685541,
      0.06658193583645096,
      0.06119909868458626,
      0.06351315895713616
    ],
    "MIBRE": [
      0.050858938999190494,
      0.052818852034861086,
      0.04725290912662101,
      0.04739050683617232,
      0.04951236567393467,
      0.05039578492123712,
      0.05272857493941366,
      0.049177632996102484,
      0.051394119886877754,
      0.05193778105162779,
      0.048926113893979384,
      0.047391128278146566,
      0.04778392810171139,
      0.05147166003030627,
      0.04673946328078068,
      0.04832848531683592,
      0.05174794759739406,
      0.05046960855543102,
      0.048446294766663664,
      0.05544425725635006,
      0.047763697058848364,
      0.046957569464553504,
      0.05019026403526294,
      0.04858637877988613,
      0.04903210438446099,
      0.0482592137633152,
      0.04585102944173115,
      0.05314657155128161,
      0.05024296086174395,
      0.052233617441827286
    ]
  },
  "Mean_MAE": 623.5341430843837,
  "Mean_MRE": 5.575582729444315,
  "Mean_MBRE": 0.06089848959416244,
  "Mean_MIBRE": 0.049749325344218276,
  "Median_MAE": 605.8673667453179,
  "Median_MRE": 5.539230556381087,
  "Median_MBRE": 0.06047314854056396,
  "Median_MIBRE": 0.049344999335018576,
  "Runs": [
    {},
    {},
    {},
    {},
    {},
    {},
    {},
    {},
    {},
    {},
    {},
    {},
    {},
    {},
    {},
    {},
    {},
    {},
    {},
    {},
    {},
    {},
    {},
    {},
    {},
    {},
    {},
    {},
    {},
    {}
  ]
}