{
  "Metrics": {
    "MAE": [
      787.7939020360686,
      751.4743459211104,
      678.9394754296012,
      734.1873870490876,
      624.1106348094014,
      754.398474197663,
      814.0689508943342,
      723.0793628587043,
      709.3331954220895,
      744.7405951996928,
      802.9470241514534,
      667.5381063255389,
      686.666324472283,
      791.5541339197092,
      642.2859560584099,
      646.0364071177478,
      648.6085405985721,
      689.2899869006472,
      792.019567420473,
      843.0431333562271,
      677.1650265944404,
      677.2610273294678,
      736.2777190843336,
      637.3958826051637,
      654.0333647982394,
      687.0391753042655,
      687.0726650803498,
      822.9564313544463,
      703.9330646496938,
      761.3939961565892
    ],
    "MRE": [
      6.812608417922646,
      6.806225755378527,
      6.230353964624635,
      6.659193289264909,
      6.023414714494083,
      6.3515513559152925,
      7.107721870752622,
      6.760895187686803,
      6.63616581823516,
      6.507780764716591,
      7.3035760413227635,
      6.184573089523023,
      6.3271278683683745,
      7.088534207464574,
      6.071814850830689,
      6.089378250468103,
      6.021069125706235,
      6.5888939461049665,
      6.925549087118954,
      7.010084281290162,
      6.400913167104222,
      6.282949692074554,
      6.367371979009202,
      6.0812454516420225,
      6.196064856420134,
      6.447605077276886,
      6.694123567560103,
      7.069048806047321,
      6.589990466518139,
      6.880850018708921
    ],
    "MBRE": [
      0.07374724637228167,
      0.07247673473466837,
      0.06810479258295019,
      0.07152288854361226,
      0.06416860917685523,
      0.06961023443536343,
      0.07700883847178135,
      0.07139349784741089,
      0.07079343670400078,
      0.0706892361663172,
      0.076481709885224,
      0.06579550086061016,
      0.067426459330084,
      0.07616312531543248,
      0.06515364628970481,
      0.06471450077355344,
      0.06459712376922036,
      0.06916072276801179,
      0.07416775182575054,
      0.07786857239811958,
      0.0679258584167382,
      0.06600655992889892,
      0.06949831728345426,
      0.0660601481148317,
      0.06615238545894074,
      0.06819300266047777,
      0.07043146600994796,
      0.0770575996004209,
      0.07104676894579653,
      0.07379911955279449
    ],
    "MIBRE": [
      0.059600165710251445,
      0.06097235831115159,
      0.05786688692500223,
      0.06041808528575694,
      0.055236409976692775,
      0.05823461526411046,
      0.0617687300781988,
      0.060717434519837424,
      0.05993748276728591,
      0.059515178996988785,
      0.060357368240887256,
      0.056540703389966175,
      0.05770346915088703,
      0.06277731910910614,
      0.05468299294186833,
      0.05569317872393351,
      0.05525105466959077,
      0.05797511396714263,
      0.0588708455734947,
      0.06393658474909229,
      0.058390212479623387,
      0.0563291511222188,
      0.05886307119729959,
      0.05633596138503972,
      0.05585702665758244,
      0.057399138329808926,
      0.05853789934712218,
      0.06314000447772396,
      0.059763579904588277,
      0.06102255733366797
    ]
  },
  "Mean_MAE": 719.2214619031934,
  "Mean_MRE": 6.550555832318354,
  "Mean_MBRE": 0.07024052847410847,
  "Mean_MIBRE": 0.05878981935286402,
  "Median_MAE": 706.6331300358917,
  "Median_MRE": 6.548337355410778,
  "Median_MBRE": 0.0700208502226557,
  "Median_MIBRE": 0.05870048527221089,
  "Runs": [
    {},
    {},
    {},
    {},
    {},
    {},
    {},
    {},
    {},
    {},
    {},
    {},
    {},
    {},
    {},
    {},
    {},
    {},
    {},
    {},
    {},
    {},
    {},
    {},
    {},
    {},
    {},
    {},
    {},
    {}
  ]
}