{
  "Metrics": {
    "MAE": [
      1520.203970582218,
      1409.8177342428557,
      1445.596397977279,
      1999.3050738322027,
      1372.1580477793636,
      1363.361079133588,
      1732.013184088337,
      1383.1712537577407,
      1337.100049397369,
      1407.571434383807,
      1430.0008254771499,
      1588.6304062540612,
      1691.6119295322608,
      1661.082384232466,
      1664.5991366440733,
      1625.1561605804918,
      1409.4874361241323,
      1506.4038763767078,
      1233.9982202503813,
      1545.437304598084,
      1362.7812938365344,
      1305.841143336789,
      1424.4113792597377,
      1379.956627461848,
      1456.6368579855812,
      1347.5601238522393,
      1343.1121124333993,
      1184.7668916657597,
      1457.5163123865962,
      1492.4329886714675
    ],
    "MRE": [
      12.815309433458665,
      12.390816716012342,
      12.372570860840899,
      18.44442470463511,
      12.655553604025426,
      11.654040835042148,
      15.224061146117338,
      12.500387854073436,
      13.101371682538582,
      12.12602307327625,
      12.840206812267564,
      14.372006811859789,
      15.031680003289571,
      15.27446633466968,
      15.52147687702222,
      14.930170808853921,
      12.953703957493657,
      14.000369763759926,
      11.309996328061782,
      12.8987849980639,
      12.82869637841601,
      11.841207978423505,
      12.02589186247565,
      12.711765781563708,
      13.063191388777486,
      12.583944425794446,
      12.506929972271614,
      10.514211557254564,
      13.842992128018583,
      13.287671164686662
    ],
    "MBRE": [
      0.15154225621232972,
      0.14132766419215145,
      0.1477303730797385,
      0.21338059095815842,
      0.14048892056547532,
      0.1332725919194617,
      0.1781186264959623,
      0.14004035950667146,
      0.13956732662169957,
      0.14021526593924105,
      0.14650046209384215,
      0.1618732358448747,
      0.17496840567398045,
      0.17202499370615906,
      0.17380076161235938,
      0.16889697456103495,
      0.14243929394969385,
      0.1546433176723525,
      0.12231931914507202,
      0.15864284931433786,
      0.1380366885116391,
      0.129638938619278,
      0.141656791994382,
      0.14119667571489739,
      0.14920453596792835,
      0.13667273005774577,
      0.13949136344536275,
      0.11489460990290436,
      0.15136213598563922,
      0.1507294787742552
    ],
    "MIBRE": [
      0.11260333666819827,
      0.10777237471353747,
      0.10865503352046865,
      0.14973365097578825,
      0.10920711067719935,
      0.10391333967496821,
      0.13039180036646456,
      0.10756029681918154,
      0.11350625957304743,
      0.10643227127278328,
      0.10946886621557327,
      0.12024085030006416,
      0.12780789004538942,
      0.12905359411225684,
      0.1287746796001274,
      0.12556788042804964,
      0.11175532860146822,
      0.11878334343267474,
      0.098689504802683,
      0.11339280538090221,
      0.11007446568857684,
      0.10369728892876016,
      0.10613205175519239,
      0.10774562303174047,
      0.11170533710662495,
      0.10785004726404587,
      0.1064531302708246,
      0.09385264415371698,
      0.1162311122625428,
      0.11471159552822277
    ]
  },
  "Mean_MAE": 1469.3907212044837,
  "Mean_MRE": 13.254130841434817,
  "Mean_MBRE": 0.14982258460128764,
  "Mean_MIBRE": 0.1137254504390358,
  "Median_MAE": 1427.2061023684437,
  "Median_MRE": 12.834451595341786,
  "Median_MBRE": 0.144469878021768,
  "Median_MIBRE": 0.1108899013976009,
  "Runs": [
    {},
    {},
    {},
    {},
    {},
    {},
    {},
    {},
    {},
    {},
    {},
    {},
    {},
    {},
    {},
    {},
    {},
    {},
    {},
    {},
    {},
    {},
    {},
    {},
    {},
    {},
    {},
    {},
    {},
    {}
  ]
}