{
  "Metrics": {
    "MAE": [
      1645.5123119751458,
      1759.3543322489663,
      1841.852731701039,
      1830.1211838071292,
      1805.7779886013982,
      1976.0029957308352,
      1842.0585440597465,
      1728.0303496433778,
      1845.4463708892479,
      1680.664173671606,
      1749.523143311212,
      1770.7107413506135,
      1803.3490192615245,
      1918.1622655864692,
      1810.0960079540953,
      1786.7934297643544,
      1870.061714698101,
      1733.1292357922903,
      1863.0498637841113,
      1674.8650921769656,
      1701.362303256933,
      1717.1707255005047,
      1759.0339426238597,
      1810.4001008509854,
      1828.2260480214468,
      1788.6460865187105,
      1735.3268392397101,
      1708.9970752647305,
      1788.7010874056043,
      1887.8149814802362
    ],
    "MRE": [
      13.197885484297089,
      14.905655323857934,
      15.7300017063281,
      16.11550648232938,
      16.142720128365237,
      16.56337961475776,
      15.735682141092886,
      14.879510345783252,
      16.241154490323844,
      14.377785609512381,
      15.174133976742791,
      15.283006065433376,
      15.367845447057865,
      16.849423992207964,
      15.668992135617572,
      15.697402531362348,
      16.142230526073625,
      15.346342411955801,
      16.394709933235625,
      13.63860624724427,
      14.572536384877735,
      14.89535420852668,
      14.552304662081655,
      16.114515916211914,
      15.95114912578082,
      15.402066486539653,
      15.516553718368334,
      14.339048306972218,
      15.93829058106465,
      16.44953886004596
    ],
    "MBRE": [
      0.1773810008751081,
      0.18859315925454645,
      0.2000144628025399,
      0.2006017035453036,
      0.19600830220613852,
      0.21316699509364795,
      0.20063381496849755,
      0.18661454288618173,
      0.2010317258117331,
      0.17536373950020612,
      0.19097548185129162,
      0.19283071484342793,
      0.1961724026707761,
      0.20908115923145096,
      0.19735409381733038,
      0.19531433695611491,
      0.2016269496930058,
      0.18999402670517118,
      0.20361892726970707,
      0.18158023041056648,
      0.1813274402096404,
      0.18106163668513425,
      0.18986175631905775,
      0.1960675092364139,
      0.1992304639669804,
      0.19434849539032953,
      0.19029323699528466,
      0.18190278875587257,
      0.19646261336491622,
      0.20634579323496374
    ],
    "MIBRE": [
      0.11663808736069954,
      0.1304419153665597,
      0.13613178602243645,
      0.13807869619320126,
      0.13876712824753457,
      0.14385599751566763,
      0.1359165171938598,
      0.12792292168774896,
      0.1411476279482306,
      0.12528149712789335,
      0.13036320684049066,
      0.13186376342464556,
      0.13248407355684416,
      0.14405470391496347,
      0.13624632391329342,
      0.13423550410311366,
      0.1397967893101602,
      0.1315029063268974,
      0.1396455173055014,
      0.11906801896003219,
      0.12691951224425596,
      0.1310576490850369,
      0.12711021354130805,
      0.1372337866903296,
      0.1365790328796496,
      0.1338364220132699,
      0.1333296045118048,
      0.12608248219460466,
      0.13610534821934064,
      0.14078437041324468
    ]
  },
  "Mean_MAE": 1788.6746895390315,
  "Mean_MRE": 15.439444428134957,
  "Mean_MBRE": 0.1938286501517113,
  "Mean_MIBRE": 0.13341604680375393,
  "Median_MAE": 1788.6735869621575,
  "Median_MRE": 15.592772926992954,
  "Median_MBRE": 0.1956613195811267,
  "Median_MIBRE": 0.13403596305819176,
  "Runs": [
    {},
    {},
    {},
    {},
    {},
    {},
    {},
    {},
    {},
    {},
    {},
    {},
    {},
    {},
    {},
    {},
    {},
    {},
    {},
    {},
    {},
    {},
    {},
    {},
    {},
    {},
    {},
    {},
    {},
    {}
  ]
}