{
  "Metrics": {
    "MAE": [
      422.14370471770025,
      405.00259293157836,
      423.52566381234976,
      444.02170103113133,
      391.8632630005658,
      408.9599180273152,
      392.3788939182538,
      403.42387190996334,
      372.98592168587413,
      461.53845770457843,
      401.8889058918688,
      393.132754771872,
      411.6554279612638,
      459.9521521978167,
      396.4958550688311,
      394.07811261539655,
      395.959591963658,
      441.3181250356572,
      415.7614591768717,
      410.23049537819725,
      417.6896793905129,
      388.52245264922556,
      382.20801532255615,
      392.98937109401885,
      418.4182550388229,
      415.66306296303077,
      401.2189323286447,
      396.9838657752447,
      393.2198379542994,
      445.41792220405233
    ],
    "MRE": [
      3.6606235403182206,
      3.948607681980936,
      3.9745218213035263,
      3.8449200161419372,
      3.6714365689336996,
      3.947197999468951,
      3.7613727897710567,
      3.899928735762803,
      3.6615031705292136,
      4.241107414732527,
      3.8390489279453752,
      3.7795117032646743,
      3.8010450684856014,
      4.072693144057095,
      3.8335890315883754,
      3.81679094077544,
      3.860609665807325,
      4.168093036750676,
      4.00655876037416,
      3.6855941270842205,
      3.9271964719130907,
      3.740099739091262,
      3.3406270251661567,
      3.562784277967246,
      3.881427342607041,
      4.043820974442879,
      4.035159031195653,
      3.8106469164914745,
      3.7453479206836566,
      3.9539342574756415
    ],
    "MBRE": [
      0.038912935033392465,
      0.041005883514981814,
      0.042158573620904256,
      0.0405707305534118,
      0.038576540330387196,
      0.04144426846279331,
      0.0397299253699093,
      0.04149252043769473,
      0.038099260838208575,
      0.04509360843491625,
      0.04072356410308552,
      0.03959385557251238,
      0.04005734216061648,
      0.04238421680892062,
      0.04038008783464873,
      0.03985317358167303,
      0.04039905901452832,
      0.04361861062631788,
      0.04228566777286533,
      0.038760011039983874,
      0.04242569174623504,
      0.03933800722002997,
      0.035987695282048794,
      0.037841383040349647,
      0.04084429306032236,
      0.04276749026249693,
      0.04206660734963322,
      0.04055619128717466,
      0.03962071461115423,
      0.042218766807296214
    ],
    "MIBRE": [
      0.03459843534219421,
      0.03594577085623156,
      0.03724443625604071,
      0.035370176911461694,
      0.03381890871514808,
      0.03645310960849392,
      0.035028203461060836,
      0.03646302886281255,
      0.03317909729103954,
      0.03952578894585354,
      0.03547057835546962,
      0.03487636981323237,
      0.0353126417369066,
      0.0373231206890749,
      0.03577921857513588,
      0.03524481571885483,
      0.03531379939888149,
      0.038162019857939364,
      0.036631398159010835,
      0.0339939045631662,
      0.03685274495459684,
      0.034755938967504965,
      0.03193355415335702,
      0.03335813641297111,
      0.0358118393096503,
      0.037168724428478885,
      0.036686266561349316,
      0.03549482997042467,
      0.035185062083353015,
      0.036710376109962965
    ]
  },
  "Mean_MAE": 409.9549421173717,
  "Mean_MRE": 3.850526603403664,
  "Mean_MBRE": 0.04062688919261643,
  "Mean_MIBRE": 0.03565640986898859,
  "Median_MAE": 404.21323242077085,
  "Median_MRE": 3.8419844720436562,
  "Median_MBRE": 0.040563460920293226,
  "Median_MIBRE": 0.035482704162947146,
  "Runs": [
    {},
    {},
    {},
    {},
    {},
    {},
    {},
    {},
    {},
    {},
    {},
    {},
    {},
    {},
    {},
    {},
    {},
    {},
    {},
    {},
    {},
    {},
    {},
    {},
    {},
    {},
    {},
    {},
    {},
    {}
  ]
}