{
  "Metrics": {
    "MAE": [
      1588.2322638041153,
      1864.1311611357391,
      1303.9375057484954,
      1434.0251092461042,
      1931.2554347772646,
      1688.1662732165253,
      1787.3472561344934,
      1718.5983206570681,
      1569.9656369528186,
      1602.1662105438832,
      1791.7984163039266,
      1706.5223268118702,
      2034.222724528057,
      1761.1135620478083,
      1843.0392391410296,
      1862.7924321646108,
      1364.7437772883272,
      1911.9467024558794,
      1463.9107028769065,
      1950.8479606832911,
      1204.2944861086403,
      1287.2552013196578,
      1711.6706134825024,
      1796.3828732380616,
      1805.8067354997208,
      1581.7810786269467,
      1398.466885381209,
      1657.0840702608587,
      1419.2286228956307,
      1747.6118841614484
    ],
    "MRE": [
      13.309392213365772,
      17.217697511005657,
      12.332466158695691,
      12.150212823189747,
      17.345582304895643,
      15.364409038463533,
      15.600077780961518,
      15.731121314042165,
      14.191486991810528,
      14.369984874475932,
      16.074319304802795,
      15.063077952477027,
      17.90211918233457,
      15.40942951251214,
      16.930860390144534,
      17.477576899085285,
      12.365366479443306,
      18.137215098989955,
      13.342592466157432,
      16.539958174511547,
      11.139210333156829,
      12.36132800261394,
      14.186996146166631,
      16.64602368754488,
      16.20029762998552,
      14.476562559936873,
      13.278681778782211,
      15.54356123422454,
      13.47849543864699,
      15.59034853418132
    ],
    "MBRE": [
      0.15865393359628405,
      0.19800723372832052,
      0.13370826473328257,
      0.14559131438436992,
      0.20899598631674868,
      0.17904233676456016,
      0.1916395363584837,
      0.18456774303740234,
      0.16334615266937563,
      0.1625708646370668,
      0.19433022039257936,
      0.18176572318989892,
      0.2185763575910508,
      0.18340849376427654,
      0.19597273194807993,
      0.20196566906674102,
      0.1353954984729955,
      0.20742161792629943,
      0.15280690923241733,
      0.2044748714109023,
      0.12107213869629851,
      0.13242042910238244,
      0.17225295003056162,
      0.19424397840364238,
      0.18739257040523166,
      0.1694959356764655,
      0.1487112051475551,
      0.17599031975238313,
      0.14880667639467274,
      0.18489893958728423
    ],
    "MIBRE": [
      0.11570217303217752,
      0.14184796842585837,
      0.10592018430259977,
      0.1046936894717535,
      0.14396250316361284,
      0.12780344109008818,
      0.13288164201154914,
      0.13262291306074778,
      0.11968856201425522,
      0.12384113928200276,
      0.13395392792423194,
      0.1258659457145817,
      0.14927976942717894,
      0.13136805251762362,
      0.1418606420232997,
      0.14421843395783626,
      0.10784991600709387,
      0.14880977492056008,
      0.11307104987726,
      0.14105534917209406,
      0.0971162031747094,
      0.1061256003877499,
      0.12254102505015345,
      0.13841271692453821,
      0.1367223089693393,
      0.12107217824684323,
      0.11127045936969791,
      0.13035542765854377,
      0.11324390590881286,
      0.1313345566934503
    ]
  },
  "Mean_MAE": 1659.6115155830964,
  "Mean_MRE": 14.991881727220148,
  "Mean_MBRE": 0.1745842200805871,
  "Mean_MIBRE": 0.12648304865934148,
  "Median_MAE": 1709.0964701471862,
  "Median_MRE": 15.386919275487838,
  "Median_MBRE": 0.18040402997722954,
  "Median_MIBRE": 0.12907943437431596,
  "Runs": [
    {},
    {},
    {},
    {},
    {},
    {},
    {},
    {},
    {},
    {},
    {},
    {},
    {},
    {},
    {},
    {},
    {},
    {},
    {},
    {},
    {},
    {},
    {},
    {},
    {},
    {},
    {},
    {},
    {},
    {}
  ]
}