{
  "Metrics": {
    "MAE": [
      1315.6870289387723,
      1689.7211416481753,
      1216.6401096584873,
      1159.0451900688672,
      1458.003321944265,
      1464.847373507182,
      1384.9693495613035,
      1189.4709648010628,
      1232.771009805914,
      1313.7279622337828,
      1307.3768098475412,
      1467.5196961805104,
      1577.6703712933204,
      1441.6158856684008,
      1271.2152799440157,
      1273.95780404614,
      1058.9773863602168,
      1642.1932372848034,
      1208.9246244951983,
      1781.761310053192,
      1118.439922383468,
      1093.9653425137146,
      1680.6952486090036,
      1628.9666051984398,
      1435.8425449721517,
      1436.723989640019,
      1397.463574297716,
      1505.6031153311562,
      1144.7346207201788,
      1479.4734221694546
    ],
    "MRE": [
      10.698902981978144,
      15.453529849901443,
      11.35397959273183,
      10.107119074912527,
      13.030570399595875,
      13.201797464411552,
      12.117934126264789,
      10.909454728042231,
      11.284377897169117,
      11.593037636598522,
      12.257027835169689,
      12.743474260523593,
      13.455338914377196,
      12.474741974398242,
      11.9262678981151,
      11.896324694022647,
      9.539486006316434,
      15.601500054160534,
      11.141343441169118,
      14.59683599794866,
      10.289583320759707,
      10.500552011353681,
      13.393195932954068,
      14.991656839677297,
      12.343485079063282,
      13.32306350672821,
      13.264274978369217,
      14.31156087336705,
      10.872114603177069,
      13.261302925360658
    ],
    "MBRE": [
      0.1262199608714219,
      0.17602711749748792,
      0.12330401443033279,
      0.1110557498859653,
      0.14710748724926356,
      0.15020572902043802,
      0.14173202975998322,
      0.12169972526523815,
      0.12225830970457678,
      0.12767992094533748,
      0.1322314476760872,
      0.1504307039791962,
      0.16113595946941928,
      0.14439893561851572,
      0.12899153530732335,
      0.13108789607157986,
      0.10228243315447326,
      0.17127197297898214,
      0.12173205211853876,
      0.1823293056414631,
      0.11440778159197636,
      0.11057676855784304,
      0.1696333318702692,
      0.17365021022716595,
      0.1418552663217601,
      0.15022172113692542,
      0.14776206128281516,
      0.15519196579993533,
      0.11649057442486373,
      0.15126440062119687
    ],
    "MIBRE": [
      0.09514754864796576,
      0.12878916040244048,
      0.09855352792112987,
      0.0883707435960692,
      0.11241074909108212,
      0.1119761950460798,
      0.1042990105247505,
      0.09431375241286773,
      0.09910732577174723,
      0.10208222847036864,
      0.1057529892122836,
      0.10919225011576075,
      0.11596445317898435,
      0.10806239484453069,
      0.10257642434677955,
      0.10221628716972192,
      0.08478641684612126,
      0.1306293403350588,
      0.09589787754230567,
      0.12778693967069596,
      0.08933055415875063,
      0.09239209261781145,
      0.11766111767290328,
      0.1261979129157822,
      0.10807811239466455,
      0.11209640842323786,
      0.11182544617095823,
      0.1224785809982589,
      0.09454143963046532,
      0.11329308267615296
    ]
  },
  "Mean_MAE": 1379.2668081058816,
  "Mean_MRE": 12.397794496620582,
  "Mean_MBRE": 0.1401412122826792,
  "Mean_MIBRE": 0.10686034542685766,
  "Median_MAE": 1391.2164619295097,
  "Median_MRE": 12.300256457116486,
  "Median_MBRE": 0.14179364804087166,
  "Median_MIBRE": 0.10690769202840714,
  "Runs": [
    {},
    {},
    {},
    {},
    {},
    {},
    {},
    {},
    {},
    {},
    {},
    {},
    {},
    {},
    {},
    {},
    {},
    {},
    {},
    {},
    {},
    {},
    {},
    {},
    {},
    {},
    {},
    {},
    {},
    {}
  ]
}