{
  "Metrics": {
    "MAE": [
      1074.2541957574942,
      1294.216102207228,
      1259.5442514300305,
      1483.3049662985118,
      1294.9098158903646,
      1533.2058485204002,
      1357.0363520256828,
      1204.0252743218537,
      1676.2028869800454,
      1611.3791302042202,
      1435.3484070358345,
      1893.574765125189,
      1277.266907646766,
      1529.386468592756,
      1507.497799086373,
      1735.2761322136137,
      1547.313951826301,
      1065.514839501655,
      1181.9914835542572,
      1402.9528734255919,
      1458.9398531610213,
      1465.2263043148025,
      1590.5889946184611,
      1279.0644801592616,
      1461.681358137549,
      1174.649144714565,
      1444.5336342958847,
      1475.1755722756131,
      1450.477020015822,
      1338.514042294075
    ],
    "MRE": [
      8.582375530618805,
      11.93472665511634,
      11.644662797962205,
      12.382165573613117,
      11.729539676953284,
      13.644637257105552,
      12.46197982368851,
      11.066973112862511,
      14.78800970667818,
      14.276199016834285,
      12.769374512813839,
      16.89376412206104,
      11.20499131308505,
      13.102595869546754,
      14.029512423791676,
      16.167472726659632,
      13.768906900804309,
      10.161033626037167,
      10.63577509791242,
      11.732201334613222,
      13.46509820140311,
      13.596015832254135,
      12.942752661295764,
      12.05558942688943,
      12.922869936845672,
      10.59159026909641,
      13.673796841988887,
      13.164839645159535,
      13.810024556040556,
      11.874233294449734
    ],
    "MBRE": [
      0.0979201126295809,
      0.12981943634506413,
      0.12774996099099806,
      0.14931974508020213,
      0.12836684364494047,
      0.15709033439434086,
      0.13595251100398484,
      0.12265331913810318,
      0.17575715873663417,
      0.16546438714034764,
      0.1487328348933523,
      0.19812634192479428,
      0.12539027862248592,
      0.15171372937655325,
      0.15952115731826622,
      0.1842614260694847,
      0.15527864861578183,
      0.10835460567143265,
      0.1202165382151418,
      0.13758876360230796,
      0.1528068026352346,
      0.15205829252812564,
      0.15901530844783068,
      0.13212345444226448,
      0.14606177188327069,
      0.1179977572449115,
      0.14906380924661186,
      0.15381942077135702,
      0.1516318195837341,
      0.13289050224506588
    ],
    "MIBRE": [
      0.07779138747562823,
      0.10259569992302035,
      0.10089093370130019,
      0.10780038661438933,
      0.10287956240193594,
      0.11622023191262482,
      0.10719723560333864,
      0.09618077069652775,
      0.12586609745237584,
      0.12215490834155439,
      0.10922010616854678,
      0.14092028438552084,
      0.09775104992993244,
      0.11477848893950064,
      0.11822311282813167,
      0.13515854576438094,
      0.11851966237335222,
      0.08879400861366686,
      0.09059731656355186,
      0.1028593091113503,
      0.11397945130111685,
      0.11584915766926886,
      0.11282064699969992,
      0.10262685400453035,
      0.11158498804013237,
      0.09297595537724611,
      0.11631960412116255,
      0.1146322052299204,
      0.11709884883608328,
      0.10284031852401024
    ]
  },
  "Mean_MAE": 1416.7684285210407,
  "Mean_MRE": 12.702456924806038,
  "Mean_MBRE": 0.14422490241474015,
  "Mean_MIBRE": 0.10923757096346004,
  "Median_MAE": 1447.5053271558534,
  "Median_MRE": 12.846122224829756,
  "Median_MBRE": 0.14889832206998208,
  "Median_MIBRE": 0.11040254710433958,
  "Runs": [
    {},
    {},
    {},
    {},
    {},
    {},
    {},
    {},
    {},
    {},
    {},
    {},
    {},
    {},
    {},
    {},
    {},
    {},
    {},
    {},
    {},
    {},
    {},
    {},
    {},
    {},
    {},
    {},
    {},
    {}
  ]
}