{
  "Metrics": {
    "MAE": [
      1346.7641826938411,
      1554.1730899593551,
      1187.0586778380425,
      1325.9348340410095,
      1575.823423734254,
      1551.4870421820558,
      1953.1850252907102,
      1335.990685277276,
      1363.0321544252956,
      1065.916316526388,
      1805.6828119887134,
      1739.7788702165783,
      1508.164060265742,
      1521.314081441068,
      1486.0832552030624,
      1525.726859500913,
      1266.8115756556726,
      1615.2875179576047,
      1223.4186339552814,
      1860.9619939128218,
      1360.8125413774096,
      1400.7897742753564,
      2038.076337989602,
      1460.2308519598164,
      1394.738235307995,
      2021.1342044465925,
      1839.935901560892,
      1473.4372100856774,
      1415.87675206022,
      1220.5415631420897
    ],
    "MRE": [
      11.207477074737017,
      14.411375218588288,
      11.232810073002558,
      11.032029563631566,
      13.692457589875701,
      14.33257973423488,
      17.30950601721424,
      12.226206393839137,
      12.348693489979597,
      9.817856931069922,
      16.0477294674717,
      15.54426979760046,
      12.656311242595256,
      13.189547041492974,
      13.610248742776987,
      13.930566969242106,
      11.291314386188176,
      15.40801494025606,
      11.336737053950406,
      15.430193693701547,
      12.611686058702523,
      13.47378358667696,
      16.434637131946207,
      13.34880207450202,
      12.123754295084876,
      18.898625223168906,
      17.302183222831857,
      13.973068856896962,
      12.722908870462469,
      10.676839264073944
    ],
    "MBRE": [
      0.1270482791913236,
      0.15900177396360307,
      0.11991158633850746,
      0.1309325707624509,
      0.16130652813083768,
      0.15984351559212145,
      0.20542266564491296,
      0.13740927791994267,
      0.1359341896707418,
      0.10409554357621188,
      0.19231311607938775,
      0.18031243818867976,
      0.15354562444973507,
      0.15169954098023686,
      0.15538487985523725,
      0.1582472014994742,
      0.12261487316146032,
      0.1688688588577332,
      0.12273409563409383,
      0.1941388804303064,
      0.14028138432164264,
      0.1444759794449434,
      0.21012287311088895,
      0.154794056255173,
      0.13552269622076826,
      0.21954839397219186,
      0.19909708220145356,
      0.15192629899930776,
      0.1408286304757565,
      0.11833135924847359
    ],
    "MIBRE": [
      0.10039152854174689,
      0.12100980992235272,
      0.09827258501866525,
      0.09643573998400183,
      0.11826623814795041,
      0.11951993366751601,
      0.14467427857753312,
      0.10474857178555375,
      0.10761513846367889,
      0.08804451394698429,
      0.13507823255003804,
      0.13013088354831936,
      0.11026161826312426,
      0.11434553373261766,
      0.11616351236629949,
      0.1198379209158999,
      0.09951147390864651,
      0.1301018987344634,
      0.09791442822617312,
      0.13354420768094688,
      0.10678927985172532,
      0.11456406974568001,
      0.14441651627189295,
      0.11316563447664621,
      0.10767065505353257,
      0.154515606829443,
      0.14325329930497555,
      0.12058071948755932,
      0.11045664733637713,
      0.0940988534058206
    ]
  },
  "Mean_MAE": 1514.6056154757111,
  "Mean_MRE": 13.58740713352651,
  "Mean_MBRE": 0.1551898064725866,
  "Mean_MIBRE": 0.11651264432487213,
  "Median_MAE": 1479.7602326443698,
  "Median_MRE": 13.41129283058949,
  "Median_MBRE": 0.15273596172452142,
  "Median_MIBRE": 0.11445480173914883,
  "Runs": [
    {},
    {},
    {},
    {},
    {},
    {},
    {},
    {},
    {},
    {},
    {},
    {},
    {},
    {},
    {},
    {},
    {},
    {},
    {},
    {},
    {},
    {},
    {},
    {},
    {},
    {},
    {},
    {},
    {},
    {}
  ]
}