{
  "Metrics": {
    "MAE": [
      1572.4633805272533,
      1695.2531485915204,
      1567.4684868462923,
      1635.4782774336777,
      1740.301116083698,
      1872.8264130798823,
      1777.2872738315434,
      1616.7410349825093,
      1633.6188622538164,
      1948.5418141697717,
      1696.8748008750401,
      1784.5634211707436,
      1606.1693052059925,
      1762.8059787646152,
      1680.1728267854737,
      1745.6268587009847,
      1803.8375471336158,
      1442.8454007062028,
      1517.7898232753407,
      1631.9780766697727,
      1597.7039851004795,
      1692.4633780379363,
      1899.481254698652,
      1698.6972567880548,
      1848.6122843655526,
      1524.1003676712944,
      1672.1179533212942,
      1660.2775073348766,
      1801.2778832255801,
      1765.3941304348402
    ],
    "MRE": [
      12.165491001514315,
      14.768379627304725,
      13.728791152142886,
      13.074252720884036,
      14.962713802841362,
      16.269789323699317,
      15.465130095245092,
      14.35370808054493,
      13.801148735553667,
      16.739584483421194,
      14.618850432643814,
      15.102181781225632,
      13.235715189918082,
      14.745719663948767,
      15.046716731730866,
      15.49067958192756,
      15.135797595691919,
      12.89548184073626,
      13.192249477291307,
      12.969342419235765,
      14.044090309493077,
      15.17484303148026,
      15.178866034978732,
      15.153537286821491,
      15.75508398768062,
      13.197322683712745,
      15.092670779178356,
      14.723908809129178,
      16.189360415648245,
      15.159512221098026
    ],
    "MBRE": [
      0.1644272609284239,
      0.17886792736498439,
      0.1681982884985861,
      0.1767815219503855,
      0.18384907321760924,
      0.20666270372569553,
      0.18803058213479668,
      0.17430045657112353,
      0.17921900305848032,
      0.2137077219571482,
      0.18226179374420684,
      0.1915279496412892,
      0.16630392437440072,
      0.18438832510492842,
      0.18235208764246869,
      0.19116854334778727,
      0.19427624413626118,
      0.15336539141261984,
      0.15908006818081352,
      0.167731312095365,
      0.174246066648754,
      0.17979151811920924,
      0.204291544130045,
      0.18699993268018247,
      0.19435625807294016,
      0.1645491053213404,
      0.18152641516767923,
      0.17736230639804815,
      0.1993603528499822,
      0.18924722157936433
    ],
    "MIBRE": [
      0.10792799941113757,
      0.1273450284882692,
      0.1197384751107277,
      0.11430766446442552,
      0.1301580072342716,
      0.1380108741644487,
      0.1339334676718787,
      0.12415837356888512,
      0.11882786944217741,
      0.14251219202373275,
      0.12676683252679627,
      0.1306334988111011,
      0.11648666784523205,
      0.12899532278430328,
      0.12915811129963667,
      0.1335886652086756,
      0.13216015314216495,
      0.11230739896260285,
      0.11456860491986094,
      0.11557842295261879,
      0.12202865869889243,
      0.13184063498081358,
      0.13255444280052192,
      0.13013786206797914,
      0.13800407362947623,
      0.11358636412522109,
      0.13004135656797702,
      0.12751572293325214,
      0.13731250773922152,
      0.13135041486431148
    ]
  },
  "Mean_MAE": 1696.42566160221,
  "Mean_MRE": 14.581030643224073,
  "Mean_MBRE": 0.18194103000183065,
  "Mean_MIBRE": 0.1263845222813538,
  "Median_MAE": 1693.8582633147284,
  "Median_MRE": 14.865546715073044,
  "Median_MBRE": 0.18189410445594303,
  "Median_MIBRE": 0.12907671704197,
  "Runs": [
    {},
    {},
    {},
    {},
    {},
    {},
    {},
    {},
    {},
    {},
    {},
    {},
    {},
    {},
    {},
    {},
    {},
    {},
    {},
    {},
    {},
    {},
    {},
    {},
    {},
    {},
    {},
    {},
    {},
    {}
  ]
}