{
  "Metrics": {
    "MAE": [
      1389.71500640923,
      1569.029412930426,
      1563.326306177754,
      1501.7993497501989,
      1541.1671627154972,
      1821.0123040223996,
      1607.307509775129,
      1361.0368861359234,
      1474.845945754939,
      1789.54550476109,
      1851.9712432132148,
      1711.664261596453,
      1674.956849717122,
      1640.825762854694,
      1612.6661288241335,
      1717.4999155358134,
      1682.291086596599,
      1243.848287496309,
      1398.0081264975438,
      1558.4283441181026,
      1401.1389567558158,
      1608.572865169738,
      1776.918877393687,
      1714.488772433897,
      1762.7438033336182,
      1359.3146018733864,
      1716.4515623062966,
      1475.9629514785224,
      1881.0848963264923,
      1513.8780769587536
    ],
    "MRE": [
      10.635760293806214,
      12.965703351963779,
      13.856042383506114,
      11.83242656956756,
      12.9908362328745,
      15.726535165793237,
      13.630880343914642,
      11.807965962652483,
      12.267050814756626,
      15.24932865529259,
      16.07373634867405,
      14.420850860276706,
      14.162566817776884,
      13.215750263155968,
      14.354078440286273,
      15.24303992731384,
      14.143429003125856,
      10.94285288530217,
      11.926148910895252,
      12.267243790989609,
      12.147334774512032,
      14.383193946384715,
      14.15483033544311,
      15.31855820187521,
      15.018731132900006,
      11.428005650623813,
      15.448242394372558,
      12.474445841656642,
      16.951010238451214,
      12.65127537423586
    ],
    "MBRE": [
      0.13553735376085416,
      0.16500714022538643,
      0.16680503782686806,
      0.1560353503303691,
      0.1557574395563042,
      0.20098383698270955,
      0.17022778007305273,
      0.14077151973291507,
      0.15573464586116798,
      0.19022070519597917,
      0.20302604775346206,
      0.18194693008686855,
      0.17193882270268865,
      0.17051495532231697,
      0.17365279727487024,
      0.18813746335179343,
      0.17611173063600566,
      0.1274449456894899,
      0.14619403685652163,
      0.15607857022124794,
      0.14780013910297793,
      0.1688899875493508,
      0.181472135175244,
      0.18916767846794544,
      0.18308278301982214,
      0.14055239163737937,
      0.18955348359882304,
      0.15630551395151598,
      0.20811475320058542,
      0.1556472173824505
    ],
    "MIBRE": [
      0.09740518258998197,
      0.11491673820730323,
      0.12006222693864156,
      0.10574445030131988,
      0.11627001553321538,
      0.1334718397168169,
      0.11855674963795473,
      0.10531151539677454,
      0.10784525735943051,
      0.13179152809277084,
      0.13833960865204414,
      0.12512528473669257,
      0.12323836650108716,
      0.11789070971653882,
      0.12397996899565225,
      0.13106749834486903,
      0.1244719900344253,
      0.09762086294605368,
      0.10403798866399203,
      0.11116959690833579,
      0.10741768420014665,
      0.12569211808037176,
      0.12699074287616408,
      0.13120511628133186,
      0.13214849195554873,
      0.10248225394202432,
      0.13225155447284884,
      0.1110783350068594,
      0.14408987873920887,
      0.11233855733880858
    ]
  },
  "Mean_MAE": 1597.3833586304258,
  "Mean_MRE": 13.589595163745985,
  "Mean_MBRE": 0.16842377308423223,
  "Mean_MIBRE": 0.11913373707224045,
  "Median_MAE": 1607.9401874724335,
  "Median_MRE": 13.743461363710377,
  "Median_MBRE": 0.16955888381120177,
  "Median_MIBRE": 0.11930948828829815,
  "Runs": [
    {},
    {},
    {},
    {},
    {},
    {},
    {},
    {},
    {},
    {},
    {},
    {},
    {},
    {},
    {},
    {},
    {},
    {},
    {},
    {},
    {},
    {},
    {},
    {},
    {},
    {},
    {},
    {},
    {},
    {}
  ]
}