{
  "Metrics": {
    "MAE": [
      6.678514501742707,
      7.267968885573423,
      7.792379544769696,
      6.811869486187797,
      6.276323443028525,
      5.793758584295656,
      7.753891040009635,
      7.209415465656345,
      4.757089111592099,
      7.188474113681272,
      7.643722532249462,
      6.411705108947171,
      6.844713376736236,
      4.674730799463664,
      7.368852341456714,
      4.841670709963975,
      7.082468140928676,
      7.591451663708498,
      6.686284792377162,
      7.197222379580368,
      5.731994462033982,
      7.756549160849303,
      6.647567453642456,
      6.986396064937139,
      7.093169275166296,
      7.00331099766794,
      5.09915215101195,
      8.598512807962113,
      7.2694717637680775,
      8.046264827432605
    ],
    "MRE": [
      279.60271120364513,
      485.48230029977094,
      565.9976168896276,
      266.775220190743,
      366.056769558637,
      350.38907375270185,
      525.4625429240431,
      443.8188166897536,
      117.13517387291307,
      380.16121301196574,
      536.4310596469811,
      275.15985228231574,
      268.59557319217305,
      191.86411256105484,
      391.20588612210446,
      133.43182013124374,
      378.2358594827723,
      441.9835471663868,
      328.0712362828377,
      468.2579194631564,
      272.6600523851698,
      447.26022413787723,
      336.4018340482271,
      364.93535756318886,
      201.0008877626083,
      308.1380241634304,
      172.85225181765517,
      609.5353059638496,
      361.41209405070424,
      645.8226226265379
    ],
    "MBRE": [
      3.2220576441810587,
      5.060676914742289,
      5.803610110688826,
      3.212982253613542,
      3.769169988808921,
      3.568302162576171,
      5.328932005978493,
      4.557025267979088,
      1.349590185602372,
      4.163679968073487,
      5.563998001893727,
      3.2337105972109996,
      3.3221856412585895,
      1.9594074903100247,
      4.36749584061651,
      1.5482066105584609,
      4.184134173050818,
      4.821459332162196,
      3.563129309725122,
      4.860678301444616,
      2.869980928729134,
      5.027299788794094,
      3.6470157288265255,
      4.101989095034526,
      3.2707968555974922,
      3.5778426409127313,
      2.1689531126495507,
      6.411127196006719,
      4.059685327908809,
      6.583683371796955
    ],
    "MIBRE": [
      0.6361465196130927,
      0.6248097500243449,
      0.6540224392678056,
      0.6372068305052077,
      0.577395740089203,
      0.6002729569309365,
      0.6408173695795328,
      0.6442282684380686,
      0.49055983602909625,
      0.6440071051233424,
      0.6517330605958845,
      0.5939906726644523,
      0.6301428102845096,
      0.4999816905816365,
      0.6631392038360874,
      0.48948436693564046,
      0.6484547894580502,
      0.6652832931250177,
      0.6047039258767569,
      0.6540595563918338,
      0.5555346573317221,
      0.6593651682435416,
      0.6276168337114262,
      0.6179624510323688,
      0.6405959472156714,
      0.6394545514824146,
      0.5566421950549789,
      0.6805783382942617,
      0.645944735089068,
      0.6461622829471677
    ]
  },
  "Mean_MAE": 6.803496499547364,
  "Mean_MRE": 363.80456530813586,
  "Mean_MBRE": 3.9726268615577283,
  "Mean_MIBRE": 0.6173432448584373,
  "Median_MAE": 7.042889569298309,
  "Median_MRE": 363.17372580694655,
  "Median_MBRE": 3.914427658358865,
  "Median_MIBRE": 0.6383306909938111,
  "Runs": [
    {},
    {},
    {},
    {},
    {},
    {},
    {},
    {},
    {},
    {},
    {},
    {},
    {},
    {},
    {},
    {},
    {},
    {},
    {},
    {},
    {},
    {},
    {},
    {},
    {},
    {},
    {},
    {},
    {},
    {}
  ]
}