{
  "Metrics": {
    "MAE": [
      5.214162642436011,
      6.1665622575534655,
      3.68226737361441,
      3.3916267350209472,
      2.430227685411193,
      5.204214505705251,
      3.9455517435054004,
      3.5294150148429853,
      2.297184176832206,
      4.7859989087960715,
      5.017251891638164,
      2.5241099942458964,
      4.090499080592602,
      1.7473382919253013,
      4.196082989189568,
      2.699709859889649,
      4.057653785582242,
      3.937440427360924,
      4.348548731621887,
      2.6516057685806786,
      4.5279523816450675,
      4.776345460658745,
      2.674288461116442,
      5.726883462513593,
      4.342832837415761,
      3.9285202610849237,
      4.467770402910967,
      5.488573896419712,
      4.275042770722614,
      3.99905312407196
    ],
    "MRE": [
      113.9170856687541,
      303.8894776044601,
      166.1003915316593,
      64.57899911513725,
      45.710115236368466,
      283.5817948675912,
      247.4226850454174,
      133.7083288725252,
      37.4286713866686,
      130.7048462442785,
      336.0623872737823,
      50.41016182138252,
      70.83435306027675,
      47.585093699234676,
      132.8494464532552,
      66.76579775811537,
      85.13287291489037,
      91.4753318378555,
      76.49421222727278,
      114.84727012886442,
      178.01380544342555,
      70.41025685379122,
      53.64876761978109,
      175.27178412042085,
      46.32029431367569,
      66.85678243920952,
      85.23548680519217,
      254.82401090818055,
      50.87270165627291,
      97.37131949774471
    ],
    "MBRE": [
      2.08081389084505,
      3.5005586983075907,
      1.8834177479833167,
      0.8556431046617974,
      0.5539544399348081,
      3.1212144644769553,
      2.5313508584202333,
      1.5214707636235547,
      0.556273217542761,
      1.8506023175994215,
      3.502351170844837,
      0.5692009594926868,
      0.857942792157117,
      0.5251815374058546,
      1.6298201818831597,
      0.7722423356871374,
      1.5687018072976613,
      1.0662650911659917,
      1.750451921189553,
      1.2840974922317423,
      1.8676287858490275,
      1.2570082299917564,
      0.7139344773009203,
      2.657614127246691,
      0.9922368490554195,
      0.8179792247238366,
      1.192162614960263,
      2.9079797813530077,
      0.825973299462072,
      1.1226944212291878
    ],
    "MIBRE": [
      0.4968010844307176,
      0.5431319026696046,
      0.42801813871528827,
      0.36075673159678134,
      0.2753050355345397,
      0.47735552175713575,
      0.4428974171935742,
      0.3696807031914268,
      0.28637904080895793,
      0.4374497835819516,
      0.5038351540012543,
      0.27469495491573964,
      0.3234067448084542,
      0.24820558373519772,
      0.47339400122740555,
      0.3394290147757074,
      0.4172260257430662,
      0.41799545750813355,
      0.4420193452010754,
      0.38054279997320223,
      0.45099804073445937,
      0.3982282214551101,
      0.32258621081874406,
      0.5118710551290304,
      0.3523234143747607,
      0.3782189307833895,
      0.388748962058853,
      0.5234553925086934,
      0.342431222088628,
      0.4145952558490406
    ]
  },
  "Mean_MAE": 4.004157164096822,
  "Mean_MRE": 122.61081774684948,
  "Mean_MBRE": 1.5445588867974467,
  "Mean_MIBRE": 0.40073270490566415,
  "Median_MAE": 4.074076433087422,
  "Median_MRE": 88.35540932152384,
  "Median_MBRE": 1.2705528611117494,
  "Median_MIBRE": 0.40641173865207536,
  "Runs": [
    {},
    {},
    {},
    {},
    {},
    {},
    {},
    {},
    {},
    {},
    {},
    {},
    {},
    {},
    {},
    {},
    {},
    {},
    {},
    {},
    {},
    {},
    {},
    {},
    {},
    {},
    {},
    {},
    {},
    {}
  ]
}