{
  "Metrics": {
    "MAE": [
      8.704861418441967,
      9.675506690009046,
      7.677541847164182,
      7.022492267705506,
      6.357612795809406,
      9.718992858538948,
      8.860236654420452,
      7.527805815029774,
      6.257963577486774,
      9.213766230053727,
      9.16254897602282,
      8.542226545662478,
      6.2338012086581545,
      8.775106584879188,
      5.781055308525746,
      10.031909260603161,
      7.948121590721147,
      10.139574390106695,
      5.5192650501657585,
      6.595223329764546,
      9.59780625716852,
      7.142044497563015,
      6.785654289981328,
      8.8560711925518,
      6.812957620114505,
      9.070525912497052,
      6.673572271843504,
      9.297886307434963,
      6.123196284966798,
      10.48803181747917
    ],
    "MRE": [
      570.8412933953296,
      734.6177197292067,
      605.3598728349183,
      348.33233815533725,
      288.20746590825246,
      766.1088028283818,
      798.1933421321019,
      419.23055333240893,
      266.8429118739285,
      601.4559246723759,
      705.7264170650967,
      576.6067070303621,
      256.5040233276694,
      525.3623709227784,
      282.7150126251314,
      793.3217871023485,
      428.19471954676845,
      792.2099299622944,
      190.80008103530247,
      447.4256731398425,
      714.8476834173252,
      302.8296904020407,
      395.5782295984287,
      591.029404246468,
      204.66702825043583,
      627.6103592804457,
      321.1189348329328,
      702.1823902174467,
      232.2346682784259,
      882.3217610109143
    ],
    "MBRE": [
      6.71898169802877,
      7.7801543476986685,
      5.776216401523648,
      3.8640866053527625,
      2.368292752737401,
      12.875146783034095,
      8.093177076173129,
      4.182685531145303,
      2.6952593819301742,
      6.651700311454883,
      6.960087995190441,
      5.850619251819887,
      2.4834258846662087,
      5.573141735451201,
      3.22153747433486,
      8.107158941098376,
      4.409319758185045,
      8.361495500965411,
      0.9330411020598348,
      4.608293383818654,
      7.505120810449817,
      3.324318175868381,
      4.042191869532524,
      6.580225349395137,
      3.951813534833132,
      7.1281867630814695,
      3.353677425991414,
      7.455045176742043,
      2.2915475509300416,
      9.000798525524763
    ],
    "MIBRE": [
      0.6834426844129219,
      0.7228992159342883,
      0.7833590399164404,
      0.6283698000339872,
      1.2172576479751849,
      0.7086400192320537,
      0.6333217160252764,
      0.6393884711611028,
      0.810976686431435,
      0.7180467000779593,
      0.7219886260695657,
      0.848912555305777,
      0.8600636698982479,
      0.6823183778958064,
      0.5786147335818105,
      0.7186014431554182,
      0.900865047403759,
      0.7139048338289322,
      1.3475843274412165,
      0.6333703267471467,
      0.8017564190099946,
      0.7637312686849951,
      0.6388477921808324,
      0.7244313057176243,
      0.644424296081594,
      0.6941041357930396,
      0.6997975230777798,
      0.6930395725450876,
      0.7455836045633756,
      0.706224360251017
    ]
  },
  "Mean_MAE": 8.019778628379004,
  "Mean_MRE": 512.4159032051567,
  "Mean_MBRE": 5.5382249033005815,
  "Mean_MIBRE": 0.7554622066811224,
  "Median_MAE": 8.245174068191812,
  "Median_MRE": 548.101832159054,
  "Median_MBRE": 5.674679068487425,
  "Median_MIBRE": 0.7159757669534458,
  "Runs": [
    {},
    {},
    {},
    {},
    {},
    {},
    {},
    {},
    {},
    {},
    {},
    {},
    {},
    {},
    {},
    {},
    {},
    {},
    {},
    {},
    {},
    {},
    {},
    {},
    {},
    {},
    {},
    {},
    {},
    {}
  ]
}