{
  "Metrics": {
    "MAE": [
      2.6769124100954405,
      1.3743899926401282,
      1.2964434572553554,
      1.7158230593142172,
      1.2533571160308632,
      1.1210537733388142,
      4.61715869998444,
      2.9316815718307017,
      2.5368973946723794,
      2.3282660805365616,
      3.9149566555652187,
      2.184848241896947,
      3.6518769342909745,
      2.274784129829839,
      2.903698731500446,
      2.0089392706143365,
      2.1942478575490396,
      1.5942192430283655,
      0.8324204430351848,
      0.7359901663386427,
      1.1430997441466826,
      2.766845465096357,
      2.3573477352937564,
      1.2319328962202485,
      3.8583540953039153,
      3.565424028158663,
      4.558446607807407,
      4.045353971259456,
      1.702355866978909,
      0.5095057787259906
    ],
    "MRE": [
      48.272053247714155,
      36.900265328055035,
      43.897956391063424,
      32.011936847410254,
      34.28378572659287,
      79.87900074995807,
      358.7706786479739,
      118.99200847284281,
      58.85853769883933,
      126.8267207244878,
      264.71132547647636,
      92.4171043801387,
      82.49214060356726,
      108.71815670706589,
      182.670770603123,
      62.07029828113831,
      114.15133086900602,
      49.70616518063362,
      37.68551495373092,
      28.794634415072267,
      28.71741835906424,
      132.09282924260762,
      71.8004009075045,
      32.2831169041377,
      58.28455992745659,
      53.21668944460386,
      72.2918523745513,
      232.50286744568336,
      81.77540631384839,
      22.712897228954343
    ],
    "MBRE": [
      0.5521239902287505,
      0.3919236921935023,
      0.44789792168208864,
      0.3414644109977236,
      0.40307420210729067,
      0.841839261595186,
      3.601235507109842,
      1.275222895923047,
      0.6631292057336798,
      1.2759746315105036,
      2.654844021811322,
      0.948738322744152,
      0.9225524540643543,
      1.1040277625225372,
      1.8794668871614937,
      0.6416301332609792,
      1.149526379022379,
      0.5304359092001824,
      0.4169080265428846,
      0.3119247857912579,
      0.3308376030539949,
      1.3346429144901464,
      0.7615776162172246,
      0.35122355823715207,
      0.7196190781396911,
      0.5947305829224893,
      0.8414778721828555,
      2.346862597166565,
      0.8425254781006559,
      0.2598954975459505
    ],
    "MIBRE": [
      0.26987468329069486,
      0.20709816961699862,
      0.21793835976736928,
      0.19714458946319774,
      0.20151946320714825,
      0.28933079287300995,
      0.35382758463996583,
      0.3071413625384302,
      0.26444433979381526,
      0.27879240870204,
      0.2631439933890574,
      0.2895487440056432,
      0.3014981060803558,
      0.33323249384674564,
      0.39147663555060747,
      0.25747004269219914,
      0.286600567836779,
      0.2773457772556838,
      0.2406463364960257,
      0.1912170878052889,
      0.18509603018058773,
      0.23115671544901864,
      0.2943707481277374,
      0.21394828607732178,
      0.30346116841744064,
      0.28473676285945115,
      0.31259057001407364,
      0.24453880989412316,
      0.2463405308504698,
      0.1700690663764015
    ]
  },
  "Mean_MAE": 2.329554380611309,
  "Mean_MRE": 91.59294744844338,
  "Mean_MBRE": 0.9579111066419961,
  "Mean_MIBRE": 0.2635200075699226,
  "Median_MAE": 2.234515993689439,
  "Median_MRE": 66.9353495943214,
  "Median_MBRE": 0.7405983471784578,
  "Median_MIBRE": 0.26715951154225503,
  "Runs": [
    {},
    {},
    {},
    {},
    {},
    {},
    {},
    {},
    {},
    {},
    {},
    {},
    {},
    {},
    {},
    {},
    {},
    {},
    {},
    {},
    {},
    {},
    {},
    {},
    {},
    {},
    {},
    {},
    {},
    {}
  ]
}