{
  "Metrics": {
    "MAE": [
      7.031164256535643,
      6.709994265481914,
      3.4275312129377644,
      4.138320635061675,
      3.0733533010235994,
      1.860130216627364,
      4.312382511597518,
      3.4032395045844575,
      4.054620245305207,
      5.17481653821419,
      5.3185131963377765,
      4.720552832938293,
      5.253709910081204,
      3.8694170691350367,
      3.9567270144376185,
      5.830672861595002,
      4.008571457823385,
      3.1970653086145804,
      4.878703151979265,
      4.58801330021186,
      8.638327352841653,
      5.187902199713267,
      3.597369524739811,
      6.784265839470213,
      3.761475478438095,
      3.9603142272055596,
      6.915761451630412,
      7.032578946917581,
      5.003886114174442,
      4.116899425111225
    ],
    "MRE": [
      215.9920516392502,
      395.5480569370725,
      169.55872145893983,
      72.69172011258608,
      38.78277663017463,
      82.43109432008423,
      237.03581350989631,
      173.25734782583442,
      117.73831711742105,
      88.87879576551737,
      385.4913057750264,
      69.74536863405453,
      79.3799684080737,
      141.14810489315317,
      174.7325432736638,
      233.3536432781571,
      77.66138718092695,
      76.9013944173175,
      79.78371453391998,
      247.48088925025223,
      594.1655496342771,
      73.19946121215303,
      93.5014639205393,
      258.94941694783864,
      37.68444406064667,
      58.193814305706404,
      251.6233838094513,
      397.55020373341506,
      54.22193309901162,
      104.32682010561957
    ],
    "MBRE": [
      4.536007868729914,
      4.457708158367,
      2.0172821958985345,
      1.1215167382280968,
      0.5809139968997047,
      0.8533818378822978,
      2.7154967761052897,
      1.7863080030075338,
      2.1516659329497876,
      1.397551995775613,
      4.0807297919086185,
      0.9045732970548526,
      1.0983983215052167,
      1.8740030916211605,
      2.1554138802228744,
      3.241356012687409,
      1.1286079326111793,
      0.8975302551843315,
      1.5594559016362652,
      2.603770976112373,
      7.019911077652469,
      1.248860096900634,
      1.2048501132737912,
      3.716543366380051,
      0.611433916547249,
      0.8091562834149607,
      3.7228960466434846,
      4.579090346075131,
      0.9296983243668056,
      1.1415101303724062
    ],
    "MIBRE": [
      0.5825115632849394,
      0.546590038617731,
      0.4149568811525823,
      0.36686467474400164,
      0.2707730468593277,
      0.3206144697675616,
      0.43341931640921016,
      0.27342227151641074,
      0.4235082591685244,
      0.42697769214635733,
      0.3525400558342476,
      0.33962698157907595,
      0.36457961300169733,
      0.3514342102380835,
      0.4318832009267632,
      0.5436939648649409,
      0.3405328636088954,
      0.33040147288510996,
      0.4524387634365563,
      0.49241429110932955,
      0.6288602203671577,
      0.36267683219588337,
      0.2967258973821052,
      0.5218418757336906,
      0.27527285925754147,
      0.33934257312151217,
      0.5275085965531832,
      0.5659073202362436,
      0.34939643216666944,
      0.40287145632450033
    ]
  },
  "Mean_MAE": 4.7935426450255205,
  "Mean_MRE": 169.36698352633272,
  "Mean_MBRE": 2.204854088867168,
  "Mean_MIBRE": 0.4109862564829944,
  "Median_MAE": 4.450197905904689,
  "Median_MRE": 111.0325686115203,
  "Median_MBRE": 1.6728819523218994,
  "Median_MIBRE": 0.384868065534251,
  "Runs": [
    {},
    {},
    {},
    {},
    {},
    {},
    {},
    {},
    {},
    {},
    {},
    {},
    {},
    {},
    {},
    {},
    {},
    {},
    {},
    {},
    {},
    {},
    {},
    {},
    {},
    {},
    {},
    {},
    {},
    {}
  ]
}