{
  "Metrics": {
    "MAE": [
      7.5639724993813156,
      7.81260094494913,
      5.954017084664231,
      7.203820624603774,
      6.006865243510121,
      8.427089221254974,
      7.055581899062001,
      3.629500252705595,
      5.246956003870676,
      7.881377206560318,
      8.245688328606539,
      6.120395370007099,
      6.529073783277556,
      5.922834234596052,
      6.346737310518622,
      7.791030858684419,
      7.403514932594957,
      7.889733235987874,
      5.151383412552171,
      6.88232175523168,
      8.007125711943875,
      5.7997985859759815,
      4.188038394494303,
      7.496624686986141,
      6.292708447230388,
      6.873627294779695,
      6.841620220094399,
      7.529979240739126,
      5.057408385477945,
      8.546847116371278
    ],
    "MRE": [
      139.69814805764403,
      498.80996831752753,
      226.2101479786688,
      160.8458695458583,
      182.83571427024944,
      508.6147076261295,
      369.7800190464805,
      98.4129157341325,
      63.25873599831618,
      346.7751821967959,
      593.4010887618214,
      244.77141548505065,
      85.75046218139806,
      171.4490818530615,
      193.07811060697279,
      337.46182245786963,
      187.7113319650989,
      327.42081252920525,
      154.53029175294054,
      255.8086692282295,
      466.0271125102218,
      105.94035726467794,
      85.55254418036694,
      330.3191676597161,
      52.61409068128871,
      132.76950476240216,
      149.09144400341384,
      293.0152162006474,
      89.59466115147943,
      623.6097472246747
    ],
    "MBRE": [
      6.318808731069571,
      6.017945627649339,
      2.962559765347335,
      4.305954648447578,
      2.4187501007939187,
      6.461052192433281,
      4.623276897926059,
      1.1424006236375726,
      3.0335101540501994,
      6.82353300392016,
      6.3276678644559725,
      2.918770534015846,
      3.5396900164359897,
      2.618090341362976,
      3.191011916889436,
      5.512028712403852,
      6.896363268162445,
      6.539296220232259,
      2.3842393255510697,
      3.5161309531567246,
      6.417860036822772,
      1.9468493029490979,
      1.1384600056669998,
      4.5906991948214655,
      3.2793598385491602,
      4.1926816935286615,
      5.335731221354212,
      5.101026742610032,
      1.3717991646912833,
      6.581018101164481
    ],
    "MIBRE": [
      0.606807708554985,
      0.5953366034338332,
      0.49703528599394703,
      0.6255773012595647,
      0.48356011632589446,
      0.6681580857592582,
      0.5760749200992484,
      0.38507997006950695,
      0.419932739852807,
      0.626274200794074,
      0.6142759254502534,
      0.5411796927146318,
      0.49268399192021245,
      0.47765019018879307,
      0.5555340424106797,
      0.6299031327849266,
      0.6097867205698319,
      0.6283426858122627,
      0.4703105628502081,
      0.6104271652117061,
      0.6271503726099316,
      0.4767309610431539,
      0.3772899000679593,
      0.6194071884702322,
      0.4314525719589062,
      0.5679195255287475,
      0.5422159429366828,
      0.6446369663582745,
      0.3932732730069698,
      0.6178534135959445
    ]
  },
  "Mean_MAE": 6.723275742890408,
  "Mean_MRE": 249.17194470774467,
  "Mean_MBRE": 4.2502188733366575,
  "Mean_MIBRE": 0.5470620385877808,
  "Median_MAE": 6.877974525005687,
  "Median_MRE": 190.39472128603586,
  "Median_MBRE": 4.24931817098812,
  "Median_MIBRE": 0.571997222813998,
  "Runs": [
    {},
    {},
    {},
    {},
    {},
    {},
    {},
    {},
    {},
    {},
    {},
    {},
    {},
    {},
    {},
    {},
    {},
    {},
    {},
    {},
    {},
    {},
    {},
    {},
    {},
    {},
    {},
    {},
    {},
    {}
  ]
}