{
  "MAEp0": 211162.01954878343,
  "Sp0": 4123.921354060234,
  "Q5p0": 204592.0076363765,
  "SA_5": 0.03111360616102221
}