{
  "Metrics": {
    "MAE": [
      46341.26901271959,
      51268.37060015294,
      51172.3757160561,
      46670.17027994797,
      46060.91279458458,
      47735.382980847746,
      45506.26452579732,
      46767.21705545695,
      46918.4819918647,
      46694.69371027284,
      47665.46561668155,
      51578.12104221489,
      50384.69456223968,
      48650.570974946684,
      46357.03280483357,
      52950.697182779026,
      46066.15857831061,
      43473.5110368988,
      44504.010313423205,
      47404.15946364203,
      46293.66450314187,
      53215.198382530354,
      44331.68435382403,
      46037.97200557178,
      44852.19789020223,
      47750.50116073843,
      47476.13150402955,
      46227.43190315994,
      45444.93678199881,
      47912.416458561514
    ],
    "MRE": [
      47.898221754862206,
      60.57849559407119,
      50.702179755744794,
      57.4942991154759,
      45.156266375669304,
      41.91219738510817,
      53.80599428915958,
      43.465219326487066,
      46.809851147380094,
      43.60003085661368,
      45.93054890767851,
      48.02278231366173,
      69.27492774894468,
      46.318741075363754,
      46.003397727106936,
      58.42971714825184,
      47.83484625517838,
      44.077859800718095,
      48.50392826729696,
      52.0398418868978,
      49.42132225158441,
      57.376430195646975,
      60.901699624098526,
      44.20599860098425,
      47.42089648917126,
      44.20458106287875,
      50.53860903112242,
      47.91397713915385,
      50.4133533553735,
      47.74630214622374
    ],
    "MBRE": [
      16.703211341467988,
      0.1290470881553515,
      0.37994444016266704,
      -0.5270811101223127,
      0.3224156149756994,
      0.6566208700943736,
      -0.4596419017985665,
      0.057301847209795566,
      0.16638193480711594,
      -7.803469268130536,
      -0.30650104349618823,
      0.6192448845561638,
      0.22463259658825177,
      0.021950167657065055,
      -1.8823479253805249,
      0.8824262279663936,
      1.3616456380427475,
      0.2911382929647958,
      0.7467495488279161,
      -0.2574951802058348,
      0.3489044902853687,
      2.127899662589103,
      0.8377358088159647,
      0.35134355339395873,
      0.07586204124724852,
      0.40531783215043254,
      0.062049482628401265,
      -0.14477237185876857,
      0.23824058837550754,
      2.474655242545617
    ],
    "MIBRE": [
      0.43273775804511017,
      0.5292788550176182,
      0.44946041512083573,
      0.5200896551101127,
      0.4046900368529609,
      0.38459434391197383,
      0.504901483425023,
      0.38569680774692133,
      0.4256734094375833,
      0.3875565769462204,
      0.4071760336109737,
      0.43998814565826355,
      0.6254977108619603,
      0.4097389537203578,
      0.41579955076673025,
      0.5342151303707919,
      0.40876521436860797,
      0.40381881293597366,
      0.43883222318890264,
      0.47101337699341667,
      0.44210285434584456,
      0.5193932976794667,
      0.5421963230405468,
      0.39229999605220645,
      0.44431000647123087,
      0.402645905270156,
      0.4403543858684628,
      0.43596988444783213,
      0.43231979553943056,
      0.4230683207607865
    ]
  },
  "Mean_MAE": 47457.056506247645,
  "Mean_MRE": 49.93341722093029,
  "Mean_MBRE": 0.6034470131505064,
  "Mean_MIBRE": 0.44847284211887667,
  "Median_MAE": 46730.95538286489,
  "Median_MRE": 47.90609944700803,
  "Median_MBRE": 0.26468944067015165,
  "Median_MIBRE": 0.43435382124647115,
  "Runs": [
    {},
    {},
    {},
    {},
    {},
    {},
    {},
    {},
    {},
    {},
    {},
    {},
    {},
    {},
    {},
    {},
    {},
    {},
    {},
    {},
    {},
    {},
    {},
    {},
    {},
    {},
    {},
    {},
    {},
    {}
  ]
}