{
  "Metrics": {
    "MAE": [
      46431.65621520248,
      50644.02499926821,
      50933.562114836575,
      46833.51223361315,
      46137.96848499906,
      47046.511083079095,
      45262.71759062013,
      46224.96089246748,
      46743.41428825105,
      46929.983328322305,
      47388.85488205508,
      51562.39832048357,
      50533.39615760695,
      47775.2017001326,
      45489.96595358209,
      52586.01952860256,
      45449.916110819,
      43126.32152766821,
      44441.377403685314,
      46777.408692805206,
      45814.05812542306,
      52873.01085743526,
      43861.120022782336,
      45764.7686641819,
      44703.45375546833,
      47652.971815550576,
      47454.85035046247,
      46620.733885912814,
      45176.80513778534,
      47404.382016131334
    ],
    "MRE": [
      47.50867414937915,
      58.77244493130554,
      50.21208440682487,
      55.921166548024324,
      44.283455026808774,
      41.36250701827176,
      52.92576459794993,
      42.77363809026142,
      44.762612442198225,
      41.96178052800026,
      45.144380180000546,
      47.79360218185537,
      68.88994281104443,
      44.51354983543442,
      44.49100322820052,
      54.88440617512226,
      47.37883225664937,
      43.32625522565048,
      46.59969264405646,
      51.8428760490509,
      47.64577209637669,
      55.87396377887135,
      59.019486169833904,
      42.044857393619935,
      45.639906059333875,
      43.71587620596372,
      50.17103059112444,
      46.21688691102237,
      48.06695249715817,
      47.44902162641888
    ],
    "MBRE": [
      -18.95584990327356,
      0.7133756730870859,
      -3.3637447284700106,
      0.3548673807549649,
      0.49083678081673365,
      -0.4070639554550803,
      0.22066138567134083,
      0.3663835543178218,
      0.5362101936397353,
      0.46365486660075245,
      0.19480941404373123,
      2.229922837032621,
      0.280954765992938,
      0.6081224458607689,
      0.4561481704970821,
      2.099344914117575,
      -2.018784148272556,
      0.25989425153763673,
      2.1389939871291466,
      -0.2257318039061362,
      0.32068215521020754,
      -9.112149692327016,
      0.11813298753520537,
      -5.7782572417415015,
      0.6521033705727062,
      -10.502963329187828,
      0.31858237140155904,
      0.16657912955360546,
      0.19350588455803286,
      0.2436478538074615
    ],
    "MIBRE": [
      0.42579588073751895,
      0.5111217117662009,
      0.444839350172039,
      0.5038526503208839,
      0.39278413086322733,
      0.37573766179616974,
      0.49466419880288837,
      0.37832084812701855,
      0.40314389910775666,
      0.36972785783571765,
      0.39614997130302554,
      0.43332877293680944,
      0.6209833324850768,
      0.39048775796082574,
      0.4000807722614943,
      0.4987472789866646,
      0.40204371715819,
      0.39531097993751463,
      0.4181116242927549,
      0.46958618667807667,
      0.4231005594235707,
      0.5000975293964204,
      0.518200195207626,
      0.3717107833767842,
      0.4245052041985395,
      0.3953770726859896,
      0.43158096934561424,
      0.4182168203504147,
      0.4074137050379714,
      0.41808157175826655
    ]
  },
  "Mean_MAE": 47188.17753797445,
  "Mean_MRE": 48.70641405519374,
  "Mean_MBRE": -1.2312376809631655,
  "Mean_MIBRE": 0.43443676647703494,
  "Median_MAE": 46760.41149052813,
  "Median_MRE": 47.41392694153413,
  "Median_MBRE": 0.27042450876528734,
  "Median_MIBRE": 0.4181642223215848,
  "Runs": [
    {},
    {},
    {},
    {},
    {},
    {},
    {},
    {},
    {},
    {},
    {},
    {},
    {},
    {},
    {},
    {},
    {},
    {},
    {},
    {},
    {},
    {},
    {},
    {},
    {},
    {},
    {},
    {},
    {},
    {}
  ]
}