{
  "Metrics": {
    "MAE": [
      125593.87404455127,
      130390.69369537572,
      118586.78060124056,
      104472.13866837024,
      90257.89747241193,
      130965.30934782758,
      131863.1637438499,
      127774.02569271707,
      105157.90438284789,
      129280.57363627378,
      114990.13836411822,
      127015.14620779484,
      121094.8356381654,
      131346.2874565973,
      114012.61626137345,
      100431.78610574397,
      113474.47175225032,
      117256.17971631749,
      109595.05840190045,
      128109.18794651626,
      114986.5874188795,
      111996.82793891212,
      98383.16516026035,
      114307.2161193597,
      99301.62087608188,
      109032.90665312222,
      127223.98965539555,
      117231.91404424112,
      110105.61710142336,
      129801.52010231877
    ],
    "MRE": [
      67.9903889789542,
      100.49593047254146,
      74.22499725037005,
      82.11028289297055,
      75.78238606010511,
      74.41746218090705,
      73.82884225395678,
      74.73108944929572,
      83.29501447407499,
      67.06518712631227,
      75.14448668295384,
      70.93504073429482,
      77.27416850210089,
      74.3858753872745,
      85.44070941028782,
      83.24788615963148,
      65.11514521640001,
      87.58992040106567,
      69.69060209280515,
      67.02702936723615,
      70.57189675251264,
      82.6825385728117,
      63.39416948427651,
      72.91907470334284,
      66.65070699636078,
      87.37433318578339,
      67.68149543965521,
      63.536605745105625,
      68.13642449508107,
      71.32955239031344
    ],
    "MBRE": [
      23.111812822798065,
      35.18696088378079,
      2.6192173409083845,
      -0.20883024166423297,
      72.65768890817753,
      36.03487747250108,
      23.56002740614613,
      79.62072123047994,
      2.4651399690432667,
      28.392447395948803,
      3.072103217164869,
      38.54033633186723,
      5.076176426106287,
      4.730623983869917,
      1.0431289282932203,
      0.2670210201941164,
      1.3447791391653483,
      2.166175766828889,
      -2.2699766358853672,
      63.0446130085092,
      5.182551976993003,
      13.93635527495069,
      3.038048924689564,
      0.5651662046056725,
      8.779279355899627,
      0.7958544403573236,
      70.2048418993825,
      5.470223146581579,
      3.74003247241759,
      67.03915111316145
    ],
    "MIBRE": [
      0.6522788516331699,
      0.967075230795306,
      0.7141899751577202,
      0.8157225288717926,
      0.734564063106544,
      0.7332339554808998,
      0.737603821156185,
      0.682204658548074,
      0.8309005685697788,
      0.6660392243588985,
      0.7496998354997051,
      0.6925396162802545,
      0.7714307747290251,
      0.7346530039802553,
      0.8233797299787275,
      0.8000132028526498,
      0.6468494973805169,
      0.8624782221886031,
      0.6893823755676973,
      0.669912955232425,
      0.6941483607817539,
      0.8168173803911419,
      0.6163230712900887,
      0.7205793835382669,
      0.6412419877257491,
      0.8379124697456921,
      0.6632619342902508,
      0.6351530294564105,
      0.6722753099858364,
      0.6742799436878198
    ]
  },
  "Mean_MAE": 116801.31447354126,
  "Mean_MRE": 74.80230809529273,
  "Mean_MBRE": 19.973551639442416,
  "Mean_MIBRE": 0.731538165408708,
  "Median_MAE": 116111.02620417967,
  "Median_MRE": 74.02691975216342,
  "Median_MBRE": 5.129364201549645,
  "Median_MIBRE": 0.7173846793479935,
  "Runs": [
    {},
    {},
    {},
    {},
    {},
    {},
    {},
    {},
    {},
    {},
    {},
    {},
    {},
    {},
    {},
    {},
    {},
    {},
    {},
    {},
    {},
    {},
    {},
    {},
    {},
    {},
    {},
    {},
    {},
    {}
  ]
}