{
  "Metrics": {
    "MAE": [
      128395.65517526712,
      132613.45548594013,
      135961.7234083361,
      133531.32599704797,
      137172.5093041882,
      137553.13513598285,
      136786.42386871405,
      136302.70005070468,
      128787.905662075,
      135484.87487267933,
      134502.43910960984,
      136122.41912237834,
      135102.7147108689,
      135963.66694897294,
      135352.60536487942,
      133578.36249036575,
      136686.44464688937,
      90863.68631022153,
      132626.73288524523,
      129489.7089918729,
      135358.2320636742,
      110497.62934785722,
      133479.250453423,
      135829.22021701914,
      135516.67679895024,
      137788.99953621428,
      133381.07896028424,
      136490.79033609654,
      135305.9589247591,
      138734.51160599597
    ],
    "MRE": [
      75.81854365233751,
      84.886238317949,
      84.41135346676118,
      81.6724398805451,
      89.7705330078728,
      88.89861912317075,
      91.34953085399925,
      93.48600872012959,
      85.90033309496012,
      84.72893750350292,
      87.45073943313682,
      88.60605938061788,
      91.5875653542652,
      87.65394956048051,
      82.67910987141288,
      79.05940215079102,
      84.48272620444949,
      86.31274295120619,
      79.38828665537942,
      80.76716991109178,
      88.52494933570124,
      82.67834413198324,
      86.49547945375727,
      86.55318758656604,
      83.16415019158929,
      88.2139392882444,
      76.87623759538663,
      77.66138305205828,
      85.88522346669774,
      90.77106313073031
    ],
    "MBRE": [
      61.395501047862744,
      -533.1856149486225,
      264.45205604149606,
      65.13320597891769,
      -2669.1408289976985,
      162.12105584433615,
      -18.508272797549125,
      -22.410986096645786,
      -500.17408823452195,
      53.16204674398166,
      129.35270005525598,
      64.98710094513558,
      54.52030001612345,
      43.662452438320145,
      77.56480770144472,
      253.3982085441765,
      62.22018720561897,
      263.67223712532746,
      108.3047718892121,
      205.2360110199554,
      39.52213076111925,
      -94.7057088005592,
      55.76420623191902,
      60.20507902289204,
      53.070341073883306,
      114.5860128713143,
      121.45622221617299,
      144.15795997611679,
      53.723121525706894,
      120.59453716993514
    ],
    "MIBRE": [
      0.7569822882889562,
      0.8488076356170814,
      0.8441135346676119,
      0.8166706388845814,
      0.897705330078728,
      0.8886407226264177,
      0.9134953085399925,
      0.9348600872012959,
      0.8241327858592926,
      0.8472893750350292,
      0.8740700336063985,
      0.8860599253787811,
      0.915875653542652,
      0.8763325488609551,
      0.8267910987141287,
      0.7904801921082063,
      0.8448272620444949,
      0.8368891032683153,
      0.7938828519309293,
      0.8075637955240381,
      0.8852494933570123,
      0.8243391649379926,
      0.8649547945375727,
      0.8655318758656604,
      0.8316415019158928,
      0.882139392882444,
      0.768759584013506,
      0.7763727632187459,
      0.8588522346669774,
      0.9077106313073031
    ]
  },
  "Mean_MAE": 132508.6945928838,
  "Mean_MRE": 85.1911415442258,
  "Mean_MBRE": -40.19544154764576,
  "Mean_MIBRE": 0.8497007202826997,
  "Median_MAE": 135355.4187142768,
  "Median_MRE": 85.89277828082894,
  "Median_MBRE": 61.80784412674086,
  "Median_MIBRE": 0.8480485053260554,
  "Runs": [
    {},
    {},
    {},
    {},
    {},
    {},
    {},
    {},
    {},
    {},
    {},
    {},
    {},
    {},
    {},
    {},
    {},
    {},
    {},
    {},
    {},
    {},
    {},
    {},
    {},
    {},
    {},
    {},
    {},
    {}
  ]
}