{
  "Metrics": {
    "MAE": [
      161595.87670521278,
      163908.00118527,
      162553.1816109403,
      182250.90766089878,
      129301.76271570179,
      152585.85600453525,
      119930.57981987635,
      139468.64198560567,
      128799.70099440274,
      171495.9802360696,
      154717.63405159363,
      139097.52317246312,
      82111.1820806012,
      165601.26790198902,
      158292.60959807862,
      155313.09390577875,
      164569.42062772636,
      172676.63179944007,
      184765.00006564468,
      138583.60469109492,
      168920.98560096274,
      63696.75864799182,
      107206.24382396966,
      165872.15811250044,
      162328.30380059645,
      132652.04183392998,
      159795.57932074604,
      144628.38017478483,
      136158.4474259637,
      129519.21730406352
    ],
    "MRE": [
      496.8684612875213,
      417.9270901421182,
      431.85727214766223,
      582.7866145826213,
      202.17208832028558,
      357.153327014548,
      248.3816715933253,
      353.69577713246036,
      319.04457620308614,
      481.61391687069164,
      413.1533636637024,
      377.87205070510214,
      140.46512783003965,
      444.937274230867,
      510.082982739108,
      454.77727460130177,
      425.1816651249647,
      438.5938575975364,
      571.5102941773042,
      348.903082151425,
      512.8633562079589,
      111.20977751618979,
      181.58394354674328,
      434.94004913501357,
      455.8638535959094,
      259.87885019286773,
      547.8941032405401,
      305.1452087245635,
      311.1234715823786,
      280.9456053461856
    ],
    "MBRE": [
      5.348165687662108,
      4.512292077580405,
      4.77323822120917,
      6.257245450833984,
      2.7349605347339723,
      4.496418821485235,
      2.740278559750191,
      3.9509728185640753,
      3.496126929465613,
      5.2442780546810335,
      4.470056285794035,
      4.242785191017573,
      1.5754961407572097,
      5.1508049163784,
      5.478831149549603,
      4.9635952500836815,
      4.723588862678917,
      6.089400173483307,
      6.082259446481761,
      3.887435833567704,
      5.538362792120214,
      1.2610394171754056,
      1.972973909678334,
      4.7357040243559325,
      5.072512153815713,
      3.1560757446369885,
      5.773461571643635,
      3.5200764642142848,
      3.393299721835778,
      3.1800288122019658
    ],
    "MIBRE": [
      0.6598913675778989,
      0.6783490159537146,
      0.7020401412314139,
      0.7332794752744614,
      0.5388539935416098,
      0.6580021821726025,
      0.5731142516982294,
      0.6178561567709555,
      0.6134385830535356,
      0.7481856130232237,
      0.5154166013232351,
      0.5715746115245276,
      0.5106690612714676,
      0.6483169655030225,
      0.599120648226313,
      0.6475106593288803,
      0.7292554192184603,
      0.6489278250873575,
      0.7616616484418957,
      0.6311224116965037,
      0.6843662591778052,
      0.3960344575290957,
      0.4918015751681587,
      0.713888351255188,
      0.6698037356646583,
      0.6395981785294074,
      0.5948376784579482,
      0.5684021333542376,
      0.5582710698491807,
      0.5458776738456623
    ]
  },
  "Mean_MAE": 146613.21909528112,
  "Mean_MRE": 380.6141995734673,
  "Mean_MBRE": 4.2607255005812075,
  "Mean_MIBRE": 0.6216489248250217,
  "Median_MAE": 155015.3639786862,
  "Median_MRE": 415.54022690291026,
  "Median_MBRE": 4.50435544953282,
  "Median_MIBRE": 0.6353602951129556,
  "Runs": [
    {},
    {},
    {},
    {},
    {},
    {},
    {},
    {},
    {},
    {},
    {},
    {},
    {},
    {},
    {},
    {},
    {},
    {},
    {},
    {},
    {},
    {},
    {},
    {},
    {},
    {},
    {},
    {},
    {},
    {}
  ]
}