{
  "Metrics": {
    "MAE": [
      123057.35798424867,
      122657.7657453017,
      123903.43343555968,
      122803.2971917587,
      126223.69665042777,
      125606.43406048976,
      122596.24936441985,
      125170.1785001552,
      121840.30306636721,
      122864.51452315041,
      121871.42371812479,
      124131.77919343916,
      122093.38469047827,
      124426.68331659766,
      122795.69733215104,
      122286.3274069987,
      124874.55448979164,
      124458.66210827677,
      121637.14014482447,
      123254.54098873558,
      123025.34146340485,
      122657.6556755545,
      120344.26067057298,
      122709.74190715681,
      123965.63266153279,
      125230.05878176022,
      121575.15963875862,
      123991.52037989811,
      122702.26414570054,
      125460.64478656753
    ],
    "MRE": [
      60.338994642004806,
      65.26449544419471,
      54.31346369441583,
      64.22451052418498,
      61.38939698725565,
      59.418296582429484,
      51.6658694327913,
      66.44648006045115,
      54.81087090250709,
      52.53480606515579,
      52.66775348061298,
      61.713049741737805,
      65.1647833107501,
      65.51485733564131,
      51.01164258099803,
      58.203204833289114,
      64.5153170385065,
      64.67170427114574,
      65.67539182400401,
      53.63506150322161,
      61.118406860295885,
      62.91288029230824,
      60.83933077754446,
      52.94276047197932,
      60.87045938753908,
      59.40142444928481,
      54.448404750363636,
      57.318302527403056,
      66.54351623750708,
      58.72332199948135
    ],
    "MBRE": [
      5.076504630593705,
      4.793502946213877,
      5.042577013411159,
      4.962160436503967,
      5.135512405083226,
      5.203046071963949,
      4.621924847203277,
      4.9990229456994255,
      4.511462431908734,
      5.0545933549086435,
      4.3631812444733225,
      4.8586936979629245,
      4.481305071884484,
      5.056917526347876,
      4.6122839846893555,
      4.659085472033192,
      4.8172435401175155,
      4.914326513041368,
      4.676510080385871,
      4.99123859476383,
      4.545392882834183,
      4.469235835984092,
      4.342989248708124,
      4.8495492834592,
      4.805338681579365,
      5.074264257484897,
      4.5841400274735875,
      4.525515248479158,
      4.684468002377287,
      5.144404968478272
    ],
    "MIBRE": [
      0.4696535093991235,
      0.4786616431801316,
      0.45108033975013634,
      0.47956764180537975,
      0.4739081539033381,
      0.4690915792660784,
      0.4375916462282953,
      0.4894854277631094,
      0.4461821218531033,
      0.44302670967300445,
      0.43628486077470996,
      0.4712272478846795,
      0.4784574867265443,
      0.48334420519408344,
      0.43511269346200293,
      0.4600353538077653,
      0.48267527271869876,
      0.48025783645132925,
      0.4776168913197855,
      0.4475669946579322,
      0.4680310052831613,
      0.4713456760693777,
      0.4664915844525508,
      0.44578563313627706,
      0.4718876414523097,
      0.4715073710201871,
      0.4440790752548501,
      0.45705032167779336,
      0.483486442615179,
      0.47494124487940703
    ]
  },
  "Mean_MAE": 123340.5234674068,
  "Mean_MRE": 59.60995860030017,
  "Mean_MBRE": 4.7952130415349306,
  "Mean_MIBRE": 0.46484778705534413,
  "Median_MAE": 122944.92799327764,
  "Median_MRE": 60.589162709774634,
  "Median_MBRE": 4.81129111084844,
  "Median_MIBRE": 0.47044037864190147,
  "Runs": [
    {},
    {},
    {},
    {},
    {},
    {},
    {},
    {},
    {},
    {},
    {},
    {},
    {},
    {},
    {},
    {},
    {},
    {},
    {},
    {},
    {},
    {},
    {},
    {},
    {},
    {},
    {},
    {},
    {},
    {}
  ]
}