{
  "Metrics": {
    "MAE": [
      122702.82275267047,
      121970.65459552738,
      124308.71912649368,
      121687.20697414898,
      125798.05471079018,
      125746.21639949751,
      124216.08785018852,
      124014.81605423572,
      123082.85048925874,
      123576.52594529426,
      124061.28092401041,
      124085.35343175501,
      121966.31264815769,
      123942.09791949739,
      124065.920841764,
      122811.93724110386,
      124553.30497861751,
      124567.88028995498,
      121114.71093361336,
      123226.091904204,
      122950.31666366292,
      122757.96962030798,
      120765.66086719888,
      123166.5684684223,
      123179.11165167388,
      124545.3216549784,
      122243.18906240218,
      124905.21692238693,
      122233.75411190855,
      124073.3100583956
    ],
    "MRE": [
      61.37831561927729,
      66.93433487449066,
      61.44862567457013,
      57.01835055737931,
      59.80912706194673,
      56.74936279678897,
      61.75392860686887,
      55.9607447535479,
      65.96411739427836,
      60.946336734661344,
      64.6830555941421,
      62.26144891151195,
      63.936143955367356,
      63.000976073909435,
      60.40071192845912,
      63.84365467105738,
      60.47990373461093,
      64.59910062540042,
      65.6945846677404,
      54.67730922539447,
      61.48785458936579,
      64.17962057747093,
      62.15239248198721,
      53.99014978515076,
      53.71850518602517,
      55.20258894636388,
      58.26520535906483,
      58.95545189785635,
      62.171063278276485,
      51.03943994120207
    ],
    "MBRE": [
      4.758153831868342,
      4.204855234713393,
      4.826836603752014,
      4.70357672760187,
      4.890700846568293,
      5.563051637508893,
      5.068451998141231,
      5.135741515010248,
      4.545635061607163,
      4.832500231508542,
      4.845523326023084,
      4.815796199537997,
      4.476115324275067,
      4.743547678050545,
      4.788740863652527,
      4.5655273123514535,
      5.010049930725057,
      4.9341850991724945,
      4.342002176830535,
      4.8383743694492045,
      4.530589396675141,
      4.5267972036253985,
      4.55103018463738,
      5.091913074038634,
      4.84175643693433,
      5.018088023324178,
      4.739691768642767,
      4.983657116006772,
      4.812936641258146,
      4.896264832123352
    ],
    "MIBRE": [
      0.4710756542908785,
      0.4798000970641144,
      0.47177500073847733,
      0.45624524321836035,
      0.4683298541069229,
      0.46340204770144583,
      0.4745184381408825,
      0.45528245993779337,
      0.4803271714398155,
      0.4723011769012657,
      0.4818460086266382,
      0.4724025882697536,
      0.47613861841676475,
      0.47823876162371726,
      0.4707089510328015,
      0.47671265282460046,
      0.4698870117604152,
      0.4818446544276773,
      0.4758316039305951,
      0.45165042276435363,
      0.46854586417563865,
      0.4744677729674931,
      0.47209550037660164,
      0.45175634954984273,
      0.4473641408164993,
      0.4540579980709128,
      0.45967043211237346,
      0.4671168779590426,
      0.4705944399358636,
      0.43994431853882204
    ]
  },
  "Mean_MAE": 123410.64216973734,
  "Mean_MRE": 60.42341351680555,
  "Mean_MBRE": 4.796069688187136,
  "Mean_MIBRE": 0.46779773705734556,
  "Median_MAE": 123401.30892474913,
  "Median_MRE": 61.41347064692371,
  "Median_MBRE": 4.821316401645006,
  "Median_MIBRE": 0.47089230266184,
  "Runs": [
    {},
    {},
    {},
    {},
    {},
    {},
    {},
    {},
    {},
    {},
    {},
    {},
    {},
    {},
    {},
    {},
    {},
    {},
    {},
    {},
    {},
    {},
    {},
    {},
    {},
    {},
    {},
    {},
    {},
    {}
  ]
}