{
  "Metrics": {
    "MAE": [
      122417.9215280579,
      121904.24949657536,
      124016.61937566275,
      122050.39058252009,
      125928.5966904583,
      125452.62801120958,
      124068.9659086634,
      124008.82788300722,
      122690.41812900666,
      123672.15261399814,
      123846.84095247567,
      124127.76904176098,
      121863.8487232418,
      123613.5535479497,
      124196.82807961166,
      122799.27209554349,
      124017.23840706809,
      124345.13069100627,
      121300.28893258324,
      123332.75657894374,
      123260.41429819349,
      122937.692400192,
      120848.02406604652,
      123088.85289577658,
      123481.26542338535,
      124762.50472173023,
      122347.67955036652,
      125188.29403000372,
      122311.29625701006,
      124541.10331621543
    ],
    "MRE": [
      58.022669257078974,
      65.54940256512725,
      57.719314497104726,
      60.88314746039756,
      60.15384075767712,
      56.55473454179793,
      59.93557927424149,
      57.729082361895415,
      62.422767087415,
      60.244333895688754,
      63.23185140736249,
      60.95715124988978,
      62.23858260526273,
      59.27191661464416,
      61.62420890146745,
      63.13567841946911,
      59.93583416772176,
      61.589386863964414,
      66.29745501434029,
      56.83482351134499,
      64.20593202114108,
      66.16782861756228,
      61.92378511966579,
      55.9962231400623,
      57.29191673554958,
      58.32448932955874,
      58.94100957148025,
      61.298525822612895,
      63.9090428800412,
      52.04982892827212
    ],
    "MBRE": [
      4.762356435595419,
      4.262711434857501,
      4.861614987364094,
      4.646463362827506,
      4.947892336612432,
      5.284046834684185,
      5.066717881702365,
      4.96832774748095,
      4.562749133701546,
      4.934631392128578,
      4.780471581933798,
      4.915057755346193,
      4.561364397914806,
      4.779707571792388,
      4.8181277303718755,
      4.589509962145144,
      4.685609097019337,
      4.9271521436694545,
      4.385481650856623,
      4.744609867899331,
      4.512761339635817,
      4.514337721413864,
      4.61825679349782,
      4.930132833040199,
      4.793298577230554,
      4.973403077354345,
      4.7316291240711905,
      4.971008427535129,
      4.711173582303319,
      5.1241089008407865
    ],
    "MIBRE": [
      0.46216526435486244,
      0.4763994712283269,
      0.46167082735156223,
      0.46866105059907914,
      0.4704299582541727,
      0.4616564840691076,
      0.4699399951422691,
      0.4608819586515002,
      0.47048589988740724,
      0.4717415465932776,
      0.47816364792025545,
      0.47021938952068315,
      0.47087761248294613,
      0.4678289267117027,
      0.4740863053041804,
      0.4754040042126238,
      0.4655382739968852,
      0.4750941226931715,
      0.4789538114042036,
      0.45875723658782286,
      0.47682292685887323,
      0.48027181488175796,
      0.4719841780108122,
      0.4565676822758398,
      0.46004094330499634,
      0.46333569687765075,
      0.46246372703975963,
      0.47515286381152283,
      0.4754906040875101,
      0.44644966355305804
    ]
  },
  "Mean_MAE": 123414.04747427547,
  "Mean_MRE": 60.481344753994584,
  "Mean_MBRE": 4.778823789427552,
  "Mean_MIBRE": 0.4685845295889273,
  "Median_MAE": 123547.40948566754,
  "Median_MRE": 60.56374067804316,
  "Median_MBRE": 4.780089576863093,
  "Median_MIBRE": 0.47032467388742794,
  "Runs": [
    {},
    {},
    {},
    {},
    {},
    {},
    {},
    {},
    {},
    {},
    {},
    {},
    {},
    {},
    {},
    {},
    {},
    {},
    {},
    {},
    {},
    {},
    {},
    {},
    {},
    {},
    {},
    {},
    {},
    {}
  ]
}