{
  "Metrics": {
    "MAE": [
      123103.62303973138,
      122180.11044001764,
      123717.85565805445,
      122510.63600851364,
      125766.17258095629,
      125539.87409360151,
      123055.97187545676,
      124521.08570977776,
      122287.6065901982,
      123130.14866128755,
      122765.65570759565,
      123657.8399876811,
      122001.9183088383,
      123924.67181128972,
      123278.84735248807,
      122944.68774844687,
      124743.35505702341,
      123932.94052607277,
      121271.4117186019,
      123307.26573697159,
      123044.39626888915,
      122018.67882090819,
      120565.86822513642,
      122970.69248482169,
      123697.85498281199,
      124537.82444321051,
      122152.63356861299,
      124854.57890129864,
      122627.34187426647,
      124825.6352611928
    ],
    "MRE": [
      60.70388302658757,
      62.62568953103985,
      53.828952310485676,
      63.72652145913027,
      58.562083099152616,
      58.162070863456684,
      56.62075194568489,
      62.862400868742974,
      59.65279832312199,
      55.56202177730681,
      57.180219458191964,
      60.21434296328974,
      63.00569636885621,
      61.87608202238408,
      54.05772015631538,
      61.95943409559849,
      63.81583029207243,
      61.42215896211752,
      64.7230163663643,
      54.70943146546537,
      60.35585017033128,
      58.633101035185376,
      59.75515967923931,
      55.01338928972223,
      58.42399489599407,
      55.75114130361424,
      57.340162599615,
      61.10863564300659,
      65.67315190551648,
      53.591663461047176
    ],
    "MBRE": [
      4.990461695119806,
      4.609891083364324,
      4.934389511102205,
      4.818850528574735,
      4.939186632334633,
      5.249415205113615,
      4.544189681922657,
      4.830955925621141,
      4.501215250967487,
      4.99091199708737,
      4.57234582472583,
      4.654332781149852,
      4.608605073336949,
      4.9784012575826635,
      4.656730406922586,
      4.842486003486583,
      4.847202341509717,
      4.730972851906204,
      4.490129178454079,
      4.909848112484533,
      4.628409116167696,
      4.378967611283449,
      4.572904415091216,
      4.928382513113275,
      4.879453202300131,
      4.91772157304342,
      4.71182471674516,
      4.760719947893395,
      4.725040340809985,
      5.174730477191131
    ],
    "MIBRE": [
      0.4724156744154172,
      0.4713850279341741,
      0.44827993761337404,
      0.4769621274565998,
      0.4657628883433517,
      0.46642439913888967,
      0.4566045208076891,
      0.47765424242778404,
      0.46167194691711966,
      0.45429839726459353,
      0.45580406177669297,
      0.46541427074753955,
      0.4730812131790943,
      0.47296833445845704,
      0.44858883691196844,
      0.4727820260873272,
      0.479069310093943,
      0.47126720823415275,
      0.47423420923765564,
      0.4522208084673039,
      0.46666715745245035,
      0.45829174300763575,
      0.4656607974004969,
      0.4525203742570578,
      0.4637057616114206,
      0.4564278048317982,
      0.45669361540734543,
      0.4729224388566107,
      0.4815427767175671,
      0.45399958410233726
    ]
  },
  "Mean_MAE": 123297.90611479177,
  "Mean_MRE": 59.36391184462123,
  "Mean_MBRE": 4.7792891752135285,
  "Mean_MIBRE": 0.4648440498385949,
  "Median_MAE": 123116.88585050945,
  "Median_MRE": 59.703979001180656,
  "Median_MBRE": 4.7897852382340655,
  "Median_MIBRE": 0.4657118428719243,
  "Runs": [
    {},
    {},
    {},
    {},
    {},
    {},
    {},
    {},
    {},
    {},
    {},
    {},
    {},
    {},
    {},
    {},
    {},
    {},
    {},
    {},
    {},
    {},
    {},
    {},
    {},
    {},
    {},
    {},
    {},
    {}
  ]
}