{
  "Metrics": {
    "MAE": [
      84.15089135259429,
      105.43754485552412,
      90.49193111376688,
      75.48007857898041,
      114.62995966695006,
      71.8117095982282,
      107.8230954877899,
      114.05731007162524,
      59.78000842563871,
      119.1189940909744,
      101.22443952832258,
      141.39604504095857,
      89.38048600303125,
      89.77652349963874,
      58.872328535826874,
      82.41720452638755,
      89.04696901686012,
      78.04938474032589,
      93.57285623888126,
      95.01418017573914,
      87.55584940687794,
      80.27635312797813,
      100.54085520894627,
      82.88234030528346,
      76.67353643045284,
      101.90588425571762,
      90.26293903133394,
      66.36040400804573,
      72.89001874542988,
      87.96124116253837
    ],
    "MRE": [
      16.633336990595648,
      30.92319464536712,
      17.52769795334917,
      18.992145191633135,
      29.162006814296255,
      14.13918865654231,
      28.072518082645313,
      35.17919568234187,
      14.437212826129956,
      31.696283807244747,
      23.688765055793066,
      28.565026237700643,
      21.39623323024961,
      21.369673211851318,
      14.136243818730534,
      19.103818625234386,
      20.54603503458258,
      18.038204424644917,
      18.555296162235603,
      24.684697908682132,
      18.98959491002586,
      20.786510017207835,
      29.02592142527877,
      18.080490472762165,
      14.541671270793465,
      29.05167827588076,
      22.141564294719736,
      14.033320820433595,
      17.282589567700374,
      18.73727458792491
    ],
    "MBRE": [
      0.20223418808032653,
      0.3178090647881176,
      0.22384913220639474,
      0.20091298815700065,
      0.3206368427611214,
      0.16361881042389606,
      0.30318721032007034,
      0.35599986816368073,
      0.15994654149587492,
      0.3450145674317162,
      0.2577959031602783,
      0.40371405311320047,
      0.22945334049232757,
      0.2368909602306164,
      0.15749746522483085,
      0.20958003762336158,
      0.23103451578606232,
      0.1976075830534968,
      0.23234459095866064,
      0.2537291614052501,
      0.2207682964995802,
      0.22496440972730586,
      0.3009627536214268,
      0.20585891083778352,
      0.17330157640815982,
      0.2994164262573718,
      0.23904709287783402,
      0.15871958737842573,
      0.19462607954344627,
      0.2156640962845532
    ],
    "MIBRE": [
      0.15121710602600302,
      0.20052325740718563,
      0.16721796929228167,
      0.15567857451807843,
      0.2170689162160957,
      0.1283272970670805,
      0.20669564285360412,
      0.20979923321475397,
      0.12858781725797272,
      0.22742213040927478,
      0.1911394594399647,
      0.25839725745179326,
      0.1730850654736958,
      0.17555269787271416,
      0.12734272589999016,
      0.1564751105487261,
      0.16808060236907207,
      0.1499501260655892,
      0.16743925110995186,
      0.1823682838682045,
      0.16820530782376789,
      0.16236828986116567,
      0.1956755052351606,
      0.15835385146670342,
      0.13444695965842082,
      0.20053316643026564,
      0.17599903663626296,
      0.12843464607746052,
      0.15016514813546508,
      0.16571164455691353
    ]
  },
  "Mean_MAE": 90.29471207435496,
  "Mean_MRE": 21.65057966675259,
  "Mean_MBRE": 0.24120620181040567,
  "Mean_MIBRE": 0.17274206934145392,
  "Median_MAE": 89.21372750994568,
  "Median_MRE": 19.824926829908485,
  "Median_MBRE": 0.22720887510981672,
  "Median_MIBRE": 0.16775992673951196,
  "Runs": [
    {},
    {},
    {},
    {},
    {},
    {},
    {},
    {},
    {},
    {},
    {},
    {},
    {},
    {},
    {},
    {},
    {},
    {},
    {},
    {},
    {},
    {},
    {},
    {},
    {},
    {},
    {},
    {},
    {},
    {}
  ]
}