{
  "Metrics": {
    "MAE": [
      72.03628951528829,
      55.19612481262818,
      82.56343932543352,
      62.874268132390185,
      80.57095792050914,
      60.3745074753374,
      84.69311010981873,
      71.31157950390323,
      60.92433343358717,
      62.40766630220966,
      50.27486186767965,
      77.15762621850878,
      80.3027442269827,
      62.40392774396273,
      52.28983458285298,
      58.36240203134915,
      44.109504143564294,
      85.83300559051997,
      64.37587362587948,
      57.72693676257125,
      59.53238245696975,
      72.96975288830856,
      45.150417620736825,
      50.86032072966291,
      72.04079683997963,
      100.97535229944172,
      55.257225133027404,
      42.799404344479896,
      47.276365152748276,
      88.2732300594903
    ],
    "MRE": [
      16.080498055123734,
      14.764636083805415,
      15.239742702140607,
      12.337399154774426,
      23.74103882630065,
      11.523506514072304,
      20.71822195378974,
      19.69005925071276,
      14.496865184894304,
      14.927472066173053,
      11.269618226110195,
      14.20572378822309,
      19.573035056749422,
      12.832704625812278,
      13.300516905841711,
      13.776958591446341,
      9.193085587943015,
      20.97312401292758,
      11.806690284473861,
      14.132358217275797,
      13.526466312846189,
      17.001828099129273,
      11.104837925143617,
      10.05316467702145,
      13.660928955401669,
      28.564451306139553,
      13.79833681791668,
      8.226160220166397,
      10.005152270890047,
      21.227948404762014
    ],
    "MBRE": [
      0.17538461660885415,
      0.1497897211665829,
      0.19702400797714428,
      0.14227136399780443,
      0.24217036012975637,
      0.1333703117055071,
      0.2257546305644041,
      0.19967119689613266,
      0.15777492611692334,
      0.1590670522263084,
      0.11844527364567385,
      0.1801636542629617,
      0.2067887872309673,
      0.14471637470526355,
      0.13961652177323666,
      0.1460431646923568,
      0.0957242748570237,
      0.2302860948621355,
      0.14283502253524183,
      0.1429735361635005,
      0.14872895695711702,
      0.1870362103548194,
      0.11356841419615814,
      0.11078428865998792,
      0.16453067283483755,
      0.2928344979797255,
      0.14391013152154392,
      0.0908448031501892,
      0.10374550487967021,
      0.22970857605128878
    ],
    "MIBRE": [
      0.13768803507585545,
      0.12000619467404,
      0.14826854251554325,
      0.11567269833341919,
      0.16063861318855688,
      0.10855292865094225,
      0.1664272418908096,
      0.14046008796871248,
      0.12497080108893564,
      0.12708506451804794,
      0.10102738782385456,
      0.13772230182360745,
      0.157465161665795,
      0.11748236747020883,
      0.11163393519923014,
      0.11768670308329832,
      0.08310031698987765,
      0.16184501486896327,
      0.11346857199560434,
      0.1180012506663706,
      0.11864517277355344,
      0.14228860898369058,
      0.09655466172412787,
      0.09258335490268478,
      0.1282085616649304,
      0.19610085376114622,
      0.11542640763105354,
      0.07889565374179675,
      0.0885028328627006,
      0.17398163002371198
    ]
  },
  "Mean_MAE": 65.36414136166073,
  "Mean_MRE": 15.058417669266905,
  "Mean_MBRE": 0.1638520982901039,
  "Mean_MIBRE": 0.12667969858536898,
  "Median_MAE": 62.405797023086194,
  "Median_MRE": 13.96534751759624,
  "Median_MBRE": 0.14925933906184996,
  "Median_MIBRE": 0.11932568372379672,
  "Runs": [
    {},
    {},
    {},
    {},
    {},
    {},
    {},
    {},
    {},
    {},
    {},
    {},
    {},
    {},
    {},
    {},
    {},
    {},
    {},
    {},
    {},
    {},
    {},
    {},
    {},
    {},
    {},
    {},
    {},
    {}
  ]
}