{
  "Metrics": {
    "MAE": [
      64.83314773593176,
      54.97822655547943,
      71.00694793484043,
      62.22768775766958,
      77.22468050827248,
      57.12719912797601,
      70.35253270495865,
      68.15105177313822,
      57.759172181798576,
      47.814129813341005,
      48.22043718329866,
      72.27387366961499,
      74.09008730168891,
      57.87179054609994,
      49.33418204310468,
      52.4365852716992,
      43.10782331512623,
      79.53664632779602,
      76.93932076211338,
      59.13348688449596,
      68.35509494774246,
      69.30630888362778,
      48.267574943120515,
      47.47249192236693,
      74.19163508460524,
      101.62088803066855,
      52.9428607165675,
      37.38744919511152,
      48.21208695049559,
      83.22340054026273
    ],
    "MRE": [
      14.737433950199492,
      14.259666875275661,
      13.767083103784246,
      12.395769043014722,
      22.94259809647567,
      11.288541792234245,
      16.699110190360322,
      18.120982739803637,
      13.948885337792372,
      10.92834149272553,
      10.70937376122006,
      13.650872709495381,
      17.953971181793225,
      11.764006081006775,
      12.27009391969842,
      12.0324651885554,
      9.007953017002643,
      19.740983331314762,
      14.671416567378625,
      14.262953278044238,
      16.293451974102393,
      16.395737099694603,
      11.36013252428658,
      10.714106129188426,
      14.03517608687666,
      28.841449351470523,
      12.566173146660875,
      7.366551379647408,
      9.76840958991267,
      20.486643067011745
    ],
    "MBRE": [
      0.1563302925906962,
      0.14658605786699272,
      0.16674886473812114,
      0.14266537887328987,
      0.23656288411620058,
      0.12888222472263583,
      0.18049367084206847,
      0.18465698720189178,
      0.15191066937119976,
      0.11730633282678452,
      0.11231370935503955,
      0.1682190592314575,
      0.18921153957051187,
      0.13210724471536975,
      0.1285658332105527,
      0.126851151698098,
      0.09328410178759006,
      0.21294886225051113,
      0.18398010834243506,
      0.14614305032440064,
      0.17735392732458782,
      0.17930484709130748,
      0.11817365088745979,
      0.11301247718814834,
      0.17134419367574094,
      0.2936768823361933,
      0.13352604463074183,
      0.08077765890894886,
      0.10136911039776121,
      0.21750991154663848
    ],
    "MIBRE": [
      0.12534247376857083,
      0.11627668773596794,
      0.131851832548982,
      0.11559304521686237,
      0.15649929454429493,
      0.1072904817370186,
      0.14036280805823623,
      0.13510869677493878,
      0.120435358628435,
      0.09896919091013087,
      0.0952325063956726,
      0.13117632925339698,
      0.14607946149922588,
      0.1093934978827807,
      0.104918082133686,
      0.10579786069999758,
      0.08131804012211469,
      0.15417655486888732,
      0.14087935166990304,
      0.11748857771722543,
      0.1386232203369183,
      0.13763066441241903,
      0.09958591540359811,
      0.09541077954864795,
      0.13196791947395276,
      0.19571240666143092,
      0.10747194267615356,
      0.07125195133648951,
      0.08608205263521644,
      0.1655052163235125
    ]
  },
  "Mean_MAE": 62.51329335376709,
  "Mean_MRE": 14.432677733534247,
  "Mean_MBRE": 0.15639389092077918,
  "Mean_MIBRE": 0.12211440669915556,
  "Median_MAE": 60.68058732108277,
  "Median_MRE": 13.85798422078831,
  "Median_MBRE": 0.14924836361909624,
  "Median_MIBRE": 0.11896196817283022,
  "Runs": [
    {},
    {},
    {},
    {},
    {},
    {},
    {},
    {},
    {},
    {},
    {},
    {},
    {},
    {},
    {},
    {},
    {},
    {},
    {},
    {},
    {},
    {},
    {},
    {},
    {},
    {},
    {},
    {},
    {},
    {}
  ]
}