{
  "Metrics": {
    "MAE": [
      190.53779120727899,
      129.65549342499796,
      131.42028923879087,
      139.87297954144157,
      128.6979179649254,
      261.1436798345604,
      154.5626670702381,
      143.16441371289432,
      230.50329361479996,
      129.16905137652554,
      299.8721544599356,
      119.33759776398442,
      176.86371730134655,
      170.91906523267346,
      169.516366119549,
      102.83650529087848,
      145.62974122843445,
      232.59453245604217,
      151.3917339185101,
      144.60080890244478,
      177.57977273560425,
      236.1626641921884,
      113.33960444775498,
      177.74725806764548,
      272.1309919794306,
      160.51124324168504,
      247.4506534067996,
      116.00304212486193,
      210.34798889428808,
      170.44402181992334
    ],
    "MRE": [
      22.12629441499502,
      21.3192377176807,
      19.673638780231702,
      18.25187579319558,
      21.90509966432416,
      30.54581288366009,
      23.997285208599045,
      23.61774903259906,
      39.535064158693814,
      22.733642934888945,
      53.2840825188536,
      19.40717549197254,
      27.942764088780248,
      26.800823249184276,
      30.42787815928082,
      17.77690463790437,
      21.213423105644083,
      29.868116935626905,
      24.31203232286659,
      21.250091487883275,
      28.57618329307642,
      26.292398601433494,
      21.4301640279404,
      28.636311373544387,
      31.787107228161638,
      27.949169690124904,
      34.120353261818664,
      20.382635515809522,
      26.635808413496463,
      26.065010094889256
    ],
    "MBRE": [
      0.28939249103482345,
      0.23822957266624462,
      0.223162310466704,
      0.21829916336179825,
      0.23913828126537715,
      0.43145877473707167,
      0.2687501414336888,
      0.2619995870489859,
      0.4509595053174435,
      0.2457355591260868,
      0.6479894518095802,
      0.2349799321831064,
      0.32125261859470516,
      0.3061716611404944,
      0.33086354023390724,
      0.20112894320844998,
      0.24510686336290824,
      0.38185194746336387,
      0.2763637706733082,
      0.23965460014534146,
      0.328328937401432,
      0.3677774424303358,
      0.23417594856853716,
      0.3250505740453109,
      0.5006211121260902,
      0.3020372069498181,
      0.43105505987184517,
      0.22150977281440803,
      0.33806420255858727,
      0.304960829752203
    ],
    "MIBRE": [
      0.1847485433188666,
      0.16686012705300204,
      0.15878216899113298,
      0.15293498303729886,
      0.16789451975628394,
      0.23822539817959615,
      0.17769867749315582,
      0.1812686639527317,
      0.23812831087187,
      0.16946140112055427,
      0.29802489527905,
      0.15700872632216326,
      0.207795133627773,
      0.20275921242003872,
      0.20813379584119726,
      0.14504447406009482,
      0.1680965121663738,
      0.21810451073013146,
      0.1881672949549684,
      0.16151851687104332,
      0.21067191153448817,
      0.21257968589691206,
      0.1634434722288967,
      0.2076065759638116,
      0.24556732347691337,
      0.19950986839750745,
      0.2365852018738993,
      0.15810597360128334,
      0.2071582641435622,
      0.20035457681866503
    ]
  },
  "Mean_MAE": 174.46690135234783,
  "Mean_MRE": 26.262137802905325,
  "Mean_MBRE": 0.3135356600597319,
  "Mean_MIBRE": 0.19440795733277552,
  "Median_MAE": 165.013804680617,
  "Median_MRE": 25.188521208877923,
  "Median_MBRE": 0.2957148489923208,
  "Median_MIBRE": 0.1938385816762379,
  "Runs": [
    {},
    {},
    {},
    {},
    {},
    {},
    {},
    {},
    {},
    {},
    {},
    {},
    {},
    {},
    {},
    {},
    {},
    {},
    {},
    {},
    {},
    {},
    {},
    {},
    {},
    {},
    {},
    {},
    {},
    {}
  ]
}