{
  "Metrics": {
    "MAE": [
      162.9333995051052,
      99.70509009669044,
      433.0245777559379,
      408.5841670698445,
      110.38044230936015,
      197.82166515398487,
      151.0960836655499,
      174.5354248183278,
      140.61880496755242,
      124.83650847341644,
      273.6619058501378,
      333.0932856361827,
      310.82232804667643,
      228.93291706067748,
      290.954040560972,
      231.76486770969734,
      187.72083272685,
      109.70098010813214,
      334.44871733602525,
      282.9851693825027,
      346.8953933022478,
      221.23284981345174,
      201.4386083718733,
      288.9106730708923,
      95.85139232974628,
      247.0490684578316,
      160.33696409656517,
      246.63670675601116,
      185.0604797904106,
      321.77426181888893
    ],
    "MRE": [
      25.623426261005672,
      21.897010299293367,
      73.45861773120414,
      91.08289455921653,
      19.761247287578286,
      33.873524008214275,
      26.35056489795955,
      31.296079666378716,
      24.88390933730965,
      22.03336680339187,
      57.85010750411996,
      47.071227703891644,
      50.83820676645091,
      32.88767453648291,
      60.14256442676385,
      30.69624143936399,
      25.791182476976672,
      15.92029830044848,
      63.67308454520543,
      35.40431708063518,
      61.95095591747989,
      31.097467120425375,
      31.453994729071113,
      39.711023121336495,
      21.52711669923129,
      31.863141066861722,
      29.093796230200258,
      37.39264723888111,
      33.524967389453415,
      53.5488753890596
    ],
    "MBRE": [
      0.28327770112134665,
      0.2350048611519622,
      0.7518390138426019,
      1.0541472567782357,
      0.2168835123705706,
      0.37648449753812946,
      0.28693889858528404,
      0.3413732021790558,
      0.2684668001569913,
      0.24023404146270552,
      0.6343479958409359,
      0.6393016979760208,
      0.629708225932447,
      0.4071442918483279,
      0.6762846649434587,
      0.3935794880452353,
      0.30392981448097756,
      0.17817326210720028,
      0.7533336048246215,
      0.47929563235056694,
      0.7654796142666421,
      0.38253692464056493,
      0.3700784781069069,
      0.5560216767511931,
      0.22907985228269637,
      0.42378168800149035,
      0.31830613298753896,
      0.4574737560823512,
      0.37774946257085007,
      0.6944564216473075
    ],
    "MIBRE": [
      0.19310984982917265,
      0.16241005247688084,
      0.41525785072284205,
      0.4047136147187922,
      0.1545536465660467,
      0.2251905599011724,
      0.19324791373966285,
      0.2164429896849276,
      0.18281806419192537,
      0.16946649858579702,
      0.29805601238853885,
      0.30583376188295797,
      0.3105567337244561,
      0.23797334461519243,
      0.3010492392849015,
      0.2306486058126976,
      0.20335665527754815,
      0.13376258086137707,
      0.3452092958874796,
      0.2603231640963662,
      0.3461323978877069,
      0.23621532465325523,
      0.22759692847168275,
      0.2832318610068182,
      0.16576907827788384,
      0.24354316999273135,
      0.21009578208107765,
      0.2584810929215855,
      0.23169564539803458,
      0.32461865993539873
    ]
  },
  "Mean_MAE": 230.09358686805137,
  "Mean_MRE": 38.72331768446305,
  "Mean_MBRE": 0.45749041569580723,
  "Mean_MIBRE": 0.24904534582916368,
  "Median_MAE": 225.0828834370646,
  "Median_MRE": 32.37540780167232,
  "Median_MBRE": 0.3880582063429001,
  "Median_MIBRE": 0.2339554850256449,
  "Runs": [
    {},
    {},
    {},
    {},
    {},
    {},
    {},
    {},
    {},
    {},
    {},
    {},
    {},
    {},
    {},
    {},
    {},
    {},
    {},
    {},
    {},
    {},
    {},
    {},
    {},
    {},
    {},
    {},
    {},
    {}
  ]
}