{
  "Metrics": {
    "MAE": [
      7.686070259971111,
      7.571981329283316,
      7.608274146425758,
      7.501774760420407,
      7.435294760403983,
      7.4386845921646545,
      7.919941012735154,
      7.392870978560772,
      7.9506192890115965,
      7.731684527761106,
      7.2495199249243605,
      7.5851720968680665,
      7.518868737164838,
      7.588640143086907,
      7.692997013077908,
      8.039761561817164,
      8.41259366822832,
      7.485178766329217,
      7.1651924431379515,
      7.396705286977475,
      7.618744748665499,
      7.708579482849162,
      7.493879038680721,
      7.423825126064473,
      7.009551878207497,
      7.6067416728599895,
      7.242203337736754,
      7.7458120017578205,
      7.564817508363344,
      7.652093159462555
    ],
    "MRE": [
      1.2830243688776861,
      1.47238209186191,
      1.3064087933141388,
      1.3115586148332323,
      1.2829683748826084,
      1.213724730253473,
      1.331902835898575,
      1.431144034618252,
      1.4538956765594735,
      1.399489914045057,
      1.307190869028414,
      1.3269742130042683,
      1.2915855918997967,
      1.3365676268533062,
      1.395657218150457,
      1.3784558262552764,
      1.4373351275841697,
      1.3089129655350114,
      1.2812678051541122,
      1.3677940682686915,
      1.34754644818632,
      1.298094836404908,
      1.406523587943667,
      1.2533975384581315,
      1.1934150214384827,
      1.3245388859124694,
      1.3080534332694485,
      1.291675007987403,
      1.3382027958751876,
      1.4162230855966624
    ],
    "MBRE": [
      0.013003356022870047,
      0.015041621288480567,
      0.013226782703688218,
      0.013325386110594473,
      0.012968345545227043,
      0.012241053714618885,
      0.013486223623424583,
      0.014682118332290888,
      0.014748824746829963,
      0.014258420284954963,
      0.013218501876373821,
      0.013411827956718816,
      0.013065758950590058,
      0.01350920005540745,
      0.01410624705144396,
      0.013960534241839337,
      0.014601231012451574,
      0.013298782093895673,
      0.012920529151639094,
      0.013944626259811077,
      0.013726117938219666,
      0.013104128586734041,
      0.014321976727086566,
      0.012672113118377437,
      0.0120923498628144,
      0.013490144002523323,
      0.01323808186887538,
      0.013098199314993104,
      0.013548374224514876,
      0.014419638760011106
    ],
    "MIBRE": [
      0.012679709491635301,
      0.014548585731438392,
      0.012902164477900019,
      0.0129400504695562,
      0.012661523697282727,
      0.01191670166955919,
      0.01310417061423348,
      0.014167642924153736,
      0.014342330285275798,
      0.013834414594580664,
      0.01281517453461168,
      0.013047983879368534,
      0.012704374751632637,
      0.01312964896788386,
      0.013675580575289038,
      0.013563851605054694,
      0.014182151584779555,
      0.012946994479661219,
      0.012537627639437682,
      0.013525271382870302,
      0.01332996204085002,
      0.012756889970349518,
      0.013896198612807066,
      0.012345266635640822,
      0.011758883349502617,
      0.013107836196036797,
      0.012867461311814094,
      0.012752803830336194,
      0.013172341417237042,
      0.01395187193553264
    ]
  },
  "Mean_MAE": 7.581269108433263,
  "Mean_MRE": 1.336530379598353,
  "Mean_MBRE": 0.013557683180910014,
  "Mean_MIBRE": 0.013172182288543718,
  "Median_MAE": 7.578576713075691,
  "Median_MRE": 1.3257565494583687,
  "Median_MBRE": 0.013449025790071699,
  "Median_MIBRE": 0.013076077246801007,
  "Runs": [
    {},
    {},
    {},
    {},
    {},
    {},
    {},
    {},
    {},
    {},
    {},
    {},
    {},
    {},
    {},
    {},
    {},
    {},
    {},
    {},
    {},
    {},
    {},
    {},
    {},
    {},
    {},
    {},
    {},
    {}
  ]
}