{
  "Metrics": {
    "MAE": [
      48.93699260560676,
      52.470296904761895,
      44.17131102150537,
      56.8431373110279,
      53.63508015232974,
      51.42981276993728,
      51.363183320852535,
      56.17344948812724,
      44.40711652105735,
      52.17561559027778,
      46.911987980990794,
      62.27728625560036,
      55.508044227150535,
      57.14333208333334,
      50.952695292978746,
      52.39332907146057,
      48.20280373991935,
      45.86449965133769,
      49.8045927609767,
      46.42212466621866,
      53.489844470206094,
      49.292034578693034,
      50.05376557459678,
      47.397893571908604,
      53.81100295810933,
      57.3726255045123,
      41.323535213933695,
      51.38147612727215,
      47.98897010560676,
      50.222182012768826
    ],
    "MRE": [
      8.106922909528285,
      9.64760345228273,
      7.918437184553236,
      9.679939233135617,
      8.462459936888612,
      8.90202840603561,
      8.464952292462707,
      8.965951336847548,
      7.501476606960845,
      8.779650302951927,
      8.511756356980937,
      9.070971575044236,
      8.755046853097854,
      8.728638695603939,
      8.513706283991896,
      8.79386530084559,
      8.41205538304466,
      8.193482328156607,
      8.657480529738482,
      8.006916907137612,
      8.215033553329308,
      8.436200469739026,
      8.691753598187768,
      7.759849305704597,
      8.325494890597266,
      8.455086972992703,
      7.755376952736581,
      8.370731474439278,
      8.187227094052737,
      8.788190618844482
    ],
    "MBRE": [
      0.08617678332578571,
      0.10155136455010395,
      0.08431887740472131,
      0.10253225912589632,
      0.08852376103480486,
      0.09329165617164338,
      0.08919672167398214,
      0.09580077102902151,
      0.07927234824792559,
      0.09257537780104569,
      0.09009244003665189,
      0.09572049013744546,
      0.09227773465788028,
      0.09205205223693044,
      0.09150416943372458,
      0.09164238414114674,
      0.08931127584435454,
      0.08730836736334192,
      0.09185184167327062,
      0.08367174416089154,
      0.0869299903799337,
      0.08990390150136948,
      0.09309228341784562,
      0.08316075497110198,
      0.08905318207165841,
      0.08851597434601116,
      0.08277305989686519,
      0.08922541308171617,
      0.08696493605563242,
      0.09155570540549572
    ],
    "MIBRE": [
      0.07547670955570827,
      0.0829893070456908,
      0.07320167206807031,
      0.08505716010770675,
      0.07603883880676307,
      0.07983796083613813,
      0.0767485844278991,
      0.08075866096978904,
      0.06901157593966672,
      0.07925614230289625,
      0.07627151590355054,
      0.08131087084850357,
      0.07771041023883006,
      0.0787625119691948,
      0.07674139375423727,
      0.07783904271264197,
      0.07706776414384657,
      0.07530865114479077,
      0.0785315149357244,
      0.07308126779298371,
      0.0755504504873441,
      0.07835562959309585,
      0.07845935696765105,
      0.07285497857286921,
      0.07675860390864782,
      0.07575893110360912,
      0.07195880855880854,
      0.0769641939825055,
      0.07540981538462102,
      0.07888371789560347
    ]
  },
  "Mean_MAE": 50.98066738443528,
  "Mean_MRE": 8.501942893530423,
  "Mean_MBRE": 0.08999492070593997,
  "Mean_MIBRE": 0.07706520139864628,
  "Median_MAE": 51.15793930691564,
  "Median_MRE": 8.46370611467566,
  "Median_MBRE": 0.089607588672862,
  "Median_MIBRE": 0.07686139894557666,
  "Runs": [
    {},
    {},
    {},
    {},
    {},
    {},
    {},
    {},
    {},
    {},
    {},
    {},
    {},
    {},
    {},
    {},
    {},
    {},
    {},
    {},
    {},
    {},
    {},
    {},
    {},
    {},
    {},
    {},
    {},
    {}
  ]
}