{
  "Metrics": {
    "MAE": [
      291.68586353082327,
      372.71331882258045,
      381.7624631368019,
      382.63035264980175,
      265.3752192721926,
      334.6933113309525,
      370.02340131563227,
      283.7074812347583,
      263.548962422732,
      373.0634359231526,
      323.8132924240505,
      390.5851191550284,
      384.0298308459463,
      273.080203753646,
      369.0629793444821,
      381.3121340829716,
      373.252933310741,
      291.4725779793789,
      374.03796261336043,
      321.56821634045394,
      290.50893929415975,
      329.78784952098925,
      310.2130211150981,
      380.4818629161979,
      320.89894398524655,
      323.7724990875947,
      314.88172001901927,
      333.6798211420086,
      338.6803058083894,
      286.95318836543476
    ],
    "MRE": [
      33.98827537830452,
      41.72203987898864,
      36.82860406606368,
      43.67059455046855,
      31.168213735516137,
      37.054616558713384,
      36.63816601121269,
      35.67838838049046,
      31.788909289746947,
      37.85907912577916,
      38.18917100026717,
      42.827251300730026,
      36.0698505146774,
      35.50518532995452,
      36.98986944898847,
      38.983656011288204,
      35.94410160091986,
      32.75892336500037,
      37.69986672408487,
      31.68970078621742,
      35.657018873670445,
      34.63177324215459,
      37.50249538778607,
      40.096564062445324,
      35.963501910662636,
      39.52708918788792,
      33.63026751429723,
      37.65565607050492,
      38.63771395254727,
      35.660213735862065
    ],
    "MBRE": [
      0.5279358243153143,
      1.2073187136989612,
      1.2470186644728773,
      1.2408250470775029,
      0.4545950544248502,
      0.7050365425144282,
      1.1723112577757573,
      0.5244357932273045,
      0.44209031313006786,
      1.1698492503536604,
      0.6914195981641691,
      1.284817966656151,
      1.2827768667820392,
      0.4925356805573451,
      1.176526198766639,
      1.275811107407371,
      1.2408149094128444,
      0.5092456411902917,
      1.2688889598833517,
      0.629537586366646,
      0.5391058114114495,
      0.691190887176597,
      0.6103450398011996,
      1.2887989676411962,
      0.6524100461412375,
      0.6936839736691687,
      0.6198889910270774,
      0.7122616377471275,
      0.7491515852172159,
      0.5248964312187672
    ],
    "MIBRE": [
      0.2672528137085473,
      0.32287610152864604,
      0.30789753239027495,
      0.32816220053351863,
      0.24997510566082867,
      0.28814061018186876,
      0.3009937167171645,
      0.2743118310866972,
      0.24645372194012288,
      0.30688693633322356,
      0.29257989282385843,
      0.33222870651022696,
      0.30850508202269655,
      0.26634701361139507,
      0.3028520257734529,
      0.3137919458360533,
      0.2996166621387688,
      0.2612992379299157,
      0.30836042464131375,
      0.26551905149485094,
      0.27926162544422384,
      0.28091542078881887,
      0.2807419496806801,
      0.3186179000386931,
      0.28310780839310895,
      0.2949662685936989,
      0.27188747160961735,
      0.29501314624479424,
      0.3023182649038097,
      0.27526018023157656
    ]
  },
  "Mean_MAE": 334.3759070247874,
  "Mean_MRE": 36.73389189984103,
  "Mean_MBRE": 0.8541841449076204,
  "Mean_MIBRE": 0.29087135495974825,
  "Median_MAE": 331.73383533149894,
  "Median_MRE": 36.73338503863819,
  "Median_MBRE": 0.6993602580917984,
  "Median_MIBRE": 0.29377308070877867,
  "Runs": [
    {},
    {},
    {},
    {},
    {},
    {},
    {},
    {},
    {},
    {},
    {},
    {},
    {},
    {},
    {},
    {},
    {},
    {},
    {},
    {},
    {},
    {},
    {},
    {},
    {},
    {},
    {},
    {},
    {},
    {}
  ]
}