{
  "Metrics": {
    "MAE": [
      229.68632927230001,
      223.65663057703506,
      348.0575490413248,
      370.160302208832,
      192.21960030481867,
      267.68876556854286,
      217.36892675511643,
      226.19278055958537,
      229.0998201060807,
      217.8814704006839,
      286.80423671058276,
      263.68201921415505,
      233.29879566556917,
      224.57644269406705,
      352.805817368548,
      216.5935043036423,
      260.1669636547141,
      177.9547989671253,
      301.7608652835037,
      200.3449488813464,
      305.6416884872448,
      358.2273939681501,
      228.67395664176456,
      266.55715536037,
      211.5687206495362,
      344.2976667504596,
      223.87858548282696,
      301.1380313056504,
      214.5625080841047,
      294.64352521057407
    ],
    "MRE": [
      26.50758095546238,
      36.0298539191599,
      24.849419907160737,
      37.353217464322874,
      22.933898567172715,
      36.59162116129061,
      29.630166375136113,
      28.266129137010694,
      35.181326426009164,
      26.949738398748735,
      44.62340531097059,
      22.58804858123613,
      24.756661548510216,
      32.23523817563162,
      33.11316892573527,
      28.310976746025005,
      29.656219024586715,
      18.56587127051454,
      40.459294302705956,
      19.66166006691351,
      33.4754268402491,
      30.021976098549068,
      36.56801153877763,
      25.631033601988108,
      25.741787500776603,
      28.589037627626418,
      32.601571574764684,
      31.877881798548408,
      34.46246909780938,
      30.993612883871275
    ],
    "MBRE": [
      0.35664731085567003,
      0.4233552734305216,
      1.0109873783243122,
      1.2047994732758915,
      0.27950622815573317,
      0.4925678985385175,
      0.3614737455016821,
      0.3661193233082092,
      0.4116027800693926,
      0.34470736029953236,
      0.569484396740266,
      0.39348466877851035,
      0.3386178144381265,
      0.3941569125707738,
      1.026647316250285,
      0.3552764067056566,
      0.422183932445767,
      0.22728465843677348,
      0.597340441185098,
      0.2562695096118512,
      0.5748386189499634,
      1.0577698610768036,
      0.4360685005248271,
      0.42228980551377127,
      0.32414596397619705,
      0.9960405876638654,
      0.39560461184150114,
      0.548815261601336,
      0.4207866441706525,
      0.5231034399023367
    ],
    "MIBRE": [
      0.21634434134673322,
      0.2505964379947319,
      0.23003563424332138,
      0.2964108505390178,
      0.18733723841684521,
      0.26710150744438405,
      0.22199339702285517,
      0.22170703755661123,
      0.24041551062345545,
      0.21671789825935653,
      0.29301909972906975,
      0.19685431444555593,
      0.20667199354248864,
      0.23792466245838062,
      0.27399954675641747,
      0.2250760556156725,
      0.23322042520412944,
      0.15796102354907804,
      0.28709043444564264,
      0.17146906542414392,
      0.27019212266838794,
      0.26687719145829464,
      0.2549757988462746,
      0.21515870778177598,
      0.2018168445737884,
      0.2513465311365705,
      0.24276918268664016,
      0.26072979550407266,
      0.2530212778955048,
      0.251763500123757
    ]
  },
  "Mean_MAE": 259.6396599826085,
  "Mean_MRE": 30.274210160908805,
  "Mean_MBRE": 0.5177325374714606,
  "Mean_MIBRE": 0.23668658090976524,
  "Median_MAE": 231.49256246893458,
  "Median_MRE": 29.83909756156789,
  "Median_MBRE": 0.42148528830820975,
  "Median_MIBRE": 0.23917008654091804,
  "Runs": [
    {},
    {},
    {},
    {},
    {},
    {},
    {},
    {},
    {},
    {},
    {},
    {},
    {},
    {},
    {},
    {},
    {},
    {},
    {},
    {},
    {},
    {},
    {},
    {},
    {},
    {},
    {},
    {},
    {},
    {}
  ]
}