{
  "Metrics": {
    "MAE": [
      133.83029052880772,
      106.81233122129498,
      133.4560418626324,
      127.72735436240342,
      108.18661744734636,
      133.92797625887198,
      124.87173882757817,
      119.22326492092269,
      122.52027682059152,
      121.23068866129417,
      101.82119788449974,
      134.8549444453539,
      130.21111239731323,
      117.02108478778578,
      111.19325596316172,
      120.84810557694934,
      118.33764815116572,
      140.586355522854,
      124.41608174811314,
      125.14615070954214,
      113.86163755449218,
      120.9036641774925,
      109.2425999667804,
      119.03402957748018,
      117.35899262813976,
      108.59179388525581,
      113.81272744888275,
      128.97996743103346,
      126.07858396093054,
      126.69797695815426
    ],
    "MRE": [
      7.643695543371972,
      7.6920923050215295,
      8.529054923635913,
      8.525572220147255,
      7.951643514895734,
      8.268375405570357,
      8.044829891672777,
      7.83739355666546,
      8.062871609612635,
      7.601297303575989,
      7.373263621086276,
      7.758649872503355,
      8.284582458691977,
      7.808573095628089,
      8.04846383729207,
      8.418789402700686,
      7.942856489227864,
      8.592055633873558,
      7.730923829020567,
      7.945481700318786,
      7.049397055095118,
      8.054457445755553,
      7.410726629426128,
      7.7770704577019565,
      7.7407161674239235,
      7.979373299709586,
      7.74359571800299,
      8.400640878802893,
      7.888018817915389,
      8.035791446895422
    ],
    "MBRE": [
      0.10424079923765724,
      0.09089682879642162,
      0.11088610294665416,
      0.1076315472012407,
      0.09351879429875047,
      0.10980049910199284,
      0.103412758051321,
      0.09860090565042592,
      0.10039971076361286,
      0.09692191474466086,
      0.08719184029985323,
      0.10583147397313988,
      0.10617055428764957,
      0.09633825776427736,
      0.09575191573141457,
      0.10272318128973983,
      0.09820841519157321,
      0.11562180841275499,
      0.10037082843942552,
      0.10178116551144711,
      0.0883479256929367,
      0.10052658653162885,
      0.08908094549714046,
      0.09779695189284081,
      0.09606232114829777,
      0.09383272165729493,
      0.0942044127851419,
      0.10702661712331239,
      0.10189619941813026,
      0.10262100064741207
    ],
    "MIBRE": [
      0.07007596500514644,
      0.06520334621791808,
      0.07609810274296983,
      0.07311605189986696,
      0.06667761825117353,
      0.07556567044475106,
      0.07321743532570045,
      0.06967262064549018,
      0.06974263660396941,
      0.06803548600910522,
      0.0649623017154925,
      0.07263731207728641,
      0.07283636626995318,
      0.06812108942803638,
      0.06892195618255682,
      0.07187210166833112,
      0.0688194866458716,
      0.07707424085168171,
      0.07067518109184333,
      0.0713204857842836,
      0.06396627316314771,
      0.07172441303437523,
      0.06415305122709679,
      0.06886994213222423,
      0.06719133873572924,
      0.06712738880588309,
      0.06732161264575805,
      0.07367721783771734,
      0.07091934997926494,
      0.07077248344744477
    ]
  },
  "Mean_MAE": 121.35948305623748,
  "Mean_MRE": 7.938008471041393,
  "Mean_MBRE": 0.09992316613627163,
  "Mean_MIBRE": 0.07001228419566898,
  "Median_MAE": 121.06717641939333,
  "Median_MRE": 7.944169094773326,
  "Median_MBRE": 0.1003852696015192,
  "Median_MIBRE": 0.06990930080455793,
  "Runs": [
    {},
    {},
    {},
    {},
    {},
    {},
    {},
    {},
    {},
    {},
    {},
    {},
    {},
    {},
    {},
    {},
    {},
    {},
    {},
    {},
    {},
    {},
    {},
    {},
    {},
    {},
    {},
    {},
    {},
    {}
  ]
}