{
  "Metrics": {
    "MAE": [
      132.58790214421654,
      107.88762764281537,
      135.04564255285433,
      124.09545437531182,
      110.46743328199628,
      137.01857877239746,
      125.11051210226452,
      124.10980598282404,
      127.33781601442584,
      123.632957030244,
      104.46815277940067,
      132.6570986957722,
      132.91986149627303,
      118.10692846937837,
      112.99294637814111,
      122.16716659206553,
      117.5934974786221,
      145.6442193698145,
      124.60533155453012,
      126.07102400600769,
      111.47206533515791,
      126.4941314961765,
      110.25161988118666,
      118.43567636097394,
      121.11838044492399,
      108.64057547724379,
      115.93753919561739,
      128.40415124336826,
      125.65901973219775,
      130.31868333525816
    ],
    "MRE": [
      7.618757129448254,
      7.591187960752789,
      8.50095245875051,
      8.337163921724434,
      7.98539309835473,
      8.376150765486404,
      8.001664411180522,
      7.946706485057541,
      8.182465579055481,
      7.664055130408016,
      7.406957733562675,
      7.620927415920914,
      8.311854045067085,
      7.769781601765886,
      8.09810318127778,
      8.405373334298996,
      7.888731184711076,
      8.77993302831129,
      7.728159513719962,
      7.87555664214647,
      6.939648428982947,
      8.06572249645626,
      7.308280918515463,
      7.635894957919611,
      7.900239049253795,
      7.862184231413417,
      7.8457501754352315,
      8.348414226642989,
      7.829619322072169,
      8.063083526875506
    ],
    "MBRE": [
      0.10319438650127119,
      0.09055132473500001,
      0.1117035666480387,
      0.10399168878808938,
      0.09477312714316884,
      0.1124153628732303,
      0.10323868451527833,
      0.10188583327323993,
      0.10402801652486875,
      0.09885540774639534,
      0.08833365584817592,
      0.10322438471368377,
      0.1079721221705282,
      0.09668629322247517,
      0.09682333036218839,
      0.10316277290424831,
      0.09741377508177064,
      0.12092123675608422,
      0.10045183950315432,
      0.10174702769733572,
      0.08628742826053284,
      0.10379980036856788,
      0.08878138437650493,
      0.09636085699525211,
      0.099360682170499,
      0.0928192492041624,
      0.09605859357263609,
      0.10627365278652018,
      0.1010994760894199,
      0.10493982071223383
    ],
    "MIBRE": [
      0.06948052617735004,
      0.06480863360125297,
      0.0762022835972988,
      0.0711665511335923,
      0.06698459271619978,
      0.07656826190462851,
      0.07281501646750783,
      0.07076456506824334,
      0.07137782884771719,
      0.06847374336088558,
      0.06493100393831892,
      0.07130859751420358,
      0.07367658786149767,
      0.06807693949648073,
      0.06900979601866437,
      0.0719143971105062,
      0.06821510640840768,
      0.07831182536817924,
      0.07014196002220503,
      0.0708947944560129,
      0.06264615367520109,
      0.07260503141270175,
      0.06360142243978173,
      0.06794565926101469,
      0.06854501379210032,
      0.06625462453174458,
      0.0680603675513952,
      0.07320376735808568,
      0.07005538982970656,
      0.07146792087735657
    ]
  },
  "Mean_MAE": 122.70839330738197,
  "Mean_MRE": 7.92962373181894,
  "Mean_MBRE": 0.10057182605148515,
  "Mean_MIBRE": 0.06998361205994136,
  "Median_MAE": 124.10263017906793,
  "Median_MRE": 7.894485116982436,
  "Median_MBRE": 0.10142325189337781,
  "Median_MIBRE": 0.0700986749259558,
  "Runs": [
    {},
    {},
    {},
    {},
    {},
    {},
    {},
    {},
    {},
    {},
    {},
    {},
    {},
    {},
    {},
    {},
    {},
    {},
    {},
    {},
    {},
    {},
    {},
    {},
    {},
    {},
    {},
    {},
    {},
    {}
  ]
}