{
  "Metrics": {
    "MAE": [
      3.993678246843889,
      6.055776657707576,
      6.503413017042074,
      6.855487635982908,
      3.783519094061035,
      2.399530553927913,
      4.284403630518455,
      6.068052717298506,
      3.3241678268476784,
      5.4074177843659355,
      5.7471893825781954,
      3.8387537456389333,
      6.731811003245895,
      1.4597378709173787,
      11.499727170497783,
      4.653480718907046,
      2.158535234894451,
      3.616936489942607,
      6.940645454710634,
      3.786246535013761,
      3.0185343217631555,
      5.472243658349458,
      7.784047808320393,
      4.5046846196148635,
      6.971706294069896,
      5.2118538149135,
      2.5063309305743946,
      8.10008015084626,
      6.370504735313554,
      5.809517194316842
    ],
    "MRE": [
      109.7182424325954,
      188.8692536794798,
      545.4169745672727,
      205.03356581972437,
      207.79719630441224,
      68.78158625754804,
      212.0518802741615,
      192.001372812051,
      66.94272339668184,
      283.7488316301612,
      342.4601575780399,
      52.473985925045255,
      208.57769134463697,
      35.62198318538301,
      700.5720764367804,
      102.7615714895662,
      87.10500040508077,
      121.74190826171672,
      149.67870045258292,
      63.10382216062369,
      98.44291371414133,
      306.60280411661597,
      419.3543432697047,
      220.5343408078041,
      74.0736148491978,
      118.7669894778554,
      145.64709165334338,
      552.0001571823584,
      169.6181200795183,
      231.40689741731984
    ],
    "MBRE": [
      1.6570223463799942,
      3.389427686036361,
      5.549393112030929,
      3.798218852271338,
      2.116400540907553,
      0.7521361802818363,
      2.256366326468796,
      2.410147767465698,
      1.0006333187937404,
      3.143489309340928,
      4.141051926278436,
      0.8196723017180864,
      4.078809188604696,
      0.3715483730523296,
      9.410149817719805,
      1.347885189073315,
      0.9557504007260832,
      1.388771040784026,
      4.770738769672448,
      1.0719477760653824,
      1.1659014149301492,
      3.505839532314719,
      4.473727068335847,
      2.737610240555484,
      4.5793053404221675,
      1.5515133623984976,
      1.4741690709129032,
      6.0996567998447535,
      2.9354948618380567,
      2.3865385679773063
    ],
    "MIBRE": [
      0.4080207115164556,
      0.5520608886985913,
      0.5635026283161677,
      0.5709906403182142,
      0.4406022931260214,
      0.32246644421597576,
      0.42899965454505856,
      0.4958599170470247,
      0.36647068755541845,
      0.5219095569475942,
      0.5059843246127286,
      0.3332840025947435,
      0.5530443977082841,
      0.2060997881421441,
      0.6290919014942036,
      0.4200338923659005,
      0.2755554910251055,
      0.40138087906542375,
      0.5713384860605688,
      0.3702798016426237,
      0.3374164577700895,
      0.5470971601930921,
      0.5628202105066953,
      0.4733015164082228,
      0.5142688098665914,
      0.43206644024340096,
      0.2575370816203593,
      0.5861422292585056,
      0.5264348870718258,
      0.5318621186648178
    ]
  },
  "Mean_MAE": 5.161933809967498,
  "Mean_MRE": 209.3635265660468,
  "Mean_MBRE": 2.844643882773389,
  "Mean_MIBRE": 0.456864109953395,
  "Median_MAE": 5.309635799639718,
  "Median_MRE": 179.24368687949905,
  "Median_MBRE": 2.398343167721502,
  "Median_MIBRE": 0.48458071672762376,
  "Runs": [
    {},
    {},
    {},
    {},
    {},
    {},
    {},
    {},
    {},
    {},
    {},
    {},
    {},
    {},
    {},
    {},
    {},
    {},
    {},
    {},
    {},
    {},
    {},
    {},
    {},
    {},
    {},
    {},
    {},
    {}
  ]
}