{
  "Metrics": {
    "MAE": [
      5.625799143502038,
      4.030088747387352,
      6.063373641585276,
      6.923344727280765,
      6.411465687964629,
      5.1257996052739685,
      5.957710632531995,
      6.793793010765452,
      4.762854702361523,
      4.952488305649643,
      7.901347509558693,
      3.90770269778513,
      6.458678748350421,
      4.159327599308868,
      5.206087901540924,
      5.067767475745673,
      3.3179692141108568,
      5.386555409204417,
      7.712143508797608,
      4.380408159227552,
      6.2809817194483895,
      2.8141098945910854,
      6.775416602826791,
      5.201230144785335,
      7.48532722999914,
      6.877695519221604,
      6.973497934968904,
      6.886405912765067,
      5.875854809485499,
      4.598670920003119
    ],
    "MRE": [
      236.81251750816168,
      59.09431707017051,
      333.7879915189339,
      188.27729371899036,
      423.00184266913925,
      122.71798392482098,
      402.9933687239433,
      358.5146614457088,
      180.98059987385176,
      276.49929346295454,
      558.3610788660267,
      62.95881106217921,
      105.13656595184291,
      120.49309998329257,
      151.57488661765285,
      166.50544336904477,
      92.37126848073763,
      188.78723296754785,
      206.63012388527804,
      89.40844001162561,
      280.34405530534724,
      70.90231315896949,
      264.5603188577483,
      306.712288761058,
      70.6387190469567,
      221.71451304066508,
      278.7669172150736,
      368.67935158810855,
      93.18014856792843,
      162.57971084866324
    ],
    "MBRE": [
      3.373117775723767,
      0.886951993533161,
      3.675512830637068,
      4.127544824529461,
      4.381182604035121,
      1.5743022896501673,
      4.10538265559111,
      4.809250377554911,
      2.4594833846663433,
      2.9050901794973147,
      5.769323465958555,
      0.9273525767136088,
      3.842786588729997,
      1.3843946000763618,
      2.2174400566710544,
      1.9334419646025847,
      0.9586292430772262,
      2.2490082154764517,
      5.412665077545173,
      1.4779058901090678,
      3.5740251145513646,
      0.7866932393993902,
      2.915044151514527,
      3.308195676713452,
      10.673593428146019,
      4.330944354362081,
      4.846196586783679,
      4.512370738770292,
      2.27519071613536,
      1.6864535275246677
    ],
    "MIBRE": [
      0.4531720922647913,
      0.3593891460021763,
      0.5198260723270736,
      0.5681408856468523,
      0.5220863506056864,
      0.4511235129814234,
      0.5322491222939598,
      0.5549834247153603,
      0.42577172723489426,
      0.4393688218568949,
      0.5648578761503608,
      0.3050069444098802,
      0.5166135464023464,
      0.3706649237507815,
      0.45337717713597636,
      0.4308442912432218,
      0.31731593677927566,
      0.5181030347120106,
      0.6117133569164753,
      0.37808578293397177,
      0.47651987446054817,
      0.33009173138581066,
      0.5223776219825331,
      0.4291683690321465,
      0.5661575911115996,
      0.5133679508639255,
      0.5689093047171171,
      0.5447211407659148,
      0.4407740941874797,
      0.4441483316395956
    ]
  },
  "Mean_MAE": 5.663796570534259,
  "Mean_MRE": 214.76617191674737,
  "Mean_MBRE": 3.2459824709426437,
  "Mean_MIBRE": 0.47096433455033615,
  "Median_MAE": 5.7508269764937685,
  "Median_MRE": 188.5322633432691,
  "Median_MBRE": 3.1116199141139895,
  "Median_MIBRE": 0.4649485257982623,
  "Runs": [
    {},
    {},
    {},
    {},
    {},
    {},
    {},
    {},
    {},
    {},
    {},
    {},
    {},
    {},
    {},
    {},
    {},
    {},
    {},
    {},
    {},
    {},
    {},
    {},
    {},
    {},
    {},
    {},
    {},
    {}
  ]
}