{
  "Metrics": {
    "MAE": [
      4.272044137716903,
      6.0271517853688135,
      7.611288677226079,
      8.854558983571538,
      6.917743283072365,
      2.2947845224984134,
      3.2554769675603468,
      5.497392290006933,
      3.0731857052558746,
      3.528954214456797,
      3.4999038682570096,
      4.980374301659029,
      5.771695644025275,
      8.422468351496368,
      6.5995032962112825,
      4.673549876225359,
      1.5737831650658083,
      5.1039120612046815,
      5.523594570510857,
      4.138154217083072,
      6.04233108102058,
      7.230419935775329,
      14.704541287946487,
      5.310807160098472,
      5.969834672981434,
      6.904875496104721,
      4.026798263113375,
      7.643966714234724,
      7.171769369713861,
      6.4396860532180575
    ],
    "MRE": [
      97.63649995556445,
      281.8082669269666,
      592.9198232451571,
      471.0999180330046,
      453.0829370371717,
      78.85949561032042,
      39.39728422363706,
      116.70410721230502,
      40.10640354430025,
      60.44357395078499,
      93.96451666747978,
      80.68897290846822,
      74.61281024777904,
      182.13307487264726,
      237.5942668095556,
      77.78801554863196,
      63.45107208605011,
      129.8997704663489,
      108.25655226882212,
      91.47219957200369,
      284.4707542320792,
      429.5057128700141,
      1255.7311025223157,
      275.35788902591116,
      47.50503158721395,
      203.9588651744788,
      40.247246572109724,
      491.1958244741176,
      204.7259604136018,
      193.33712561837672
    ],
    "MBRE": [
      1.1308829123483009,
      3.05321264346183,
      6.025995783745016,
      7.274800039692097,
      4.643008669162179,
      0.8752476469872854,
      0.5461958502928191,
      1.4329496108967792,
      1.1769413180452635,
      0.7496364733630995,
      0.987936454030947,
      1.1046426303071102,
      1.2273471271550964,
      1.8994509786094935,
      3.544904982765241,
      0.9606146369827604,
      0.7197246096247356,
      1.3509623512511444,
      2.8123547055152054,
      1.0139677138527117,
      3.2426962056496573,
      4.61833428361992,
      13.294972451513265,
      3.0888419430838456,
      1.5672553537612126,
      3.523757541768175,
      0.7528934148075976,
      5.373409654035769,
      3.3492314173362217,
      2.049125855666865
    ],
    "MIBRE": [
      0.4056947138747313,
      0.5432005807346763,
      0.6301542640481297,
      0.6721518630589771,
      0.5154300858836246,
      0.31577683711043036,
      0.28832803642923127,
      0.4094606541350897,
      0.323141722269574,
      0.35173547706787595,
      0.358931722518326,
      0.3871247962856993,
      0.38348872243524357,
      0.4291613228047252,
      0.5230037897769342,
      0.3963536103650417,
      0.30901930006153644,
      0.4155651477615818,
      0.47856996215302083,
      0.36730219293971045,
      0.49412133567401967,
      0.6193746032347036,
      0.6758498165314845,
      0.4556671066091373,
      0.41687051722499535,
      0.4970202503014694,
      0.3069335936951948,
      0.5890689914661043,
      0.542416168561892,
      0.5316137634120777
    ]
  },
  "Mean_MAE": 5.768818331755994,
  "Mean_MRE": 226.5985024559072,
  "Mean_MBRE": 2.7797098419777213,
  "Mean_MIBRE": 0.4544176982808413,
  "Median_MAE": 5.647645107268066,
  "Median_MRE": 123.30193883932697,
  "Median_MBRE": 1.7333531661853532,
  "Median_MIBRE": 0.42301592001486027,
  "Runs": [
    {},
    {},
    {},
    {},
    {},
    {},
    {},
    {},
    {},
    {},
    {},
    {},
    {},
    {},
    {},
    {},
    {},
    {},
    {},
    {},
    {},
    {},
    {},
    {},
    {},
    {},
    {},
    {},
    {},
    {}
  ]
}