{
  "Metrics": {
    "MAE": [
      6.36893810880323,
      6.726858594970278,
      7.690572493949603,
      7.422823035955807,
      7.303296027939662,
      6.08489597601413,
      6.033035245106982,
      6.191792746651482,
      6.475956581231329,
      6.495597150197023,
      6.161268449992373,
      6.132081134370951,
      6.158833008137391,
      6.057671718458398,
      7.123924734354021,
      6.518410847306936,
      5.554747147013006,
      6.150379019407987,
      6.627191816624514,
      6.413128026348347,
      7.011870709012112,
      7.249051531048806,
      8.26273763718455,
      6.9570092019131184,
      6.8479489419754955,
      6.5811094621579285,
      5.967965415151606,
      7.445146766713615,
      7.2092613991161025,
      7.241214875869013
    ],
    "MRE": [
      289.88889556670085,
      262.21447547360737,
      503.8179318164912,
      213.8585591176289,
      529.7078561515536,
      299.76556921983655,
      315.79839409798967,
      241.57687231390034,
      137.5093312703441,
      285.8305893282482,
      346.6731212554256,
      198.8062229098799,
      149.59011641337995,
      253.64926342614172,
      213.0599455617508,
      308.5681669720395,
      175.7890965185588,
      242.64640318640414,
      155.3386770693221,
      106.52421893984376,
      421.8110725462877,
      254.41453745043438,
      591.4533945212206,
      337.3170220619193,
      73.07251851745751,
      134.98766559062315,
      230.58156133985932,
      421.8518789697863,
      250.66092706631596,
      496.104004918458
    ],
    "MBRE": [
      3.262810230435091,
      3.602632387130468,
      5.36010099190585,
      4.513175003257628,
      5.483078691798927,
      3.2543099882542106,
      3.358554357123324,
      2.8780307813219954,
      2.223438247157442,
      3.321959979354624,
      3.6248290587623684,
      2.5551324322043567,
      2.309934001035352,
      2.7418047576488846,
      3.68426264448314,
      3.483390531532137,
      2.0886666993797207,
      2.8817562485055834,
      3.171653240217428,
      2.2669923846882605,
      4.549273882236678,
      3.601698374152426,
      6.262008307605428,
      4.049469108994057,
      3.3920419717115307,
      3.4423895695670597,
      2.616180261656859,
      4.739153450575891,
      3.720155483663018,
      5.1659638314848895
    ],
    "MIBRE": [
      0.5930637591659346,
      0.5866645039779937,
      0.6498484136543462,
      0.6436947824203655,
      0.610512939062677,
      0.5929837261723426,
      0.5914777629038362,
      0.5825250701633753,
      0.5753150790227767,
      0.6002813946045388,
      0.5906486102881522,
      0.5540780666710994,
      0.5190685092585482,
      0.5696387072639042,
      0.610185856852036,
      0.5995744858436826,
      0.5146063707771277,
      0.5746852249069317,
      0.5702788915306332,
      0.5430795828143202,
      0.6245800036459511,
      0.6507755040614394,
      0.6480464539013139,
      0.6201843551379088,
      0.49161723288642056,
      0.5976889896860168,
      0.49964445188195955,
      0.6318016336175952,
      0.6418389563459618,
      0.6387589451284664
    ]
  },
  "Mean_MAE": 6.682157260099194,
  "Mean_MRE": 281.4289429863803,
  "Mean_MBRE": 3.586828229928154,
  "Mean_MIBRE": 0.5905716087882552,
  "Median_MAE": 6.549760154732432,
  "Median_MRE": 254.03190043828806,
  "Median_MBRE": 3.417215770639295,
  "Median_MIBRE": 0.5930237426691386,
  "Runs": [
    {},
    {},
    {},
    {},
    {},
    {},
    {},
    {},
    {},
    {},
    {},
    {},
    {},
    {},
    {},
    {},
    {},
    {},
    {},
    {},
    {},
    {},
    {},
    {},
    {},
    {},
    {},
    {},
    {},
    {}
  ]
}