{
  "Metrics": {
    "MAE": [
      6.3347153951024,
      7.11870443001818,
      7.666944464124084,
      7.375946811291865,
      7.256654528565248,
      6.200807168772472,
      6.398240893902282,
      6.339955601504293,
      6.875620421912932,
      6.851044870704755,
      6.625618397086544,
      6.289069490156978,
      6.5572528017973175,
      6.2812293103954335,
      7.25342808413451,
      6.7470621596963065,
      5.555302276070902,
      6.317170275455133,
      6.804150700869354,
      6.949133546871762,
      6.468314865154269,
      7.0489114612293085,
      8.04076379234743,
      6.829986620305112,
      6.864600397037548,
      5.63750150113687,
      6.480634476230242,
      7.741345066589673,
      7.2062185935509016,
      7.143838955463143
    ],
    "MRE": [
      283.0800874228529,
      296.14244776996827,
      493.7574813053887,
      217.98020538916862,
      515.1181613916384,
      302.76785014214533,
      367.16427696737895,
      260.79138801032195,
      148.37096321208188,
      342.918043287165,
      368.35244121083116,
      198.45874376492225,
      190.07532680002316,
      299.4984596215138,
      236.09999758287154,
      330.690058400031,
      184.0542529160603,
      258.42127576967937,
      198.5085066004275,
      121.27704070012267,
      388.34210146680743,
      258.34974826955204,
      576.8171712092176,
      309.57687866724825,
      75.88775245999845,
      124.34222477176284,
      240.4968709382589,
      467.2068195543913,
      256.67613834136705,
      495.09893689963167
    ],
    "MBRE": [
      3.1622436887389966,
      4.20363721937603,
      5.286974817033935,
      4.370951749281732,
      5.336203781531353,
      3.2697321185871138,
      3.8640712452055284,
      3.0692695939813737,
      2.828570858879559,
      3.885772570364597,
      3.9878075421518755,
      2.5958894027619723,
      2.8606759472482115,
      3.1875704761471684,
      4.100020848288739,
      3.6929783496027704,
      2.12596928382442,
      3.058999474648904,
      3.5348531889173667,
      3.5427307611174657,
      4.11166280293297,
      3.4284075060228214,
      6.077773326273178,
      3.719869430586211,
      3.3735862967312578,
      1.8285194689582156,
      2.8481945500906427,
      5.24710521397648,
      3.6911233970545436,
      5.13895051954013
    ],
    "MIBRE": [
      0.5936595768681712,
      0.6133211076121954,
      0.6515185517755707,
      0.638907137078543,
      0.6105725066151569,
      0.6013408542990187,
      0.6091412710333988,
      0.5929221592328597,
      0.624186203966813,
      0.6092598168851008,
      0.6068986949489896,
      0.5672808589774788,
      0.5663548494511013,
      0.5629030521630692,
      0.6209500453758208,
      0.6170174545557212,
      0.5104086497474346,
      0.5873304874824224,
      0.5799367665673335,
      0.6007220864792593,
      0.592940004117205,
      0.629324141385377,
      0.6365251927280381,
      0.6124685911631499,
      0.5015907164891273,
      0.5178411903597957,
      0.5716930350477392,
      0.6412613343461956,
      0.6458325619859488,
      0.6352219532218547
    ]
  },
  "Mean_MAE": 6.7753389119159095,
  "Mean_MRE": 293.5440550280943,
  "Mean_MBRE": 3.7143371809951855,
  "Mean_MIBRE": 0.5983110283986631,
  "Median_MAE": 6.817068660587233,
  "Median_MRE": 271.9357377165874,
  "Median_MBRE": 3.616927079086005,
  "Median_MIBRE": 0.6080199829911942,
  "Runs": [
    {},
    {},
    {},
    {},
    {},
    {},
    {},
    {},
    {},
    {},
    {},
    {},
    {},
    {},
    {},
    {},
    {},
    {},
    {},
    {},
    {},
    {},
    {},
    {},
    {},
    {},
    {},
    {},
    {},
    {}
  ]
}