{
  "Metrics": {
    "MAE": [
      6.724945181113648,
      7.09970983255782,
      7.723534141906442,
      7.2972533575591925,
      7.770038553299899,
      6.359284297443831,
      6.557916038624818,
      6.6750323611059414,
      6.672666097133336,
      6.999382009078049,
      6.883803315539301,
      6.693739508575472,
      7.007648634387754,
      4.934249448856194,
      7.372147590487156,
      5.8099556746705705,
      7.140312160896082,
      7.145832188140961,
      6.970507475192661,
      7.229361419734008,
      5.970675972073135,
      7.261674850423322,
      8.00988328795868,
      7.188072754214165,
      7.576480954322174,
      7.1245597420036235,
      6.217146118544993,
      7.480945085496714,
      7.304638228306505,
      7.774688928450523
    ],
    "MRE": [
      227.0910889745879,
      253.8599958433377,
      470.46495139362577,
      139.01541941257548,
      520.0812129935548,
      243.076081520342,
      313.39425420929103,
      280.5109645121802,
      62.59488978666501,
      318.74021086363814,
      309.23758511910796,
      165.8340627787561,
      163.83807970795812,
      125.06629260835889,
      148.86740405428915,
      215.5603775725899,
      177.4335352116653,
      237.07890762459263,
      128.235541153896,
      99.43268194830749,
      252.05275526193978,
      224.98869235648007,
      501.83410985257575,
      290.87913930857974,
      63.499789430787736,
      74.64820219986474,
      156.7044612826413,
      366.0725841460759,
      228.46410283186128,
      579.189867650768
    ],
    "MBRE": [
      3.4561766093799666,
      4.052533284618133,
      5.289339962837875,
      4.154443065677782,
      5.263028429377915,
      2.7934364964313323,
      3.562512545053933,
      3.3985128144301355,
      2.7735475061367194,
      3.8313994058087837,
      4.041492500823961,
      3.1338136200069733,
      3.8455538298149308,
      1.4786059335369584,
      5.434488660613707,
      2.563814591115598,
      3.990707739216721,
      3.644012436203716,
      3.926117762027352,
      4.864861371344762,
      2.8408518827319833,
      3.8640872574413696,
      5.467894019619617,
      4.316510211847423,
      9.863638318264783,
      5.5054464601734585,
      2.2260203226349353,
      5.284837026823327,
      3.9212168528613605,
      6.038409637728466
    ],
    "MIBRE": [
      0.5867954291087301,
      0.6033076335768878,
      0.6473290402777004,
      0.628935796642385,
      0.61913315405338,
      0.5903430651204774,
      0.5914184971250313,
      0.6010427271981982,
      0.49913764311581554,
      0.6161051155282644,
      0.5787241004011607,
      0.5576232354827618,
      0.5764377595779842,
      0.45408854728039366,
      0.6075398235061298,
      0.5399115707923834,
      0.6056923091524369,
      0.6437698506014504,
      0.5804110760008354,
      0.5902464258578226,
      0.5688682231406907,
      0.6320087579450241,
      0.6518221967798311,
      0.6104285690976945,
      0.5757978987979201,
      0.569545473847594,
      0.5352308367988815,
      0.6160552695413594,
      0.637232125327738,
      0.6382749965423534
    ]
  },
  "Mean_MAE": 6.965869506936566,
  "Mean_MRE": 244.59157472036313,
  "Mean_MBRE": 4.1609103518194654,
  "Mean_MIBRE": 0.5917752382739772,
  "Median_MAE": 7.112134787280722,
  "Median_MRE": 227.7775959032246,
  "Median_MBRE": 3.923667307444356,
  "Median_MIBRE": 0.5962306121616148,
  "Runs": [
    {},
    {},
    {},
    {},
    {},
    {},
    {},
    {},
    {},
    {},
    {},
    {},
    {},
    {},
    {},
    {},
    {},
    {},
    {},
    {},
    {},
    {},
    {},
    {},
    {},
    {},
    {},
    {},
    {},
    {}
  ]
}