{
  "Metrics": {
    "MAE": [
      7.172630273510168,
      6.594050122282979,
      7.449003186808245,
      7.234585350879881,
      9.487123141677433,
      7.716590141189324,
      7.5822166831865925,
      7.790535717318499,
      6.902546183477739,
      7.086436042791863,
      7.776208855047672,
      6.221797885224087,
      6.963828715316395,
      7.148957457395155,
      6.945565681820331,
      6.935968571844387,
      6.137311738964057,
      6.892638790322105,
      7.131079536631561,
      6.475344658078741,
      7.591075138421872,
      6.215635034978392,
      7.977399684966645,
      7.483102408480014,
      7.514463292576856,
      6.808457399618388,
      7.457462517273389,
      7.579053827679139,
      6.651762197765745,
      8.995478245908265
    ],
    "MRE": [
      346.6662164214673,
      235.77811196419495,
      490.02957931233266,
      182.03264924670154,
      836.5529942116972,
      510.4881949141344,
      547.5509807626671,
      519.6790653904397,
      243.46553446019766,
      453.4408980720386,
      522.7415554509789,
      222.92997906430196,
      173.83099013990463,
      443.1890744168852,
      220.6777482360334,
      417.2169847812019,
      196.0124245027501,
      361.44476993772633,
      242.3499891255184,
      131.18972304284938,
      546.9207604373023,
      247.49569651401166,
      512.2019702926772,
      417.0263953116279,
      95.19500950119436,
      244.2343623721186,
      435.808282234084,
      433.2232283630139,
      207.25486751599735,
      744.2165732989629
    ],
    "MBRE": [
      3.916422570206505,
      2.987957607752149,
      5.177103931640416,
      3.8622978092678686,
      8.438598128968062,
      5.352797285242653,
      5.621364801469205,
      5.480343551879688,
      3.2407864777451816,
      4.799580605024163,
      5.49711755046304,
      2.786995490156162,
      3.0920681097933453,
      4.633234035034755,
      3.1522639404105774,
      4.40988998163968,
      2.3808189816655596,
      3.988368575717408,
      3.7214576516329583,
      2.5209715397131665,
      5.684899845147072,
      2.918189756584126,
      5.495524820826539,
      4.597948002219754,
      6.6208829176871795,
      3.4171772603911386,
      4.902769757990798,
      4.807305543501248,
      2.8893403848241106,
      7.572783580413298
    ],
    "MIBRE": [
      0.6390257845284735,
      0.6177908757066473,
      0.6362512467385955,
      0.633581891214966,
      0.6825617792554621,
      0.6586674528809688,
      0.6492228168011883,
      0.6625760045637943,
      0.6383143298964599,
      0.6223444306201265,
      0.6516168483372808,
      0.5661692436394214,
      0.604480594447503,
      0.6306675044777962,
      0.6224241477544229,
      0.6260191252140849,
      0.5939392279725896,
      0.6338783928903116,
      0.6295867171595625,
      0.572183806348988,
      0.6439147815841253,
      0.5947084881368643,
      0.6674922637136949,
      0.6653998518046335,
      0.5973979474551703,
      0.6280303589112687,
      0.6268149100311909,
      0.6455503559752929,
      0.6004904616588344,
      0.67173874815708
    ]
  },
  "Mean_MAE": 7.2639436160478645,
  "Mean_MRE": 372.69482030983374,
  "Mean_MBRE": 4.4655753498335935,
  "Mean_MIBRE": 0.6304280129292263,
  "Median_MAE": 7.1607938654526615,
  "Median_MRE": 389.23558262467714,
  "Median_MBRE": 4.503918991929718,
  "Median_MIBRE": 0.632124697846381,
  "Runs": [
    {},
    {},
    {},
    {},
    {},
    {},
    {},
    {},
    {},
    {},
    {},
    {},
    {},
    {},
    {},
    {},
    {},
    {},
    {},
    {},
    {},
    {},
    {},
    {},
    {},
    {},
    {},
    {},
    {},
    {}
  ]
}