{
  "Metrics": {
    "MAE": [
      281.5687860249142,
      403.7500851047396,
      365.98910016690047,
      425.9770597647219,
      379.39966217133633,
      347.7728049781647,
      368.35682684885217,
      353.8790904631424,
      383.60420887137155,
      296.8002869877208,
      260.18174310958193,
      385.729237450326,
      349.13733843204375,
      316.1070239077688,
      331.1829110180988,
      252.52290160804895,
      282.092488168881,
      314.2507760459752,
      332.11368374486364,
      406.2643891609347,
      383.40982057160517,
      347.97402988807977,
      465.9788403334124,
      261.4061764208896,
      300.83067641439493,
      238.82238391774618,
      415.8847081636131,
      274.74495184920187,
      373.8446834656208,
      334.6382988909771
    ],
    "MRE": [
      19.033299720722315,
      30.67012824150485,
      25.08812181720718,
      28.290146305615654,
      26.6224548544782,
      23.33880091095153,
      24.749162236945462,
      25.844575998957637,
      28.6314565541748,
      22.404229307924677,
      18.060015990542027,
      27.28515638376266,
      24.795602490186987,
      22.655468879926254,
      26.601147938643532,
      20.71754490974474,
      19.83256408500634,
      22.239339959888955,
      21.2722915978518,
      27.417868245348604,
      25.688322184504138,
      27.926141733561753,
      36.688517920197846,
      19.3398665127407,
      19.777881518768574,
      17.253393200734184,
      26.951852928179193,
      18.523149736076025,
      30.50439773769614,
      23.551520606967454
    ],
    "MBRE": [
      0.2179503931924039,
      0.3319745792854921,
      0.2969988554386403,
      0.36099558254892755,
      0.31430898938788215,
      0.27729074129480596,
      0.2943594320270774,
      0.2941990040548901,
      0.31833040116550737,
      0.24145154948650355,
      0.2110986903018813,
      0.31606026111543545,
      0.28416077543569224,
      0.25270733639947457,
      0.28068996481469793,
      0.21295858580321375,
      0.22129081297125447,
      0.24855060092241624,
      0.26787817087212296,
      0.3402275696142271,
      0.31802852592873215,
      0.29292107838346515,
      0.39164654531016874,
      0.20992278621651045,
      0.23522042987301606,
      0.1844201392620888,
      0.3554751519504125,
      0.21606464504478112,
      0.31824755205998223,
      0.26870537891295854
    ],
    "MIBRE": [
      0.16870302487691874,
      0.23983848640759617,
      0.21361472186071334,
      0.2451872752927662,
      0.21948382193249993,
      0.2045695677628233,
      0.21229930317536172,
      0.21312595917363686,
      0.22661823498475814,
      0.17898788514625347,
      0.15959103119416163,
      0.225209521340818,
      0.2101366041926173,
      0.19220099209560207,
      0.20149848241385118,
      0.16160940853269842,
      0.17123514336941062,
      0.1881928889434912,
      0.19323989336872727,
      0.23476763080785126,
      0.22451113849897059,
      0.20743103256971523,
      0.2715976493858278,
      0.16462590487588807,
      0.17746974584920072,
      0.14313325290702775,
      0.23712393133139317,
      0.16358906581930396,
      0.22699890746626175,
      0.1966474288082367
    ]
  },
  "Mean_MAE": 341.1404991314642,
  "Mean_MRE": 24.39181401696034,
  "Mean_MBRE": 0.27913781763582207,
  "Mean_MIBRE": 0.20244126447947938,
  "Median_MAE": 347.8734174331222,
  "Median_MRE": 24.772382363566223,
  "Median_MBRE": 0.2824253701251951,
  "Median_MIBRE": 0.20600030016626927,
  "Runs": [
    {},
    {},
    {},
    {},
    {},
    {},
    {},
    {},
    {},
    {},
    {},
    {},
    {},
    {},
    {},
    {},
    {},
    {},
    {},
    {},
    {},
    {},
    {},
    {},
    {},
    {},
    {},
    {},
    {},
    {}
  ]
}