{
  "Metrics": {
    "MAE": [
      112.1633874132222,
      107.58864608698514,
      100.20319133658361,
      119.03313205322604,
      111.97047981256888,
      97.84427458561143,
      109.90233746837087,
      99.03363532962001,
      91.0189909025388,
      90.59289311638639,
      113.82082080196922,
      123.48523889853769,
      134.0582806756072,
      135.2358131381787,
      83.01301425576592,
      128.59916459168036,
      85.31524996364469,
      108.81637932318044,
      126.65621272940602,
      109.79531524170204,
      84.15020407869474,
      135.3549331986603,
      117.08034278373732,
      116.82909566236306,
      117.52501110771044,
      106.8619527050328,
      134.0158335633661,
      125.06935383542599,
      100.19029209674734,
      114.21735417693161
    ],
    "MRE": [
      8.472907078333881,
      8.905858022669108,
      7.0266811128835664,
      8.84406546593626,
      8.318958973589467,
      7.53941891178256,
      7.877686320888517,
      8.022696403486032,
      7.255174715498668,
      7.405104637613177,
      8.452098023964142,
      9.799170432967404,
      9.803345238733407,
      11.035987567246224,
      6.6972584671887105,
      10.741359564052349,
      6.711691128322457,
      9.020086403681464,
      9.646885026352736,
      8.025153735795836,
      6.3090994918060375,
      11.617308208495219,
      9.7187877674175,
      9.976975914754844,
      8.231002204569709,
      8.65795251821953,
      9.399645326500572,
      9.239566901376806,
      8.080020553586476,
      9.48418548644162
    ],
    "MBRE": [
      0.08809852132429184,
      0.09992214100073439,
      0.07612057825915904,
      0.09464955630411077,
      0.09069523597360751,
      0.08107622583236478,
      0.0820333132852852,
      0.08495055806921273,
      0.07890055182663495,
      0.07764980787619231,
      0.09008878990709608,
      0.10377568361202136,
      0.10541272059292994,
      0.11428310339934047,
      0.07226204714175793,
      0.10838164429668226,
      0.06917987425226,
      0.10297877535639095,
      0.10734381235392695,
      0.08425783876462208,
      0.06636478793230598,
      0.14055804943477898,
      0.11755507003380575,
      0.10498515626445254,
      0.08908423700229143,
      0.09797509827162545,
      0.10341554434702958,
      0.09683855101734515,
      0.08498219886315789,
      0.10330259438776729
    ],
    "MIBRE": [
      0.07707999926133212,
      0.08219162991536874,
      0.06759094177442755,
      0.08086906307095121,
      0.07886970756993474,
      0.0704805324764419,
      0.07224291887710763,
      0.0708778700483675,
      0.06899669542779654,
      0.0676937161556954,
      0.07760030204493079,
      0.08796975497432642,
      0.08801074132871556,
      0.09373250685299786,
      0.0625807539431938,
      0.08802162962859221,
      0.060736201926957584,
      0.08344123798065911,
      0.09101422512223081,
      0.07279562783082372,
      0.05933676357809684,
      0.10748580503644031,
      0.09239987324744481,
      0.08637102600045914,
      0.07780135771961141,
      0.08128483643517921,
      0.08881520505304234,
      0.08403722016706897,
      0.07295205823269074,
      0.08307836154155157
    ]
  },
  "Mean_MAE": 111.31469436444848,
  "Mean_MRE": 8.677204386805142,
  "Mean_MBRE": 0.09390406889943939,
  "Mean_MIBRE": 0.07921195210741455,
  "Median_MAE": 112.06693361289554,
  "Median_MRE": 8.565429798276705,
  "Median_MBRE": 0.09267239613885914,
  "Median_MIBRE": 0.07986938532044296,
  "Runs": [
    {},
    {},
    {},
    {},
    {},
    {},
    {},
    {},
    {},
    {},
    {},
    {},
    {},
    {},
    {},
    {},
    {},
    {},
    {},
    {},
    {},
    {},
    {},
    {},
    {},
    {},
    {},
    {},
    {},
    {}
  ]
}