{
  "Metrics": {
    "MAE": [
      290.6134943773427,
      213.74691100930167,
      194.45127030404,
      250.95821185617106,
      176.9815354713314,
      219.50090240177704,
      209.0788097551946,
      167.46425100652502,
      170.38803276412602,
      240.50354019158686,
      229.1116201582674,
      302.7793974732751,
      240.76995696237677,
      219.43467999444675,
      241.10377620435926,
      262.1053727613494,
      234.47230320699708,
      204.8388865750382,
      203.02734971539635,
      299.3988615854505,
      315.65847563515206,
      183.6444536998473,
      330.45302883057985,
      227.24073302790504,
      216.19366930445645,
      190.98736637512147,
      311.622934888241,
      204.98750520616412,
      215.5694849368319,
      319.9755657364987
    ],
    "MRE": [
      20.829732351216705,
      16.142255710889454,
      13.82841660170583,
      17.106975550547766,
      13.10865622132195,
      15.246937249836446,
      13.810974723040308,
      13.092125818851837,
      12.84590729022987,
      17.20279547389858,
      17.71724734371823,
      21.353241542579823,
      17.847313581016174,
      16.919213878269325,
      19.803461719600055,
      20.256711650753818,
      16.61096088514298,
      14.212709148621302,
      14.196781795681055,
      21.123881971388176,
      22.034243196830758,
      14.517391493149228,
      23.774128591965095,
      17.48431073295244,
      14.468123992356183,
      13.318892894035264,
      20.1805594376342,
      14.379066972662349,
      16.734266006312467,
      22.32121824170718
    ],
    "MBRE": [
      0.23053368375067854,
      0.16992647565402416,
      0.1494331835970877,
      0.1941716708015347,
      0.13848402160596074,
      0.1657177636993611,
      0.15311705412574037,
      0.1365169550618476,
      0.1344393928664288,
      0.1906559562004989,
      0.18535234408840856,
      0.2385435218705151,
      0.18924356062110032,
      0.1765339376199784,
      0.2043328758173298,
      0.21255604937560343,
      0.180868265214748,
      0.15473577017664458,
      0.15666018967984638,
      0.23668068748397408,
      0.2510944447043489,
      0.15087927068441745,
      0.2659833975473723,
      0.18373018432660543,
      0.16147285463016756,
      0.1434098692854047,
      0.2427684561494927,
      0.1536695184032733,
      0.17421816325579886,
      0.25433897219886525
    ],
    "MIBRE": [
      0.17793544754695165,
      0.13788023365722832,
      0.12230806487073094,
      0.15088151730266838,
      0.11538973272974384,
      0.13636126915718885,
      0.12651366755626026,
      0.11241140131397283,
      0.11303871185279621,
      0.15139372900106365,
      0.14858002701646122,
      0.18133685928113163,
      0.15188968024972763,
      0.14235048847136128,
      0.1579171455953448,
      0.16558050965176654,
      0.14423164987694018,
      0.1275049951082958,
      0.1274935346295164,
      0.18089764253457016,
      0.18863776734252735,
      0.12383316081921865,
      0.19795368188163162,
      0.1452559085320724,
      0.13198606005781566,
      0.11977957033238538,
      0.18145992329059807,
      0.12762791614339736,
      0.13931796330986787,
      0.19046318725400818
    ]
  },
  "Mean_MAE": 236.23541271383834,
  "Mean_MRE": 17.08228340226383,
  "Mean_MBRE": 0.18600228301656854,
  "Mean_MIBRE": 0.14727371487890809,
  "Median_MAE": 223.37081771484105,
  "Median_MRE": 16.826739942290896,
  "Median_MBRE": 0.1787011014173632,
  "Median_MIBRE": 0.14329106917415074,
  "Runs": [
    {},
    {},
    {},
    {},
    {},
    {},
    {},
    {},
    {},
    {},
    {},
    {},
    {},
    {},
    {},
    {},
    {},
    {},
    {},
    {},
    {},
    {},
    {},
    {},
    {},
    {},
    {},
    {},
    {},
    {}
  ]
}