{
  "Metrics": {
    "MAE": [
      313.632424400637,
      408.90590735336593,
      364.15500218794415,
      403.75928292526856,
      366.35707232474397,
      350.48040137872215,
      335.85515337496975,
      318.499662325875,
      359.7768559538178,
      300.87772432834237,
      245.13848469433927,
      355.84745230641744,
      312.25137403303444,
      324.47931797966936,
      277.10260660186674,
      313.31650914380896,
      314.22899576695346,
      350.18537386520626,
      370.48026661824144,
      354.99500397722034,
      338.4590595427552,
      358.834048406869,
      416.5109420414355,
      263.2230831998904,
      284.2945541327574,
      246.57841793506574,
      375.80167003903756,
      305.42199543771454,
      327.34447237370216,
      334.96704204322015
    ],
    "MRE": [
      20.60019030823384,
      30.445287197182623,
      22.623096345305154,
      24.104102166388923,
      24.640755527423057,
      22.630502175341963,
      20.13074927589673,
      23.41683194396601,
      24.171566450315872,
      21.11666656017985,
      17.101700816154366,
      22.27546934996998,
      19.722287222989483,
      21.74920610723149,
      20.289992637620085,
      23.525373058990784,
      20.77789735048948,
      24.37554586192907,
      22.284313074420066,
      21.345783888475825,
      20.95416975808555,
      28.07304740691288,
      30.710311153026787,
      17.869029986524954,
      17.053308777813335,
      18.339641248883645,
      21.79609033338916,
      18.25610810465746,
      25.18805832186001,
      22.50021925198446
    ],
    "MBRE": [
      0.24928911967825876,
      0.3352351593980235,
      0.302601729017787,
      0.35175862434577054,
      0.30323297820066825,
      0.28594126572922596,
      0.2659852454301238,
      0.2602071191463039,
      0.2995782389676254,
      0.2397936949503734,
      0.19178773359204,
      0.293184057792955,
      0.25221518907929746,
      0.2608129826335662,
      0.2268385987858568,
      0.25519713676656236,
      0.2486615470674427,
      0.27968415303154176,
      0.3080416023811383,
      0.2909750220469659,
      0.27211287364428594,
      0.30221250482681217,
      0.34784840886555485,
      0.20436195789396144,
      0.2169887648298075,
      0.1957272986281299,
      0.3204983015118155,
      0.23697417418298394,
      0.27152216930400425,
      0.270552097996981
    ],
    "MIBRE": [
      0.1850502068097268,
      0.24453256901337303,
      0.20784061155114475,
      0.22616122772932956,
      0.2129324404065324,
      0.20325825279231777,
      0.18971480836387922,
      0.19461201679909282,
      0.21178239648018027,
      0.1813167470414073,
      0.1494229534188948,
      0.20232334169889396,
      0.18145388654182185,
      0.19253346141547736,
      0.17138736376980535,
      0.193413941054189,
      0.18515762073274786,
      0.2105840059688033,
      0.20936941537945652,
      0.2006852883562279,
      0.19524686791445733,
      0.2166103354786473,
      0.24731312777845152,
      0.16006059125339106,
      0.16252196352141499,
      0.15355023693770165,
      0.20832454679862258,
      0.17295383741904655,
      0.2026924828302619,
      0.19581913673453252
    ]
  },
  "Mean_MAE": 333.0586718897631,
  "Mean_MRE": 22.268910055388094,
  "Mean_MBRE": 0.2713273249908621,
  "Mean_MIBRE": 0.19562085606632762,
  "Median_MAE": 335.411097709095,
  "Median_MRE": 22.03577984167957,
  "Median_MBRE": 0.27103713365049265,
  "Median_MIBRE": 0.19553300232449494,
  "Runs": [
    {},
    {},
    {},
    {},
    {},
    {},
    {},
    {},
    {},
    {},
    {},
    {},
    {},
    {},
    {},
    {},
    {},
    {},
    {},
    {},
    {},
    {},
    {},
    {},
    {},
    {},
    {},
    {},
    {},
    {}
  ]
}