{
  "Metrics": {
    "MAE": [
      296.05479725630227,
      277.24377673648326,
      291.06697464485416,
      348.9887571816478,
      290.61278972682146,
      295.6814005161046,
      303.1357164271913,
      279.9397587641079,
      278.1413422373687,
      278.91770029865904,
      272.1930117614653,
      293.97457410270067,
      269.9287561442119,
      293.03663040312426,
      254.80886904292905,
      296.5235712158028,
      288.9133227904117,
      293.8036552881563,
      331.9560482773388,
      327.9906906577315,
      309.7858596421043,
      279.28078747502315,
      331.14707649659624,
      282.5438266746599,
      298.00444240788147,
      280.8464717547392,
      322.77530199658185,
      298.6288996236426,
      310.97234283869864,
      323.895154429172
    ],
    "MRE": [
      18.01472590696849,
      18.883073814674205,
      16.491721237744972,
      20.111058207059664,
      18.17547093079035,
      18.40585405126283,
      18.718630413775738,
      20.845406393761003,
      18.47110749931767,
      17.847084448836682,
      18.262430398711142,
      18.569802643979518,
      16.932520789081032,
      18.99851651494541,
      17.137235522126456,
      22.563846678511954,
      17.10296399503923,
      19.65008268004298,
      18.620323629229226,
      18.957751152415263,
      19.029118495929573,
      21.050042094928262,
      26.641901796903344,
      16.96532398240321,
      17.024394282007478,
      18.308164742634826,
      18.77097147316215,
      17.229385298562512,
      25.559324152024267,
      19.695015227473114
    ],
    "MBRE": [
      0.23186239597616906,
      0.2172737743016688,
      0.22616001794056168,
      0.2867390153732035,
      0.22682905799478767,
      0.2312371031963321,
      0.23235917227931013,
      0.2255921624079838,
      0.21666202812850885,
      0.2161918467071957,
      0.21191800664036356,
      0.22651360418799468,
      0.20910795148751923,
      0.2293807087941523,
      0.19989730999837269,
      0.24140945850402415,
      0.22319656329236365,
      0.2311464961466683,
      0.2688556064109071,
      0.26265692734865076,
      0.24423171321029008,
      0.22882527853259926,
      0.27749423779928145,
      0.2230503376915402,
      0.23293472395616036,
      0.21883419489876887,
      0.25714976273001294,
      0.2296303583841868,
      0.2632868666673933,
      0.2585115694403023
    ],
    "MIBRE": [
      0.169464796524495,
      0.16761493563692542,
      0.16042805991548648,
      0.19327268174547418,
      0.16801078500492844,
      0.16999221470079962,
      0.17329373563508552,
      0.17496402510867046,
      0.1674728797622119,
      0.16437713425634498,
      0.16373854357167675,
      0.17058689511761388,
      0.15741281047443875,
      0.17280095210980428,
      0.15630684360071498,
      0.1848024566760021,
      0.1628250906196322,
      0.1745736006352939,
      0.18126905052858883,
      0.18241351277881937,
      0.17842926091801176,
      0.17376881503023844,
      0.20617348568136454,
      0.1618702496417489,
      0.16446451366459236,
      0.16499943392835384,
      0.17919522882304528,
      0.16539763352290415,
      0.19769477831567583,
      0.18435522589610384
    ]
  },
  "Mean_MAE": 296.6930768937504,
  "Mean_MRE": 19.101108281810085,
  "Mean_MBRE": 0.23496460834757574,
  "Mean_MIBRE": 0.17306565432750148,
  "Median_MAE": 293.8891146954285,
  "Median_MRE": 18.595063136604374,
  "Median_MBRE": 0.22950553358916953,
  "Median_MIBRE": 0.17028955490920675,
  "Runs": [
    {},
    {},
    {},
    {},
    {},
    {},
    {},
    {},
    {},
    {},
    {},
    {},
    {},
    {},
    {},
    {},
    {},
    {},
    {},
    {},
    {},
    {},
    {},
    {},
    {},
    {},
    {},
    {},
    {},
    {}
  ]
}