{
  "Metrics": {
    "MAE": [
      113.33340740786583,
      82.08324349729928,
      97.7010708644156,
      91.71147418196247,
      64.52236834800733,
      107.41086155770716,
      95.93903120817397,
      110.71891260359357,
      117.50070759853104,
      91.56974418728898,
      104.89045035068031,
      105.56748136187137,
      106.0363273666841,
      90.84812924191861,
      102.96300111594735,
      99.721044985111,
      103.88751985798555,
      114.73741692609607,
      87.34055273729855,
      102.41916295008113,
      93.26450456528694,
      122.43358190179424,
      110.66213755307369,
      76.2727479443732,
      95.05012680895447,
      98.1244898252185,
      116.11741210527188,
      119.46963494671813,
      110.23827319157664,
      99.68710242952946
    ],
    "MRE": [
      25.733386800299357,
      21.82991644986208,
      22.73548672140823,
      21.791728859845282,
      15.885880538014579,
      25.721212471293896,
      26.59167365737705,
      28.811395532376398,
      26.118601175054053,
      22.28036053217314,
      26.565282804658136,
      21.40073812082191,
      27.269396743820877,
      21.278006619476777,
      28.406178986887383,
      23.751594080325003,
      27.869607083204002,
      29.868971191941323,
      22.347951163697054,
      27.59633674606739,
      22.56887033072096,
      27.81763512459483,
      29.321257609703537,
      18.486008971549854,
      21.20560242296068,
      25.93263191507078,
      27.947496628249812,
      27.833614188529825,
      26.469951991164354,
      23.25317711359444
    ],
    "MBRE": [
      0.3031743649987099,
      0.22637661156332223,
      0.2555929160705207,
      0.2407565876082511,
      0.1671234129318962,
      0.2869520166442035,
      0.2768023341660239,
      0.31012094246515,
      0.3131088107969621,
      0.24431765154383184,
      0.28489397746567474,
      0.2716916814788441,
      0.2949292768324148,
      0.23703444957767225,
      0.297645551229094,
      0.2664727626954086,
      0.29446936484459874,
      0.3234902857031228,
      0.2383986754307296,
      0.28788918327658225,
      0.24568531469890242,
      0.33096815521251116,
      0.3121683470845955,
      0.1985982198360989,
      0.2450661625207715,
      0.2736915080633012,
      0.318343198047528,
      0.32453475265017256,
      0.2987571559876332,
      0.26214559537939514
    ],
    "MIBRE": [
      0.21492603978043637,
      0.1696548406633835,
      0.19069639971856941,
      0.18063200986808317,
      0.13451986402712388,
      0.20714939415217215,
      0.19069894751832125,
      0.21322012230164306,
      0.2245942677543712,
      0.1824499023905518,
      0.20534049359533948,
      0.1946268510951606,
      0.20602915249148782,
      0.1783487950940988,
      0.19977859089623412,
      0.196273628601652,
      0.20311473413765765,
      0.2182922144555019,
      0.1765800083255682,
      0.2015894717207656,
      0.18496331215851822,
      0.23144033010930248,
      0.21382603827891405,
      0.15480405141351192,
      0.18303705405869022,
      0.19481951003674838,
      0.22032126650226216,
      0.22629088449969273,
      0.21463522710411798,
      0.19320004265428498
    ]
  },
  "Mean_MAE": 101.07406398734389,
  "Mean_MRE": 24.822998419158107,
  "Mean_MBRE": 0.2743733088934641,
  "Mean_MIBRE": 0.1968617815134722,
  "Median_MAE": 102.69108203301424,
  "Median_MRE": 25.833009357685068,
  "Median_MBRE": 0.2808481558158493,
  "Median_MIBRE": 0.19802610974894308,
  "Runs": [
    {},
    {},
    {},
    {},
    {},
    {},
    {},
    {},
    {},
    {},
    {},
    {},
    {},
    {},
    {},
    {},
    {},
    {},
    {},
    {},
    {},
    {},
    {},
    {},
    {},
    {},
    {},
    {},
    {},
    {}
  ]
}