{
  "Metrics": {
    "MAE": [
      67.41633285617303,
      46.42073260832062,
      66.22968775255174,
      37.78003973746108,
      77.10754211803902,
      74.64669070620062,
      45.92635158935935,
      70.41364323833092,
      56.15187226497932,
      59.619686586864454,
      64.89171207164297,
      71.186861445495,
      44.873468670307915,
      39.2011385214138,
      73.71398147145257,
      62.3743217507398,
      62.787941084334044,
      79.40101867663445,
      38.58996485673777,
      82.21260634837141,
      69.92507159009148,
      68.96358267022293,
      67.26077738676027,
      47.95617378293218,
      51.17893213719588,
      66.84977992590649,
      57.46384513873321,
      83.37174619963272,
      48.144119496585745,
      91.46924867437316
    ],
    "MRE": [
      15.034417986420923,
      11.939041993043338,
      14.459197774449603,
      8.281296125907241,
      18.963145159377888,
      18.26761928162878,
      10.665735519753337,
      17.34477075828332,
      11.22848343171807,
      14.055658329541037,
      16.25827065057475,
      13.85945941460144,
      10.800873068020922,
      8.111945793870158,
      18.807493011798137,
      14.734966406834516,
      17.080150965705894,
      19.38838512707891,
      9.01210601098311,
      21.560478147286407,
      17.397996843140735,
      14.705587933868703,
      17.461108998305903,
      9.739060212447106,
      10.531405103778217,
      17.606829853794164,
      13.538573365438436,
      18.800785640500866,
      11.037167523483165,
      21.35852142449947
    ],
    "MBRE": [
      0.16385901920520277,
      0.12274467873927147,
      0.15984698871191352,
      0.08614092620530168,
      0.20197241484288117,
      0.19594550221953885,
      0.1102467341288075,
      0.18308652584357224,
      0.127317958596778,
      0.1483668012095919,
      0.16973344454817627,
      0.16546873203268705,
      0.1118704042480171,
      0.08675442509384003,
      0.19975317600512182,
      0.15777624101324658,
      0.1753523320319882,
      0.209576110015438,
      0.09337104621539358,
      0.22574899756558658,
      0.18468276125383565,
      0.16656560813013324,
      0.1832047602805837,
      0.10604101450319403,
      0.11630728848844213,
      0.18314946363940857,
      0.14452529452942003,
      0.21293020942082286,
      0.11715094229397394,
      0.2417166398098
    ],
    "MIBRE": [
      0.13304973060450592,
      0.10262336573593954,
      0.12899366583862795,
      0.0762056778411373,
      0.15496939056566147,
      0.15260925264826908,
      0.09530270799675622,
      0.14465363650116866,
      0.10504317362062213,
      0.12218783887085065,
      0.13640206287936824,
      0.12985866176892047,
      0.09482720057032408,
      0.07655160611619233,
      0.14963648294785326,
      0.1275807971124696,
      0.13617087904421607,
      0.15855905837941686,
      0.081889280533888,
      0.16581883356542967,
      0.14414681344749627,
      0.1334228699236301,
      0.14217179209599795,
      0.09092336075144827,
      0.09981532896087746,
      0.1429510467653572,
      0.1174792194063439,
      0.16256173934294488,
      0.09923912514926811,
      0.17655311388855266
    ]
  },
  "Mean_MAE": 62.4509623785948,
  "Mean_MRE": 14.734351061871156,
  "Mean_MBRE": 0.15837354802739897,
  "Mean_MIBRE": 0.12607325709578446,
  "Median_MAE": 65.56069991209736,
  "Median_MRE": 14.72027717035161,
  "Median_MBRE": 0.1646638756189449,
  "Median_MIBRE": 0.1314541961867132,
  "Runs": [
    {},
    {},
    {},
    {},
    {},
    {},
    {},
    {},
    {},
    {},
    {},
    {},
    {},
    {},
    {},
    {},
    {},
    {},
    {},
    {},
    {},
    {},
    {},
    {},
    {},
    {},
    {},
    {},
    {},
    {}
  ]
}