{
  "Metrics": {
    "MAE": [
      60.21482647567493,
      42.50275771196196,
      87.89518765761089,
      67.7767424879146,
      39.88742198164749,
      77.70061522257906,
      67.33092658019429,
      66.90983010397402,
      81.13950090170137,
      58.064111753990986,
      68.31308113497072,
      73.00499879341051,
      86.69540789029539,
      72.40851595688838,
      66.39916706286864,
      53.60206179869165,
      51.351005319314446,
      71.2308785302473,
      60.05501477063484,
      57.79942950101634,
      75.49995596870397,
      57.38864785638153,
      48.76400969112296,
      50.33910212507491,
      39.345768579495214,
      66.47855226758895,
      63.904051443198206,
      54.18528710911576,
      63.95781528767425,
      51.6853363632667
    ],
    "MRE": [
      12.322096302564862,
      9.703421303514732,
      20.464429595870495,
      16.08009708510048,
      9.295783449022496,
      17.995327179545335,
      18.16906843526684,
      16.67054035063949,
      18.29591250121307,
      13.172235180577008,
      15.891161680041913,
      14.625608206405607,
      21.5882777733044,
      16.41580233846533,
      17.776884346332363,
      11.239465358132081,
      13.885592187718837,
      17.804665226422223,
      15.37729956698847,
      13.863766425618765,
      17.498624564533305,
      12.064920175285717,
      11.960343360380486,
      11.114772414236612,
      8.49150015531238,
      17.29263651779759,
      14.836890049379841,
      11.660341679429191,
      15.010293248626876,
      10.938090918046921
    ],
    "MBRE": [
      0.13677961828700066,
      0.10069524829706107,
      0.2302395677295389,
      0.17445383857150795,
      0.09634335070885891,
      0.19621929955917686,
      0.18830780928548257,
      0.17438006140420925,
      0.20633754689249803,
      0.14157562462125756,
      0.1685711963204314,
      0.17257547979606835,
      0.23333078448075567,
      0.18045391973631003,
      0.18454487584413817,
      0.12415015079605367,
      0.14254200937468112,
      0.18972683041464633,
      0.16017126131779746,
      0.143299481561793,
      0.18898327161955228,
      0.1346433617951221,
      0.12437193824129385,
      0.11895255123282097,
      0.09081880246314676,
      0.17994458328648658,
      0.16097203572915708,
      0.12718878402261294,
      0.16146745806881402,
      0.11866074784357379
    ],
    "MIBRE": [
      0.1134742880385329,
      0.08796567560045954,
      0.172474914119441,
      0.1378431963930103,
      0.08440753836077859,
      0.15394333282284633,
      0.1434174477699104,
      0.13841207688261742,
      0.1592962238559427,
      0.11753070644921482,
      0.13709212253847788,
      0.13503077858040538,
      0.17337368361835762,
      0.1435599636752746,
      0.14044798286132995,
      0.10482169018089267,
      0.11501783044118769,
      0.1457686256135308,
      0.1273228084818772,
      0.11880490815011045,
      0.14932356084109566,
      0.11262402745973661,
      0.10501625555011969,
      0.10082410968200722,
      0.08022376313896314,
      0.14070710002462514,
      0.12988667266125684,
      0.10759485418287747,
      0.1305067901361165,
      0.10053320835100163
    ]
  },
  "Mean_MAE": 62.72766694424033,
  "Mean_MRE": 14.716861585859123,
  "Mean_MBRE": 0.1583567163100616,
  "Mean_MIBRE": 0.12690820454873328,
  "Median_MAE": 63.93093336543623,
  "Median_MRE": 14.92359164900336,
  "Median_MBRE": 0.16121974689898555,
  "Median_MIBRE": 0.13019673139868665,
  "Runs": [
    {},
    {},
    {},
    {},
    {},
    {},
    {},
    {},
    {},
    {},
    {},
    {},
    {},
    {},
    {},
    {},
    {},
    {},
    {},
    {},
    {},
    {},
    {},
    {},
    {},
    {},
    {},
    {},
    {},
    {}
  ]
}