{
  "Metrics": {
    "MAE": [
      113.34618547657361,
      55.151109926051205,
      110.36725862015922,
      54.90569022453693,
      51.200075081911955,
      73.90106692247922,
      106.70104239969639,
      134.83107796397653,
      113.63684095860673,
      79.63941269084211,
      128.14538563358835,
      77.93354925781996,
      111.21556191046099,
      84.18267571061251,
      68.54362168607214,
      79.84979424998264,
      114.0423573888482,
      107.09381902171327,
      80.97828284115427,
      117.26190045026404,
      89.88262149986566,
      133.11901393510146,
      139.92020385435836,
      76.52577926352772,
      111.51726309099102,
      127.43166253327755,
      126.21278366686035,
      141.46901025259268,
      123.18862733743573,
      57.69869098292217
    ],
    "MRE": [
      25.759905330243623,
      11.350068991551682,
      26.075876763112323,
      10.403325750650733,
      9.745736140693872,
      14.491492085456398,
      28.968647401690944,
      35.005771629403924,
      24.698352416318137,
      18.592746692403715,
      34.110622364703374,
      13.899959898153593,
      27.666386477650452,
      20.211948874719834,
      17.856148721046363,
      19.463445480398235,
      29.99686695506687,
      27.202315168651598,
      19.90041698467817,
      31.593086720654373,
      21.27547559673095,
      29.947491247740572,
      38.064229726866124,
      18.686845932672504,
      24.893173062014572,
      34.33216765317212,
      29.86970243711668,
      32.846647368078784,
      27.990417364580328,
      11.047755169958254
    ],
    "MBRE": [
      0.30563737961826376,
      0.12249020666893698,
      0.2983689647406453,
      0.11917006250037968,
      0.11092765368763871,
      0.1645318135134606,
      0.30524392261669847,
      0.3834557380078956,
      0.3040393355113336,
      0.20791413420166027,
      0.36396467422059975,
      0.17786891232632823,
      0.30896424620964674,
      0.22038264098617774,
      0.1863467427396679,
      0.21415683418401965,
      0.3233402912637066,
      0.2965129393853886,
      0.21515168100260115,
      0.3309269679878874,
      0.2336574673574188,
      0.3693772645139692,
      0.40851979045328485,
      0.2006180011966358,
      0.29580953260679943,
      0.37000538553489104,
      0.3513957412254009,
      0.3985154806960434,
      0.339104124923627,
      0.1243834759359204
    ],
    "MIBRE": [
      0.21424353803847596,
      0.10265017381322708,
      0.21551723413770457,
      0.09914695933365472,
      0.09315883929736853,
      0.12988777143584684,
      0.20604162737240495,
      0.2484796741593042,
      0.2151708435323797,
      0.1624465661489807,
      0.23814172108324835,
      0.13445126909429664,
      0.21671757002946188,
      0.16718547029358233,
      0.14429638717839027,
      0.16718254640001826,
      0.21582885793828088,
      0.199860851238881,
      0.16498156677371237,
      0.22175374144066776,
      0.1778464596061712,
      0.24785113823185867,
      0.2529159833518228,
      0.1511514834088142,
      0.21074941210136444,
      0.23577220809227256,
      0.2361159100539761,
      0.2619087517915586,
      0.23687886813313108,
      0.10306680679859329
    ]
  },
  "Mean_MAE": 99.66307882774278,
  "Mean_MRE": 23.864900880205973,
  "Mean_MBRE": 0.26835938019389766,
  "Mean_MIBRE": 0.1890466743436483,
  "Median_MAE": 108.73053882093625,
  "Median_MRE": 25.326539196129097,
  "Median_MBRE": 0.2974409520630169,
  "Median_MIBRE": 0.2083955197368847,
  "Runs": [
    {},
    {},
    {},
    {},
    {},
    {},
    {},
    {},
    {},
    {},
    {},
    {},
    {},
    {},
    {},
    {},
    {},
    {},
    {},
    {},
    {},
    {},
    {},
    {},
    {},
    {},
    {},
    {},
    {},
    {}
  ]
}