{
  "Metrics": {
    "MAE": [
      48.240557812973236,
      43.02279546732011,
      62.98624578893783,
      50.96507265396628,
      35.750057832293486,
      67.65900458359746,
      38.103365183217534,
      42.45785007957265,
      53.85387705026916,
      52.39310503327403,
      62.583123242131336,
      48.50038399249695,
      76.6950352863381,
      61.853278441935,
      37.677423969833306,
      50.90294517359231,
      46.22288781712412,
      46.04348379080934,
      43.08559396166896,
      52.29579241366868,
      53.35778940327475,
      46.57221289842705,
      40.370138480017054,
      34.558976566064814,
      39.062907886133715,
      70.44847869795704,
      52.324590172118654,
      47.055869207446726,
      50.16109200455184,
      54.58157933857386
    ],
    "MRE": [
      9.534286728237577,
      9.241645804733059,
      13.04993977352013,
      10.815917838478443,
      7.36507799870615,
      14.142128837052296,
      9.113258154816368,
      9.196565019472045,
      11.465260354092777,
      11.679183754536732,
      12.680745120441166,
      8.780021503582795,
      18.746164771528516,
      12.212484758450492,
      8.612746217811841,
      9.357183396782279,
      10.945565680958703,
      9.644156512273812,
      9.396871384546937,
      11.257450683123562,
      10.675266893618605,
      9.14010937784004,
      8.913497127311675,
      6.832804265654109,
      7.671999260336551,
      18.335716297866984,
      10.694087742061416,
      9.458444451955309,
      9.980927661745392,
      10.925580243595777
    ],
    "MBRE": [
      0.10468851958046436,
      0.0977737973902063,
      0.14939227233308536,
      0.11707412749667048,
      0.07822441276713109,
      0.15977707947326067,
      0.09488422498901293,
      0.09646286659556073,
      0.1328675246135033,
      0.12716209989172977,
      0.13949727044817042,
      0.10358877180564484,
      0.20532090967069944,
      0.1400810455178829,
      0.0903982773156443,
      0.1078229943062949,
      0.11384142280581008,
      0.10571851821270097,
      0.09971463501070858,
      0.11784063150898368,
      0.12035405735273295,
      0.10686022571334161,
      0.09514929984529905,
      0.0738659866411218,
      0.08412234469695393,
      0.19360201802873941,
      0.11801762092205578,
      0.10655782907025128,
      0.11392798927970177,
      0.11961862633472163
    ],
    "MIBRE": [
      0.0895917592681442,
      0.08486680461116251,
      0.11970228285160117,
      0.09792827908710768,
      0.06949577145739404,
      0.12473036801196066,
      0.08015378873401122,
      0.08290422753214173,
      0.10657593660259625,
      0.10576134621364348,
      0.11417181648523425,
      0.08580155376917213,
      0.15255018981692897,
      0.11336363845553955,
      0.0781051934083508,
      0.08863045793366844,
      0.09616900866842401,
      0.08954185041194172,
      0.08530381572224299,
      0.09981007416913161,
      0.09899890741153264,
      0.08912759336902,
      0.0828107432735119,
      0.06556840530318911,
      0.07361451628403644,
      0.1462180947231454,
      0.09963650789433506,
      0.08928912399751372,
      0.09579341881787494,
      0.09918168397731317
    ]
  },
  "Mean_MAE": 50.32618380765284,
  "Mean_MRE": 10.662169587171054,
  "Mean_MBRE": 0.11714024665393612,
  "Mean_MIBRE": 0.09684657194206232,
  "Median_MAE": 49.3307379985244,
  "Median_MRE": 9.812542087009602,
  "Median_MBRE": 0.1108322085560525,
  "Median_MIBRE": 0.09269258904300956,
  "Runs": [
    {},
    {},
    {},
    {},
    {},
    {},
    {},
    {},
    {},
    {},
    {},
    {},
    {},
    {},
    {},
    {},
    {},
    {},
    {},
    {},
    {},
    {},
    {},
    {},
    {},
    {},
    {},
    {},
    {},
    {}
  ]
}