{
  "Metrics": {
    "MAE": [
      59.42707217159206,
      48.435269645629994,
      71.87127838410727,
      40.51866183097333,
      87.5332688948043,
      56.661669826840765,
      41.296549681892685,
      67.66961656622794,
      61.81220566138594,
      54.428084211247906,
      72.2948860852312,
      80.08229988338634,
      54.11201082078364,
      48.982711450476934,
      70.44555817702684,
      73.63606640001109,
      64.65907563621464,
      67.51499371944732,
      32.507569619493324,
      86.53855134036404,
      53.948529903525426,
      68.39372847437889,
      53.88431038216011,
      41.26239066197132,
      67.82469757760894,
      90.4465213362972,
      39.41288889515347,
      85.28221177936754,
      48.55302172439326,
      89.95384677148033
    ],
    "MRE": [
      13.8290584596953,
      12.199320133248232,
      15.11524157415681,
      8.083476204028036,
      20.580997168277054,
      12.83785462898272,
      8.488294591817787,
      16.2491883496015,
      12.794075728666208,
      11.683482423431583,
      18.34284744009219,
      16.70753740407312,
      12.88785163147347,
      9.97519322277522,
      18.343351312674198,
      17.3578987847665,
      17.14599037360636,
      16.992815538416842,
      6.824269071485579,
      22.77024141805672,
      13.130246501522947,
      14.843312075563109,
      13.991977665423253,
      8.163527025475883,
      14.52511654070165,
      24.526828277936417,
      8.446234431866474,
      18.785313841928875,
      10.827369522770889,
      20.83960746103173
    ],
    "MBRE": [
      0.14642348077630388,
      0.12586562631719592,
      0.1730669482963346,
      0.0853771728463136,
      0.2259952897594791,
      0.1375962607861843,
      0.08915369566851297,
      0.17021483026326167,
      0.145331226955038,
      0.12482645397775047,
      0.19264575773948367,
      0.19546956396777676,
      0.13553234767327582,
      0.11013751030480631,
      0.19156916245297073,
      0.18926726653215914,
      0.17712534775476424,
      0.1797905064389268,
      0.07158547943697248,
      0.23895072485175234,
      0.1385436263365298,
      0.1663447915022046,
      0.14574420134525862,
      0.08870465558786034,
      0.16409667503297096,
      0.2574748748383614,
      0.08940573595144326,
      0.21675969588014915,
      0.11566197304973691,
      0.2349223840254547
    ],
    "MIBRE": [
      0.12073908857941022,
      0.10568233515653189,
      0.13658746109887984,
      0.07467255070994663,
      0.16896805383973412,
      0.11503831499911898,
      0.07829078462720054,
      0.13736144490772656,
      0.11710293068455682,
      0.10517231540567887,
      0.15072856737060833,
      0.15011458777057082,
      0.11168898829134333,
      0.093882017721913,
      0.14487168888334728,
      0.147721642052924,
      0.13801956890059908,
      0.14059008625615155,
      0.0647440524203935,
      0.17366359326218553,
      0.11340161487594089,
      0.13381695508020466,
      0.11787170182252162,
      0.07789993547924215,
      0.1342561291778244,
      0.18456569073812695,
      0.07817048009323319,
      0.16241707323486826,
      0.09865809591220662,
      0.17443109711514604
    ]
  },
  "Mean_MAE": 62.64631825044913,
  "Mean_MRE": 14.576283960118221,
  "Mean_MBRE": 0.15745277554497444,
  "Mean_MIBRE": 0.12503762821560452,
  "Median_MAE": 63.235640648800285,
  "Median_MRE": 14.258547103062451,
  "Median_MBRE": 0.15526007790463742,
  "Median_MIBRE": 0.12727802182980744,
  "Runs": [
    {},
    {},
    {},
    {},
    {},
    {},
    {},
    {},
    {},
    {},
    {},
    {},
    {},
    {},
    {},
    {},
    {},
    {},
    {},
    {},
    {},
    {},
    {},
    {},
    {},
    {},
    {},
    {},
    {},
    {}
  ]
}